{
    "atom_type": [
        "Na",
        "V",
        "P",
        "O"
    ],
    "atoms_per_type": [
        10,
        8,
        12,
        48
    ],
    "coord_mode": "direct",
    "relaxed_basis": [
        [0.24228945, 0.49339508, 0.51636852],
        [0.74128152, 0.49764488, 0.5226982],
        [0.50170681, 0.0095648, 0.99307073],
        [0.00348935, 0.03022892, 0.96187982],
        [0.3097284, 0.2473525, 0.89650466],
        [0.43770137, 0.61956299, 0.24801271],
        [0.94473553, 0.61964517, 0.25109446],
        [0.87664907, 0.11942862, 0.36966657],
        [0.19081219, 0.74861943, 0.113296],
        [0.69584704, 0.74961982, 0.11171421],
        [0.32671249, 0.64212621, 0.64213385],
        [0.81702864, 0.64215905, 0.64810232],
        [0.07404546, 0.1390889, 0.14152826],
        [0.56925459, 0.14765627, 0.15307961],
        [0.17383174, 0.35484067, 0.36071985],
        [0.67891907, 0.35838389, 0.35738264],
        [0.42866616, 0.85924399, 0.84882484],
        [0.92835159, 0.86165115, 0.84958092],
        [0.12543713, 0.54754579, 0.95806678],
        [0.62471344, 0.54376398, 0.96477029],
        [0.48185457, 0.24374447, 0.54447739],
        [0.97451709, 0.24818442, 0.53749242],
        [0.26734104, 0.95378152, 0.2511832],
        [0.77194984, 0.96029279, 0.24745302],
        [0.23357704, 0.04407039, 0.7481122],
        [0.72803111, 0.04285438, 0.75656127],
        [0.37607819, 0.45191363, 0.04466906],
        [0.87943917, 0.46145811, 0.0361741],
        [0.01729313, 0.74727742, 0.45840272],
        [0.52242273, 0.74902507, 0.4521062],
        [0.44617317, 0.69719405, 0.46757294],
        [0.93587834, 0.70093375, 0.4868365],
        [0.26086661, 0.85766673, 0.72902511],
        [0.73992981, 0.87330552, 0.7286604],
        [0.36183584, 0.46550186, 0.87651431],
        [0.85313542, 0.50285523, 0.87422706],
        [0.50261815, 0.17905545, 0.38549374],
        [0.98990433, 0.19154431, 0.37992467],
        [0.18997235, 0.96110129, 0.2068095],
        [0.69127499, 0.99357773, 0.19527123],
        [0.10540984, 0.37481565, 0.00980557],
        [0.59717184, 0.37435274, 0.02512461],
        [0.05623389, 0.29984796, 0.49538525],
        [0.5629631, 0.29826847, 0.49647272],
        [0.24469227, 0.13777174, 0.26703256],
        [0.75920817, 0.12290229, 0.29077369],
        [0.13766538, 0.54228102, 0.12488415],
        [0.6494569, 0.52710509, 0.12041199],
        [0.99079467, 0.80951386, 0.62164168],
        [0.49608682, 0.80272549, 0.61754751],
        [0.30937831, 0.0393175, 0.79541498],
        [0.81072868, 0.99657149, 0.81375251],
        [0.3938989, 0.62193454, 0.0112188],
        [0.90295244, 0.62352854, 0.010387],
        [0.38916636, 0.41239211, 0.54699881],
        [0.88357902, 0.41783836, 0.54885425],
        [0.28153812, 0.77582587, 0.42164976],
        [0.78151107, 0.77452155, 0.41310176],
        [0.21337965, 0.55322185, 0.78133218],
        [0.70650365, 0.55459679, 0.77931749],
        [0.02726784, 0.91118434, 0.26930905],
        [0.54021545, 0.9111027, 0.2622945],
        [0.13939687, 0.05968727, 0.91477831],
        [0.63516361, 0.07941403, 0.92046282],
        [0.45812937, 0.26706391, 0.08259427],
        [0.96012978, 0.27394257, 0.05974152],
        [0.11078023, 0.58713419, 0.44609032],
        [0.61735773, 0.58576114, 0.43591932],
        [0.21940284, 0.21737128, 0.57628564],
        [0.72916401, 0.21723185, 0.5804667],
        [0.28702005, 0.44306988, 0.22131913],
        [0.79618279, 0.44211494, 0.22507566],
        [0.46737381, 0.09044647, 0.73521497],
        [0.96366406, 0.08524316, 0.72582691],
        [0.36308474, 0.92923152, 0.08696035],
        [0.86760644, 0.92844247, 0.08456674],
        [0.04181451, 0.73169149, 0.92069872],
        [0.53861879, 0.72322065, 0.94558152]
    ],
    "relaxed_energy": -801.0279135,
    "relaxed_forces": [
        [-0.00250716, -0.00048001, -0.00173864],
        [-0.00017013, -0.00081525, 0.00104634],
        [0.00017821, 0.00095874, -0.00205314],
        [0.00019069, -0.00049549, 0.00422191],
        [-0.00104831, 0.00123703, -0.00053687],
        [0.00098053, -0.00308971, 0.00036478],
        [0.00030779, 0.00088872, -0.00081102],
        [0.00069303, -0.00010097, -0.00067128],
        [-0.0006126, 0.00129861, 0.00155155],
        [-0.00030656, 0.00015093, -0.00229069],
        [0.00100429, 0.00288432, 0.00218103],
        [-0.00059844, -0.00165574, -6.327e-05],
        [-0.00209939, -0.0013811, -0.00360482],
        [-0.00328124, -0.00096757, 0.00113142],
        [-0.00225732, 0.00358562, -0.00537959],
        [1.298e-05, 0.00463547, 0.00193599],
        [0.00225672, 1.462e-05, 0.00431125],
        [0.0027357, -0.0030554, -0.00077691],
        [0.0016717, 0.00062681, 0.001568],
        [0.00465955, -0.00037649, -0.00291803],
        [0.00098083, -0.00127798, 0.0006714],
        [0.0059918, 0.00314964, -0.00196235],
        [0.00062824, 0.00230708, -0.00572044],
        [-0.00315269, 0.00147822, 0.00091917],
        [-0.00171424, -0.0068521, -0.00144359],
        [-0.00188022, -0.00070712, -0.0041697],
        [0.00068419, -0.0023182, -0.00058819],
        [0.0057101, 0.00208251, 0.00056665],
        [-0.00044748, 0.0010471, 0.00620817],
        [0.00090442, 0.000742, -0.00181383],
        [-0.00044759, -0.00071693, 0.00273872],
        [0.00113079, 0.00135279, -0.00052873],
        [-0.00086553, -0.00062258, 0.00017017],
        [-0.00313351, 0.00213894, -0.00354002],
        [-0.00345741, -0.00214962, 0.00136664],
        [-0.00289074, -0.00139949, -0.00227757],
        [-0.00121295, 0.00052799, -0.00239197],
        [0.00018289, -0.0054407, 0.00264099],
        [-0.00251864, -0.00127704, -0.00313313],
        [0.00176181, 0.00216754, 0.00129912],
        [-0.00146081, 0.0014084, 0.00279958],
        [0.00347694, -0.00134635, -0.00114301],
        [0.00596715, 0.00260566, -0.00048762],
        [-7.274e-05, 0.00070615, -0.00010283],
        [4.346e-05, -0.001418, 0.00068119],
        [-0.00082753, 0.00158984, -0.00361299],
        [0.00144321, 0.00223542, -0.00456863],
        [-0.00234312, 0.00073657, 0.00694733],
        [-0.00141054, 0.00339624, -0.00409572],
        [-0.00212435, 0.00083852, -0.0038691],
        [0.00103856, 0.00032208, 0.00294506],
        [0.0020831, 0.00760137, 0.00420008],
        [-0.00093211, -0.00166542, 0.00120667],
        [0.00268087, 0.00320539, -0.00105791],
        [0.00185492, -0.0001858, -0.00121612],
        [-0.00068656, -0.00436096, 0.00062343],
        [-0.00213242, -0.00124451, -0.00122042],
        [0.00267931, -0.00083128, -0.00191223],
        [-0.00320447, 0.00095366, -9.732e-05],
        [-0.00049106, 0.00126067, -0.00303723],
        [-0.00164753, -0.00118722, 0.00105577],
        [0.00059339, -0.00143176, -0.00136007],
        [0.00051291, -0.00288035, 0.00360802],
        [-0.00032661, -0.00436747, 0.00533413],
        [-0.00102899, -0.00119043, -0.00326649],
        [-0.00034925, 0.00515175, 0.0022784],
        [-0.00072468, 0.00260062, 0.0014478],
        [-0.00121928, -0.00520782, 0.00190727],
        [-0.00055418, -0.00126447, 0.00123493],
        [0.00549546, -0.00073999, -0.0002671],
        [-0.0011682, 0.00438357, -0.00081842],
        [-0.00128954, -0.00249633, 0.00277026],
        [-0.00075607, -0.00207891, 0.00025349],
        [-0.00059856, 0.00314716, 0.00583082],
        [-0.00246733, -0.00302957, 0.00085717],
        [0.00127556, -0.000855, 0.00069612],
        [0.0041729, -0.00041283, -0.00036021],
        [-0.00356593, -0.00204382, -0.00066358]
    ],
    "relaxed_lattice": [
        [-5.05327733, -14.26448076, -8.44999988],
        [-7.61091215, -0.09139775, -4.20474106],
        [-0.13834733, -0.08520829, -8.65126402]
    ],