{
    "atom_type": [
        "Na",
        "V",
        "P",
        "O"
    ],
    "atoms_per_type": [
        6,
        8,
        12,
        48
    ],
    "coord_mode": "direct",
    "relaxed_basis": [
        [0.25195018, 0.49373596, 0.50045514],
        [0.74439304, 0.53008254, 0.4805221],
        [0.99843552, 0.98616611, 0.01724746],
        [0.12365208, 0.88585525, 0.61412656],
        [0.802197, 0.25226895, 0.87974269],
        [0.37408234, 0.10917927, 0.36690952],
        [0.32252525, 0.63611379, 0.6499386],
        [0.82237895, 0.64606034, 0.64816708],
        [0.06797218, 0.14403295, 0.15188582],
        [0.5744524, 0.13741859, 0.1361946],
        [0.1785839, 0.36476319, 0.34970985],
        [0.67775646, 0.35937963, 0.35382879],
        [0.43365731, 0.85836991, 0.84957393],
        [0.92750182, 0.85265354, 0.85837617],
        [0.12625288, 0.53860821, 0.96254568],
        [0.62248862, 0.54447491, 0.96585238],
        [0.48050914, 0.25271779, 0.52893743],
        [0.97552716, 0.25842498, 0.53268911],
        [0.26801094, 0.96572532, 0.2502322],
        [0.76664758, 0.961721, 0.25737347],
        [0.2328024, 0.03079815, 0.75157615],
        [0.7319604, 0.04340964, 0.74842322],
        [0.37813044, 0.4636764, 0.03379818],
        [0.87525457, 0.45046297, 0.03918254],
        [0.02219844, 0.74883786, 0.46370086],
        [0.52266497, 0.74614253, 0.46903187],
        [0.43233673, 0.71433438, 0.51778724],
        [0.9362813, 0.6943756, 0.52054856],
        [0.23298244, 0.87095358, 0.71875448],
        [0.75151101, 0.86639457, 0.72013069],
        [0.34832482, 0.49630932, 0.87544005],
        [0.84931784, 0.4670215, 0.88388656],
        [0.49291454, 0.21949032, 0.35794596],
        [0.98491987, 0.21048309, 0.37312666],
        [0.16982495, 0.99664254, 0.26190861],
        [0.68118995, 0.98489795, 0.2289428],
        [0.10175562, 0.36994565, 0.00977227],
        [0.61648938, 0.35936544, 0.99765558],
        [0.06153438, 0.29939948, 0.48121169],
        [0.56433508, 0.29215807, 0.49531836],
        [0.26283218, 0.12543723, 0.28787241],
        [0.75189736, 0.13632526, 0.28595623],
        [0.15671215, 0.51210187, 0.112619],
        [0.64993404, 0.50909996, 0.12703547],
        [0.01112918, 0.79969731, 0.62026129],
        [0.52142368, 0.77047592, 0.63274128],
        [0.33124697, 0.98668432, 0.74444804],
        [0.8132817, 0.03477278, 0.77719179],
        [0.39892482, 0.63883042, 0.98125729],
        [0.89428647, 0.62576757, 0.98888066],
        [0.38769132, 0.41898206, 0.56210059],
        [0.88090256, 0.4223593, 0.56493472],
        [0.28672041, 0.77641774, 0.42022554],
        [0.78420329, 0.77872848, 0.42502698],
        [0.20877602, 0.55997042, 0.76647734],
        [0.7071036, 0.57512084, 0.77531611],
        [0.02573503, 0.91862591, 0.27660999],
        [0.52511606, 0.9261051, 0.28978799],
        [0.15155641, 0.05009542, 0.94056403],
        [0.64205089, 0.06020569, 0.92940007],
        [0.46383729, 0.28232647, 0.04990438],
        [0.96281808, 0.26878035, 0.05483315],
        [0.11408365, 0.58181612, 0.4381156],
        [0.61374325, 0.58082483, 0.42653139],
        [0.2161067, 0.21918905, 0.58611043],
        [0.7107362, 0.22617759, 0.58188261],
        [0.29872365, 0.43579996, 0.22799185],
        [0.79292217, 0.42824619, 0.23168294],
        [0.46919499, 0.0752112, 0.70998165],
        [0.9692745, 0.08695463, 0.72255819],
        [0.34615409, 0.94729006, 0.06421602],
        [0.85699197, 0.94687172, 0.07926678],
        [0.04336222, 0.72618112, 0.93831111],
        [0.53301522, 0.71544783, 0.96062419]
    ],
    "relaxed_energy": -770.46171821,
    "relaxed_forces": [
        [-9.449e-05, 0.00078726, -0.00019811],
        [-0.00029345, -0.00100945, 0.00035188],
        [0.00096092, 0.00154401, 0.00051527],
        [-0.00166614, -0.00166995, -0.00208561],
        [-6.168e-05, 0.00171743, -9.494e-05],
        [-0.0015402, 0.00047309, -0.00314283],
        [-0.00495834, -0.00422482, 0.00508796],
        [-0.00059272, 0.00041071, 0.00415159],
        [0.005439, -0.00120877, 0.00120566],
        [-0.00072386, -0.00090147, -0.00170246],
        [-0.00159446, 0.00471506, -0.00378454],
        [0.00117844, -0.00216752, 9.693e-05],
        [0.00137272, -0.00050814, -0.0],
        [-0.00113847, 0.00593899, 0.00094657],
        [0.00081654, 0.00439158, -0.00133734],
        [-0.00032401, -0.00051804, -3.995e-05],
        [7.68e-05, -0.00228118, 0.00242014],
        [-0.00032493, 0.00238043, -0.0024692],
        [-0.00014619, 0.0014402, 0.00142629],
        [0.00123308, -0.00116999, 0.00460477],
        [-0.00160182, -0.00033142, -0.00258693],
        [-0.00079965, -0.00213457, -0.00242875],
        [-0.00221625, -0.00411409, -0.00437824],
        [-0.00024753, 0.00115159, 0.00319061],
        [0.0014559, 0.00496663, 0.00198347],
        [-0.002894, 0.00119635, 0.00034914],
        [0.00585792, -0.0009725, 0.00039529],
        [-0.00225798, 0.00293683, -0.00184613],
        [0.00458133, -0.00464613, 0.00342971],
        [-0.00189974, 0.00094476, 0.00116227],
        [0.00090783, 0.00027649, 0.00949052],
        [-0.00213204, 0.00331428, 0.00427769],
        [-0.00016828, -0.00131507, -0.00362961],
        [-0.00037047, 0.00653635, -0.00014994],
        [0.00068034, 0.00025084, -0.0035608],
        [0.00292229, -0.00541081, -0.00575911],
        [-0.00168321, -0.00015001, -0.0003642],
        [-0.00476689, -0.00375289, -0.00364256],
        [-0.00165586, 0.00270532, 2.72e-05],
        [-0.00387887, -0.00592805, -0.0010238],
        [-0.00135632, -0.00221152, -0.00304094],
        [-0.00516153, 0.00359862, -0.00458854],
        [0.00171089, 0.00016068, -0.00504623],
        [0.00105363, -0.00270732, -0.00269072],
        [0.00331854, -0.00048763, 0.00901372],
        [0.00121705, -0.00275778, -0.00191382],
        [-0.00219972, -0.00458156, 0.00318273],
        [-0.00149583, 0.00441837, 0.00696827],
        [-0.00263403, -0.0004794, 0.00289037],
        [0.00199579, -0.00025154, 0.00068767],
        [-0.00342498, 0.00430453, -0.00116286],
        [-9.284e-05, 0.00260176, -0.00240024],
        [0.00360498, -0.00405289, -0.00476357],
        [0.00041425, -0.00101071, -0.00471746],
        [-0.00061699, -0.0057648, 0.00210735],
        [-0.00252328, -0.0030928, -0.00298716],
        [0.00514187, 0.00453962, -0.00061939],
        [0.00614229, 0.00138852, 0.00034221],
        [0.00044707, -0.00267402, -0.00083159],
        [0.00263794, -0.00051973, 0.00717901],
        [-0.00324293, 0.00066557, 0.00028601],
        [-0.00199996, 0.0044126, 0.00512625],
        [0.00127822, 0.00423036, 0.00109494],
        [0.00272127, -0.00830966, 0.00194699],
        [-0.00192013, 0.00366368, 0.00294228],
        [0.00080565, 0.00265528, 0.00643234],
        [0.00237063, 0.00419643, -0.00392525],
        [0.0011316, 0.00441232, 0.00090668],
        [0.00293832, -0.00518161, -0.00363399],
        [-0.00257644, 0.00122376, 0.00028845],
        [4.437e-05, 3.77e-05, 0.00105115],
        [0.00105469, 0.00345394, -0.00351106],
        [-0.00104899, -0.0029379, -0.00471461],
        [0.00281334, -0.00660615, -0.0027869]
    ],
    "relaxed_lattice": [
        [-5.00870693, -14.23639783, -8.4863607],
        [-7.52632445, -0.15402961, -4.25310024],
        [-0.21600089, -0.18000723, -8.63059251]
    ],