{
    "atom_type": [
        "Na",
        "V",
        "P",
        "O"
    ],
    "atoms_per_type": [
        4,
        8,
        12,
        48
    ],
    "coord_mode": "direct",
    "relaxed_basis": [
        [0.2500209, 0.49999418, 0.49994007],
        [0.74997363, 0.50001538, 0.50007355],
        [0.81532083, 0.24703599, 0.89343711],
        [0.6846847, 0.75298303, 0.10664948],
        [0.32472559, 0.6402724, 0.64410492],
        [0.82557887, 0.64467699, 0.63661947],
        [0.07597956, 0.13003822, 0.14207622],
        [0.56901205, 0.15291734, 0.13778585],
        [0.17526488, 0.35968259, 0.35593801],
        [0.67442742, 0.35531171, 0.36336819],
        [0.424062, 0.86991428, 0.8579209],
        [0.93093883, 0.8470727, 0.8622333],
        [0.13019773, 0.52083766, 0.96707961],
        [0.62422687, 0.53594027, 0.97028089],
        [0.48189739, 0.24686821, 0.54396518],
        [0.98200035, 0.24487274, 0.53447767],
        [0.26387748, 0.95713485, 0.2578908],
        [0.76402494, 0.95347893, 0.25439376],
        [0.23614679, 0.04282424, 0.74208635],
        [0.73595661, 0.04651578, 0.74560186],
        [0.36977689, 0.47916291, 0.03295053],
        [0.87577541, 0.46405074, 0.02977422],
        [0.01808586, 0.7531194, 0.4560013],
        [0.51799931, 0.75512049, 0.46552598],
        [0.44080316, 0.69368399, 0.49897115],
        [0.93875227, 0.6899648, 0.49061098],
        [0.25575159, 0.87066869, 0.70472815],
        [0.76175507, 0.86652209, 0.71194723],
        [0.3556332, 0.48137826, 0.87214044],
        [0.85690755, 0.47310701, 0.87032345],
        [0.50555961, 0.21888032, 0.36350822],
        [0.00101668, 0.21649911, 0.35695143],
        [0.17660272, 0.95737184, 0.25365887],
        [0.68233183, 0.96525316, 0.21913349],
        [0.13534491, 0.32601933, 0.00388534],
        [0.63746092, 0.33458233, 0.99787722],
        [0.05916464, 0.30623887, 0.50120379],
        [0.56123103, 0.31017228, 0.50913652],
        [0.24427577, 0.1293547, 0.29515227],
        [0.73822111, 0.13353596, 0.28796746],
        [0.14431665, 0.51852584, 0.1279823],
        [0.64310683, 0.52699547, 0.1296524],
        [0.99438829, 0.78102539, 0.63653309],
        [0.49901332, 0.78360138, 0.64295025],
        [0.32339325, 0.04267289, 0.74630712],
        [0.81764693, 0.03471882, 0.78089827],
        [0.36473833, 0.67396422, 0.99595601],
        [0.8624911, 0.66539949, 0.00231879],
        [0.38453617, 0.40964634, 0.57630341],
        [0.88218836, 0.40663077, 0.57251184],
        [0.29393502, 0.76829118, 0.41484629],
        [0.7810194, 0.77020583, 0.4237547],
        [0.20561382, 0.58262616, 0.77205219],
        [0.70726163, 0.58345623, 0.77834979],
        [0.01549944, 0.93654263, 0.28422462],
        [0.52366445, 0.93335781, 0.28520504],
        [0.15036585, 0.04571225, 0.93444793],
        [0.642564, 0.05730243, 0.92189411],
        [0.47085607, 0.32515475, 0.04294057],
        [0.97309544, 0.3155176, 0.03625479],
        [0.11544648, 0.59032932, 0.42365812],
        [0.61779655, 0.5933417, 0.42753169],
        [0.20610321, 0.23163516, 0.58503513],
        [0.71897113, 0.2298062, 0.5762484],
        [0.2943657, 0.41755122, 0.22799981],
        [0.79275688, 0.41641058, 0.22169917],
        [0.48455539, 0.06345177, 0.71571841],
        [0.97630604, 0.06659135, 0.71475388],
        [0.34963977, 0.95424876, 0.06548918],
        [0.85743462, 0.9426788, 0.07811138],
        [0.02912761, 0.67476952, 0.95705574],
        [0.52692531, 0.68455636, 0.9637154]
    ],
    "relaxed_energy": -755.01990006,
    "relaxed_forces": [
        [-0.00041078, -3.629e-05, 5.381e-05],
        [0.00019492, 0.00013033, -7.38e-05],
        [0.00025591, 0.00150881, 0.00107543],
        [0.00046183, -0.00130549, -0.00074234],
        [0.0018784, -0.00281042, 0.00768141],
        [-0.0024832, 0.00300538, 0.00150469],
        [-0.00352155, 0.00436791, 0.00125842],
        [0.0017725, -0.00160913, 3.535e-05],
        [-0.00193716, 0.00193819, -0.00577153],
        [0.0017412, -0.00310188, -0.00163007],
        [0.003435, -0.00431059, -0.00275222],
        [0.00066794, 0.00294388, -0.00049639],
        [0.00300937, 0.00176078, 0.00387263],
        [-0.00385831, 0.00165893, 0.00152676],
        [0.00050446, 0.00143204, -0.0050115],
        [0.00144411, 0.00253135, 0.00134818],
        [0.00469975, 0.00143299, -0.00219215],
        [-0.00408265, -0.00046505, -0.00399171],
        [-0.0025565, -0.00241496, 0.00262426],
        [0.00162855, 0.00166763, 0.00382641],
        [-0.00428161, -0.0029847, -0.00086014],
        [0.00430373, -0.00143443, -0.00168923],
        [-0.0016301, 0.0010292, 0.00524564],
        [-0.00036423, -0.00408934, -0.00123935],
        [0.00511164, 0.00551811, -0.00144086],
        [0.00655502, 0.00458483, -0.00433301],
        [-0.00332333, -0.00175524, 0.0023081],
        [0.00052363, -0.00169874, -0.00055781],
        [-0.00326521, 0.00268997, 0.00065036],
        [-0.00134233, 0.00448139, -0.00292969],
        [-0.00256146, 0.00296163, 0.0006256],
        [0.00027645, 0.00288942, -0.00110395],
        [0.00215407, 0.00098956, -0.00146436],
        [0.00093777, 0.00014512, 0.00194895],
        [-0.00337363, 0.00295765, -0.0026676],
        [0.00207619, 0.00249906, 0.00210466],
        [-0.00522512, -0.00460389, 0.00064493],
        [-0.00676294, -0.00455944, 0.00306403],
        [0.00179881, 0.00207879, -0.00456642],
        [0.00189079, 0.00070148, 0.00221011],
        [0.00242145, -0.00349281, -0.00286832],
        [0.0016788, -0.00379912, 0.00484672],
        [0.00345237, -0.00273838, 0.0007692],
        [7.258e-05, -0.0018392, 0.00149242],
        [-0.00275986, 7.034e-05, 0.00092076],
        [-0.00033623, -0.00075518, -0.00186539],
        [0.00224739, -0.00266833, 0.00151774],
        [-0.00330175, -0.00187261, -0.00086528],
        [0.00203616, -0.00491415, 0.00762394],
        [0.00321141, -0.00014849, 0.0013251],
        [-0.00088245, 0.00199226, 0.00723901],
        [0.00472776, 0.00380285, 0.00136426],
        [-0.00108652, -0.00546396, 0.0014301],
        [0.00159456, 0.00285953, 0.00127004],
        [8.967e-05, 0.00130824, -0.00618659],
        [0.00115047, 0.00137007, 0.00013643],
        [0.00461292, -0.00229323, -0.00232035],
        [-0.00221466, -6.381e-05, -0.00197052],
        [0.00560025, 0.00370702, 0.00657678],
        [0.00230819, -0.00096755, 0.00190744],
        [-0.00173372, 0.00303008, -0.00726275],
        [-0.00339513, 0.00080355, -0.00111948],
        [-0.00140545, -0.00142806, -0.00483246],
        [-0.00313759, -0.00433505, -0.00288783],
        [0.0023892, 0.00460791, -0.00298801],
        [-0.00225383, -0.00279884, -0.00153629],
        [0.00134688, -0.00154497, 0.00490833],
        [-0.0022722, -0.00287376, 0.00031174],
        [-0.00526355, 0.00279706, 0.0013564],
        [0.00248688, -0.00076842, 0.00233381],
        [-0.00613653, -0.00253383, -0.00728229],
        [-0.00158936, 0.00022598, -0.0014403]
    ],
    "relaxed_lattice": [
        [-5.07129253, -14.0295642, -8.59226825],
        [-7.49823155, -0.21312693, -4.3172074],
        [-0.19554025, -0.21900997, -8.66878611]
    ],