{
    "atom_type": [
        "Na",
        "V",
        "P",
        "O"
    ],
    "atoms_per_type": [
        5,
        8,
        12,
        48
    ],
    "coord_mode": "direct",
    "relaxed_basis": [
        [0.25400561, 0.48975441, 0.49867627],
        [0.73798432, 0.53980813, 0.4848514],
        [0.01264035, 0.9852916, 0.98935592],
        [0.80446314, 0.25202193, 0.87348054],
        [0.87223409, 0.11739194, 0.39589341],
        [0.32193529, 0.64063586, 0.64268215],
        [0.82417887, 0.64668004, 0.64212002],
        [0.07449609, 0.13917975, 0.14348576],
        [0.57022977, 0.14417075, 0.1396668],
        [0.18198565, 0.35210911, 0.35114028],
        [0.67011506, 0.36591998, 0.36304821],
        [0.42764647, 0.86292222, 0.855467],
        [0.93253032, 0.85378228, 0.8560615],
        [0.1279722, 0.53453953, 0.96195818],
        [0.62413918, 0.5365996, 0.96453022],
        [0.48008663, 0.25177017, 0.53497371],
        [0.9786577, 0.25372644, 0.53277206],
        [0.26908478, 0.95742204, 0.25289266],
        [0.76695346, 0.96559646, 0.25774336],
        [0.2315518, 0.03488687, 0.74741773],
        [0.7297049, 0.0421965, 0.75610107],
        [0.37486722, 0.47074446, 0.03228439],
        [0.8735754, 0.45858821, 0.04015959],
        [0.02635136, 0.74008124, 0.46023231],
        [0.51525821, 0.75555282, 0.46586213],
        [0.43221456, 0.70609203, 0.49894573],
        [0.94085553, 0.68403228, 0.51028004],
        [0.24585027, 0.86689852, 0.70999422],
        [0.75893704, 0.87637824, 0.69767641],
        [0.35470249, 0.48776486, 0.87186294],
        [0.84957376, 0.47412106, 0.88377191],
        [0.49996015, 0.23396324, 0.35277095],
        [0.98693741, 0.20551433, 0.37668372],
        [0.17652132, 0.99372455, 0.22682561],
        [0.67940301, 0.99450649, 0.22716877],
        [0.10676996, 0.36511983, 0.99910248],
        [0.63137092, 0.34633417, 0.97963674],
        [0.06132335, 0.31209272, 0.47712104],
        [0.56010903, 0.29757612, 0.51716357],
        [0.25143362, 0.11880395, 0.30283034],
        [0.75085175, 0.12949349, 0.30566634],
        [0.15976041, 0.49519485, 0.11858951],
        [0.6477616, 0.50050802, 0.13260311],
        [0.01153928, 0.78241969, 0.62246079],
        [0.5051782, 0.76446255, 0.64572721],
        [0.31940053, 0.01863676, 0.76287501],
        [0.81712084, 0.0302281, 0.77460608],
        [0.37785876, 0.65906813, 0.99920044],
        [0.89152739, 0.63156657, 0.99723169],
        [0.38466749, 0.41211168, 0.57243525],
        [0.88116659, 0.41686887, 0.56773455],
        [0.28368796, 0.76582658, 0.41560932],
        [0.78489543, 0.77483014, 0.4207203],
        [0.20978002, 0.56457267, 0.76988272],
        [0.70661233, 0.58664389, 0.77534442],
        [0.02244527, 0.91949974, 0.27792937],
        [0.51871961, 0.93894206, 0.29490807],
        [0.1423063, 0.0496744, 0.92774891],
        [0.64269468, 0.03981433, 0.93589522],
        [0.47299257, 0.31097627, 0.03841083],
        [0.96129223, 0.27188625, 0.06465468],
        [0.12144242, 0.58151759, 0.41834078],
        [0.61104586, 0.59393603, 0.42148548],
        [0.20891421, 0.2244007, 0.58225434],
        [0.71142128, 0.23302391, 0.58725096],
        [0.29930893, 0.41658537, 0.22774044],
        [0.79211108, 0.42640836, 0.23480912],
        [0.47526918, 0.06403763, 0.70663239],
        [0.97315148, 0.08534181, 0.7235573],
        [0.35318387, 0.95153476, 0.06984067],
        [0.85653161, 0.95986245, 0.07906879],
        [0.03991008, 0.71504769, 0.95644837],
        [0.53003152, 0.69715795, 0.96422943]
    ],
    "relaxed_energy": -762.91232031,
    "relaxed_forces": [
        [0.00106813, 0.00011322, 0.00033945],
        [-0.00027396, 0.00187298, 0.00093464],
        [0.00100005, -0.00183641, -0.00321479],
        [-0.00098753, -0.00087648, -0.00445245],
        [0.00093289, 0.00198054, -0.00072513],
        [2.711e-05, -0.00410671, -0.00154136],
        [-0.00256437, -0.00092771, 0.00240344],
        [-0.0015028, -0.00560414, -0.00340464],
        [-0.00579804, -0.00191544, 0.00195052],
        [0.00180735, 0.00180686, -0.00070068],
        [-0.00275766, 0.00673465, -0.00108208],
        [0.0035803, 0.00180031, 0.00311299],
        [0.00372866, -0.00159063, -0.00194661],
        [0.00166321, -0.00342506, -0.00220212],
        [0.00146835, -4.079e-05, -0.00155636],
        [0.00327185, -0.00237315, -0.00281318],
        [-0.00353002, -0.00097971, 0.00333506],
        [-0.00025176, 0.00385796, 0.0041074],
        [-0.00112423, -3.266e-05, 0.00205723],
        [0.00299318, 0.00130842, 0.00256699],
        [-0.00257015, -0.00407866, 0.00195777],
        [0.00164662, 0.00053375, 0.00043072],
        [-0.00211972, 0.00265959, -0.00177711],
        [0.00288419, 0.00104699, -0.0035831],
        [-0.00111208, 0.00315416, -0.00125858],
        [-0.00057716, 0.00292461, 0.00070404],
        [0.00025834, 0.00307251, 0.00102623],
        [-9.762e-05, 0.00076713, -0.00102867],
        [-0.00314269, -0.0078539, 0.00447812],
        [0.00206663, -0.00181283, 0.00182703],
        [0.00307018, 0.00123488, 0.00223006],
        [-0.00278034, -0.00331837, -0.00186718],
        [-0.00045215, 0.00156368, -0.00120562],
        [-0.00089668, 0.00293355, 0.0034694],
        [0.00150994, -0.00198848, -0.00092187],
        [0.00410934, 0.00055849, -0.001645],
        [-0.00234939, -0.00448418, 0.00165099],
        [-0.00170352, -0.00012813, 0.00336275],
        [0.00083498, -0.00283444, -0.00411842],
        [0.00215526, -0.00634746, 0.00592897],
        [0.00134856, 0.00165189, -0.00239015],
        [0.00033968, -0.00132108, -0.00014222],
        [7.64e-05, 0.00337762, 0.00048809],
        [0.00172153, 0.00104302, -0.00141807],
        [0.0013475, -0.00107926, -0.00069841],
        [0.00058523, 0.00155458, 0.00236507],
        [-0.00036181, 0.00078369, 0.00128944],
        [0.00307556, 0.00528621, 0.00046045],
        [-0.00485293, -0.00053724, -0.00050227],
        [0.0014669, 0.00274053, 0.00111108],
        [-0.00150682, 0.00078969, 0.00320382],
        [-0.00301035, -0.00452816, 0.00091066],
        [-0.00117542, -0.00305405, 0.00511388],
        [0.00366978, 0.00046953, 0.00066187],
        [0.00055827, 0.00138388, -0.00274082],
        [-0.00129997, 0.00253291, -0.00124628],
        [-0.00388144, 0.00189457, -0.00422735],
        [-0.00119315, 0.00210763, -0.00201667],
        [0.00094812, 0.00112214, 0.00078591],
        [-0.00145328, -0.00231164, -0.00344402],
        [-0.00421085, 0.0017834, 0.00041931],
        [0.00062001, 0.00164104, -0.00158474],
        [-0.00378003, 0.00028446, -0.00057463],
        [-0.00288151, 0.00121639, 0.00134377],
        [0.00227206, -0.00537113, 0.00013099],
        [0.00252577, 0.00195967, 0.00092349],
        [0.00034772, -0.00086965, -0.00483765],
        [-0.00233313, -0.00050504, 0.0030907],
        [0.00275704, 0.00139362, -0.00017195],
        [0.00248041, 0.00272565, 0.00057398],
        [-0.00078839, -0.00141326, -0.00341559],
        [-0.00052787, 0.0008304, -0.00057913],
        [0.00363173, -0.00095094, 0.00028861]
    ],
    "relaxed_lattice": [
        [-5.09508607, -14.01795847, -8.46819596],
        [-7.54109775, -0.11411107, -4.24910948],
        [-0.27239084, -0.1054541, -8.65186423]
    ],