{
    "atom_type": [
        "Na",
        "V",
        "P",
        "O"
    ],
    "atoms_per_type": [
        7,
        8,
        12,
        48
    ],
    "coord_mode": "direct",
    "relaxed_basis": [
        [0.24875535, 0.52277436, 0.47975391],
        [0.74377763, 0.49766622, 0.52155853],
        [0.4989136, 0.003668, 9.054e-05],
        [0.00631713, 0.99716386, 0.98713034],
        [0.3009768, 0.25228828, 0.88500411],
        [0.8740573, 0.12156029, 0.37269645],
        [0.69192551, 0.75046538, 0.12788616],
        [0.32465598, 0.64391011, 0.64214195],
        [0.82203664, 0.63847854, 0.64238943],
        [0.07439906, 0.13456172, 0.14265121],
        [0.56952222, 0.14740894, 0.14621735],
        [0.17749569, 0.3596178, 0.35421348],
        [0.67479675, 0.35952066, 0.35913605],
        [0.42791062, 0.85633251, 0.85554379],
        [0.9295121, 0.85848822, 0.85548435],
        [0.12518961, 0.54339013, 0.96287547],
        [0.6237928, 0.5482972, 0.96343665],
        [0.47735878, 0.24997569, 0.5417941],
        [0.97848807, 0.24793823, 0.53587338],
        [0.26793379, 0.95799017, 0.25496218],
        [0.77177734, 0.95650714, 0.24865101],
        [0.23193328, 0.04237768, 0.74649997],
        [0.73215345, 0.03872998, 0.74898013],
        [0.37355651, 0.45965556, 0.03711024],
        [0.87730775, 0.46010425, 0.03380751],
        [0.02018508, 0.74188953, 0.46391461],
        [0.5198231, 0.75006256, 0.46338491],
        [0.43966225, 0.68414196, 0.51105581],
        [0.93707925, 0.68461842, 0.51152872],
        [0.2588046, 0.86726797, 0.70468412],
        [0.75465559, 0.87117816, 0.69925332],
        [0.34882246, 0.47721057, 0.88052796],
        [0.84837772, 0.49249934, 0.8783369],
        [0.49283949, 0.20005707, 0.3825272],
        [0.98838761, 0.20233856, 0.37666128],
        [0.18463773, 0.97418215, 0.22430742],
        [0.68911942, 0.97840337, 0.20991992],
        [0.11769803, 0.36222998, 0.99418371],
        [0.60952363, 0.37329955, 0.00079496],
        [0.06272581, 0.29645581, 0.49147399],
        [0.55875229, 0.29544392, 0.5110021],
        [0.25075421, 0.13645718, 0.28156016],
        [0.75694688, 0.12370871, 0.28936113],
        [0.14866909, 0.51423114, 0.12790368],
        [0.64614008, 0.53530024, 0.12042101],
        [0.00328695, 0.79501264, 0.62430686],
        [0.49980265, 0.80736797, 0.62330979],
        [0.31161572, 0.0303746, 0.78815166],
        [0.81620553, 0.00717189, 0.79199071],
        [0.3922436, 0.63986463, 0.98593929],
        [0.8990849, 0.63276218, 0.99126259],
        [0.38164504, 0.41549245, 0.5696857],
        [0.88437628, 0.41153473, 0.56936881],
        [0.28595158, 0.77571434, 0.42158856],
        [0.78674778, 0.76805033, 0.41541894],
        [0.20975749, 0.57454594, 0.77448773],
        [0.70698308, 0.58062278, 0.77241273],
        [0.02115841, 0.91208741, 0.27953692],
        [0.5277448, 0.91147053, 0.27321631],
        [0.13952065, 0.05533495, 0.91558293],
        [0.64104387, 0.0476962, 0.92133889],
        [0.46076882, 0.28306841, 0.05390443],
        [0.96014445, 0.27426895, 0.05763265],
        [0.11390458, 0.57767098, 0.43993996],
        [0.61461451, 0.58664107, 0.44359813],
        [0.2174139, 0.22352856, 0.57308882],
        [0.72430183, 0.22277651, 0.57886899],
        [0.29032419, 0.44227319, 0.22527006],
        [0.79421916, 0.44416411, 0.22522308],
        [0.46220191, 0.08473273, 0.73548199],
        [0.97260885, 0.07427196, 0.72186091],
        [0.35914433, 0.9440963, 0.07903275],
        [0.86541853, 0.93465641, 0.07773375],
        [0.03882647, 0.72147127, 0.94482678],
        [0.53568106, 0.72780388, 0.94041504]
    ],
    "relaxed_energy": -778.61773183,
    "relaxed_forces": [
        [-0.00020988, -0.00330662, -0.00029775],
        [-0.00153409, 0.0022158, -0.00277112],
        [-0.00149448, 0.0004916, 0.00103602],
        [0.00140232, 0.00074099, 0.00158874],
        [0.00060778, 0.00123984, -0.00204521],
        [-2.481e-05, -0.00015359, -0.0004243],
        [0.00072998, -0.00207368, 0.00458666],
        [0.00358911, -0.00369164, 0.00334465],
        [0.00099737, -0.00445413, -0.00129787],
        [0.00327655, 0.00344043, -0.00172904],
        [0.00695744, 0.00042642, -0.0029999],
        [0.00467914, 0.00168975, 0.00169464],
        [-4.808e-05, 0.00111615, -0.00048768],
        [-0.00476611, -0.00075932, -0.00363629],
        [-0.00462777, -0.00254755, -0.0009564],
        [0.00847952, -0.00466284, 0.00157223],
        [0.00099637, -0.00575071, -0.0064135],
        [0.00193113, 0.00082808, -0.00039098],
        [-0.0049873, -0.00151492, -0.00686379],
        [0.00030838, -0.00271251, 0.00426586],
        [0.00366199, -0.00116562, 0.00013193],
        [0.00122606, 0.00240329, 0.00066102],
        [-0.00088436, 0.00117001, 0.00240636],
        [-0.00115515, 0.00177649, 0.00343312],
        [0.00344072, -0.00122632, 0.00341182],
        [-0.00305254, 0.00099932, 0.00278256],
        [-0.00231963, 0.00144468, -0.00133318],
        [0.00046271, -0.00059853, -0.00154821],
        [-0.00220031, 0.00024211, -7.705e-05],
        [-0.00013953, 0.00059645, 0.00207144],
        [-0.00114816, -0.00655771, 0.00051451],
        [0.00126275, -0.00121318, -0.00256831],
        [0.0032252, -0.00252382, -0.00489338],
        [-0.00169089, -0.00082345, -0.00639356],
        [0.00027402, -0.00301105, 0.00527374],
        [-0.00125725, -0.00202461, -0.00035223],
        [0.0005767, 0.0011072, -0.00227246],
        [0.00128572, -0.00039905, -0.00248002],
        [0.00010837, -0.00022965, 0.00212192],
        [-0.00089324, 0.00375836, 0.00096476],
        [0.00419161, 0.00350541, 0.00270015],
        [0.00122201, 0.00331792, -0.00282926],
        [-0.0007911, -0.00111667, -0.00260781],
        [-0.00460013, 0.00384647, -0.0011132],
        [-0.00135738, 0.00319131, 0.00266272],
        [0.00056423, 0.00290578, 0.0021528],
        [-0.00130164, 0.00195591, -0.00136345],
        [-0.00367049, 0.00097101, 0.0044469],
        [-0.00305253, 0.00178178, -0.00139243],
        [0.0028434, -0.00283568, 0.00042389],
        [-0.00336334, 0.00352575, -0.00083451],
        [-0.00077512, 0.00247267, -0.00443352],
        [0.00212608, 0.00108678, -0.00193506],
        [-0.00360815, 0.00323205, 0.00011295],
        [-0.00304779, 0.00204302, 0.0017596],
        [-0.00157739, 0.00123861, -0.00092836],
        [-0.0035714, -0.0001949, 0.00278764],
        [-0.00064144, 0.00126985, -0.00077227],
        [-0.00132643, -0.00406401, 0.00106227],
        [-0.00492036, 0.00094391, 0.00116333],
        [-0.00098892, -0.00321799, 0.00224696],
        [-0.00278189, 0.00112165, 0.0013546],
        [-0.00206339, -0.00230943, 0.00195811],
        [-0.00153421, -0.00112202, 0.00285281],
        [-0.00436495, 0.00394384, 0.00124025],
        [-0.00034338, -0.00250893, -0.00102307],
        [-0.00141031, -0.00037617, -0.0008027],
        [-9.917e-05, -0.00035209, -0.00280359],
        [0.00265451, 0.0024486, 0.00082164],
        [0.0014452, 0.00098752, 0.00444477],
        [0.00437182, -0.00112906, 0.00012681],
        [0.00381123, -0.00274458, 0.00187056],
        [0.00295369, 0.00132566, -0.0012616],
        [0.00280684, 0.00141197, -0.00208945],
        [0.00515455, -0.00084242, 0.00037179]
    ],
    "relaxed_lattice": [
        [-4.99440126, -14.17715707, -8.44171884],
        [-7.52502307, -0.11109215, -4.21697738],
        [-0.17582647, -0.12978418, -8.64313109]
    ],