{
    "atom_type": [
        "Na",
        "V",
        "P",
        "O"
    ],
    "atoms_per_type": [
        9,
        8,
        12,
        48
    ],
    "coord_mode": "direct",
    "relaxed_basis": [
        [0.24813345, 0.49797128, 0.50131731],
        [0.75980911, 0.50283809, 0.47478322],
        [0.50446659, 0.0029017, 0.9948013],
        [0.99780791, 0.98903282, 0.02166881],
        [0.12491984, 0.88434567, 0.62781621],
        [0.62584865, 0.87548998, 0.61104559],
        [0.31030774, 0.24939773, 0.87978808],
        [0.80856051, 0.2513864, 0.8709913],
        [0.4402062, 0.61936299, 0.25053734],
        [0.32228293, 0.64528482, 0.64744951],
        [0.82523339, 0.64514922, 0.64447345],
        [0.06879458, 0.14538807, 0.14354585],
        [0.57088127, 0.13694371, 0.14148471],
        [0.1781739, 0.3613187, 0.36164923],
        [0.68087147, 0.35694953, 0.35442985],
        [0.42551731, 0.85123877, 0.85471826],
        [0.92880142, 0.85533321, 0.85508841],
        [0.12249375, 0.53990286, 0.96840867],
        [0.62482087, 0.53876883, 0.95983056],
        [0.48019141, 0.2468137, 0.53582505],
        [0.98105739, 0.256253, 0.53522066],
        [0.26800259, 0.96427701, 0.25245587],
        [0.77024582, 0.96078534, 0.24922742],
        [0.22483967, 0.04716412, 0.75288664],
        [0.72938575, 0.04514198, 0.74623473],
        [0.37380512, 0.45147278, 0.04546962],
        [0.87498182, 0.45400575, 0.03889502],
        [0.02530017, 0.7526224, 0.46242081],
        [0.52334682, 0.74468868, 0.45295139],
        [0.44127942, 0.69247565, 0.48969884],
        [0.94042303, 0.71186329, 0.50547403],
        [0.23803939, 0.8852315, 0.70777663],
        [0.74247042, 0.87791659, 0.70758704],
        [0.34703023, 0.4884523, 0.88363446],
        [0.85090403, 0.46926118, 0.88315192],
        [0.49427192, 0.20102566, 0.37478544],
        [0.99955201, 0.20131432, 0.37572701],
        [0.18599288, 0.00205096, 0.2028151],
        [0.68580809, 0.98564414, 0.21834809],
        [0.09883291, 0.37235354, 0.00535196],
        [0.60108072, 0.37264694, 0.00103251],
        [0.06499573, 0.30598761, 0.49447875],
        [0.56381329, 0.29252629, 0.49854308],
        [0.24960078, 0.12620877, 0.30445667],
        [0.74951798, 0.13508705, 0.29079353],
        [0.15105242, 0.50140951, 0.12664402],
        [0.64753452, 0.50898227, 0.12347163],
        [0.0175847, 0.80194468, 0.6171093],
        [0.51053491, 0.78686143, 0.61615068],
        [0.30796751, 0.01430012, 0.79868317],
        [0.8126142, 0.01975682, 0.78647528],
        [0.39417745, 0.61812112, 0.0207468],
        [0.89672664, 0.6238986, 0.99306265],
        [0.38648554, 0.41189141, 0.5609204],
        [0.88776736, 0.41764426, 0.55974215],
        [0.27772311, 0.77487306, 0.41886095],
        [0.78301177, 0.77997596, 0.41861377],
        [0.20628396, 0.55574633, 0.77934505],
        [0.70665885, 0.56122874, 0.77086349],
        [0.03614617, 0.92088838, 0.2742191],
        [0.53213517, 0.90929598, 0.26760898],
        [0.13256917, 0.07072661, 0.92059009],
        [0.63687637, 0.07104485, 0.91063565],
        [0.45527782, 0.26892154, 0.06202684],
        [0.95924539, 0.26987621, 0.06669873],
        [0.1167315, 0.58538849, 0.43452273],
        [0.61572156, 0.57483026, 0.42917975],
        [0.21388969, 0.23513845, 0.58778592],
        [0.72061675, 0.2275132, 0.57369407],
        [0.28913157, 0.42941988, 0.23222769],
        [0.79239849, 0.43217506, 0.2263386],
        [0.47018163, 0.07941548, 0.72468407],
        [0.97418631, 0.08983333, 0.72340304],
        [0.36167989, 0.94363672, 0.08736037],
        [0.86021549, 0.95339674, 0.07651359],
        [0.0420961, 0.7275098, 0.94255412],
        [0.54026074, 0.72525077, 0.93995141]
    ],
    "relaxed_energy": -793.15455007,
    "relaxed_forces": [
        [-0.00091432, 0.00081401, -0.00016954],
        [0.00137183, -0.00068946, -0.00030439],
        [-0.00120006, -0.00141077, 0.00122254],
        [-5.676e-05, 0.00105793, -3.864e-05],
        [-0.00216452, -0.00061393, -0.00248428],
        [0.00187427, -1.984e-05, 0.004159],
        [9.303e-05, 0.00047139, -0.00010172],
        [-0.00112223, -0.00013236, 0.00042485],
        [-0.00061278, -0.00013217, 0.0002367],
        [0.00242439, -0.00188011, -0.00047369],
        [0.00439309, 0.00021666, -0.00177362],
        [-0.00380018, 0.00232915, -0.00103841],
        [0.00029014, -0.0017259, -0.00368815],
        [0.00429406, 0.00425895, 0.00062655],
        [-0.00472143, 0.00463474, 0.00357507],
        [-0.00185946, -0.00409862, -0.00208346],
        [0.00011539, -0.00012202, 0.00162678],
        [-0.00339275, -0.0001891, 3.227e-05],
        [0.00259749, 0.00079569, 0.00094016],
        [0.00044714, 0.00141152, 0.00169462],
        [0.00282023, 0.0011249, 0.00133082],
        [0.00263802, -0.00112212, 0.00144462],
        [-0.00103351, -0.00057477, -0.00125503],
        [-8.993e-05, 0.00163479, -0.00072645],
        [-0.00072279, 0.00057767, 0.00044781],
        [0.0009257, -0.00017294, -0.00068629],
        [-0.00240399, 0.00145469, -0.00090527],
        [-0.00079782, 0.00217204, -0.00158896],
        [-0.00075011, -0.00050903, -0.00121169],
        [-0.0010497, 0.00081285, 0.00406868],
        [-0.00055924, -0.00208716, -0.00082068],
        [-0.0006213, 0.00026654, -0.00016254],
        [0.00082575, 0.00270668, 0.00102356],
        [0.0025571, 0.00092195, 0.00020239],
        [0.00270172, -0.00133102, -0.00137666],
        [0.0030384, 0.00558641, -0.00219839],
        [-0.00026942, -0.00029342, -0.00393245],
        [-0.00113134, 0.00258786, 0.00071402],
        [0.00536059, 9.673e-05, -0.00415463],
        [0.00187173, -0.00046445, 0.0011164],
        [-0.00094717, -0.00201744, -0.00563992],
        [-0.00300489, -0.0084596, -0.00113855],
        [-0.00043441, 0.00257732, 0.00480562],
        [-0.00654425, 0.00405964, -0.00439246],
        [6.8e-05, -0.00249862, 0.00268003],
        [0.00279898, -0.00311066, -0.00544599],
        [-0.00711999, -0.00193935, 0.00164068],
        [-0.00232976, -0.00316825, -0.00134888],
        [-0.00173051, 0.00021154, -0.00034948],
        [-0.00116545, -3.933e-05, -0.00313317],
        [-0.00311734, -0.00065234, 0.00213098],
        [-0.00201062, -0.00062118, -0.00142596],
        [0.00192917, -0.00111567, 0.00012851],
        [0.00118462, 0.00107463, 0.00079666],
        [-0.00127532, -0.00074091, -0.00085415],
        [0.00035584, 0.00159805, 0.0006653],
        [-0.00126209, -0.00175638, -0.00065774],
        [0.00066954, 0.00203734, -0.00052126],
        [0.00201361, 0.00139023, -0.00027969],
        [-0.00169908, -0.00144408, 0.00027527],
        [0.00508143, 0.00085717, -0.00015516],
        [0.00181136, -0.00197444, 0.00244809],
        [-0.00094618, -0.00142043, 0.00161909],
        [0.00086125, -0.00081553, 0.00218155],
        [-0.00037145, -0.00370421, 0.0001021],
        [0.00433753, -0.00512703, 0.00463043],
        [-0.00034952, -0.00072192, -0.00206153],
        [-0.00331032, 0.00194432, 0.0051946],
        [0.00128743, 0.0009685, 0.00093459],
        [0.00405834, 0.00581417, 0.00119878],
        [0.00089214, -0.00176874, -4.739e-05],
        [-0.00113066, 0.00039221, 0.00011386],
        [-0.0010582, -6.69e-06, 0.00029466],
        [-0.00020253, 0.00125271, 0.0003842],
        [-0.00035449, 0.00144792, 0.00111391],
        [-0.00034565, -0.00099102, -4.127e-05],
        [0.0019942, 0.00010411, 0.00044177]
    ],
    "relaxed_lattice": [
        [-4.97310459, -14.20229797, -8.48105892],
        [-7.54190342, -0.0499128, -4.20022147],
        [-0.13939224, -0.03827525, -8.66737809]
    ],