{
    "atom_type": [
        "Na",
        "V",
        "P",
        "O"
    ],
    "atoms_per_type": [
        9,
        8,
        12,
        48
    ],
    "coord_mode": "direct",
    "relaxed_basis": [
        [0.2451903, 0.50606726, 0.50641646],
        [0.74455754, 0.52106052, 0.49163916],
        [0.53036817, 0.98127761, 0.96606451],
        [0.00985116, 0.00419002, 0.97683549],
        [0.30991037, 0.24677732, 0.89396717],
        [0.8098127, 0.24733914, 0.88995127],
        [0.37482304, 0.0989271, 0.3670322],
        [0.8752293, 0.11349659, 0.37345073],
        [0.19220812, 0.75201674, 0.11743725],
        [0.3233735, 0.64065502, 0.64458463],
        [0.81702203, 0.64413546, 0.65072377],
        [0.0684144, 0.14978181, 0.14682471],
        [0.57380004, 0.1439799, 0.14866747],
        [0.17365126, 0.35871808, 0.35374822],
        [0.67676584, 0.36376393, 0.3545363],
        [0.43136005, 0.85467118, 0.85241474],
        [0.93270874, 0.85000464, 0.8509507],
        [0.1235344, 0.54884056, 0.96388049],
        [0.62039207, 0.54397783, 0.96766216],
        [0.47971775, 0.24602329, 0.53989108],
        [0.97439292, 0.25086471, 0.53843303],
        [0.26968213, 0.95078265, 0.25047316],
        [0.77176386, 0.95933676, 0.25098552],
        [0.2320644, 0.04039849, 0.7524083],
        [0.73150284, 0.04126918, 0.75338562],
        [0.37858694, 0.45132216, 0.03504858],
        [0.87347229, 0.45898017, 0.03649929],
        [0.0200547, 0.74866293, 0.46333628],
        [0.52204116, 0.75170911, 0.46038074],
        [0.43415566, 0.73311869, 0.48697433],
        [0.93320925, 0.71461601, 0.509411],
        [0.25048641, 0.85392681, 0.74191429],
        [0.74067291, 0.86948159, 0.7308712],
        [0.35683822, 0.46487937, 0.87810858],
        [0.84574778, 0.47849367, 0.88487223],
        [0.48918767, 0.18767474, 0.38880352],
        [0.98206853, 0.19490224, 0.38864205],
        [0.18911121, 0.97322333, 0.20975525],
        [0.68613063, 0.00806854, 0.2062911],
        [0.09967051, 0.37511472, 0.02904188],
        [0.59043591, 0.37508574, 0.02887178],
        [0.06030942, 0.29559255, 0.48443669],
        [0.56507792, 0.28796787, 0.49150952],
        [0.26040792, 0.13144578, 0.25939784],
        [0.7671871, 0.13163292, 0.26669696],
        [0.14623331, 0.54228952, 0.11751184],
        [0.64289869, 0.52419894, 0.1254272],
        [0.00410555, 0.81154303, 0.61959434],
        [0.49899892, 0.81400235, 0.62345304],
        [0.31327679, 0.02659968, 0.78958702],
        [0.81654674, 0.01293533, 0.78840391],
        [0.39865778, 0.62728371, 0.98123287],
        [0.90192113, 0.62625035, 0.97972125],
        [0.38726222, 0.41242104, 0.56308106],
        [0.88208243, 0.41645374, 0.56742043],
        [0.27985814, 0.7778057, 0.42627992],
        [0.77607647, 0.7827804, 0.42470377],
        [0.20979826, 0.54568922, 0.78203434],
        [0.70542732, 0.53838319, 0.78561087],
        [0.03150789, 0.91279023, 0.2710181],
        [0.53898898, 0.91779385, 0.27015924],
        [0.13857775, 0.07256785, 0.9158472],
        [0.63959698, 0.0828674, 0.91765251],
        [0.45917308, 0.2643947, 0.07268713],
        [0.9544001, 0.27156944, 0.06408553],
        [0.11222697, 0.58392408, 0.44667437],
        [0.60907211, 0.58040708, 0.4587354],
        [0.22624885, 0.20778836, 0.56860761],
        [0.72614494, 0.21676494, 0.57429641],
        [0.29242995, 0.44263556, 0.22164332],
        [0.7910122, 0.44807465, 0.2267654],
        [0.46706682, 0.08489608, 0.73507602],
        [0.96418485, 0.08842159, 0.73251322],
        [0.36307799, 0.91840196, 0.07880601],
        [0.8624935, 0.92446538, 0.0783169],
        [0.04186859, 0.73348617, 0.92807844],
        [0.54001858, 0.72882169, 0.93171107]
    ],
    "relaxed_energy": -793.61699736,
    "relaxed_forces": [
        [0.00085544, -0.00024572, -0.0003279],
        [-0.00044136, 0.00189625, -0.00047149],
        [-0.00315833, -0.00112277, 0.00149252],
        [-0.00061137, 0.00030573, 0.00035294],
        [0.00015057, -0.00192214, -0.00038691],
        [-0.0005243, -0.00019926, -0.00153999],
        [0.00135818, 0.00039484, 0.00210816],
        [0.00022828, 0.00052083, 0.00117738],
        [0.00165795, 8.407e-05, 0.00083048],
        [0.00236726, 0.00016469, -0.00059199],
        [-0.0013186, -0.00050384, 0.00145926],
        [0.0041294, -0.00165079, -0.0045627],
        [0.00068556, -0.00097564, 0.00108659],
        [-0.00176823, -0.00363299, -0.00013187],
        [-0.00105517, -0.00057664, -0.00012481],
        [-0.00068085, 0.00089687, -0.0039073],
        [0.00261699, 0.0027891, 0.00073435],
        [0.00367281, 0.00103599, 0.00260005],
        [-0.0016059, 0.00104772, -0.00109983],
        [0.00163674, -0.0011175, 0.00114096],
        [0.00326965, 0.00063059, 0.00028472],
        [0.00228887, -0.00167834, -0.00079563],
        [-0.00144219, 0.00049444, -0.00275911],
        [0.00071248, 0.00190418, -0.00132985],
        [-0.00115057, -0.0009777, 9.874e-05],
        [-0.00147222, -0.00118471, 0.00010565],
        [0.0003318, 0.00202701, 0.00021699],
        [-0.00156288, -0.00235943, 0.00241591],
        [0.0001273, 0.00254186, -3.902e-05],
        [-0.001888, 0.00336215, -0.00106315],
        [-0.00308618, 0.0017645, 0.00091421],
        [0.00395266, 0.00488073, -0.00061958],
        [0.00061061, -0.00022558, 0.00068347],
        [-0.00227487, 0.00045618, -0.00063812],
        [-0.00099477, 0.00116128, -0.00125101],
        [0.00030657, 0.00211038, 0.00106911],
        [-0.00336063, 0.00232496, 0.00110555],
        [0.0035917, -0.00134126, -0.00189042],
        [-0.00194885, -0.00102861, 0.00081563],
        [0.00106608, 0.00316385, 0.001688],
        [-0.0006852, -0.00076955, 0.00068038],
        [-0.00052329, 0.00021945, 0.00247364],
        [0.00127982, 8.275e-05, -0.00144538],
        [0.00181652, -0.001985, 0.00300279],
        [0.00011724, -0.00313471, -0.00336017],
        [-0.00123823, 0.00059935, -0.00029608],
        [0.00240999, -0.00070917, 0.00012383],
        [-0.00216775, -0.00169355, -0.00192479],
        [-0.00110542, -0.00212321, -0.00203329],
        [0.00240725, -0.00052682, 0.00228997],
        [-0.00010685, -0.00202551, -0.00075768],
        [0.00047107, -0.00046577, 0.00043724],
        [-5.359e-05, -0.00050376, -0.00014828],
        [-0.00113159, -0.00105013, 2.097e-05],
        [0.00086241, -0.00266701, -0.00067043],
        [-0.00130813, -0.00188634, -0.00060052],
        [0.00061533, 0.00135895, 0.00093415],
        [0.0051412, -0.00195529, 0.0015188],
        [1.185e-05, 6.265e-05, -0.00059119],
        [-0.00266792, 0.0005721, 0.00061094],
        [-0.00028896, -0.00311279, 0.00024246],
        [-0.00204842, -0.00040165, -0.00353229],
        [-0.0002648, 0.00049241, -0.00081177],
        [0.00331073, 0.00021499, 0.00099134],
        [-0.00156881, 0.00262873, 0.00238641],
        [-0.00246849, -0.00133733, 0.00139925],
        [0.00204903, 0.0030175, 0.00154096],
        [7.748e-05, -0.00043516, 5.414e-05],
        [-0.00013821, -0.00317497, 1.48e-06],
        [-0.00164939, 0.00020477, 0.00126151],
        [-0.00264631, 0.00101976, 0.00054293],
        [-0.00083724, 0.00277127, 0.00151354],
        [-0.00028684, 0.00179677, -0.00182561],
        [0.00054852, 0.00088301, -0.00025578],
        [-0.00153662, -0.00132729, -0.00040271],
        [0.0017982, 0.0004116, 9.285e-05],
        [-0.00346618, -0.0002663, -0.00231357]
    ],
    "relaxed_lattice": [
        [-5.07107517, -14.37666985, -8.43768947],
        [-7.59390312, -0.13664239, -4.1613165],
        [-0.23716053, -0.17559334, -8.65789725]
    ],