{
    "atom_type": [
        "Na",
        "V",
        "P",
        "O"
    ],
    "atoms_per_type": [
        10,
        8,
        12,
        48
    ],
    "coord_mode": "direct",
    "relaxed_basis": [
        [0.25283432, 0.453789, 0.53691067],
        [0.75101171, 0.50761555, 0.50009515],
        [0.49286881, 0.01434778, 0.99492214],
        [0.99726048, 0.01105544, 0.99240554],
        [0.12744652, 0.87126199, 0.61446844],
        [0.43949272, 0.6128562, 0.25145096],
        [0.56148767, 0.39506143, 0.74846085],
        [0.87365388, 0.12023661, 0.38058718],
        [0.19530465, 0.7493926, 0.12166049],
        [0.69173216, 0.75090134, 0.12228639],
        [0.32205045, 0.64142586, 0.64364863],
        [0.82172589, 0.64355561, 0.64495725],
        [0.06808936, 0.15029233, 0.1406634],
        [0.57694022, 0.14492281, 0.14463491],
        [0.17662348, 0.3523218, 0.35519939],
        [0.67568819, 0.351632, 0.35844561],
        [0.42393519, 0.85807745, 0.85514629],
        [0.9316841, 0.85730857, 0.85856377],
        [0.12724338, 0.54087953, 0.96261316],
        [0.62526603, 0.54746388, 0.94973255],
        [0.48216378, 0.24854215, 0.54625025],
        [0.97632034, 0.25843405, 0.5354419],
        [0.26764486, 0.95803769, 0.24718139],
        [0.77673089, 0.9546371, 0.24826312],
        [0.22348624, 0.03820491, 0.7486141],
        [0.73429097, 0.0414805, 0.7466119],
        [0.37527825, 0.4555905, 0.04950835],
        [0.87298099, 0.46348547, 0.03706972],
        [0.02314845, 0.74249221, 0.46594414],
        [0.51765562, 0.75067609, 0.45482704],
        [0.43996717, 0.70787395, 0.46290245],
        [0.93987518, 0.68943147, 0.51808949],
        [0.23583619, 0.87810445, 0.70085523],
        [0.75378562, 0.88078279, 0.69079094],
        [0.35508544, 0.50825302, 0.87596257],
        [0.84333204, 0.50451742, 0.8761245],
        [0.50812688, 0.23561688, 0.35723438],
        [0.98494329, 0.2082421, 0.38065737],
        [0.18515412, 0.98030642, 0.20839406],
        [0.69586694, 0.97487581, 0.20653685],
        [0.10106704, 0.37652848, 0.01210792],
        [0.61002033, 0.37919156, 0.96708082],
        [0.0598889, 0.32184193, 0.47137015],
        [0.55958361, 0.29194953, 0.54126243],
        [0.24118533, 0.12309838, 0.30560046],
        [0.75615376, 0.11734088, 0.30243128],
        [0.15587267, 0.51906171, 0.11613869],
        [0.64489633, 0.51196886, 0.11892649],
        [0.01407952, 0.79208677, 0.62118693],
        [0.4971363, 0.76094229, 0.64062043],
        [0.30724312, 0.99887308, 0.79229091],
        [0.81880674, 0.0085503, 0.78467453],
        [0.3861595, 0.62388405, 0.0438611],
        [0.89218305, 0.62939717, 0.00555643],
        [0.38846712, 0.4144978, 0.56465288],
        [0.88257783, 0.41618232, 0.57457633],
        [0.27948672, 0.76999131, 0.41272901],
        [0.7928612, 0.76851091, 0.41467848],
        [0.20840681, 0.55899609, 0.7736219],
        [0.70582253, 0.58549772, 0.76347388],
        [0.02455284, 0.9138548, 0.28179347],
        [0.53305352, 0.9220163, 0.27807231],
        [0.13408934, 0.05091195, 0.92379749],
        [0.64275985, 0.05067258, 0.91675197],
        [0.46388912, 0.28046509, 0.05324603],
        [0.9534988, 0.27516216, 0.05888125],
        [0.11844609, 0.58374296, 0.42737685],
        [0.61376403, 0.58647874, 0.42759779],
        [0.20808362, 0.22566613, 0.58691231],
        [0.72086063, 0.23138601, 0.5858551],
        [0.29229544, 0.41583931, 0.23424881],
        [0.78955794, 0.43861752, 0.22440112],
        [0.46955785, 0.07430258, 0.71688319],
        [0.98321801, 0.08537172, 0.71211858],
        [0.36028154, 0.94606282, 0.08498249],
        [0.86739229, 0.94348352, 0.07889852],
        [0.04667075, 0.73101656, 0.93416603],
        [0.53540542, 0.72233125, 0.94600613]
    ],
    "relaxed_energy": -801.02785662,
    "relaxed_forces": [
        [0.00019061, 0.00094821, 0.00035724],
        [0.0018883, 0.00036303, -0.00258024],
        [0.00138648, 1.721e-05, 0.00102876],
        [0.0007218, 0.00084553, -0.00182712],
        [-0.00124942, 0.00019624, 0.00088804],
        [0.0006819, 0.00208433, 0.00323721],
        [0.002289, 0.00088719, 0.00121454],
        [-0.00068058, -0.00064264, -0.00291505],
        [-0.00106099, -0.00102842, 0.00019936],
        [0.00083063, -8.7e-05, -0.00257505],
        [-0.00349768, 0.00183417, 0.0002734],
        [0.00250119, -0.00170609, 2.237e-05],
        [0.0007604, 0.00044212, -0.00030763],
        [-0.00294218, 0.0012025, -0.0012033],
        [0.00047822, -0.00119675, 0.002465],
        [-0.00072669, -0.0019544, -0.00113788],
        [-0.00371177, 0.00562685, -0.00153139],
        [-0.00158565, 0.00023618, -6.372e-05],
        [0.0004728, 0.00071597, 0.00064816],
        [-0.00048754, -0.00266356, -0.00016827],
        [-0.00324187, -0.00118085, 0.00416717],
        [-6.311e-05, 0.00074836, -0.00187515],
        [-0.0020066, -0.00077592, 0.00157238],
        [0.00187305, -0.00084104, -0.00215273],
        [-0.00382914, -0.00069464, -0.00135763],
        [0.00306, 0.00039272, -0.00179539],
        [0.00077768, 0.00082867, 0.00353481],
        [0.00149143, 0.00131587, 0.00100702],
        [0.00079408, -0.00192356, 0.00108067],
        [0.00242167, -0.00024733, -0.00039267],
        [0.00030252, 0.000414, 0.00273],
        [-6.21e-05, 0.00013203, -0.00196142],
        [-0.00377333, -0.00087118, -0.0017325],
        [0.00176638, 0.0007227, -0.00280278],
        [8.697e-05, -0.00026336, 0.00113081],
        [0.00201123, 0.00123965, -0.00087494],
        [-0.00063476, 0.00028943, 0.00062753],
        [-0.00036457, -0.00189435, -0.00051385],
        [-0.00035223, -0.00139317, -0.0011933],
        [0.00185125, 0.00052857, -0.00150557],
        [-0.00089395, -0.00174915, 0.00022018],
        [-0.00015735, 0.00154204, 0.00168869],
        [-0.00114392, 0.00123689, -0.00097064],
        [-0.00200109, 0.00091534, 0.0025962],
        [-0.00088759, -0.00103865, 0.00215488],
        [0.00078827, 0.00085669, -0.00163232],
        [-5.111e-05, -0.00041961, 0.0012051],
        [0.0014045, 0.00065507, 0.00105061],
        [-0.00163843, 0.00020208, -0.00080488],
        [0.00160262, -0.0026211, 0.00482492],
        [-0.00052966, -0.00257308, -0.0006461],
        [0.00022702, -0.00062753, 8.106e-05],
        [-0.00365066, -0.00161851, 0.00055268],
        [-0.00116606, 0.00187076, -0.00022089],
        [0.00023779, -0.00168529, 0.00109282],
        [0.00161387, -0.00014286, -0.00029338],
        [-0.00175571, -0.0023184, 0.000647],
        [0.00017673, -0.00053128, -0.00129708],
        [-0.00092578, -0.00092444, 0.00089395],
        [0.00114121, -0.00039227, 0.00012562],
        [0.00028388, 0.00180296, 2.69e-06],
        [0.00079153, -8.604e-05, -0.00015625],
        [-0.00085341, 0.00025949, -0.00165992],
        [0.00026793, 0.0005009, -0.00193281],
        [0.00021365, 0.00022058, 0.00195379],
        [-0.00021205, 0.00277232, -0.00018926],
        [-0.00041098, -3.104e-05, 0.00066539],
        [0.00248469, -0.00065892, 0.00189174],
        [-0.00146005, 0.00092261, -9.068e-05],
        [0.00260355, 0.00165279, -0.00139354],
        [0.00065867, -0.00215335, 0.00142469],
        [0.00048944, 0.00113311, -0.00120106],
        [0.00262735, -0.00023598, -0.0008272],
        [-0.00014626, -0.0007835, -0.00141161],
        [-0.00120884, 0.00045666, -0.00038258],
        [0.00086304, -0.00032112, -0.00025704],
        [0.00051909, 0.00099763, -0.00074683],
        [0.00173064, 0.00026693, -0.00067485]
    ],
    "relaxed_lattice": [
        [-5.09181365, -14.31899327, -8.33380359],
        [-7.6080565, -0.12076413, -4.16816462],
        [-0.19885708, -0.12279437, -8.68392185]
    ],