{
    "atom_type": [
        "Na",
        "V",
        "P",
        "O"
    ],
    "atoms_per_type": [
        4,
        8,
        12,
        48
    ],
    "coord_mode": "direct",
    "relaxed_basis": [
        [0.25270802, 0.49301903, 0.5011485],
        [0.50210898, 0.99918719, 0.99895821],
        [0.81243412, 0.24832396, 0.88635093],
        [0.18149739, 0.75344403, 0.09991556],
        [0.32653794, 0.63811033, 0.63959238],
        [0.81904216, 0.64718844, 0.64368234],
        [0.06951977, 0.14231034, 0.14396972],
        [0.57345416, 0.13420305, 0.1504785],
        [0.17572335, 0.35373865, 0.3567832],
        [0.67851959, 0.36743742, 0.3534208],
        [0.42745259, 0.86431462, 0.85297827],
        [0.93175075, 0.8539606, 0.8572283],
        [0.12803307, 0.53267412, 0.95953284],
        [0.62093131, 0.54315885, 0.97557924],
        [0.48254829, 0.24739116, 0.53577068],
        [0.98013357, 0.25346711, 0.53881826],
        [0.2671301, 0.95706805, 0.24792826],
        [0.76550079, 0.96761901, 0.25034751],
        [0.23330304, 0.04220798, 0.74697401],
        [0.73578037, 0.03441169, 0.75240601],
        [0.37745323, 0.45792837, 0.03182082],
        [0.87451388, 0.46377852, 0.02983659],
        [0.01857269, 0.75101638, 0.46410651],
        [0.52047848, 0.74819234, 0.46276706],
        [0.43297465, 0.70775748, 0.49985973],
        [0.93625955, 0.70203043, 0.50432457],
        [0.25184222, 0.85565207, 0.73482258],
        [0.75231964, 0.84075182, 0.7581946],
        [0.36042699, 0.47459243, 0.86596692],
        [0.86160334, 0.46990467, 0.86381608],
        [0.49777237, 0.18997096, 0.37833688],
        [0.00709263, 0.20303944, 0.36748022],
        [0.18879738, 0.96640493, 0.20572937],
        [0.68374029, 0.96750754, 0.2267876],
        [0.11677471, 0.35249073, 0.99860744],
        [0.60757798, 0.36004732, 0.02467751],
        [0.06239428, 0.30337154, 0.50687278],
        [0.56858706, 0.29014201, 0.49049238],
        [0.24095719, 0.13824325, 0.28304773],
        [0.74534387, 0.16575301, 0.23985158],
        [0.1431805, 0.5225515, 0.12451112],
        [0.62884942, 0.54533198, 0.14190513],
        [0.00520805, 0.79796215, 0.62477744],
        [0.49749122, 0.80867867, 0.62234415],
        [0.31496637, 0.02234592, 0.78895004],
        [0.81770012, 0.02500157, 0.786156],
        [0.38927007, 0.6389295, 0.99473055],
        [0.88659416, 0.64464231, 0.98738976],
        [0.39073698, 0.4236007, 0.54523392],
        [0.88643701, 0.42243856, 0.55820065],
        [0.27967224, 0.77906173, 0.42447565],
        [0.77489772, 0.81138366, 0.44282864],
        [0.21328067, 0.56376868, 0.77303233],
        [0.71082451, 0.55342712, 0.79582462],
        [0.02999945, 0.92120365, 0.27559803],
        [0.53167749, 0.91242457, 0.27078836],
        [0.13919323, 0.072273, 0.91673264],
        [0.6406157, 0.0783375, 0.91901601],
        [0.46196784, 0.27535185, 0.0655414],
        [0.95963349, 0.28604569, 0.07018668],
        [0.11485528, 0.58262158, 0.43297052],
        [0.6071277, 0.56631121, 0.46449316],
        [0.22486557, 0.21786652, 0.56762973],
        [0.72622052, 0.19239763, 0.56562939],
        [0.28731805, 0.44278067, 0.21473749],
        [0.78473514, 0.44258361, 0.21119247],
        [0.46985668, 0.08446387, 0.72872377],
        [0.96780712, 0.08527969, 0.72635124],
        [0.36227701, 0.9413355, 0.07978128],
        [0.85946655, 0.9262126, 0.08648529],
        [0.03810128, 0.70808631, 0.93376338],
        [0.53547109, 0.72328165, 0.93052773]
    ],
    "relaxed_energy": -755.00232922,
    "relaxed_forces": [
        [-0.00266979, 0.00132935, 0.00058579],
        [-0.00140019, 0.00088165, -0.00080157],
        [0.00020413, -0.00171298, 0.0003332],
        [-0.0012892, -0.00102097, 0.00063856],
        [-0.0038572, 0.00025453, -0.00270919],
        [-0.00081568, 0.00087636, -0.00102811],
        [-0.0001645, -0.00333248, -0.00450939],
        [0.00143283, 0.00014124, 0.00156497],
        [-0.00225205, -0.00091133, 0.00350357],
        [-0.0012497, -0.00101527, -0.00404714],
        [0.00244405, -0.00100785, 2.028e-05],
        [0.0019334, 0.00212186, 0.00271172],
        [-0.00039065, -0.00107393, -0.00547423],
        [0.00226787, 0.00200966, 0.00175632],
        [-0.00276557, 0.00032181, 0.00115678],
        [0.00585098, -0.00191486, 0.00096208],
        [-0.00142295, 0.00137738, -0.00171797],
        [-0.00291828, -0.00155274, -0.00135064],
        [-0.00567097, -0.00032891, -0.00150447],
        [0.00367144, -0.00015776, 0.00109311],
        [0.00021174, 0.00075051, -0.0006535],
        [-0.00106651, -0.00335547, 0.0009846],
        [-0.00087985, 0.00144414, 0.00035847],
        [-0.00072145, -0.00252969, -0.00055977],
        [0.00387234, 0.00218087, -0.00105049],
        [-0.00108646, 0.00181145, 0.00226064],
        [-0.00147071, -0.00183895, -0.00297743],
        [6.36e-06, 0.00132633, 0.00017001],
        [0.00027992, 0.00282385, 0.00271702],
        [-0.00152276, 0.00047365, -0.00140326],
        [0.00061821, 0.00068903, 0.00146957],
        [-0.00169242, -3.089e-05, 0.00288131],
        [0.00033138, 0.00019134, 0.00134564],
        [0.00162977, 0.00609204, 0.00398276],
        [0.00266194, -0.00349756, -0.00028163],
        [0.00157025, -0.00083778, -0.00086224],
        [-0.0001978, -0.00112974, -0.00411274],
        [-0.00174643, 0.0011651, 0.00024108],
        [-0.00269424, 0.00013032, -0.00061069],
        [0.00040451, 0.00115981, -0.00059795],
        [0.00197892, 0.00268303, 0.00043726],
        [-0.00044435, -0.00196499, -0.00197613],
        [0.0001845, 0.00020551, 0.00266068],
        [-0.00039124, -0.00096087, -0.00158945],
        [0.00131431, -0.00175802, 0.00054736],
        [0.0007588, -0.00055729, 0.00050296],
        [-0.00263703, 0.00084055, -0.00120658],
        [0.00368611, 0.00443255, 0.00331301],
        [-0.00060085, 0.00417019, -0.00033305],
        [0.00106135, -0.00224824, 0.00053196],
        [0.00270656, -0.00180878, -0.00208983],
        [0.00380724, -0.00012999, -0.0002472],
        [-0.00040796, 0.00131109, -0.00089497],
        [-0.00115839, -0.00373661, 0.00028829],
        [-0.00027069, 0.00011301, -0.00099419],
        [-0.00054784, 0.00057185, -0.00118713],
        [0.00026279, -0.00166254, 0.00044478],
        [0.00073875, -0.0023633, 0.00093237],
        [0.00179107, -0.00127045, -0.00356226],
        [-0.00223878, 0.00082048, 0.00235285],
        [0.00026284, 0.00167058, -0.00065344],
        [0.00090757, -0.00333642, 0.00179232],
        [0.00229571, -0.00255336, 0.00079029],
        [-0.00235413, 0.00297879, 0.00388742],
        [-0.00419638, -0.00212338, 3.525e-05],
        [0.00109951, -0.00162057, 0.00254113],
        [0.00370406, -0.00222795, -0.00314989],
        [-0.00313228, 0.0010799, 0.00165194],
        [0.00062902, 0.0005449, 0.00033396],
        [-0.00050863, 0.00330321, -0.00099328],
        [0.00285863, 0.00300356, 0.00277295],
        [-0.00060493, 0.00029043, -0.00142442]
    ],
    "relaxed_lattice": [
        [-5.06315658, -14.12660561, -8.49581446],
        [-7.50157509, -0.17580786, -4.2548137],
        [-0.21069417, -0.18903137, -8.62776938]
    ],