{
    "atom_type": [
        "Na",
        "V",
        "P",
        "O"
    ],
    "atoms_per_type": [
        5,
        8,
        12,
        48
    ],
    "coord_mode": "direct",
    "relaxed_basis": [
        [0.25205148, 0.48318147, 0.51694082],
        [0.50122063, 0.99892658, 0.00119354],
        [0.99782111, 0.00280576, 0.00239138],
        [0.79784628, 0.25527015, 0.8755858],
        [0.19481931, 0.74917287, 0.11979437],
        [0.32872978, 0.63438107, 0.63628336],
        [0.81807799, 0.64546499, 0.64654953],
        [0.07134143, 0.14658012, 0.14209657],
        [0.57457871, 0.13169335, 0.14963569],
        [0.17610496, 0.35194097, 0.36254425],
        [0.67824356, 0.37071667, 0.35136362],
        [0.42443193, 0.86755643, 0.85544959],
        [0.93005371, 0.85415719, 0.85206497],
        [0.12697693, 0.54184905, 0.96126861],
        [0.61910929, 0.54522302, 0.97439911],
        [0.48438872, 0.24315447, 0.5358216],
        [0.97815308, 0.25812894, 0.5414002],
        [0.26808991, 0.95550417, 0.25161227],
        [0.76691581, 0.96856241, 0.2472877],
        [0.23372092, 0.03865068, 0.74502831],
        [0.73321714, 0.03642414, 0.74997889],
        [0.37735996, 0.45825577, 0.03331178],
        [0.87431476, 0.45717545, 0.03084755],
        [0.01951274, 0.75019334, 0.46226076],
        [0.52068929, 0.7453794, 0.46371835],
        [0.43868406, 0.69701637, 0.48983559],
        [0.93729744, 0.69826426, 0.50664499],
        [0.26167021, 0.85930663, 0.70879058],
        [0.75795696, 0.8399959, 0.74416416],
        [0.36278283, 0.47438423, 0.86571571],
        [0.85537888, 0.46425419, 0.87336202],
        [0.49932959, 0.18585851, 0.38001433],
        [0.99941383, 0.21121218, 0.37753489],
        [0.18925437, 0.97073581, 0.20703486],
        [0.68702658, 0.97633085, 0.20813581],
        [0.11184636, 0.36892549, 0.99210572],
        [0.61142222, 0.3565754, 0.0179721],
        [0.06028267, 0.30898475, 0.51126868],
        [0.56971015, 0.29135392, 0.48819451],
        [0.2406806, 0.12960447, 0.29876303],
        [0.74859352, 0.16798728, 0.23133524],
        [0.14436767, 0.52373163, 0.12796655],
        [0.63019874, 0.54551995, 0.13766098],
        [0.00149626, 0.80972916, 0.62206115],
        [0.49301512, 0.80371948, 0.62806611],
        [0.31270555, 0.0228782, 0.79395861],
        [0.81296208, 0.02700169, 0.78987643],
        [0.38112641, 0.6451588, 0.0044479],
        [0.89362209, 0.63479709, 0.98019762],
        [0.39128974, 0.41459425, 0.55147743],
        [0.88371151, 0.42915789, 0.56596801],
        [0.28391898, 0.76905163, 0.41954552],
        [0.7728238, 0.81358339, 0.43569904],
        [0.21471318, 0.56686866, 0.77648335],
        [0.70453067, 0.56930942, 0.78794203],
        [0.03236495, 0.91328811, 0.27083708],
        [0.53348693, 0.91096574, 0.27175777],
        [0.14012716, 0.04946169, 0.91464477],
        [0.63764267, 0.06892122, 0.91408578],
        [0.4649887, 0.28225786, 0.06351307],
        [0.95830118, 0.27522459, 0.0660221],
        [0.11581785, 0.58322807, 0.44260442],
        [0.61015702, 0.56886539, 0.46199464],
        [0.22318096, 0.22200966, 0.57344917],
        [0.72648255, 0.19221601, 0.56209033],
        [0.28956896, 0.43132525, 0.21909269],
        [0.78477867, 0.44619969, 0.21419974],
        [0.47375966, 0.07867009, 0.72781787],
        [0.96429277, 0.09255123, 0.73390139],
        [0.36152582, 0.94979845, 0.07882188],
        [0.86246766, 0.92439103, 0.08197828],
        [0.04138488, 0.72667017, 0.93130947],
        [0.52997911, 0.71750681, 0.94059799]
    ],
    "relaxed_energy": -763.05376344,
    "relaxed_forces": [
        [5.587e-05, -0.00143395, -0.00381276],
        [0.00278719, -0.00044879, -0.00147563],
        [-0.00153274, -0.00053178, 0.00039208],
        [0.00138407, 0.0011502, -9.57e-05],
        [0.00125798, 0.00245734, 0.00257339],
        [-0.00330403, 0.00071303, -0.00298758],
        [0.0005007, 0.00203641, -0.001512],
        [0.00268359, -0.00051932, 3.281e-05],
        [0.00091726, -0.00176533, -0.00539123],
        [-0.00218445, 0.00352054, -0.00203985],
        [-0.00163731, -0.00419331, 0.00046006],
        [0.000322, 0.00229305, 0.00067564],
        [-0.00100655, 0.00181621, 0.00028222],
        [-0.00408644, -0.00258786, -0.00568769],
        [0.00232024, -0.00047196, 0.00476405],
        [-0.00370034, 0.00151399, -0.00561561],
        [0.00551894, 0.00103283, 0.0036384],
        [0.0001376, -0.0005347, -0.00145126],
        [-0.00191711, -0.00480693, -0.00040775],
        [0.00242696, 0.00677323, 0.00030041],
        [0.00113097, -0.00053172, -0.00110271],
        [-0.00169413, -0.00401645, -0.00453604],
        [-0.00070231, -0.00281358, -0.00067883],
        [-0.00397772, 0.00169211, -0.00085258],
        [-0.00057535, -0.00642708, 0.00202916],
        [0.00178656, -0.00066383, 0.00137348],
        [0.00281583, -0.00095554, 0.00080056],
        [0.00044503, -0.00166862, 0.00134038],
        [-0.00028033, 0.0014852, -0.00316617],
        [-0.00403103, -0.00561985, 0.00030063],
        [-0.00236538, 0.00259453, 0.00165027],
        [0.00246804, -0.00385354, 0.00152701],
        [-0.00722608, 0.00286259, -0.00517486],
        [0.00080142, -0.00246822, -0.0032518],
        [0.00092831, 0.00278039, 0.00072854],
        [0.00437834, 0.00052254, 0.00769055],
        [-0.00372175, -0.00050962, -0.00094505],
        [-0.00104433, -0.00066893, 0.00200807],
        [0.00702831, -0.00310499, 0.00221851],
        [-0.00413298, 0.00436034, 0.00439513],
        [-0.00431881, 0.00203139, 0.0016541],
        [0.00264538, 0.0030417, -0.00522217],
        [0.00115589, 0.00061739, 0.00082932],
        [0.00229578, -0.00203283, 0.00856422],
        [0.00105005, 0.00120614, -0.003406],
        [0.00060019, -0.00239745, -0.00192877],
        [-0.00213491, 0.00579418, -0.00056203],
        [-0.00193002, 0.00208544, -0.00120524],
        [-0.00030804, 0.00075488, 0.00225985],
        [-0.00478195, 0.00237802, 8.679e-05],
        [0.0014092, -0.0035768, 0.00132938],
        [0.00304767, -0.00239555, 0.00146072],
        [-0.00220838, 0.00103087, 0.00225823],
        [-0.0008005, -0.00076716, -0.00094684],
        [-0.00153844, 0.00059482, -0.00142267],
        [0.00027716, 0.00183831, 0.00097497],
        [-0.00242281, -0.00159626, -0.00438737],
        [-0.00289148, -0.00711564, 0.00185797],
        [-0.00047877, 0.00364451, -0.00085724],
        [0.0012609, 0.00228905, -0.00129864],
        [0.00309761, 0.00051165, -4.7e-05],
        [-0.00041573, 0.00291609, -0.00149015],
        [0.0048355, -0.00133627, -0.00274869],
        [-0.00538257, 0.00109574, 0.00238187],
        [0.00259194, -0.00205749, 0.00224232],
        [0.0021825, 0.00490155, 0.00095509],
        [-0.00217534, 0.00036945, 0.00112754],
        [0.00141499, -0.00498376, 0.00295133],
        [0.00125005, 0.00092529, 0.00080307],
        [0.00225122, 0.0016888, 0.00155218],
        [0.00074358, 0.00147023, 4.348e-05],
        [0.00437994, -0.00439508, 0.00425862],
        [0.00232335, 0.00246016, -0.00106452]
    ],
    "relaxed_lattice": [
        [-5.00489712, -14.11400599, -8.50987063],
        [-7.48274769, -0.14377675, -4.24695419],
        [-0.18498978, -0.16951351, -8.64513709]
    ],