{
    "atom_type": [
        "Na",
        "V",
        "P",
        "O"
    ],
    "atoms_per_type": [
        5,
        8,
        12,
        48
    ],
    "coord_mode": "direct",
    "relaxed_basis": [
        [0.26343902, 0.47869737, 0.49902973],
        [0.49939632, 0.99275535, 0.01051583],
        [0.99069653, 0.00227074, 0.01737702],
        [0.1238376, 0.88622008, 0.62064122],
        [0.62651691, 0.86204945, 0.5993109],
        [0.31978944, 0.64795627, 0.64330281],
        [0.8219126, 0.64064367, 0.64791969],
        [0.06655669, 0.15093922, 0.14271417],
        [0.57163038, 0.14667931, 0.14396213],
        [0.18260126, 0.35315844, 0.35438879],
        [0.6798741, 0.3613087, 0.36064827],
        [0.42569494, 0.84967145, 0.86035284],
        [0.92807238, 0.85381508, 0.85547423],
        [0.12331699, 0.5374095, 0.96300258],
        [0.62635785, 0.53882586, 0.96474759],
        [0.48251776, 0.24582352, 0.53315166],
        [0.98143986, 0.25277037, 0.53387434],
        [0.269737, 0.96748778, 0.2418949],
        [0.77169268, 0.9745722, 0.24584093],
        [0.22535405, 0.03763114, 0.75311475],
        [0.73140844, 0.03583377, 0.74764966],
        [0.37726765, 0.45602283, 0.03965966],
        [0.87150327, 0.46376393, 0.04388056],
        [0.02140713, 0.74894559, 0.46552165],
        [0.51494062, 0.75570202, 0.46078044],
        [0.42200557, 0.75657886, 0.48678749],
        [0.93001101, 0.72310822, 0.51808916],
        [0.22744685, 0.87982822, 0.71696441],
        [0.7348507, 0.86773328, 0.72426948],
        [0.35365294, 0.50159253, 0.87316528],
        [0.85142556, 0.49962009, 0.87189876],
        [0.48944744, 0.20483012, 0.37245356],
        [0.99462699, 0.2043671, 0.37237945],
        [0.18353349, 0.01794734, 0.19762531],
        [0.68044157, 0.00201733, 0.23440987],
        [0.09125053, 0.38279912, 0.99993048],
        [0.60101205, 0.37112489, 0.00613014],
        [0.07492541, 0.26185185, 0.5017334],
        [0.57784535, 0.24541765, 0.50040862],
        [0.25903444, 0.13238253, 0.28500647],
        [0.76216703, 0.14987248, 0.26729731],
        [0.1474894, 0.4992348, 0.12782478],
        [0.64391883, 0.51125361, 0.13199435],
        [0.01880085, 0.78810645, 0.62286017],
        [0.50908388, 0.78954138, 0.62425181],
        [0.31224137, 0.97911764, 0.80077668],
        [0.82288068, 0.98530234, 0.77896589],
        [0.40512152, 0.61883186, 0.00624095],
        [0.90301048, 0.62419708, 0.99746374],
        [0.39741712, 0.42761106, 0.5494674],
        [0.89627507, 0.43264483, 0.54994816],
        [0.27168568, 0.78437526, 0.41815029],
        [0.78524266, 0.7951206, 0.42404336],
        [0.20653497, 0.5543495, 0.77398386],
        [0.71250466, 0.5544085, 0.77905671],
        [0.03472948, 0.91493732, 0.27548016],
        [0.54357806, 0.91116019, 0.26865317],
        [0.13208963, 0.07786264, 0.92003421],
        [0.64324904, 0.06954935, 0.92161809],
        [0.46204551, 0.26729425, 0.05956472],
        [0.95264136, 0.27025971, 0.07216866],
        [0.10948226, 0.56738077, 0.44032772],
        [0.59566946, 0.56103714, 0.45361689],
        [0.2239781, 0.22216232, 0.5778584],
        [0.72483703, 0.21669085, 0.57326772],
        [0.29246054, 0.44101383, 0.22676226],
        [0.78382969, 0.46071878, 0.22177942],
        [0.46439358, 0.07551799, 0.72217383],
        [0.96674532, 0.08256978, 0.72312351],
        [0.36341276, 0.9373322, 0.07668909],
        [0.86006816, 0.94202616, 0.07266482],
        [0.04021247, 0.73301807, 0.93766192],
        [0.54363099, 0.72993149, 0.92717869]
    ],
    "relaxed_energy": -763.0622976,
    "relaxed_forces": [
        [-0.00105058, -0.00107489, -0.00154386],
        [0.00068452, -0.00038405, -0.00087915],
        [0.00249885, -0.00134907, -0.00354705],
        [-0.00227773, -0.00234853, -0.00434283],
        [-0.00157605, 0.00014247, 0.00015435],
        [0.00296977, 0.00070372, -0.00113057],
        [-0.00097688, 0.00043576, 0.00038602],
        [-0.0008701, 0.00033548, 0.00189586],
        [-0.00049581, -0.0015258, 0.00160614],
        [-0.00190049, -0.00176332, -0.00072343],
        [-0.00025078, 0.00243675, 0.00085759],
        [0.00160088, 0.0007228, 0.00125377],
        [-0.0032574, -0.00205014, 0.00339641],
        [0.00036612, -0.00466503, 0.00248002],
        [0.00044242, -0.00357361, 0.00204254],
        [0.00288843, -0.00076056, -0.00040352],
        [0.00173994, 0.00235874, -0.00182622],
        [-0.00066224, 0.00059397, -0.00284473],
        [0.00083282, -0.00085168, -0.00038194],
        [0.00064577, 0.00060466, -0.00301953],
        [0.00111429, 0.0067427, 0.00167763],
        [-0.00199445, 0.00097166, -0.00111806],
        [-0.00641014, -0.00230036, 0.00232917],
        [0.0062381, 0.00363559, 0.00363097],
        [0.00411586, -0.00165637, 0.0028745],
        [0.00208588, 0.00259411, -0.00069885],
        [-0.00314608, 0.00297748, -0.00024028],
        [-0.00163216, -0.00271952, -0.00083653],
        [-0.00379612, 0.00695797, 0.00479151],
        [0.00308242, -0.00281542, -0.00536751],
        [-0.00385343, 0.00211704, 0.00091675],
        [0.00056196, -0.00717111, 0.00198188],
        [-0.0031359, 0.00035572, 0.00334753],
        [-0.00165261, 3.865e-05, -0.00302597],
        [0.00070837, -0.00070078, 0.00121516],
        [-0.00169965, 0.00186253, 0.00224676],
        [-0.00042943, 0.00122724, 0.0016764],
        [-0.00204712, -0.00655921, 0.00326737],
        [-0.00011799, 0.0012741, -0.00176884],
        [0.00101618, -0.00154726, -0.00444642],
        [-0.00285633, 0.00301741, -0.00417307],
        [0.00302772, 0.00315912, 0.00498528],
        [9.508e-05, -0.00166423, -0.00051323],
        [-0.00045893, -0.00461097, 0.00414816],
        [-0.00197044, -0.00144439, -0.00111374],
        [1.938e-05, -0.00081315, -0.00478863],
        [0.00394247, -0.0002715, 0.00120297],
        [-0.0017247, 0.00027073, 0.000291],
        [0.00326143, 0.00012307, -0.00352405],
        [-0.00170521, 0.00173084, -0.0007532],
        [0.00407617, -0.00699981, 0.00025392],
        [-0.00109105, -0.00034137, 0.00309536],
        [0.0011433, -2.669e-05, 0.00409736],
        [0.00160511, -0.00146328, -0.00267205],
        [-0.00083729, -0.00056215, 0.00186944],
        [0.00123846, 0.00178677, -0.0038629],
        [0.00294208, -0.00035877, -0.00075126],
        [0.00167261, 0.00030888, -0.00279043],
        [-0.00211394, -0.00075517, 0.00043156],
        [0.00180899, 0.00349548, -0.002143],
        [0.000557, -0.00053925, 0.00058648],
        [-0.00094423, 0.00527227, -0.00081422],
        [0.00284122, -0.00258488, 0.00351904],
        [-0.00138159, 0.00127112, -0.00192753],
        [0.00097642, -0.00267103, 0.00252592],
        [0.00255292, 0.00392862, -0.00172738],
        [-0.00230869, 0.00140502, 0.0001407],
        [-0.00210542, 0.00116025, -0.00013467],
        [-0.00070849, 0.00224897, -0.00193746],
        [0.00339139, 0.00040821, -0.00181167],
        [-0.0006028, -0.00126077, 0.0018271],
        [-0.0032481, 0.00067959, -0.00074692],
        [-0.001454, 0.00282863, 0.00132808]
    ],
    "relaxed_lattice": [
        [-5.08381423, -14.16702537, -8.50935641],
        [-7.48026099, -0.1646984, -4.24601171],
        [-0.21734081, -0.13969457, -8.64327412]
    ],