{
    "atom_type": [
        "Na",
        "V",
        "P",
        "O"
    ],
    "atoms_per_type": [
        7,
        8,
        12,
        48
    ],
    "coord_mode": "direct",
    "relaxed_basis": [
        [0.24969751, 0.4901136, 0.51422657],
        [0.74496041, 0.51932215, 0.49378642],
        [0.50392403, 0.02059069, 0.97635903],
        [0.81434703, 0.24538914, 0.88656178],
        [0.4454844, 0.62288646, 0.25045954],
        [0.87766865, 0.10666515, 0.37845614],
        [0.01926574, 0.97446447, 0.99052982],
        [0.32286721, 0.63890664, 0.64707712],
        [0.82329778, 0.64381908, 0.64359087],
        [0.07735932, 0.1417163, 0.14014054],
        [0.5733079, 0.139214, 0.14653558],
        [0.18238984, 0.35200798, 0.35857566],
        [0.67720559, 0.35760983, 0.36367411],
        [0.42530129, 0.85848553, 0.85564758],
        [0.9359609, 0.84547935, 0.85511313],
        [0.12912921, 0.53167375, 0.96520814],
        [0.62252564, 0.53974534, 0.9609247],
        [0.484053, 0.23913221, 0.54318691],
        [0.98407202, 0.2457816, 0.53843656],
        [0.27099399, 0.95794825, 0.25255837],
        [0.77511455, 0.95791466, 0.24870791],
        [0.23034822, 0.03638788, 0.751494],
        [0.73379108, 0.03752861, 0.7583779],
        [0.37791292, 0.45655092, 0.04418034],
        [0.8777149, 0.45454948, 0.03867855],
        [0.02553498, 0.74558342, 0.4606489],
        [0.51984314, 0.7483593, 0.46019028],
        [0.43925325, 0.71337591, 0.47022107],
        [0.93814528, 0.72219383, 0.48970362],
        [0.24470789, 0.87168582, 0.71104005],
        [0.75146426, 0.86645092, 0.72148467],
        [0.36202774, 0.49684877, 0.87046603],
        [0.85623163, 0.47336018, 0.87876846],
        [0.50321172, 0.19278782, 0.37594328],
        [0.9976844, 0.19331186, 0.38014825],
        [0.18898315, 0.99909128, 0.19907055],
        [0.69323975, 0.00648462, 0.19248517],
        [0.09991808, 0.36851716, 0.00773447],
        [0.59702921, 0.37244982, 0.00219661],
        [0.06860101, 0.2926324, 0.49663529],
        [0.569143, 0.26888457, 0.52060508],
        [0.25377935, 0.12241915, 0.30000486],
        [0.76704625, 0.12760354, 0.27712814],
        [0.14790483, 0.50335538, 0.13257595],
        [0.63321404, 0.51395291, 0.13608208],
        [0.00598124, 0.80169394, 0.62465565],
        [0.49367158, 0.79439618, 0.63267301],
        [0.31257902, 0.99517152, 0.80702884],
        [0.81684102, 0.00743589, 0.80544773],
        [0.39754238, 0.61921965, 0.02969045],
        [0.90479522, 0.62113377, 0.98945738],
        [0.3950491, 0.41810316, 0.5457936],
        [0.88995629, 0.41184131, 0.56431751],
        [0.2808368, 0.76877384, 0.41572282],
        [0.77940268, 0.77815435, 0.42177614],
        [0.21514929, 0.53800704, 0.78447573],
        [0.7106471, 0.54278693, 0.78372051],
        [0.0391114, 0.91525277, 0.27384698],
        [0.53939525, 0.91535802, 0.2745411],
        [0.13730593, 0.06678203, 0.91877179],
        [0.63872652, 0.06869253, 0.92004851],
        [0.45971049, 0.26686748, 0.0744606],
        [0.96032063, 0.26352235, 0.07302713],
        [0.11544442, 0.57248485, 0.45037373],
        [0.61143011, 0.57628712, 0.45246003],
        [0.2235306, 0.22168448, 0.58275211],
        [0.73185564, 0.21626087, 0.5817279],
        [0.28965045, 0.43268629, 0.22697033],
        [0.79394541, 0.44026477, 0.22600381],
        [0.46400286, 0.07828961, 0.73143059],
        [0.97324713, 0.08008305, 0.72936875],
        [0.36550277, 0.93490838, 0.08499566],
        [0.87018471, 0.92638603, 0.07946039],
        [0.04636063, 0.71932835, 0.93408347],
        [0.53875626, 0.72787273, 0.92846768]
    ],
    "relaxed_energy": -778.66146601,
    "relaxed_forces": [
        [-9.862e-05, 0.00120872, 0.00052586],
        [0.00148892, 0.00109362, -0.00071645],
        [0.00013414, 0.00130094, 0.0020835],
        [0.00021017, -0.00214908, -0.00030359],
        [-0.00033312, -0.001385, -0.00032775],
        [-0.00035318, -0.00122251, 0.00053075],
        [0.00329233, 0.00289341, 0.00204648],
        [-0.00548232, -0.00297282, 0.00264851],
        [0.00039657, 0.00222789, 0.00085145],
        [-0.00253114, -0.00080144, -0.00042965],
        [6.993e-05, 0.00074144, -0.001976],
        [0.00260695, -0.00462121, -0.00196591],
        [0.00130526, 0.0006596, 3.095e-05],
        [-0.00011407, -0.0020465, 0.00242394],
        [0.00013513, 0.00399516, 7.406e-05],
        [0.00065786, -0.00306539, 0.00528983],
        [0.0018639, 0.0052848, -0.0064604],
        [-0.00110117, -0.00355187, 0.00062454],
        [0.00561889, -0.00412096, 0.00076509],
        [0.00191195, -0.00147339, 0.00149494],
        [-0.00719524, 0.00411171, -0.00226713],
        [-0.00724794, -0.00479254, -0.00064036],
        [-0.00843314, 0.00012212, 0.00118946],
        [-0.00345687, -0.00189797, -0.00301755],
        [-0.00206408, 0.00191452, -0.00244282],
        [0.00065379, 0.00474895, -0.00367928],
        [0.00651531, 0.0043956, 0.00171123],
        [-0.00133259, -0.00181294, -0.00035988],
        [-0.00256501, -0.00400831, 0.00069257],
        [0.00185537, 0.00029608, 0.00491984],
        [0.00192724, -0.00275812, 0.0002411],
        [-0.0042963, 0.00237549, -0.00103562],
        [-0.00232423, -0.00026154, 0.00213263],
        [-0.00365476, 0.00122363, 0.0015673],
        [-0.00027661, -0.00188627, -0.00467901],
        [-0.00062433, 3.54e-06, 0.00182373],
        [-0.00247395, 0.00163637, -0.00026461],
        [-0.00554984, -0.00010911, -0.00070355],
        [0.0002642, -0.00163927, 0.0044005],
        [0.00177072, 0.00206815, -0.00137232],
        [0.00250285, 0.00342181, -0.00253143],
        [-0.00324267, 0.00092243, -0.00023111],
        [0.00611974, 0.00051889, -1.296e-05],
        [0.00247308, 0.00086975, -0.0015157],
        [0.00433155, 0.00019809, 0.00729517],
        [-0.0017941, 0.00146306, 0.00552878],
        [0.00181747, 0.00282229, -0.00218832],
        [0.00223302, 0.00254342, 5.916e-05],
        [0.00047035, 0.00311185, 0.00083855],
        [0.00262344, -0.00156372, -0.0005497],
        [0.00082503, -0.00048331, -0.00200298],
        [-0.00095703, 0.00143699, -0.00180851],
        [0.0011383, 0.00343639, -0.00037249],
        [-0.00077019, 0.00073556, 0.00100515],
        [0.00621456, -0.00123564, -0.00283613],
        [0.00042235, 0.00491788, -0.00514356],
        [-0.00139859, -0.00674058, 0.00355327],
        [0.00133253, -0.00071835, -0.00188501],
        [-0.00815556, 0.00165133, 0.00302414],
        [-0.00078732, 0.00032604, -0.00357955],
        [0.00112662, 0.00091998, -0.00097897],
        [-0.00048494, 0.00192994, -0.00042448],
        [0.00502541, -0.00239802, -0.00318117],
        [-0.00074181, 0.00127074, -0.00026551],
        [0.00315939, -0.00302623, -0.00018141],
        [-0.00073513, -0.00151246, -0.00049553],
        [0.00684669, -0.0009725, -0.00534544],
        [-0.00069763, 0.00158496, -0.00020274],
        [0.00234089, 0.00103436, 0.00205221],
        [0.00067727, -0.00113055, 0.00257096],
        [-0.00238512, -0.00027464, 0.0022096],
        [-0.00020801, -0.00199206, 0.00100803],
        [-0.00043853, -0.00428573, 0.00238599],
        [-0.00069412, -0.00106919, -0.00168936],
        [0.00064007, -0.00343826, 0.00046464]
    ],
    "relaxed_lattice": [
        [-5.24677784, -14.21366129, -8.30962188],
        [-7.59601824, -0.12919058, -4.09494685],
        [-0.31961148, -0.17627653, -8.65210298]
    ],