{
    "atom_type": [
        "Na",
        "V",
        "P",
        "O"
    ],
    "atoms_per_type": [
        11,
        8,
        12,
        48
    ],
    "coord_mode": "direct",
    "relaxed_basis": [
        [0.25156743, 0.49776618, 0.4999512],
        [0.74596637, 0.51833832, 0.4884069],
        [0.51236148, 0.97606378, 0.99564135],
        [0.99569337, 0.01555957, 0.00327531],
        [0.12242503, 0.88234617, 0.61894688],
        [0.30946777, 0.24510785, 0.88168076],
        [0.80807308, 0.25402167, 0.88221428],
        [0.94186694, 0.61962056, 0.25125341],
        [0.55537218, 0.38464333, 0.74939858],
        [0.37589639, 0.11362203, 0.37650165],
        [0.19261572, 0.75423601, 0.11885857],
        [0.32362013, 0.6396878, 0.64216325],
        [0.82138354, 0.64802467, 0.64622727],
        [0.0669764, 0.14613265, 0.14942907],
        [0.5734285, 0.13825535, 0.14308297],
        [0.17536778, 0.36184678, 0.35860033],
        [0.68047652, 0.35482293, 0.35032814],
        [0.43499306, 0.85056303, 0.85014267],
        [0.92414703, 0.85889152, 0.85648137],
        [0.12384995, 0.548608, 0.96353772],
        [0.62399035, 0.53802826, 0.95844223],
        [0.48018172, 0.24916853, 0.53939808],
        [0.97695459, 0.24784681, 0.54349696],
        [0.27177004, 0.95734297, 0.24741285],
        [0.76925906, 0.95902789, 0.25563702],
        [0.22945346, 0.0417894, 0.75010716],
        [0.72932307, 0.05034259, 0.74649631],
        [0.37494258, 0.45176927, 0.03807568],
        [0.87334825, 0.45787908, 0.04448913],
        [0.02136129, 0.74778535, 0.45847739],
        [0.52386394, 0.74944528, 0.45579077],
        [0.43752454, 0.70718933, 0.50711647],
        [0.94384132, 0.68857087, 0.49061629],
        [0.24192397, 0.87312162, 0.71394283],
        [0.75369472, 0.88168039, 0.70180403],
        [0.34655179, 0.47087568, 0.88561293],
        [0.85135736, 0.48328703, 0.88153474],
        [0.49357512, 0.19955388, 0.37914319],
        [0.99318448, 0.18518537, 0.3913582],
        [0.18873376, 0.98557033, 0.20575381],
        [0.68902897, 0.99524239, 0.20586803],
        [0.09809801, 0.38056369, 0.02458825],
        [0.60082672, 0.37786158, 0.9816217],
        [0.06075527, 0.29395329, 0.49944181],
        [0.56108775, 0.30321062, 0.50266547],
        [0.25640071, 0.12778028, 0.28473121],
        [0.75306349, 0.124691, 0.30205268],
        [0.15137716, 0.53352589, 0.11551493],
        [0.65067991, 0.48557962, 0.12848688],
        [0.00310974, 0.80145116, 0.62098521],
        [0.51550719, 0.79520129, 0.613593],
        [0.31414867, 0.00941059, 0.78966468],
        [0.80585115, 0.04006694, 0.79299915],
        [0.40198629, 0.61816638, 0.97859395],
        [0.8949765, 0.62388811, 0.01484268],
        [0.38600422, 0.41211621, 0.56409105],
        [0.88499966, 0.41432912, 0.55934589],
        [0.27716033, 0.77978717, 0.42110053],
        [0.78577699, 0.77188907, 0.41318308],
        [0.20476307, 0.55967712, 0.77335658],
        [0.70971711, 0.55501618, 0.77861406],
        [0.03449178, 0.90517359, 0.26847518],
        [0.5294106, 0.91497447, 0.27174982],
        [0.1386243, 0.06438999, 0.91736923],
        [0.63403889, 0.07384637, 0.9072616],
        [0.45604554, 0.26475259, 0.06148104],
        [0.95595919, 0.27594824, 0.06833664],
        [0.11646888, 0.5862362, 0.43967562],
        [0.61352734, 0.5786875, 0.43385209],
        [0.22448317, 0.21919677, 0.57663564],
        [0.71164019, 0.23683012, 0.58049581],
        [0.29407236, 0.44145429, 0.22768265],
        [0.78845893, 0.438719, 0.22808506],
        [0.46878611, 0.08991742, 0.72881598],
        [0.96713318, 0.08701253, 0.73447604],
        [0.36295712, 0.93694601, 0.08025329],
        [0.86233367, 0.9441942, 0.08621221],
        [0.04131949, 0.73386259, 0.93980724],
        [0.54272127, 0.72059029, 0.94632031]
    ],
    "relaxed_energy": -808.24181677,
    "relaxed_forces": [
        [0.00103134, 0.00179097, -0.00089018],
        [0.00133052, -0.00038398, 0.00141808],
        [-0.00046384, 0.00040434, -0.00103321],
        [0.00072922, -0.00088313, 0.0009742],
        [-0.0009613, -9.579e-05, -0.00271232],
        [0.00022373, -0.00090765, 0.00166238],
        [-0.00188133, -0.0010813, -0.00197459],
        [-0.00279021, 0.00099173, 0.00159624],
        [-0.00096842, 0.00117252, 0.00102379],
        [0.00114709, -0.00076224, 0.0011056],
        [0.00125169, 0.00386008, -0.00204535],
        [0.00265952, -0.00176577, 0.00183782],
        [-0.004357, 0.00124394, 0.00059663],
        [0.00156055, -0.00016083, 0.00088359],
        [-0.00089595, -0.00210715, 0.00010291],
        [0.00114411, 0.00611744, -0.0024421],
        [-0.00456741, -0.00335946, 0.00047612],
        [0.00599048, 0.00017435, -0.00193372],
        [0.00208039, 0.00489201, -0.00545185],
        [-0.00331175, 0.00564723, -0.00047278],
        [-0.00655236, 0.00153232, 0.00330237],
        [0.00243464, -0.00269498, -0.00170399],
        [0.00173761, 0.00173058, 0.00142349],
        [-0.00290456, 0.00154058, -0.00222844],
        [-0.00199013, -0.00306198, -0.00123819],
        [-0.00216402, -0.00465633, -0.00199531],
        [-0.00023196, 0.00233046, 0.00056082],
        [-0.00124374, 0.00115339, -0.00562245],
        [-0.00215194, -0.00020736, 0.00196159],
        [0.00380029, 0.00110745, -0.00031897],
        [0.00116391, -0.00563779, 0.00331501],
        [0.00359447, 0.00277905, 0.00345036],
        [-0.00394315, -0.00210017, 0.00056764],
        [0.00400159, -0.00437713, 0.0066425],
        [-0.00224411, 0.00163099, -0.00145553],
        [-0.00191491, -0.00107279, 0.00289332],
        [0.00075676, -0.00380076, -0.000831],
        [0.00033305, -0.00019405, 0.00015496],
        [0.00161085, 0.00103524, 0.00199149],
        [-0.00031809, 0.00028503, 0.00314029],
        [-0.0040616, -0.00264446, 0.00283931],
        [-0.0023564, -0.00194067, -0.00279295],
        [0.00330335, 0.00368847, 0.00312058],
        [-0.00180357, 0.00123283, 0.00179182],
        [0.00178752, 0.00198212, -0.00023572],
        [0.00657079, -0.00114817, 0.0026162],
        [0.00166439, 0.00276625, -0.00500805],
        [-0.00111117, -0.00034614, -0.0013358],
        [0.00250223, -0.00087874, -0.00243334],
        [-8.88e-06, 0.0051999, -0.00355452],
        [0.00362494, -0.00026164, -0.00306965],
        [0.00130133, 0.00400669, 0.00556877],
        [0.0020964, 0.00213399, -0.00068607],
        [0.00050086, 0.00186736, -1.982e-05],
        [-0.00112057, -0.00462601, -0.00738353],
        [-0.00241814, 0.00247373, -0.00158359],
        [-0.0004183, 0.00173393, 0.00081861],
        [0.00294935, -0.00470385, -0.00091969],
        [-0.00398877, 0.00051882, 0.00323236],
        [-0.00047422, -0.00478848, 0.00051783],
        [0.00370352, 0.00027882, 0.00207894],
        [-0.00138906, -0.00129429, 0.00207393],
        [0.00117708, 0.00156509, -0.00142548],
        [0.0008739, -0.00268259, -0.00106967],
        [-0.00095243, 0.00398929, 0.00174253],
        [0.00358503, 0.00058238, -0.00083073],
        [-0.00364565, -0.00142632, 0.00108895],
        [-0.00054846, 0.00392318, -0.00325481],
        [-0.00127969, 0.00194912, 0.00030455],
        [-0.0001737, 0.00244574, -0.00080298],
        [-0.00279222, 0.0002673, 0.00285519],
        [-0.00492129, -0.0012213, 0.00292402],
        [-6.269e-05, -0.00319412, -0.00033264],
        [-0.00092936, -0.00290135, 0.00025694],
        [-0.00519596, -0.00133102, -0.00078351],
        [0.00248452, -0.00099255, 0.0035015],
        [0.00479748, -0.00213927, -0.00066579],
        [0.00010832, -0.00393133, -0.00147858],
        [0.00389551, -0.00226175, -0.0043963]
    ],
    "relaxed_lattice": [
        [-4.95355527, -14.3641175, -8.39233845],
        [-7.58309402, -0.08908396, -4.21402281],
        [-0.05697214, -0.10327438, -8.64290906]
    ],