{
    "atom_type": [
        "Na",
        "V",
        "P",
        "O"
    ],
    "atoms_per_type": [
        10,
        8,
        12,
        48
    ],
    "coord_mode": "direct",
    "relaxed_basis": [
        [0.25059932, 0.49582776, 0.50305228],
        [0.75417278, 0.51992575, 0.47152443],
        [0.4935505, 0.97780331, 0.03599564],
        [0.0094799, 0.00097924, 0.97742117],
        [0.62434967, 0.8903135, 0.62470661],
        [0.30403802, 0.24742398, 0.89345389],
        [0.80409362, 0.24959815, 0.88294732],
        [0.55772479, 0.37651381, 0.75021418],
        [0.87743869, 0.1199425, 0.37757189],
        [0.1912568, 0.75036264, 0.12175317],
        [0.32326909, 0.64621236, 0.64576663],
        [0.82235195, 0.63750545, 0.64461603],
        [0.07411616, 0.14282392, 0.14273462],
        [0.56775263, 0.14460035, 0.14983959],
        [0.17281008, 0.35944809, 0.36016758],
        [0.68224293, 0.35830291, 0.34744866],
        [0.42796651, 0.85625231, 0.85735966],
        [0.93148253, 0.85102662, 0.84863479],
        [0.12569272, 0.548331, 0.95973272],
        [0.62049162, 0.53917235, 0.95738033],
        [0.47936356, 0.25497211, 0.54537799],
        [0.97580517, 0.25087951, 0.53751808],
        [0.26761436, 0.95525271, 0.25547576],
        [0.77492682, 0.96144042, 0.24629221],
        [0.23325179, 0.04460196, 0.74567363],
        [0.72815946, 0.03744761, 0.75618611],
        [0.37150656, 0.4531447, 0.0424838],
        [0.87840016, 0.45579326, 0.03114577],
        [0.01991391, 0.74991668, 0.45891744],
        [0.52446915, 0.74877423, 0.46417544],
        [0.44064684, 0.69238997, 0.52234736],
        [0.93709734, 0.70317483, 0.5036081],
        [0.25560525, 0.86339503, 0.71788853],
        [0.74338088, 0.87536445, 0.70893388],
        [0.34626061, 0.47678386, 0.88091996],
        [0.84902226, 0.47370695, 0.88191864],
        [0.49571637, 0.20920591, 0.3819139],
        [0.9890434, 0.19662254, 0.38101833],
        [0.18829836, 0.95682547, 0.22332059],
        [0.68929785, 0.02138357, 0.19980104],
        [0.11570613, 0.36463288, 0.0068248],
        [0.5922616, 0.38649138, 0.97947488],
        [0.05604008, 0.30439288, 0.49644891],
        [0.56300021, 0.29067341, 0.52012137],
        [0.24558431, 0.13955716, 0.27055105],
        [0.77112708, 0.11916919, 0.28722611],
        [0.14439731, 0.54264829, 0.1178986],
        [0.65094949, 0.48189804, 0.12013135],
        [0.99763264, 0.81890288, 0.61644611],
        [0.51641208, 0.79640542, 0.62094013],
        [0.31296947, 0.03159138, 0.78512691],
        [0.81045919, 0.00621957, 0.8026054],
        [0.3935906, 0.62608499, 0.98499375],
        [0.90236504, 0.62768097, 0.97675214],
        [0.38539857, 0.41971949, 0.57117904],
        [0.88086095, 0.41165801, 0.56520139],
        [0.28576196, 0.78024085, 0.42897202],
        [0.77709527, 0.78111496, 0.41866736],
        [0.21073307, 0.56518207, 0.77285795],
        [0.70370161, 0.56000046, 0.76870143],
        [0.02842104, 0.91454701, 0.26967217],
        [0.53095504, 0.9129976, 0.27955095],
        [0.14300174, 0.05213526, 0.91955086],
        [0.63353645, 0.06980987, 0.91511835],
        [0.45438331, 0.27050904, 0.05822948],
        [0.96270648, 0.27385371, 0.05355842],
        [0.1134242, 0.59091928, 0.44486189],
        [0.61510453, 0.57751828, 0.44238468],
        [0.21701258, 0.22097478, 0.57768332],
        [0.72343, 0.22174325, 0.58316301],
        [0.28691452, 0.4465841, 0.2254528],
        [0.79917176, 0.43721266, 0.22283566],
        [0.46725841, 0.08948463, 0.73484039],
        [0.96392188, 0.08681967, 0.72885606],
        [0.35959976, 0.93300354, 0.08650184],
        [0.86614234, 0.93126452, 0.07589597],
        [0.04115258, 0.72613972, 0.92575102],
        [0.54163233, 0.72995004, 0.94088669]
    ],
    "relaxed_energy": -801.1280923,
    "relaxed_forces": [
        [-0.00191564, 0.00115409, -0.00031777],
        [-0.0022169, 0.00095798, -0.00336918],
        [0.00202464, 0.00096713, -0.00147781],
        [0.00031499, -0.00010249, 0.0010752],
        [0.00085652, -0.00193547, -0.00174664],
        [0.00152036, 0.00102952, -0.00119306],
        [-0.00157403, 0.00109856, -0.00160774],
        [0.00042742, -0.00055301, 0.00053707],
        [-0.0002573, 0.00191931, 0.00087016],
        [0.00011984, -0.00015149, 0.00094041],
        [-0.00196527, 0.00140727, 0.00176226],
        [-0.00127363, 0.00306614, 0.00154162],
        [0.00044963, -0.00321511, 0.00127811],
        [-0.000288, -0.00080699, -0.00067454],
        [-0.00061149, -0.00188224, -0.00158668],
        [-0.00256286, 0.00056602, 0.00152384],
        [0.00079076, -0.00091788, -0.00040206],
        [-0.00020527, -0.00153516, 0.00260809],
        [-0.00190652, -0.00187344, -0.00161793],
        [-0.00209129, 0.00216828, -0.00071254],
        [-0.00609173, -0.00176523, 0.00181506],
        [0.0005322, 0.00309248, 0.00170715],
        [0.0029214, 0.00020241, 0.00068081],
        [-0.00113185, -0.00230091, 0.00021059],
        [-0.00023487, -0.0028647, 0.00072906],
        [0.00330776, 0.00084939, -0.00104037],
        [0.00299297, 0.00322798, -0.00331784],
        [0.00078521, 0.00344724, -8.076e-05],
        [-0.00334784, -0.0013883, 0.00099365],
        [0.00054505, 0.00324874, -0.00094662],
        [-0.00071055, 0.00026206, -0.00055532],
        [0.00034226, 0.00092639, 0.00042367],
        [-0.00089523, -7.617e-05, -0.00164294],
        [0.00017823, 0.00015291, -0.00014442],
        [-0.00112864, -0.00172471, 0.00045359],
        [-0.00052648, -0.00017875, 0.00071272],
        [0.001108, -0.00074404, -0.00064224],
        [0.00122383, -0.00064842, 0.00121829],
        [0.00071883, -0.00032578, -0.00097236],
        [0.00079893, -0.00208834, -0.0006287],
        [-0.00187015, 7.664e-05, -0.00171964],
        [-0.00185854, -0.00054511, 0.00013716],
        [0.00126018, 0.00065241, 6.571e-05],
        [0.00194333, 0.00130887, 0.00012962],
        [0.00324543, -0.00160454, 0.00100113],
        [-0.00025622, 0.00050173, 0.00046535],
        [0.00028532, -0.00028468, 0.00136798],
        [0.00078847, 0.0001258, 0.00112003],
        [0.00055644, 0.00039514, 0.00154349],
        [-0.00075758, -0.0009336, -0.00141212],
        [0.00141225, -0.00080151, 0.00058787],
        [-0.00017809, -5.7e-07, -0.00085256],
        [0.00014584, -0.00167052, 0.00160785],
        [-0.00036565, 0.00041315, 0.00085891],
        [0.00040239, 0.0004364, -0.00087873],
        [0.00072302, -0.00082948, 0.00051312],
        [-0.00041628, -0.00102535, -0.00234266],
        [0.00081966, 0.0010266, 0.00077297],
        [0.00069355, 0.00038859, -0.00064382],
        [-2.806e-05, -0.00011582, 0.0017329],
        [0.00094631, -0.00010545, -4.249e-05],
        [0.00028433, -0.00081149, -0.00234364],
        [0.00162088, 0.0006153, -0.00040782],
        [-0.00061551, -0.00074269, 0.00026315],
        [-0.00183231, 0.0010609, 0.00084613],
        [0.00018361, 7.946e-05, 0.00099759],
        [0.00048803, 0.00018988, 0.00082445],
        [-0.00192177, -4.744e-05, -0.00118091],
        [0.00214074, -0.00089993, -1.559e-05],
        [-0.0003703, 0.00024997, -0.00025071],
        [0.00072633, 3.391e-05, 0.000144],
        [-0.00040215, -0.00015333, 0.00066156],
        [0.0011017, -0.00100816, 0.00102544],
        [0.00040797, -0.00027483, 0.00012021],
        [0.00015095, 0.00032889, -0.00240873],
        [0.0007159, 0.00044939, 0.00151035],
        [-0.00057485, 0.00037145, -0.00044912],
        [-0.00061859, 0.00048479, 0.00024773]
    ],
    "relaxed_lattice": [
        [-5.04777806, -14.36325345, -8.40769101],
        [-7.58994709, -0.10937976, -4.21185675],
        [-0.15025168, -0.14080686, -8.65149168]
    ],