{
    "atom_type": [
        "Na",
        "V",
        "P",
        "O"
    ],
    "atoms_per_type": [
        11,
        8,
        12,
        48
    ],
    "coord_mode": "direct",
    "relaxed_basis": [
        [0.25062781, 0.50956886, 0.48721505],
        [0.7402146, 0.52880225, 0.49159034],
        [0.51391979, 0.97072252, 0.00147364],
        [0.00758983, 0.00154246, 0.99112252],
        [0.12367279, 0.87980328, 0.61528482],
        [0.30768203, 0.24944305, 0.88866433],
        [0.80980748, 0.25228767, 0.88503443],
        [0.94256308, 0.61522498, 0.25163582],
        [0.55776334, 0.37343989, 0.75071625],
        [0.37752267, 0.1211022, 0.37887345],
        [0.87259776, 0.11223316, 0.38730236],
        [0.32021407, 0.64368323, 0.64647109],
        [0.82097203, 0.64694599, 0.64602743],
        [0.06905415, 0.1441925, 0.14401423],
        [0.57503943, 0.14338635, 0.14176615],
        [0.18130651, 0.35666146, 0.35251993],
        [0.67529664, 0.36231225, 0.35472955],
        [0.43084752, 0.85117545, 0.85354108],
        [0.9276781, 0.85064446, 0.85715865],
        [0.12457439, 0.53924358, 0.96065548],
        [0.62206804, 0.54283336, 0.95416476],
        [0.47750868, 0.25057601, 0.54455736],
        [0.9780308, 0.24467348, 0.53871403],
        [0.27324441, 0.95874934, 0.24941678],
        [0.77366129, 0.96125154, 0.25117984],
        [0.22785713, 0.03803736, 0.75479945],
        [0.73013518, 0.04846758, 0.75063546],
        [0.37549738, 0.45598235, 0.03889864],
        [0.87158513, 0.45652587, 0.04634952],
        [0.02449389, 0.74074217, 0.45712291],
        [0.51845654, 0.75804697, 0.4610807],
        [0.43148716, 0.72507597, 0.50415446],
        [0.94334544, 0.69142974, 0.48981983],
        [0.23726286, 0.87438259, 0.7154186],
        [0.7562741, 0.88630001, 0.6932782],
        [0.34804375, 0.48024315, 0.88344513],
        [0.84679135, 0.48851461, 0.88445743],
        [0.49255854, 0.20483491, 0.38138187],
        [0.98346244, 0.19564251, 0.38525759],
        [0.18608202, 0.01061432, 0.2127935],
        [0.69127325, 0.00905864, 0.20059645],
        [0.09176886, 0.38288853, 0.00973051],
        [0.59827816, 0.38454288, 0.97355016],
        [0.06539046, 0.28234305, 0.48465665],
        [0.55852798, 0.29503266, 0.51894174],
        [0.27126491, 0.12063797, 0.28103028],
        [0.76485175, 0.12164724, 0.29257151],
        [0.15686556, 0.50013527, 0.11453497],
        [0.64209008, 0.49849066, 0.12613842],
        [0.00750963, 0.7919408, 0.62053361],
        [0.5018431, 0.81514567, 0.62235022],
        [0.31298315, 0.00017946, 0.79740758],
        [0.80965623, 0.03229278, 0.79286179],
        [0.40542134, 0.62161944, 0.98026306],
        [0.899541, 0.61594873, 0.01238382],
        [0.38444704, 0.41487272, 0.56995087],
        [0.88669372, 0.41106931, 0.56477391],
        [0.27775373, 0.77871864, 0.42141757],
        [0.78667749, 0.77116894, 0.41050105],
        [0.20482555, 0.55297749, 0.77048347],
        [0.70812351, 0.55901505, 0.77529179],
        [0.02936297, 0.91261836, 0.27545191],
        [0.53004508, 0.92117801, 0.27574163],
        [0.13667456, 0.07190461, 0.91613441],
        [0.63668759, 0.06470873, 0.91314849],
        [0.4588801, 0.27067537, 0.05524651],
        [0.94947822, 0.26621521, 0.07480988],
        [0.11663187, 0.57822787, 0.43520907],
        [0.60540705, 0.58548425, 0.45767691],
        [0.22654343, 0.21532244, 0.57838592],
        [0.71499192, 0.23767428, 0.58628381],
        [0.29881211, 0.43722136, 0.22952267],
        [0.78747855, 0.44385567, 0.23159309],
        [0.46189898, 0.08789953, 0.73552076],
        [0.97075441, 0.07927232, 0.72751453],
        [0.36318724, 0.92679653, 0.07893126],
        [0.86689142, 0.93470504, 0.08321043],
        [0.04423463, 0.72808038, 0.94287993],
        [0.54094022, 0.72943564, 0.93001375]
    ],
    "relaxed_energy": -808.38636483,
    "relaxed_forces": [
        [-7.356e-05, 0.0005218, -0.00145222],
        [-0.00073721, 0.00075469, 0.00148401],
        [0.0011888, -0.00072945, -0.00027937],
        [-0.00111594, 0.00053792, -0.00085378],
        [-0.00092507, 0.00030718, -0.00189461],
        [-0.00026875, -0.0003353, -0.00248416],
        [3.501e-05, 0.00033909, 0.00129043],
        [0.00141832, 0.00129857, 0.00268934],
        [4.112e-05, -0.00129666, -0.00063978],
        [0.00015819, -9.771e-05, 0.00039214],
        [-0.00012735, -0.00106297, 0.00134617],
        [0.00164761, 0.00265215, -0.00033907],
        [0.00159988, 0.00058681, -0.00073062],
        [0.00129689, 0.00723908, -0.00040946],
        [0.00256514, -0.00863984, -0.00120773],
        [-0.00340182, 0.0009605, -0.00318877],
        [0.00210867, -0.00708948, 0.00416502],
        [-0.00068687, 1.06e-06, -0.00607296],
        [-0.003554, 0.00305638, -0.00088069],
        [0.00126713, -0.00193885, -0.00197996],
        [0.00271706, 0.0010463, -0.00402767],
        [-0.00092442, -0.00076403, -0.00142231],
        [-0.00142155, -0.00160348, 0.00151029],
        [0.00129986, 0.00095379, -0.0010521],
        [0.00277785, 0.00033353, 0.00235117],
        [-0.00052285, 0.00089103, 0.00393136],
        [-5.071e-05, 0.00196986, 0.00223901],
        [0.00016733, -0.00051869, 0.00305841],
        [-0.00337972, 0.00195003, 0.00021372],
        [-0.00362884, -0.00144178, -0.0021633],
        [-0.00301247, -0.00055912, -0.00382951],
        [-0.0010876, 7.872e-05, 0.00293614],
        [-0.00172029, -0.00028034, -0.00298581],
        [0.0030438, 0.00031372, 0.00196143],
        [0.00101377, 0.0011104, -0.00174378],
        [0.00053165, -0.00063372, 0.00247278],
        [5.977e-05, 0.00223465, 0.00115911],
        [0.00160165, 0.00154792, -0.00194779],
        [-0.00036335, 0.00052664, 0.00105435],
        [-0.00065381, -0.00134675, 0.00119403],
        [0.00222858, 0.00304344, 0.00517736],
        [-0.00770462, 0.00234772, -0.00075381],
        [-0.00159009, -0.00123453, -0.00635024],
        [-0.00219334, -0.00183758, 0.00069822],
        [0.00172497, -0.00068948, 0.00153317],
        [0.00267477, -0.00279686, 0.00385088],
        [-0.00100706, 0.00189899, -0.00044473],
        [0.00105309, -0.00143807, -0.00019753],
        [-0.00711959, 0.00291021, 0.00274106],
        [-0.00089968, 0.00174932, -0.00262244],
        [-0.00171787, 0.00262008, 0.00059907],
        [8.156e-05, -0.00256144, -0.00238755],
        [-0.00131737, 0.00382235, 0.00210662],
        [-0.00068687, -0.00186234, -0.00072522],
        [0.00164065, 0.00216449, 0.00175834],
        [-0.00018502, -0.00149866, -0.00031552],
        [0.0013182, -0.00308609, 0.00125206],
        [-0.00040117, 0.00163073, 0.00156985],
        [0.00156985, -0.00101141, 0.00160493],
        [-0.00092658, -0.00298565, 0.00176874],
        [0.00344917, 0.0014171, -0.00142914],
        [0.00413408, 0.00186484, -0.00094105],
        [0.00127322, -0.00062792, 0.00067503],
        [0.00147307, 0.00020425, 0.00045897],
        [-0.00218244, 0.00041786, 0.00094493],
        [0.00237191, -0.00269548, 0.0002933],
        [-0.00145853, 0.00013307, -0.00124299],
        [0.00162733, 0.00305218, -0.00011654],
        [-0.00080432, 0.00050518, -0.00295746],
        [0.00092618, -0.00230712, -0.00143724],
        [0.00159327, -0.0013827, 0.00133624],
        [-1.955e-05, 0.00116289, -0.00289218],
        [0.00044641, -0.00199847, 0.00089881],
        [0.00165165, -0.000625, -0.00278115],
        [-0.00216233, 0.00110539, 0.00011979],
        [0.0018274, -0.00328175, 0.00152831],
        [-0.00049955, 0.0007175, -0.00133783],
        [0.00037746, -0.00263284, -0.00159036],
        [0.00054986, 0.00091213, 0.00574383]
    ],
    "relaxed_lattice": [
        [-5.00289529, -14.37802734, -8.43251456],
        [-7.59465854, -0.08202778, -4.17499166],
        [-0.13964078, -0.05880627, -8.65370539]
    ],