{
    "atom_type": [
        "Na",
        "V",
        "P",
        "O"
    ],
    "atoms_per_type": [
        10,
        8,
        12,
        48
    ],
    "coord_mode": "direct",
    "relaxed_basis": [
        [0.24777172, 0.49829828, 0.49886899],
        [0.75277264, 0.47131506, 0.52157081],
        [0.49808603, 0.01138672, 0.99830093],
        [0.99003229, 0.02214997, 0.99913322],
        [0.12495692, 0.87719999, 0.62227633],
        [0.62542296, 0.87809586, 0.61559062],
        [0.30794924, 0.25108583, 0.88144243],
        [0.44212269, 0.61386994, 0.24893574],
        [0.93991719, 0.62927168, 0.24904562],
        [0.69352106, 0.7488327, 0.11733795],
        [0.32209756, 0.65017335, 0.64631258],
        [0.82305423, 0.64148604, 0.64618707],
        [0.07060638, 0.14191507, 0.14001107],
        [0.56998455, 0.14479034, 0.14253909],
        [0.17987402, 0.35879372, 0.35840244],
        [0.67933142, 0.35364841, 0.36102873],
        [0.42721822, 0.85150449, 0.85560663],
        [0.92616907, 0.85770822, 0.85415257],
        [0.12507009, 0.53992159, 0.96202511],
        [0.62797066, 0.53954407, 0.96181717],
        [0.47793504, 0.251533, 0.54258098],
        [0.982896, 0.24937892, 0.53498528],
        [0.26881784, 0.9626434, 0.24817043],
        [0.76908277, 0.95776567, 0.24596308],
        [0.22617312, 0.04885837, 0.75124883],
        [0.72679708, 0.0379048, 0.74580602],
        [0.37435018, 0.45342299, 0.04655574],
        [0.87805288, 0.45835687, 0.04676918],
        [0.02268873, 0.7511685, 0.45420668],
        [0.52217217, 0.7494419, 0.45660587],
        [0.44007078, 0.70227023, 0.48714633],
        [0.94068547, 0.70946915, 0.47946253],
        [0.2409926, 0.88499441, 0.70358241],
        [0.73755018, 0.87984012, 0.69431392],
        [0.35026585, 0.4838303, 0.88540914],
        [0.85504288, 0.50684642, 0.877771],
        [0.49390019, 0.20433769, 0.38115485],
        [0.00251765, 0.20304759, 0.36671541],
        [0.18763151, 0.99947293, 0.19712887],
        [0.68837171, 0.98034056, 0.20052404],
        [0.10282569, 0.37316299, 0.99497611],
        [0.60130532, 0.37488856, 0.00910428],
        [0.06717452, 0.29317473, 0.49854877],
        [0.55884861, 0.30110913, 0.50725119],
        [0.25255533, 0.12765873, 0.29358206],
        [0.74661744, 0.12200377, 0.29751555],
        [0.14901658, 0.50222196, 0.12597545],
        [0.6511928, 0.52010592, 0.12066699],
        [0.01027601, 0.79378347, 0.61752101],
        [0.50524271, 0.79972656, 0.61945883],
        [0.30690678, 0.01855383, 0.79877314],
        [0.81087503, 0.98425992, 0.79670499],
        [0.39696386, 0.61824048, 0.0183093],
        [0.90481638, 0.61503294, 0.02441898],
        [0.3838116, 0.41824475, 0.5652384],
        [0.89288918, 0.41871298, 0.54843467],
        [0.27733497, 0.77711239, 0.41446509],
        [0.78069181, 0.76881633, 0.41114508],
        [0.20797988, 0.56110847, 0.7743526],
        [0.70847576, 0.56036453, 0.77298288],
        [0.03402593, 0.92072031, 0.27010463],
        [0.53436877, 0.91122972, 0.26815002],
        [0.13290015, 0.07051735, 0.91792098],
        [0.63633506, 0.05238997, 0.91629532],
        [0.45775469, 0.27129813, 0.06698521],
        [0.95909467, 0.269727, 0.06846329],
        [0.11466396, 0.58378665, 0.43024513],
        [0.61604694, 0.58752761, 0.43434119],
        [0.21462606, 0.23333113, 0.58626989],
        [0.71887736, 0.22397398, 0.58351812],
        [0.29086596, 0.43056118, 0.23238974],
        [0.79291207, 0.44360101, 0.227868],
        [0.46685516, 0.08555178, 0.7306149],
        [0.9748624, 0.08071116, 0.71612959],
        [0.36294768, 0.93930061, 0.08427708],
        [0.86308463, 0.93757486, 0.08280964],
        [0.04369925, 0.72768648, 0.94036401],
        [0.54364341, 0.72606946, 0.94008522]
    ],
    "relaxed_energy": -800.56233596,
    "relaxed_forces": [
        [-0.00061671, -0.00165977, -0.00025433],
        [0.00085367, -8.791e-05, -0.00044837],
        [0.0015626, -0.00060249, -3.26e-06],
        [-0.00033675, -0.00235933, 0.00200722],
        [0.00153228, -0.00137139, -0.00108983],
        [0.00030097, -5.301e-05, 0.00098033],
        [0.00133693, -0.00077578, -0.00140963],
        [0.00120081, -0.00044008, 0.00024463],
        [0.00179109, 0.00055078, -0.00057321],
        [0.00091173, 0.00106989, -0.00105676],
        [-0.0006204, -0.0026516, 8.538e-05],
        [-0.00057407, -2.967e-05, 0.00092454],
        [-0.0028729, 0.00102998, 0.00205821],
        [-0.00106248, -0.00046473, 0.00141081],
        [0.00110478, -0.00078715, 0.00086599],
        [0.00094205, -0.00018164, 5.34e-06],
        [0.00228835, -0.00050327, 0.0024572],
        [0.00189782, -0.00465437, -0.0015799],
        [0.00234259, -0.00300558, -0.00027623],
        [-0.00061666, -0.00475491, 0.00086629],
        [0.00157044, -0.00034814, -0.00750684],
        [-0.00155899, -0.00052464, 0.0019859],
        [-0.00011797, -0.00348819, 0.00192577],
        [0.00313517, -0.00092307, -0.00071789],
        [-0.00127828, -0.00278408, 0.00286223],
        [-0.0009784, 0.00243707, 4.934e-05],
        [-0.00200111, -0.00013356, 0.00149934],
        [0.00021972, -0.00362507, -0.00051198],
        [-0.00186684, -0.00080447, 0.00255215],
        [0.00228688, 0.00178381, 0.00177634],
        [0.00240885, 0.00061537, -0.00247961],
        [-0.00482148, -0.00385683, -0.00207496],
        [-0.00084136, 0.00073947, 0.00102683],
        [-0.00192865, 0.00414307, 0.00193858],
        [0.0014216, -0.00192991, -0.00264791],
        [-0.0021039, 0.00226154, -0.00195092],
        [0.00116539, 0.00323242, 0.00645854],
        [-0.00510639, 0.00387224, -0.00227578],
        [-0.00390235, -0.00089948, -0.00370021],
        [-1.308e-05, -0.00084198, 0.00095771],
        [0.00018201, 0.00516914, 0.00388388],
        [-0.00533951, -0.00266751, -0.00257504],
        [0.00142731, 0.00259634, 0.00043989],
        [-0.00155958, -0.00037386, -0.00182015],
        [0.00093298, 0.00050241, -0.00321516],
        [0.00021874, 0.00036747, 0.00129385],
        [-0.00064027, -0.00112533, -0.00142995],
        [0.00102143, 0.00275358, 0.0025223],
        [0.00331353, 0.00118181, -5.583e-05],
        [0.00223779, 0.00269903, -0.00125936],
        [0.00018286, 0.00429335, 0.00020633],
        [-0.00076572, 0.00028816, 0.00050305],
        [0.00539461, 0.00176962, 0.00020523],
        [0.00367305, -7.467e-05, -0.00179858],
        [-0.00153638, 8.041e-05, -0.00022338],
        [0.00251309, -0.00647555, -0.0052519],
        [-0.00479802, 0.00207511, 0.00284254],
        [-0.00039608, -0.00344926, -0.0004074],
        [0.00194335, -0.001527, -0.00251399],
        [0.00289995, 0.00355195, -0.00079527],
        [-0.0018777, -0.0020533, -0.00615911],
        [-0.00059678, -0.00068557, 0.00115236],
        [-0.00067485, 0.00356839, -0.00235594],
        [0.00059669, -0.00274762, 0.0021142],
        [-0.00195726, 0.00485185, 0.00423518],
        [-0.00597965, 0.00563586, 0.0023447],
        [-0.00194599, -0.00104447, -0.00081887],
        [0.00124281, 0.00249805, -0.00104661],
        [-0.00018049, 0.00040209, 0.00472652],
        [0.00024227, 0.0012055, -0.00153218],
        [-0.00274784, -0.00116655, 0.0008166],
        [-0.0004442, -0.00500676, 0.00147037],
        [-0.00056052, 0.00054146, 0.0010107],
        [0.00174701, 1.821e-05, 0.00377605],
        [0.0023065, 0.00094522, -0.00449785],
        [0.00128143, -0.00068481, 0.0011108],
        [0.00157862, 0.00313376, -0.00167487],
        [9.88e-06, 0.00175995, 0.00039581]
    ],
    "relaxed_lattice": [
        [-4.95857947, -14.34386099, -8.35168729],
        [-7.54875227, -0.10513028, -4.1901107],
        [-0.0970686, -0.12069615, -8.66957453]
    ],