{
    "atom_type": [
        "Na",
        "V",
        "P",
        "O"
    ],
    "atoms_per_type": [
        8,
        8,
        12,
        48
    ],
    "coord_mode": "direct",
    "relaxed_basis": [
        [0.24538439, 0.51086049, 0.50113418],
        [0.74310743, 0.50905398, 0.5065021],
        [0.50005662, 0.02048646, 0.97541843],
        [0.02138669, 0.97858926, 0.98087973],
        [0.80961796, 0.24599226, 0.89103234],
        [0.37388997, 0.11908444, 0.37196418],
        [0.87642261, 0.10592019, 0.37273716],
        [0.68959905, 0.75211745, 0.11635836],
        [0.31707129, 0.64526277, 0.64833042],
        [0.8234906, 0.63810654, 0.64487895],
        [0.07776697, 0.14184216, 0.1425728],
        [0.56708883, 0.15236412, 0.14609252],
        [0.17779608, 0.3623137, 0.35591778],
        [0.6751262, 0.3564715, 0.35440483],
        [0.42997452, 0.85481228, 0.85854362],
        [0.93228194, 0.85332293, 0.85130302],
        [0.1244582, 0.54115339, 0.96161044],
        [0.62280042, 0.55124003, 0.96260301],
        [0.47353089, 0.25191921, 0.53930095],
        [0.9810692, 0.24629376, 0.53774784],
        [0.27238959, 0.961301, 0.25115853],
        [0.77024519, 0.95107678, 0.25067249],
        [0.23199593, 0.03606112, 0.75323724],
        [0.73127092, 0.03985369, 0.75475054],
        [0.37313247, 0.46673771, 0.03647991],
        [0.87931045, 0.45011331, 0.03455891],
        [0.0222537, 0.7505247, 0.45944757],
        [0.51805638, 0.74832597, 0.46716072],
        [0.43112085, 0.71147529, 0.50845976],
        [0.93498363, 0.72679596, 0.48917833],
        [0.24293516, 0.8715608, 0.70905767],
        [0.7496912, 0.85413289, 0.74233433],
        [0.34462819, 0.50704203, 0.87721322],
        [0.85675409, 0.4617252, 0.87982401],
        [0.47694554, 0.20745647, 0.38583812],
        [0.99448143, 0.19050135, 0.38075946],
        [0.18758166, 0.00365506, 0.20697218],
        [0.68886752, 0.9780731, 0.20867735],
        [0.09967975, 0.36977683, 0.00599174],
        [0.59620373, 0.38055582, 0.0247133],
        [0.0642112, 0.29000199, 0.49862556],
        [0.56241741, 0.28291139, 0.49034442],
        [0.26189568, 0.12660238, 0.28944911],
        [0.76168699, 0.13053257, 0.26385182],
        [0.14291437, 0.51921539, 0.12339679],
        [0.64843994, 0.53523394, 0.11664999],
        [0.00028565, 0.81316123, 0.62082442],
        [0.50484206, 0.80282267, 0.6232112],
        [0.31713632, 0.98786869, 0.79692759],
        [0.81280602, 0.02454178, 0.79341707],
        [0.40434108, 0.62700183, 0.99401138],
        [0.89991665, 0.62742375, 0.97834903],
        [0.38481889, 0.42801487, 0.56728743],
        [0.88656485, 0.40905324, 0.56239259],
        [0.27772837, 0.77843248, 0.4237956],
        [0.78022981, 0.77601297, 0.42506136],
        [0.20782787, 0.55673493, 0.77403609],
        [0.70958867, 0.54517442, 0.78117552],
        [0.03793892, 0.91714171, 0.27020643],
        [0.52810218, 0.91481392, 0.2755402],
        [0.14011644, 0.06201261, 0.92113526],
        [0.63725966, 0.07213482, 0.9182752],
        [0.45341853, 0.27672792, 0.05795797],
        [0.96091494, 0.26343127, 0.07099546],
        [0.11063664, 0.5781642, 0.45552311],
        [0.61041798, 0.58137535, 0.44281778],
        [0.22807061, 0.21741806, 0.58138741],
        [0.72634642, 0.20986659, 0.57169058],
        [0.29123633, 0.44966977, 0.22696238],
        [0.79379619, 0.44336847, 0.22207499],
        [0.45969889, 0.0873045, 0.72971934],
        [0.96827335, 0.08151258, 0.73152041],
        [0.36482963, 0.92933652, 0.08432993],
        [0.86412772, 0.92066626, 0.07849853],
        [0.04068584, 0.72422778, 0.92928761],
        [0.54192066, 0.73909516, 0.93001741]
    ],
    "relaxed_energy": -786.12866623,
    "relaxed_forces": [
        [-0.00040363, -0.00097773, -0.00020344],
        [0.00024431, 0.00271691, -0.00016178],
        [-0.00083647, -0.00128002, 0.00225658],
        [-0.00182755, -0.00033747, 0.0016232],
        [3.733e-05, 0.00199243, -0.0014361],
        [-0.00090501, -0.00010469, 0.00077888],
        [0.00332746, 0.00028893, 0.0018757],
        [0.00065252, -0.000312, -0.00142628],
        [0.00160211, 0.00221479, 0.00089841],
        [-0.00236736, 0.00425638, 0.00344867],
        [0.00166454, -0.00033161, 0.00025581],
        [-0.00425639, -0.00223521, -0.00117791],
        [0.00258906, -0.00055658, 0.00011848],
        [0.00018474, -0.0012255, 0.00376534],
        [-0.00213356, -0.00026804, -0.00049238],
        [0.00343779, -0.00129544, -0.00258646],
        [-0.00464502, -0.00491886, -0.00598193],
        [-0.00067159, 0.00430046, 0.0021599],
        [-0.00086771, 0.00341749, -0.00225138],
        [-0.00598311, 0.00467258, -0.00423108],
        [0.00038844, -0.0066279, -0.00290313],
        [-0.00216583, -0.00318082, 0.00358539],
        [6.37e-05, -0.00585368, 0.00460162],
        [0.00432557, 0.0001506, 0.00267486],
        [-0.00094979, -1.621e-05, 0.0046768],
        [0.00211101, 0.0020223, 0.00270943],
        [0.00515221, 0.00048049, -0.00465722],
        [0.00127311, 0.00011095, -0.00055407],
        [-0.00317593, -0.00204817, -0.00040488],
        [-0.00532799, 0.00187387, -0.00496011],
        [-0.00204996, -0.00078256, 0.00165697],
        [-0.0004644, 0.00904428, 0.00317341],
        [0.0009667, -0.00071652, -0.00013485],
        [-0.00138873, 0.00246554, -0.00110292],
        [0.00198781, -0.00047634, 0.00055101],
        [-0.00416312, 0.00196098, 0.00051617],
        [-0.00278269, 0.00341946, 0.00184014],
        [-0.00148721, -0.00285116, 0.00312893],
        [0.00408806, 0.00126595, -0.00044596],
        [0.00420503, -0.00020663, -0.00063942],
        [0.00157952, -0.00111099, -0.00272512],
        [0.00185898, -0.0016234, 0.00105617],
        [-7.022e-05, 0.00028831, -0.00316653],
        [0.00161529, 0.0006945, -0.00027005],
        [0.00161972, -0.00409948, -0.00268582],
        [0.00085198, 0.00404056, 0.00019612],
        [0.00162639, -0.00492559, -0.00132459],
        [0.00319204, -9.741e-05, 0.00021652],
        [-0.00038101, 0.00406967, 0.00289014],
        [0.00350068, -0.00132511, 0.00284428],
        [0.00263075, 0.00165923, 0.00113325],
        [-0.00177531, -0.00461289, -0.00027109],
        [0.00041521, -0.00149556, -0.00017441],
        [-0.00617207, -0.00065752, -0.00637026],
        [-0.0021279, -0.0007889, -0.00177473],
        [0.00055432, 0.00127869, 0.00395993],
        [0.00047301, -0.00013226, -0.00082289],
        [0.00210974, 0.00451275, 0.00532392],
        [-0.00113948, -0.00580743, 0.0003963],
        [-0.0001095, 0.00071862, -0.0008343],
        [-0.00184933, 0.00325226, -0.00267511],
        [0.00350426, 0.00027737, -0.00265981],
        [0.00137105, -0.00175539, 0.00094245],
        [0.00351554, -0.0022571, 0.00208473],
        [0.00178658, -0.00307755, -0.00027792],
        [0.00155388, 0.00025126, -0.00095349],
        [0.00016696, -0.00144895, 0.00034528],
        [0.00013536, 0.00277256, 0.00151694],
        [-0.00181655, -0.00263198, 0.00235608],
        [-0.00158678, 0.00122331, 3.1e-05],
        [-0.00255504, 0.00029161, -0.00215859],
        [-0.00103165, 0.00334867, -0.00291382],
        [-0.00186696, -0.0014548, -5.831e-05],
        [0.00124354, 0.00152698, 0.00343776],
        [-0.00424348, 0.00020676, -0.00441671],
        [0.00197202, -0.0011621, -0.00274172]
    ],
    "relaxed_lattice": [
        [-5.05102716, -14.30611774, -8.47063757],
        [-7.53272162, -0.12030097, -4.17436889],
        [-0.20055569, -0.16281848, -8.66454289]
    ],