{
    "atom_type": [
        "Na",
        "V",
        "P",
        "O"
    ],
    "atoms_per_type": [
        9,
        8,
        12,
        48
    ],
    "coord_mode": "direct",
    "relaxed_basis": [
        [0.24864288, 0.52389287, 0.47613454],
        [0.7423375, 0.52108971, 0.49100087],
        [0.50190738, 0.97739656, 0.0226413],
        [0.01565336, 0.99289247, 0.97407613],
        [0.30533083, 0.25078934, 0.87352643],
        [0.81079038, 0.25162323, 0.88356858],
        [0.93960814, 0.61493474, 0.24789846],
        [0.55373718, 0.38951364, 0.75044696],
        [0.87686694, 0.11603466, 0.38592904],
        [0.32657319, 0.65163543, 0.6346573],
        [0.81798484, 0.64580239, 0.64552331],
        [0.07753651, 0.13386933, 0.13426298],
        [0.56880384, 0.14981293, 0.15091478],
        [0.17557645, 0.35683802, 0.36101855],
        [0.67903501, 0.3565627, 0.35630578],
        [0.42726381, 0.85511925, 0.86475856],
        [0.92900624, 0.85420091, 0.85106894],
        [0.1298401, 0.53791942, 0.95625482],
        [0.62128826, 0.53973568, 0.95919674],
        [0.48072277, 0.25242148, 0.54544431],
        [0.97935422, 0.2466275, 0.53587636],
        [0.26756232, 0.96008733, 0.25697826],
        [0.77102411, 0.96187923, 0.25399484],
        [0.2339484, 0.0444338, 0.7443042],
        [0.72727051, 0.04533162, 0.76165404],
        [0.37152699, 0.46164732, 0.0457917],
        [0.87688622, 0.45491158, 0.03882084],
        [0.01792606, 0.74482092, 0.45010179],
        [0.52068512, 0.75253267, 0.460376],
        [0.44014992, 0.69912466, 0.48861682],
        [0.93862526, 0.69264085, 0.47612296],
        [0.26062883, 0.87382048, 0.69414692],
        [0.74975643, 0.88202829, 0.71072054],
        [0.3588986, 0.48586186, 0.86949985],
        [0.85144776, 0.48448523, 0.8784018],
        [0.50324972, 0.21229523, 0.36999159],
        [0.99518669, 0.20248954, 0.3701569],
        [0.18773419, 0.9761963, 0.21710704],
        [0.68779652, 0.02122496, 0.1947755],
        [0.12301927, 0.36019352, 0.97816815],
        [0.59530647, 0.38328655, 0.97769239],
        [0.05850399, 0.30415009, 0.49871429],
        [0.55955012, 0.29948473, 0.52404121],
        [0.2413358, 0.13190615, 0.30645838],
        [0.76038027, 0.11219163, 0.31300501],
        [0.14680121, 0.50668627, 0.12868848],
        [0.65090142, 0.4773959, 0.12376107],
        [0.993461, 0.79755056, 0.6148885],
        [0.50216046, 0.77259053, 0.63988225],
        [0.3126624, 0.02509783, 0.79198455],
        [0.80643472, 0.02420955, 0.80969447],
        [0.38920678, 0.62955823, 0.01740438],
        [0.89772465, 0.61980431, 0.01177628],
        [0.38575533, 0.41667616, 0.56521749],
        [0.88366735, 0.41004569, 0.55883734],
        [0.28541977, 0.77437484, 0.42005205],
        [0.77929339, 0.77058454, 0.41266835],
        [0.21500313, 0.57198917, 0.77389067],
        [0.7061788, 0.55702648, 0.77438113],
        [0.02665404, 0.91208431, 0.26583682],
        [0.52733063, 0.92731126, 0.2848177],
        [0.14230045, 0.05096099, 0.9121687],
        [0.63190818, 0.06928562, 0.92734194],
        [0.45755841, 0.2766773, 0.06677219],
        [0.96088721, 0.26925525, 0.05946352],
        [0.11192665, 0.57705823, 0.43434827],
        [0.61308064, 0.58698346, 0.43118842],
        [0.21930799, 0.22831102, 0.57747941],
        [0.71530962, 0.23454631, 0.59583831],
        [0.28806713, 0.43208399, 0.22697529],
        [0.79592038, 0.42605439, 0.23030461],
        [0.46723516, 0.08497082, 0.72760363],
        [0.96975798, 0.08176467, 0.72343439],
        [0.35810072, 0.96083487, 0.08531204],
        [0.86482984, 0.94051173, 0.08675007],
        [0.04185309, 0.71348803, 0.94165367],
        [0.53851711, 0.72484891, 0.94942226]
    ],
    "relaxed_energy": -793.52460316,
    "relaxed_forces": [
        [-0.00171401, 0.00038009, 0.00024484],
        [0.00117874, 1.943e-05, 0.00051267],
        [-0.00037872, 0.00166519, -0.00187409],
        [5.562e-05, -0.00256429, 0.00153512],
        [0.00040443, 0.00096343, 0.00031548],
        [0.00128963, 0.00030567, -0.00040878],
        [3.07e-05, 0.0008908, 0.00080986],
        [0.00016873, 0.00089298, -0.00025326],
        [-0.00038749, -0.00100774, -0.00058628],
        [0.00101123, 0.00093078, -0.00108355],
        [0.0003174, -9.979e-05, 0.00211156],
        [0.00136294, -0.00095311, 0.00039551],
        [-0.00255069, 7.906e-05, -0.00103113],
        [0.00090129, 0.00181856, 0.00019109],
        [0.00188773, -0.00328304, -0.00290715],
        [-0.00048842, -0.00134094, 0.00018431],
        [-0.00029749, -0.00053422, 0.0017545],
        [0.00123073, -0.00039608, -0.00426062],
        [-0.00054507, -0.00327903, 0.0061664],
        [-0.00059971, 1.026e-05, 0.00026561],
        [0.00106386, 0.0017033, 0.00074971],
        [0.00229448, 0.00387871, -0.0003171],
        [-0.00296659, -0.00107518, 0.00240587],
        [-0.00177939, 1.836e-05, 0.002049],
        [0.00288264, 0.00048239, 0.00205804],
        [-0.00229029, -0.00034166, 0.00229779],
        [0.00126697, -0.00339207, -0.00519849],
        [0.0021941, 0.00531401, 0.00086619],
        [-0.00140245, -0.00177521, 0.00262009],
        [0.00362647, 0.00272457, -0.00248513],
        [-0.00274398, -0.00214484, -0.00163927],
        [-0.00442513, 0.0011123, -0.00306598],
        [-0.00102745, -0.00105679, -0.00087345],
        [-0.00027099, -0.0008665, -0.00338865],
        [0.00083885, 0.00126829, 0.00630334],
        [-0.00168172, 0.00195227, -0.00666528],
        [8.162e-05, -0.00137232, 6.528e-05],
        [-1.445e-05, 0.00058271, 0.00173164],
        [0.000102, -0.00752034, -0.0047843],
        [-0.00255113, -0.00138641, -0.00135376],
        [-0.0077051, -0.00079046, 0.00326646],
        [0.00070424, -0.00054698, -0.0017369],
        [-0.00370775, -0.00477522, -0.00102141],
        [-0.00068076, 0.00120058, 0.00071198],
        [0.00091191, -0.00036478, -0.00174154],
        [-0.00015854, 0.00382855, 0.00106497],
        [0.00111432, -0.00374968, -0.00450186],
        [-0.00212901, 0.00416988, -0.00186628],
        [0.00351692, -0.00186821, -0.00050529],
        [0.00087804, -0.00301441, -0.00269255],
        [-0.0018604, -0.0009087, 0.00084854],
        [-0.00335444, 0.00036506, 3.033e-05],
        [0.00407522, 0.00141639, 0.00292606],
        [0.003645, -0.00292039, 0.00045451],
        [-0.00077945, 0.0001546, 9.206e-05],
        [-0.00198082, -0.00029154, 0.0016634],
        [0.00371235, -3.94e-06, -0.00272591],
        [-0.0014498, -0.00240107, -0.00043982],
        [-0.00114344, 0.00057094, -0.0024744],
        [0.00111416, 0.0001291, 0.00193677],
        [0.00765306, 0.00179146, -0.00164764],
        [-0.00015367, 0.00095121, -0.00173886],
        [0.00100799, -0.00144284, 0.00666738],
        [-0.00103224, 0.00771387, 0.00467676],
        [-0.00143659, 0.00093327, -0.00262627],
        [-0.00077909, 0.0006076, -0.00099996],
        [0.00376891, -0.00150161, 0.00180062],
        [-0.00069334, 0.00043206, 0.00114955],
        [0.00013329, -0.00057702, 0.00163099],
        [-0.00263813, 0.00416143, -0.00042713],
        [0.0038536, 0.00321449, 0.00073392],
        [0.00134653, 2.286e-05, 0.00084537],
        [0.00014511, 0.00037905, 0.00037655],
        [0.00031534, -0.00051102, 0.00193409],
        [0.00049115, -0.00155872, -0.00018917],
        [-0.00053926, 0.00109887, 0.00065358],
        [-0.00224028, 0.00148172, 0.00041346]
    ],
    "relaxed_lattice": [
        [-5.11545917, -14.23373316, -8.45556836],
        [-7.61283541, -0.10859806, -4.14958771],
        [-0.22497292, -0.0698709, -8.65264784]
    ],