{
    "atom_type": [
        "Na",
        "V",
        "P",
        "O"
    ],
    "atoms_per_type": [
        5,
        8,
        12,
        48
    ],
    "coord_mode": "direct",
    "relaxed_basis": [
        [0.25472403, 0.49417501, 0.4957235],
        [0.73318799, 0.51921823, 0.51289313],
        [0.01182235, 0.99273948, 0.98647194],
        [0.80659361, 0.24887659, 0.88274732],
        [0.9375426, 0.61085551, 0.24971927],
        [0.32672649, 0.63781104, 0.64025885],
        [0.82040436, 0.65498888, 0.64578792],
        [0.07536176, 0.14022732, 0.13744448],
        [0.57062689, 0.13902152, 0.13777342],
        [0.18273344, 0.35009752, 0.35713198],
        [0.67061095, 0.3653743, 0.36306201],
        [0.42547497, 0.86584006, 0.86206068],
        [0.93014166, 0.8528995, 0.85216342],
        [0.12993491, 0.53140484, 0.95775286],
        [0.62387414, 0.53145103, 0.96984251],
        [0.48232587, 0.24561462, 0.5398401],
        [0.98209799, 0.25277543, 0.53811933],
        [0.2692796, 0.95618253, 0.25466178],
        [0.76349225, 0.95998141, 0.25517121],
        [0.23486958, 0.03980909, 0.74795814],
        [0.72900485, 0.04997792, 0.75120121],
        [0.37379641, 0.47538767, 0.0325881],
        [0.87455029, 0.4553294, 0.04508207],
        [0.02184476, 0.74527996, 0.4518688],
        [0.51504031, 0.7588301, 0.46024063],
        [0.43631035, 0.70087531, 0.48754044],
        [0.94199646, 0.69612222, 0.47092483],
        [0.25724673, 0.86876166, 0.70384593],
        [0.76035658, 0.87606203, 0.69339394],
        [0.35928972, 0.48624227, 0.86687068],
        [0.85549619, 0.48947289, 0.87282131],
        [0.50694759, 0.2102013, 0.36295897],
        [0.99705029, 0.22892831, 0.36062361],
        [0.18179645, 0.99574322, 0.21396927],
        [0.6844986, 0.97335252, 0.2114636],
        [0.10997317, 0.36616794, 0.98022315],
        [0.634754, 0.33546663, 0.98905691],
        [0.06066385, 0.30759248, 0.50847317],
        [0.56141824, 0.30277908, 0.5135559],
        [0.24579635, 0.12087001, 0.31244895],
        [0.73884979, 0.13398121, 0.29619441],
        [0.15038873, 0.49086789, 0.12859131],
        [0.63860497, 0.51872369, 0.13601242],
        [0.99972889, 0.77462757, 0.62981338],
        [0.49370519, 0.79171024, 0.63616448],
        [0.31561328, 0.02698535, 0.7862787],
        [0.81115008, 0.02570623, 0.79338632],
        [0.36947363, 0.66588415, 0.00923644],
        [0.89033513, 0.62155745, 0.02819453],
        [0.38728873, 0.41322144, 0.56263069],
        [0.88292507, 0.41997167, 0.57079125],
        [0.28138451, 0.76840251, 0.41929596],
        [0.78063003, 0.77159574, 0.42195245],
        [0.21300242, 0.56603596, 0.77113539],
        [0.70655586, 0.57990023, 0.78109867],
        [0.02981289, 0.92192116, 0.27287098],
        [0.52092705, 0.9341698, 0.28149514],
        [0.14188665, 0.05015687, 0.92313798],
        [0.63783721, 0.04726495, 0.92314484],
        [0.47249627, 0.319242, 0.0423535],
        [0.96293552, 0.27123364, 0.06107672],
        [0.11903085, 0.58132151, 0.41893727],
        [0.61082607, 0.59167142, 0.43477558],
        [0.2184067, 0.22683258, 0.58193812],
        [0.71411261, 0.23436742, 0.58413032],
        [0.2982745, 0.41414609, 0.22553258],
        [0.78853892, 0.42216485, 0.22834367],
        [0.47598539, 0.07026528, 0.71878756],
        [0.97176459, 0.08241298, 0.72148633],
        [0.35893382, 0.95173076, 0.07904133],
        [0.85983396, 0.94452935, 0.08574364],
        [0.04017872, 0.71395242, 0.9505042],
        [0.52881436, 0.68703273, 0.95337551]
    ],
    "relaxed_energy": -762.78663289,
    "relaxed_forces": [
        [0.00112989, -0.00085226, 0.00085679],
        [-0.00211019, -9.469e-05, 0.00047572],
        [0.00156423, 0.00244568, 0.00041068],
        [-0.00050001, -0.00019288, 0.00368942],
        [0.00200159, -0.00248653, -0.00114822],
        [-0.00375871, -0.0015059, 0.00058934],
        [0.00440993, -0.0046691, 0.00318217],
        [-0.00323592, 0.00308723, -0.00026529],
        [-0.00165542, -0.00023165, 0.00122338],
        [0.00051928, 0.00277838, 0.00180238],
        [-0.00125038, -0.00092957, 0.00172998],
        [0.00296057, 0.00105152, 0.00010828],
        [0.00475935, -0.00366901, 0.00256171],
        [-0.00088755, 0.00074569, 0.00034381],
        [0.00016733, 0.00129491, 0.00033467],
        [0.00060461, 0.00079985, -0.00186454],
        [0.00101221, 0.00016373, -0.00306978],
        [-0.00107169, -0.00183336, -0.0008278],
        [0.00047406, -0.00350761, 0.00385441],
        [-0.00040242, -0.00104332, 0.00173428],
        [-0.00593743, 0.00225614, -0.00493694],
        [0.00092617, -0.00256655, -0.00012342],
        [-0.00336034, 0.00179892, -0.00458904],
        [-0.00343006, -0.00029556, -0.00328875],
        [1.37e-05, -0.0001701, 0.00219269],
        [-0.00043703, 0.0039714, 0.00425585],
        [-5.092e-05, -0.00273663, -0.00071444],
        [0.00096988, -0.00020589, 0.00032791],
        [-0.00517939, 0.00240451, -0.00117372],
        [-0.00203714, -0.00038271, 0.00110715],
        [-0.00091297, 0.00080584, -0.00203665],
        [0.00051557, -0.00218972, 0.00173423],
        [-0.0033156, -0.00095167, -3.976e-05],
        [-0.00164829, -0.00321397, 0.00062212],
        [-0.00021688, 0.00244567, -0.00014451],
        [0.00174927, 0.00250477, 0.00374218],
        [0.00019968, 0.00132083, 0.00195721],
        [0.00280628, 0.0014184, -0.0041932],
        [0.00476763, 0.00189849, -0.0017918],
        [-0.00153162, 0.00200997, -0.00199018],
        [-0.00067691, -0.00040624, -0.00040359],
        [0.00427618, -0.00191995, -0.00128998],
        [-0.00086042, 0.00519672, 0.00024873],
        [0.00421459, 0.00028104, -0.00325925],
        [-0.00116418, 0.00621855, 0.00603614],
        [0.00419118, 0.00415138, -0.0027063],
        [0.00352382, -0.00491568, -0.00211221],
        [-0.00080683, 0.00220559, -0.00237364],
        [0.00422898, 0.00028752, -0.00309569],
        [-0.0019454, -4.18e-05, -0.00238965],
        [-0.00020894, 0.00144893, 0.0004174],
        [0.00070846, 0.00219279, 0.00277152],
        [0.00145745, -0.00163156, 0.00130222],
        [5.928e-05, -0.00019757, 0.00049421],
        [0.00029425, 0.00016097, -0.00133766],
        [0.00240273, -0.00320641, -0.00085093],
        [0.00180052, -0.00164954, -0.00022364],
        [0.0011555, -0.00127691, 0.00075461],
        [0.00143243, 0.00050464, -0.00106928],
        [-0.00330466, -0.00222496, 0.00133443],
        [-0.00092045, 0.00106702, -0.00063475],
        [-0.0040799, 0.00046725, -0.00259528],
        [-0.0024126, 0.00139583, -0.0037815],
        [-0.00098367, -0.00030504, -3.972e-05],
        [-0.00327043, 0.00368807, 0.00356232],
        [-0.00091442, -0.00158902, 0.00335726],
        [-0.00171661, -0.00235767, 0.000482],
        [0.00056364, 0.00192605, -0.00124962],
        [-0.00255865, -0.00434197, 0.00077368],
        [0.00165837, -2.888e-05, 0.00127738],
        [-0.00019245, 0.00019951, -0.00215182],
        [0.00280938, -0.00518335, -0.00228506],
        [0.0026185, -0.00158853, 0.00439937]
    ],
    "relaxed_lattice": [
        [-5.13789103, -14.05351189, -8.45368091],
        [-7.52456551, -0.14321238, -4.19278812],
        [-0.21337946, -0.15033545, -8.62782459]
    ],