{
    "atom_type": [
        "Na",
        "V",
        "P",
        "O"
    ],
    "atoms_per_type": [
        12,
        8,
        12,
        48
    ],
    "coord_mode": "direct",
    "relaxed_basis": [
        [0.25416805, 0.52039116, 0.4729891],
        [0.75427313, 0.52016294, 0.47304136],
        [0.50411302, 0.97358725, 0.01983233],
        [0.00403646, 0.97384816, 0.01966235],
        [0.12481233, 0.88921647, 0.61852853],
        [0.62487125, 0.88905401, 0.61863663],
        [0.30760904, 0.24910747, 0.8789518],
        [0.80778944, 0.24926218, 0.87872645],
        [0.05765808, 0.37909582, 0.74900115],
        [0.55767677, 0.37894959, 0.74905452],
        [0.37495731, 0.11902126, 0.38880648],
        [0.87490812, 0.11888647, 0.38875492],
        [0.32133006, 0.64404459, 0.64611612],
        [0.82134395, 0.64405556, 0.64607844],
        [0.07134213, 0.14591981, 0.14405369],
        [0.57130925, 0.14606111, 0.14414061],
        [0.17969286, 0.35908311, 0.34916329],
        [0.67965818, 0.35892229, 0.3493994],
        [0.42972361, 0.84925079, 0.85889246],
        [0.92967769, 0.84930002, 0.85894228],
        [0.1230266, 0.53935379, 0.95299263],
        [0.62312033, 0.5392413, 0.95303231],
        [0.47727169, 0.25407616, 0.54095975],
        [0.97735173, 0.25400467, 0.54073355],
        [0.2737305, 0.96281442, 0.25136558],
        [0.77365788, 0.96288176, 0.25158245],
        [0.22739186, 0.04072129, 0.75390186],
        [0.72737368, 0.04068432, 0.75406252],
        [0.37317027, 0.45291885, 0.03925523],
        [0.87316256, 0.45292108, 0.03934638],
        [0.02366123, 0.75135351, 0.4627637],
        [0.52373826, 0.75129071, 0.46277616],
        [0.43661959, 0.71064121, 0.51794694],
        [0.9364608, 0.71109753, 0.51772974],
        [0.23943689, 0.88084757, 0.7070817],
        [0.73937897, 0.88083879, 0.70729172],
        [0.34440598, 0.47549062, 0.88661146],
        [0.84452882, 0.47553273, 0.88648467],
        [0.48935462, 0.20736548, 0.38088396],
        [0.98936405, 0.20725752, 0.38075123],
        [0.18644347, 0.01793841, 0.21110194],
        [0.68623452, 0.01800382, 0.21185479],
        [0.09455868, 0.38650151, 0.97546839],
        [0.59456615, 0.38648649, 0.9755374],
        [0.06209801, 0.29086492, 0.50924725],
        [0.56187235, 0.29131044, 0.50960838],
        [0.26706484, 0.11759086, 0.29972536],
        [0.76700961, 0.11740285, 0.30028886],
        [0.15265754, 0.48278954, 0.11546764],
        [0.65276574, 0.48257275, 0.11551714],
        [0.01689186, 0.79980206, 0.61768834],
        [0.51696061, 0.79984493, 0.61763636],
        [0.31218822, 0.00895648, 0.79095219],
        [0.81218854, 0.00898644, 0.7909879],
        [0.40281343, 0.61503436, 0.98297937],
        [0.90269677, 0.61509986, 0.98334054],
        [0.38488711, 0.41663406, 0.56759058],
        [0.88507889, 0.41675892, 0.56722891],
        [0.27930402, 0.77961607, 0.41844687],
        [0.7794155, 0.7794792, 0.41842229],
        [0.20499175, 0.56049157, 0.76551181],
        [0.7051305, 0.56011812, 0.76559356],
        [0.02922179, 0.91847044, 0.27959636],
        [0.52921083, 0.91847432, 0.27964798],
        [0.13518365, 0.06728977, 0.9166414],
        [0.63520728, 0.06720921, 0.91691416],
        [0.45525343, 0.26541062, 0.05982502],
        [0.95527713, 0.26543601, 0.05983365],
        [0.11242213, 0.58078321, 0.44139364],
        [0.61255858, 0.58084439, 0.44129594],
        [0.2176371, 0.22756776, 0.58756821],
        [0.71757808, 0.22754665, 0.58778847],
        [0.29477748, 0.43471482, 0.22934045],
        [0.79479456, 0.43446731, 0.22941351],
        [0.46761965, 0.08764072, 0.72772194],
        [0.9675764, 0.08770732, 0.72762611],
        [0.36238572, 0.94139058, 0.08069422],
        [0.86219449, 0.94194583, 0.08062697],
        [0.04450911, 0.729423, 0.93510348],
        [0.54468949, 0.729393, 0.93499917]
    ],
    "relaxed_energy": -816.10524591,
    "relaxed_forces": [
        [0.00184065, 0.00117246, -0.00100438],
        [-0.00058566, 0.001764, 0.00100206],
        [-0.00015533, 0.00244922, 0.00020827],
        [0.00234817, 0.00162376, -0.00048301],
        [0.00226275, -0.00185359, -0.00229908],
        [0.00063682, 0.00012316, 0.00013972],
        [-0.00074842, -0.00017502, -2.756e-05],
        [0.00205506, 0.00135733, 0.00083951],
        [0.00378755, -0.00035526, 0.00099813],
        [-0.00052581, 0.00151248, 0.00086272],
        [0.00147113, 0.00091389, 0.00025933],
        [0.00163514, -0.00047408, -0.0031183],
        [-0.00093644, -0.00230739, 0.00135442],
        [0.00421229, -0.00023544, 0.00065497],
        [-0.00526731, 0.00125471, 0.00126086],
        [-0.0005389, 0.00232523, -0.00200954],
        [0.00244216, 0.00227118, -0.00062409],
        [-0.00365688, -0.00131663, -0.0021766],
        [0.00350406, -0.00210021, -0.0012663],
        [0.00474003, -7.156e-05, -0.00024193],
        [-0.00203347, -0.0004017, -0.00087378],
        [0.00208306, 0.00131496, 0.00178437],
        [0.00132809, 0.00133182, -0.00111741],
        [0.00017973, 0.00240994, 0.00025274],
        [-0.00135566, 0.00147339, 0.00108989],
        [-0.00266665, -0.00050992, 0.00334665],
        [-0.00109813, -0.00366676, 0.00180735],
        [0.0009124, -0.00226439, 0.00138814],
        [0.00090133, -0.0005795, 0.00164775],
        [0.00108079, -0.00181348, 0.00167751],
        [0.00093235, -3.207e-05, -0.00126262],
        [0.00031254, -0.00113025, 0.00047495],
        [0.00118861, 0.00277876, 0.00026213],
        [-0.00265127, -0.00214174, -0.00259499],
        [-0.00117364, 0.00242665, -0.00237029],
        [0.00414016, 0.00153265, 0.00165726],
        [-0.00015265, -0.00171877, -0.00190505],
        [-0.00245858, -0.001815, -0.00217322],
        [0.00056561, -0.00018579, 0.00343189],
        [0.00201434, 0.00039508, -0.00442438],
        [-0.00059776, -0.00222873, -0.00446219],
        [0.00073085, 0.00034205, 0.00077206],
        [0.00231133, -0.00034227, 0.00059786],
        [-0.00060613, 0.00177055, 0.00075141],
        [-0.00314434, 0.00036692, -0.00286061],
        [-0.00284405, -0.0047362, 0.00282125],
        [0.00179077, -0.00224163, -0.00233171],
        [-0.00225192, 0.00022955, -0.00096162],
        [-0.00178124, -0.00037215, 0.00194876],
        [-0.00117723, 0.00142107, 0.00182471],
        [0.00111294, -0.00382013, -0.00040666],
        [0.00075329, -0.0001174, -0.00096497],
        [-0.00157437, 0.002952, 0.00399012],
        [-0.00031074, 0.00055725, 0.00335079],
        [-0.00225068, -0.00195577, -0.00044351],
        [-0.00461916, -0.00357882, 0.00273193],
        [-0.0006288, -0.00294184, 0.00083435],
        [0.00193011, 0.00047988, -0.00123028],
        [-0.00172353, -0.00082564, -0.0007153],
        [0.00102504, 0.0005099, -0.0041807],
        [0.00432722, 0.00289551, 0.00364029],
        [-0.00146331, -0.00221269, 0.00289068],
        [-0.00392236, -0.00375861, 0.00215462],
        [-0.00125957, 0.00153734, 0.00022241],
        [0.00015798, 0.00058705, -0.00071379],
        [-0.00021724, 0.00547444, -0.00342034],
        [-0.00118906, 0.00338595, 0.00015476],
        [-0.00123867, -0.00112407, 0.00241424],
        [-0.00168869, 0.00134852, -0.00060601],
        [0.00030169, 0.00029325, 0.00133504],
        [0.00155139, 0.0013915, -0.00129008],
        [-0.00247802, 0.00227589, 5.779e-05],
        [-0.00140128, 0.00239891, -0.0026023],
        [-0.000932, 0.00625799, -0.00294315],
        [0.00024086, 0.00091877, 0.00208148],
        [-0.00243543, -0.00285355, 0.00314879],
        [0.00163637, 0.00110421, -0.00211364],
        [0.003033, -0.00504285, 0.00441701],
        [0.00025949, -0.00547311, -0.00521397],
        [3.2e-06, -0.00015518, -0.00110764]
    ],
    "relaxed_lattice": [
        [-5.02965092, -14.38664918, -8.35997104],
        [-7.61581765, -0.07613787, -4.19658165],
        [-0.1310474, -0.07415509, -8.69074934]
    ],