{
    "atom_type": [
        "Na",
        "V",
        "P",
        "O"
    ],
    "atoms_per_type": [
        12,
        8,
        12,
        48
    ],
    "coord_mode": "direct",
    "relaxed_basis": [
        [0.2488072, 0.48722541, 0.50346192],
        [0.74379369, 0.49749717, 0.5144359],
        [0.49081327, 0.01133419, 0.01205712],
        [0.01315389, 0.99536474, 0.98392081],
        [0.12600099, 0.87358054, 0.60445591],
        [0.62346093, 0.89138956, 0.62331743],
        [0.30575429, 0.25000221, 0.88811172],
        [0.81139703, 0.24981616, 0.88423266],
        [0.43636045, 0.61570096, 0.2478932],
        [0.94626278, 0.61125802, 0.25052381],
        [0.87454216, 0.11535316, 0.37805894],
        [0.69277567, 0.75190017, 0.12000015],
        [0.32153189, 0.64725542, 0.65269276],
        [0.8256467, 0.64122856, 0.64585655],
        [0.07216563, 0.13599451, 0.14356543],
        [0.56740222, 0.14962586, 0.14492169],
        [0.18065309, 0.36171563, 0.34940821],
        [0.6754627, 0.36093506, 0.36169254],
        [0.42691334, 0.85332147, 0.84985307],
        [0.92939164, 0.85439004, 0.84917277],
        [0.12522804, 0.54143152, 0.96069739],
        [0.62549895, 0.54840368, 0.9623525],
        [0.4774582, 0.25079832, 0.54427271],
        [0.97805158, 0.24838073, 0.53417879],
        [0.26961884, 0.95870431, 0.25043356],
        [0.77207992, 0.95745469, 0.24925773],
        [0.22654204, 0.04636157, 0.74718815],
        [0.72805481, 0.04699224, 0.75196209],
        [0.37523979, 0.45454307, 0.04474287],
        [0.87624969, 0.45185726, 0.04400998],
        [0.02389495, 0.74495493, 0.45318491],
        [0.52328108, 0.75197058, 0.45612266],
        [0.44280096, 0.70027549, 0.49444012],
        [0.94295912, 0.68843992, 0.49146473],
        [0.23926636, 0.87875999, 0.70865729],
        [0.74788158, 0.88185169, 0.70334145],
        [0.34789386, 0.4827282, 0.88674934],
        [0.84825421, 0.48373887, 0.88521306],
        [0.49273465, 0.20442499, 0.38224403],
        [0.98388296, 0.19551792, 0.38337713],
        [0.18192935, 0.97983768, 0.23227831],
        [0.69003701, 0.98670738, 0.20556313],
        [0.10065941, 0.37361813, 0.01361537],
        [0.6062722, 0.37714941, 0.00721622],
        [0.0609246, 0.30429715, 0.47218212],
        [0.56301416, 0.28688587, 0.50841833],
        [0.25892619, 0.13229029, 0.26957806],
        [0.75726741, 0.12305372, 0.29099282],
        [0.14784769, 0.52802258, 0.115973],
        [0.65206085, 0.52610058, 0.11842719],
        [0.00170373, 0.80791221, 0.61293753],
        [0.51179949, 0.80361133, 0.61382373],
        [0.30985568, 0.01946067, 0.7852178],
        [0.80977661, 0.01887064, 0.79937096],
        [0.40398896, 0.61601607, 0.00147941],
        [0.89764914, 0.61784976, 0.01013213],
        [0.38646457, 0.41895539, 0.56380404],
        [0.88394762, 0.40990665, 0.56391733],
        [0.28532444, 0.77580171, 0.41717064],
        [0.78258015, 0.77341662, 0.41658556],
        [0.20589037, 0.55810265, 0.77186602],
        [0.70684711, 0.56985437, 0.77320356],
        [0.02363113, 0.91438084, 0.27269175],
        [0.53683224, 0.90953557, 0.26651007],
        [0.1369354, 0.06581824, 0.91726281],
        [0.63781127, 0.05896998, 0.91856687],
        [0.4589938, 0.27279125, 0.06049092],
        [0.95479317, 0.26514463, 0.06720898],
        [0.11548921, 0.58757626, 0.43903868],
        [0.61712734, 0.58862304, 0.43411025],
        [0.21230816, 0.22670375, 0.58232184],
        [0.72253377, 0.22612861, 0.58178114],
        [0.2944864, 0.43956699, 0.22944982],
        [0.7933324, 0.43681104, 0.2309039],
        [0.46523881, 0.08820314, 0.73221721],
        [0.97373156, 0.08544707, 0.72219821],
        [0.36009865, 0.92903553, 0.08103636],
        [0.86513828, 0.93396049, 0.08453276],
        [0.04189675, 0.72662844, 0.93189176],
        [0.54227574, 0.73081843, 0.94224934]
    ],
    "relaxed_energy": -815.30463251,
    "relaxed_forces": [
        [0.00273245, 4.122e-05, -9.732e-05],
        [0.00027162, -0.00033107, -0.00067898],
        [-5.597e-05, -0.00080422, 0.00042622],
        [-3.668e-05, -0.00015652, 1.409e-05],
        [0.00076893, 0.00040687, 0.00182069],
        [-0.00063931, 0.00061618, -0.00099347],
        [0.00010463, 0.00018008, 0.00030447],
        [0.00027637, -0.00021914, -0.00052741],
        [0.00187414, -5.181e-05, 0.00110796],
        [-0.00176087, -0.00137061, -0.00332641],
        [-0.00037069, 0.00024619, -0.00046649],
        [-0.00135315, -0.0007534, 0.00147398],
        [0.00041384, -0.00281362, 0.00242764],
        [-0.00112368, -0.00178833, -7.985e-05],
        [0.00116366, -0.00125219, -0.00193587],
        [0.00195331, -0.00537121, -0.0032891],
        [-0.00414108, 0.00158848, 0.00388643],
        [0.00226129, -4.76e-05, 0.00031045],
        [-0.00171573, 0.00401188, -0.00123996],
        [-0.00073987, 0.00279334, 0.00104847],
        [0.00074349, 0.00031809, 0.0017326],
        [0.00550895, 0.00286086, 0.00077095],
        [0.00077602, -0.00132228, -0.00086498],
        [0.0003189, 0.00419731, 0.00281872],
        [0.00234484, -0.00196853, 0.00080556],
        [-0.00020308, -0.00180924, 0.00105397],
        [0.00150551, -0.00215544, -0.00380566],
        [0.00140987, 0.0011526, 0.00117933],
        [-0.00322698, -0.00169878, 0.0021728],
        [0.00215054, -9.89e-05, -0.00144521],
        [-0.00203811, 0.00165625, 8.214e-05],
        [-0.00531904, 0.00045147, -0.00526122],
        [0.00226104, 0.00584043, 0.0025892],
        [-0.00069107, 0.00284635, 0.00021602],
        [0.00050723, -0.00255144, 0.0003447],
        [-0.00119727, -0.00051751, -0.0020589],
        [0.00529667, -0.00492592, -0.00498804],
        [-0.0009198, 0.00036385, 0.00083976],
        [-0.00074845, 0.00076988, 0.00044112],
        [-0.00103838, -0.00135306, -0.00286489],
        [0.00056307, 0.00615016, 0.00376255],
        [-0.00269275, 0.0016458, 0.00177771],
        [0.00150866, -0.00068486, 0.00078126],
        [0.00156599, 0.00250383, -0.00186641],
        [-0.00143352, -0.0025822, 0.00114024],
        [-0.00262352, -0.0014557, -0.00403967],
        [-0.00397928, 0.00034172, 0.00087189],
        [-0.00148694, 0.00165414, -0.00041687],
        [-0.00088986, 0.00239219, 0.00075649],
        [-0.00194125, 0.00125587, 0.00602183],
        [-0.00033571, 0.00045784, 0.00132798],
        [0.00137786, -0.00105371, 0.00394754],
        [-0.00200933, -0.00207323, 0.00024934],
        [-0.00126688, -0.00028543, -0.00142878],
        [-0.00105955, -0.00017807, 0.00154511],
        [-0.00334646, 0.00044557, -0.00018844],
        [-0.00116242, 0.00283463, -0.00404378],
        [0.00175556, -0.00356661, 0.00121579],
        [0.00172126, 3.866e-05, -0.00129517],
        [0.00128087, 0.00424062, -0.00241258],
        [-0.00151622, -0.00182004, 0.00080703],
        [0.00096867, 0.00232967, -0.00223894],
        [-0.00051916, -0.00084069, 0.00099987],
        [0.00406683, -0.00225009, -0.0027292],
        [-0.0009812, -0.00215217, 0.0010809],
        [-0.00019458, 0.00180451, 0.00250419],
        [-0.00060951, 0.0010757, -0.00245764],
        [0.00013672, -0.00140414, -0.00103405],
        [0.00225099, -0.00068209, -0.0002674],
        [0.00159293, -0.00455434, -0.00136731],
        [0.00015194, -0.00084999, 0.00493489],
        [-0.00066745, -0.00191727, -0.00037834],
        [0.00138152, -8.868e-05, -0.00158542],
        [-0.00065356, -0.00131671, 0.00069013],
        [0.00139703, 0.00019997, -0.00264205],
        [-0.00061605, -9.135e-05, 5.339e-05],
        [0.00080097, -0.0002821, 0.00077154],
        [0.00110215, 0.001146, -0.00142432],
        [-0.00064791, 0.00236154, 0.00319675],
        [-0.00031398, 0.00027053, -0.00056358]
    ],
    "relaxed_lattice": [
        [-4.93469623, -14.37262392, -8.40727913],
        [-7.59958381, -0.07456527, -4.23389239],
        [-0.05005437, -0.06201228, -8.6666781]
    ],