{
    "atom_type": [
        "Na",
        "V",
        "P",
        "O"
    ],
    "atoms_per_type": [
        8,
        8,
        12,
        48
    ],
    "coord_mode": "direct",
    "relaxed_basis": [
        [0.25240772, 0.5416571, 0.4576217],
        [0.74910485, 0.52006184, 0.48152453],
        [0.50936851, 0.98924262, 0.99001649],
        [0.006839, 0.96971427, 0.01206649],
        [0.30602034, 0.25037675, 0.87742353],
        [0.80254264, 0.25167056, 0.88930832],
        [0.06469832, 0.37471734, 0.75197758],
        [0.3727853, 0.12219263, 0.38115262],
        [0.32451507, 0.64338421, 0.64259608],
        [0.82257824, 0.64498216, 0.64303989],
        [0.07326223, 0.13591274, 0.15168331],
        [0.57238521, 0.13599566, 0.14397595],
        [0.17437472, 0.36548129, 0.35528526],
        [0.67772517, 0.35903478, 0.35388386],
        [0.43228003, 0.85183037, 0.85625343],
        [0.92480716, 0.85974267, 0.85493229],
        [0.12283314, 0.54559882, 0.95457362],
        [0.62660057, 0.53930316, 0.96516297],
        [0.47901493, 0.25102738, 0.5350873],
        [0.97869841, 0.25148533, 0.54653682],
        [0.27203685, 0.96023166, 0.251765],
        [0.76708414, 0.95671095, 0.25607788],
        [0.23191941, 0.03928824, 0.7554396],
        [0.7303444, 0.04274802, 0.74769731],
        [0.37423081, 0.45702367, 0.03522088],
        [0.87271883, 0.45944367, 0.0400512],
        [0.01694744, 0.75542659, 0.46137785],
        [0.52276936, 0.74164234, 0.46222524],
        [0.43998344, 0.67823264, 0.51711604],
        [0.93724918, 0.68561293, 0.51253303],
        [0.25923971, 0.87162998, 0.70157702],
        [0.7576778, 0.86747955, 0.70677595],
        [0.34769311, 0.47397846, 0.88107365],
        [0.85039701, 0.47612637, 0.88032985],
        [0.48880078, 0.20168892, 0.37864715],
        [0.00188886, 0.20854728, 0.37716196],
        [0.18943178, 0.98006621, 0.21478803],
        [0.68434868, 0.97393148, 0.22353847],
        [0.115344, 0.37077344, 0.96923014],
        [0.61990567, 0.35859328, 0.99569001],
        [0.05634109, 0.29846943, 0.53303947],
        [0.56225577, 0.30779072, 0.48182334],
        [0.25224879, 0.12951171, 0.29505084],
        [0.75051905, 0.13180828, 0.28558202],
        [0.13694309, 0.51996228, 0.12497107],
        [0.65518988, 0.50801782, 0.12398727],
        [0.99532864, 0.80974349, 0.62496727],
        [0.50668489, 0.79613065, 0.61875921],
        [0.31238369, 0.02197425, 0.79700399],
        [0.81070704, 0.02975468, 0.790219],
        [0.39511533, 0.62590975, 0.99032757],
        [0.89014919, 0.64008417, 0.987556],
        [0.38321425, 0.41598781, 0.56530217],
        [0.88196144, 0.41433911, 0.57143315],
        [0.28904189, 0.77588346, 0.41690944],
        [0.78568388, 0.77400569, 0.42154252],
        [0.20784336, 0.58166642, 0.76892126],
        [0.7104882, 0.57259702, 0.77488282],
        [0.02100297, 0.91847211, 0.27855703],
        [0.52038208, 0.91074998, 0.27943453],
        [0.13686657, 0.05539333, 0.91917755],
        [0.63891875, 0.05616629, 0.91660485],
        [0.45721973, 0.26912753, 0.06380595],
        [0.96272442, 0.28671794, 0.05076262],
        [0.10935852, 0.58606176, 0.45438752],
        [0.61676488, 0.57858548, 0.43376653],
        [0.21977802, 0.22589057, 0.58684382],
        [0.71681628, 0.2223411, 0.57527952],
        [0.29138138, 0.43387553, 0.22645956],
        [0.79223393, 0.43549135, 0.22891302],
        [0.47229482, 0.08827616, 0.72386734],
        [0.96254694, 0.08435387, 0.73623089],
        [0.36300241, 0.9510916, 0.07769149],
        [0.8587445, 0.94186317, 0.08008269],
        [0.03436939, 0.72346384, 0.93039438],
        [0.5404181, 0.7156273, 0.95302593]
    ],
    "relaxed_energy": -786.06223273,
    "relaxed_forces": [
        [-0.00110759, 0.00042814, 0.00138441],
        [6.145e-05, -0.00083359, 7.717e-05],
        [-0.00046715, -0.00043878, 0.00043935],
        [-0.00116468, 0.00050985, 0.00193987],
        [-0.00063925, -0.00068411, -0.00043645],
        [0.00061478, -2.81e-05, -0.0001761],
        [-0.00095351, -0.00075893, 5.772e-05],
        [-0.00033792, -1.781e-05, 0.00014304],
        [0.00108761, -0.00223035, 0.00088293],
        [0.00138355, -0.00039441, 0.00070591],
        [-0.00025064, -0.00024233, 0.00036783],
        [-0.0006798, -0.00033349, 0.0003523],
        [-0.0015511, -0.00047775, -0.00125987],
        [-0.00143655, 0.00023139, -0.00042493],
        [-0.00228802, 0.00107469, 0.00024176],
        [0.00312034, -0.00060212, -0.00028986],
        [0.00151033, -0.00105416, 0.00076044],
        [-0.00203236, 0.00216881, -0.00015189],
        [0.00172626, -0.00087581, 0.00085646],
        [0.00187026, 0.00062884, -0.00112496],
        [-0.00119438, 0.00036183, 0.00127462],
        [0.00026047, 0.00020642, -0.00033285],
        [-0.00186699, 0.00109598, -0.00190318],
        [0.00176124, -0.00038114, -0.00097233],
        [-0.00231225, -0.00010987, -0.00081554],
        [0.0009863, 0.00043472, 0.00100987],
        [0.00016203, 0.00043453, 0.00018303],
        [-0.00226279, 0.0004621, 0.0002192],
        [-0.00087055, -0.00068359, 0.00058827],
        [0.00081553, 0.00032499, 0.00044691],
        [0.00142519, 0.00165322, 0.00141205],
        [-0.00309146, 0.00144597, -0.00222776],
        [0.00105898, 0.00023958, 0.00109181],
        [-0.0021733, 0.00067036, 0.00057427],
        [-0.0001186, -0.00050642, 0.00088874],
        [0.00086057, 0.00123929, 0.00097981],
        [-0.0020351, 0.00331595, 0.00335337],
        [0.00039023, -0.00043706, 0.00023934],
        [-0.00078794, 0.00140478, -0.00205875],
        [0.00115245, -0.0004988, 0.00066203],
        [0.00126275, -0.00071415, 0.00208076],
        [0.00014856, -5.687e-05, 0.00116222],
        [0.00314872, -0.00124784, 0.00223776],
        [-0.00163701, 0.0004912, -0.00060114],
        [0.00013237, -0.00120713, -0.00549449],
        [0.0007751, -0.00125735, -0.00288827],
        [-0.00054361, 0.00038446, -0.00253681],
        [0.0003409, -0.00123238, -0.000948],
        [0.00198888, 0.0024615, 0.001474],
        [-0.00102677, -0.00145464, -0.0006755],
        [0.00444422, 0.00039482, 0.00217334],
        [-0.00125429, 8.7e-05, -0.0029633],
        [0.00037362, 0.00054446, 0.00108301],
        [0.00079152, -0.00096655, 0.00085009],
        [-0.00043618, -0.00232791, -0.00052862],
        [-0.00151577, 0.00015994, 0.001091],
        [-0.00132006, -0.00115273, -0.00137745],
        [-0.0002029, -0.00118968, 0.00055647],
        [0.00087362, 0.00043149, -0.00273296],
        [0.00177036, 0.00012979, -0.0003663],
        [-0.00089682, 0.00344716, -0.00260219],
        [0.00025317, -7.771e-05, -5.252e-05],
        [0.001654, 2.999e-05, 0.00185498],
        [-0.00322789, 0.00336628, -0.00034209],
        [0.00134369, -0.00044623, -0.00136769],
        [0.00047653, -0.00039588, 0.00014844],
        [0.00055462, 0.0006258, 0.00100403],
        [0.00025569, -0.0002479, -0.00072081],
        [0.0011281, -0.00039016, -0.00162549],
        [-0.00015981, 0.00263555, -0.00048389],
        [-0.00497848, 6.1e-07, 0.00377339],
        [0.00288398, -0.00071871, -0.00027883],
        [-0.00034132, -0.00202413, -8.02e-06],
        [-0.00011449, 0.00136179, 0.00032239],
        [-0.00147176, -0.00084799, -0.00064162],
        [0.0039011, -0.00533868, 0.00046605]
    ],
    "relaxed_lattice": [
        [-5.05210686, -14.21111203, -8.38211245],
        [-7.58923723, -0.13862776, -4.19177137],
        [-0.20750507, -0.14277016, -8.66379012]
    ],