{
    "atom_type": [
        "Na",
        "V",
        "P",
        "O"
    ],
    "atoms_per_type": [
        12,
        8,
        12,
        48
    ],
    "coord_mode": "direct",
    "relaxed_basis": [
        [0.24309844, 0.27314737, 0.32924578],
        [0.72525003, 0.48417599, 0.54108005],
        [0.1601111, 0.4279844, 0.01765779],
        [0.28786308, 0.95821881, 0.01762174],
        [0.53059811, 0.98501956, 0.9258],
        [0.50015012, 0.73144072, 0.78925597],
        [0.06954295, 0.23866578, 0.80799287],
        [0.99487732, 0.85082345, 0.06066193],
        [0.37941821, 0.41723547, 0.9237984],
        [0.95236383, 0.55700319, 0.39776701],
        [0.7707946, 0.27082863, 0.23694827],
        [0.15103199, 0.70486916, 0.29270009],
        [0.84427091, 0.50222041, 0.77387028],
        [0.15146985, 0.81119254, 0.65103743],
        [0.75643039, 0.15941382, 0.86755836],
        [0.08220456, 0.13090384, 0.39844711],
        [0.34298372, 0.85623923, 0.60431218],
        [0.54467044, 0.30873097, 0.55524693],
        [0.56563878, 0.68677157, 0.3135249],
        [0.63348761, 0.92753414, 0.42971244],
        [0.9215765, 0.90586367, 0.43815594],
        [0.1641977, 0.51479898, 0.64288221],
        [0.41773591, 0.44275844, 0.29110576],
        [0.72981595, 0.79268543, 0.00493396],
        [0.84300908, 0.63022292, 0.12552854],
        [0.21866977, 0.71150238, 0.95416347],
        [0.3532692, 0.12680161, 0.62692085],
        [0.96574981, 0.99409237, 0.58484039],
        [0.45487058, 0.66284199, 0.20845636],
        [0.48199431, 0.11450109, 0.39970212],
        [0.63852588, 0.49702435, 0.01690758],
        [0.53743805, 0.37498101, 0.04866722],
        [0.94533942, 0.62360558, 0.13538197],
        [0.10356452, 0.01515534, 0.71670213],
        [0.18233446, 0.86649174, 0.02262246],
        [0.00493664, 0.79552422, 0.32372737],
        [0.17162767, 0.47327426, 0.49092818],
        [0.70034276, 0.98182208, 0.21153159],
        [0.40464364, 0.77401955, 0.08939909],
        [0.85890791, 0.79013528, 0.57213428],
        [0.67930147, 0.8471462, 0.5981963],
        [0.72525988, 0.12163526, 0.10768369],
        [0.86226455, 0.0520205, 0.35552884],
        [0.83809733, 0.47177325, 0.60923104],
        [0.02456373, 0.83379567, 0.67755533],
        [0.09698897, 0.15709337, 0.57535476],
        [0.00922499, 0.30352821, 0.2925541],
        [0.37574663, 0.94305394, 0.73875072],
        [0.88228108, 0.09604485, 0.7129541],
        [0.1487998, 0.71370045, 0.88223771],
        [0.92151339, 0.34901263, 0.84883077],
        [0.47898129, 0.31000445, 0.41442388],
        [0.44393329, 0.82827633, 0.43871745],
        [0.26725493, 0.79502261, 0.5530499],
        [0.23029715, 0.55292134, 0.08457204],
        [0.64584611, 0.16233296, 0.41370001],
        [0.75813958, 0.66624494, 0.89860445],
        [0.75782543, 0.941528, 0.88856299],
        [0.29186782, 0.09190963, 0.55354316],
        [0.36293662, 0.16442654, 0.09031629],
        [0.68213544, 0.27551281, 0.77178607],
        [0.60456933, 0.65811448, 0.9091774],
        [0.73965214, 0.3852744, 0.92891426],
        [0.49394747, 0.47841903, 0.91594039],
        [0.08383268, 0.35546843, 0.28649952],
        [0.29650653, 0.19994131, 0.02805474],
        [0.14853443, 0.89274528, 0.40748184],
        [0.62035235, 0.75077753, 0.42174215],
        [0.64039011, 0.50100834, 0.18691024],
        [0.62408191, 0.83657178, 0.09993062],
        [0.13463171, 0.40367639, 0.8069946],
        [0.80521259, 0.50097038, 0.26120018],
        [0.92000618, 0.63975952, 0.65035277],
        [0.58035942, 0.93142212, 0.65996464],
        [0.4774208, 0.24812265, 0.74455726],
        [0.8519268, 0.76775645, 0.19449596],
        [0.31470036, 0.69522453, 0.81003133],
        [0.53066024, 0.51221877, 0.51636745],
        [0.20051476, 0.00432524, 0.28310787],
        [0.66451886, 0.19043714, 0.54293117]
    ],
    "relaxed_energy": -744.8474471,
    "relaxed_forces": [
        [0.00441078, 0.00138267, -0.00184729],
        [0.00622679, -0.00318063, 0.00511663],
        [-0.00037441, 0.00086012, -0.00069375],
        [0.00025547, -0.00116188, -0.00032935],
        [0.00187548, 0.00314492, -0.00118798],
        [0.00120848, -0.00337484, 0.00072956],
        [0.00078308, -0.00032417, -0.00114883],
        [0.00162201, -0.0002506, 0.00212456],
        [0.00059101, 0.00256762, -0.00226261],
        [-0.0004451, 0.00231197, 0.00338162],
        [0.0016693, 4.28e-06, 0.00359232],
        [-0.00033642, 0.00090988, 0.00113781],
        [-0.0029308, 0.00244764, -0.00015232],
        [0.00052189, 0.00400584, 0.00190156],
        [0.00253379, -0.00228639, -0.00017511],
        [7.6e-07, -0.00012485, 0.0020163],
        [0.00080842, 0.00314068, -0.00709669],
        [0.00497792, 0.00453198, 0.00129187],
        [0.00077217, -0.00150626, 0.00057112],
        [-0.00358059, -0.00081467, -0.00018834],
        [-0.00098415, -0.00383094, 0.000351],
        [-0.00361804, 0.00130548, -0.00025989],
        [0.00080957, 0.00130564, 0.00029415],
        [0.00307771, -0.00140102, -0.00029758],
        [0.00343091, -0.00033441, 0.00343808],
        [-0.00248205, -0.00061248, -0.00112886],
        [-1.324e-05, -0.00261076, -0.00396958],
        [-0.00229617, 0.00035398, 0.00387317],
        [3.18e-06, -0.00094918, -0.00054788],
        [-0.00065264, -0.00062304, -0.00073975],
        [-0.00130497, 0.00179173, -0.00101651],
        [-0.00151648, 0.00130309, -0.00130032],
        [0.00272912, -0.00628926, 0.0055112],
        [-0.00100847, -0.00064536, -0.00044092],
        [-0.00434644, 5.253e-05, 0.00017731],
        [-0.00147925, 0.00197253, 0.00235088],
        [-0.00133478, 0.00044593, 0.00122434],
        [0.00400655, -0.00135662, -0.00652743],
        [-0.00055308, -0.00182276, -0.00319792],
        [0.00055343, 0.00309459, 0.00069942],
        [-0.00177043, -0.00090847, -0.00377614],
        [-0.00045188, -0.00173649, -0.000464],
        [-0.0012568, 0.00501015, 0.00038555],
        [0.00143516, 0.00186646, 0.00299169],
        [-0.00011354, -0.00202177, -0.00103062],
        [-0.00153158, -0.00090783, -0.00059247],
        [0.00161947, 0.00054859, 0.00067474],
        [0.0016064, -0.00433682, 0.00016635],
        [-0.00221662, 0.00598185, 0.00155697],
        [-0.00264821, 0.00165126, 0.00336008],
        [-0.00027922, -0.00257553, 0.00326107],
        [0.0003793, -3.342e-05, -0.00272796],
        [-0.00244827, -0.00472603, 0.00399982],
        [-0.00237541, -0.00361447, 0.00124409],
        [-0.00126751, 0.00138905, 0.00028182],
        [-0.00140837, 0.00378931, 0.00071039],
        [0.00150437, -0.00381445, 0.00244356],
        [-0.00056719, -0.00331677, -0.00344372],
        [0.0010175, 2.743e-05, -0.00080881],
        [0.00023547, 0.00024171, -0.00432531],
        [0.00136336, 0.00401407, 0.00367415],
        [-0.0002412, -0.00014208, -0.00030656],
        [0.00267851, -0.00163344, 0.00099238],
        [0.00087299, 0.00011079, -0.00118012],
        [-0.00104377, -0.00017385, -0.00150583],
        [-0.00045094, 0.00398991, 0.00391349],
        [0.00182688, -0.00023343, -0.00037116],
        [0.00361651, 0.00087955, -0.00159822],
        [-0.00157563, 0.00086729, -0.00297277],
        [-1.15e-06, 0.00104199, -0.00121845],
        [-0.0011595, 0.00151581, -0.00062959],
        [0.00085077, -0.00308481, 0.00104271],
        [0.0001049, -0.00163946, 0.00324717],
        [-0.00173684, 0.00492947, -0.0027348],
        [0.00125822, 0.00217496, -0.00468797],
        [0.00109311, -0.00445302, -0.00038262],
        [-0.00285111, -0.00280377, 0.00276368],
        [-0.0030069, 0.00335694, -0.00305087],
        [-0.00182522, -0.0029312, 0.00020226],
        [-0.00284637, -0.00173243, -0.00437798]
    ],
    "relaxed_lattice": [
        [-4.59011915, -14.39900866, -7.88980513],
        [-8.26909171, 0.11084064, -3.75567891],
        [0.70586155, -0.03977411, -9.03793631]
    ],