{
    "atom_type": [
        "Na",
        "V",
        "P",
        "O"
    ],
    "atoms_per_type": [
        4,
        8,
        12,
        48
    ],
    "coord_mode": "direct",
    "relaxed_basis": [
        [0.7443994, 0.50674948, 0.50207647],
        [0.99977955, 0.9984021, 0.00150632],
        [0.1267055, 0.8458948, 0.59665004],
        [0.37492954, 0.1249318, 0.38701913],
        [0.32285093, 0.64000686, 0.64345545],
        [0.81661432, 0.64655852, 0.64525603],
        [0.06786629, 0.14282276, 0.15308443],
        [0.57247564, 0.14913115, 0.13248198],
        [0.17665296, 0.36805647, 0.35590517],
        [0.68412337, 0.34592088, 0.35632471],
        [0.4347257, 0.85566665, 0.85248261],
        [0.92456248, 0.85317107, 0.86354592],
        [0.12811075, 0.53487254, 0.96189215],
        [0.62195286, 0.53947705, 0.96519181],
        [0.48545033, 0.25025529, 0.52887383],
        [0.97595991, 0.25442337, 0.53389313],
        [0.26887121, 0.97420395, 0.24692103],
        [0.77152595, 0.96537221, 0.24902571],
        [0.23005304, 0.02725467, 0.75263817],
        [0.72978115, 0.03847628, 0.75207777],
        [0.37324885, 0.4693381, 0.03905058],
        [0.87639758, 0.45838362, 0.03731728],
        [0.01473477, 0.75001563, 0.46209438],
        [0.52390939, 0.74373661, 0.47242823],
        [0.42888695, 0.7369139, 0.5112156],
        [0.92999789, 0.7055857, 0.49916161],
        [0.22606247, 0.86890828, 0.72745143],
        [0.74709628, 0.87441976, 0.70490265],
        [0.3472609, 0.51202821, 0.87182017],
        [0.85019227, 0.49907722, 0.87323244],
        [0.49011056, 0.23340816, 0.35687999],
        [0.98390024, 0.21287295, 0.37076567],
        [0.16989937, 0.99872813, 0.26407292],
        [0.6853636, 0.02078115, 0.20221092],
        [0.10226586, 0.36688641, 0.01435953],
        [0.60201849, 0.37514083, 0.98270313],
        [0.06352495, 0.29729783, 0.47871986],
        [0.57690429, 0.26069119, 0.50390889],
        [0.2635052, 0.13782008, 0.27957417],
        [0.76528659, 0.12174658, 0.29564305],
        [0.15103313, 0.5125868, 0.12403358],
        [0.65257136, 0.48110027, 0.12938265],
        [0.00046452, 0.79303545, 0.62779686],
        [0.52478581, 0.75226822, 0.64375733],
        [0.32951014, 0.98779388, 0.73919322],
        [0.81580761, 0.99955401, 0.79721121],
        [0.39602555, 0.63874275, 0.99628379],
        [0.89991075, 0.62412271, 0.0071338],
        [0.39890932, 0.42284277, 0.5677444],
        [0.88209394, 0.41844052, 0.56819786],
        [0.29018219, 0.78610759, 0.41842635],
        [0.77882549, 0.77528105, 0.4179644],
        [0.21234172, 0.55200429, 0.77334022],
        [0.7050257, 0.57410473, 0.77400109],
        [0.02404865, 0.92273583, 0.2755268],
        [0.53425821, 0.92790035, 0.29608147],
        [0.15038042, 0.05335539, 0.94127668],
        [0.63883012, 0.05841643, 0.92391184],
        [0.45771024, 0.28188755, 0.05981208],
        [0.96389652, 0.27426655, 0.04814281],
        [0.10752892, 0.5813333, 0.43928584],
        [0.6111673, 0.57229897, 0.42566732],
        [0.20813213, 0.21688412, 0.58439192],
        [0.72236685, 0.22696681, 0.58204403],
        [0.28954112, 0.4434869, 0.22797157],
        [0.79363291, 0.435414, 0.22765849],
        [0.46973377, 0.06996596, 0.70683506],
        [0.97585453, 0.0725227, 0.71509592],
        [0.34526304, 0.95624071, 0.0596282],
        [0.86520731, 0.93921283, 0.07822527],
        [0.04341724, 0.72447812, 0.93041921],
        [0.5334861, 0.71899118, 0.96551538]
    ],
    "relaxed_energy": -755.12821308,
    "relaxed_forces": [
        [-0.00069067, -0.00062049, 0.00106341],
        [-0.00086722, -0.00275491, 0.00337956],
        [0.00555511, 0.00258195, 0.00563396],
        [0.00127131, -0.00067918, -0.00129736],
        [0.00142289, -0.00310732, -0.00165127],
        [0.00311321, -0.00724562, -0.00111996],
        [-0.00412965, -0.00298483, 0.00271881],
        [-0.00169491, 0.00313924, 0.0078694],
        [-0.00069128, 0.00023652, 0.00142406],
        [0.00861201, 0.00066382, 0.00245604],
        [-0.00372567, -0.00108094, -0.00455237],
        [0.00085172, -0.00069064, -0.00486251],
        [-0.00228887, -0.0012949, 0.00127609],
        [-0.00350751, 0.00108337, 0.00180116],
        [0.00113397, -0.0047268, -0.00249972],
        [-0.0016944, 0.00374716, 0.00646385],
        [-0.00065903, -0.00251712, 0.00744371],
        [0.00067824, -0.0031234, -0.00480929],
        [-0.00451914, 0.0004204, -0.00240884],
        [0.0002938, 0.0038225, 0.00029859],
        [-0.00290854, -0.00196944, -0.00183511],
        [-0.00532193, 0.00183273, 0.00044069],
        [0.00068679, 0.0035731, 0.00145642],
        [-0.00554517, -0.00467954, 0.00142501],
        [0.00195998, 0.00607882, 0.00094571],
        [-0.0003361, 0.00523179, 0.00267829],
        [0.00458017, -0.00216043, -0.00131361],
        [0.00270214, -0.00207924, 0.0054287],
        [-0.00495361, -0.00446509, 0.00239071],
        [0.00129018, 0.00480321, -0.0020655],
        [9.108e-05, 0.00056666, -0.00201255],
        [-0.00123673, -0.00051429, 0.00576273],
        [0.00156925, 0.00021155, 0.00274679],
        [-0.00502378, -0.00234876, -0.00082543],
        [0.00508753, 6.93e-06, -0.00165735],
        [0.00010046, -0.00079003, 0.00071472],
        [-0.00557592, -0.00455159, -0.00106291],
        [-0.00105481, -0.00683207, -0.00077794],
        [0.00085144, 0.00164136, -0.00146152],
        [-0.00582038, 0.00115113, -0.00606332],
        [-0.00142942, 0.00065637, 0.00203823],
        [0.00275974, -0.00250102, 0.00295734],
        [-0.00289746, 0.0038573, -0.00090778],
        [0.00474429, 0.00091991, -0.00275985],
        [-0.00286045, 0.00207003, -0.00073405],
        [-0.00225272, 0.00103348, 0.00206699],
        [0.00398247, 0.00386309, -0.00383255],
        [-0.00600741, -0.00097994, 0.00038677],
        [-0.00043251, -0.00115194, -0.00167008],
        [0.00419974, 0.00502698, 0.00116756],
        [0.0019193, 0.00089721, -0.00370461],
        [0.00547284, 0.00204205, -0.00335647],
        [0.00293303, -0.00356851, -0.00433444],
        [-0.00164982, -0.0042321, 0.00171431],
        [-0.00481896, 0.00385272, 0.00421031],
        [0.00075609, -0.00013173, -0.00449713],
        [0.00177307, 0.00240163, -0.00234825],
        [0.00136817, 0.00275059, -0.00171319],
        [0.00260877, 0.00020491, -0.00125004],
        [-0.00159909, -0.00154528, 0.00428446],
        [0.00149213, 0.00492194, 0.0042637],
        [0.00701127, -0.00209774, 0.0014222],
        [0.00209511, -2.343e-05, 0.00020651],
        [-0.00516833, 0.00075116, -0.00247225],
        [-0.00043157, 0.00418114, -0.00213597],
        [0.00050903, 0.0010302, -0.00295472],
        [0.00371536, -0.00244006, -0.00254069],
        [0.00189401, 0.00043844, -0.00170147],
        [-0.00181225, -0.00096848, -0.00639178],
        [0.00082052, -0.00310383, 0.00477957],
        [-0.00070045, -0.00157074, 0.00186028],
        [0.00239959, 0.00384004, -0.00559474]
    ],
    "relaxed_lattice": [
        [-5.09100175, -14.09315657, -8.43085219],
        [-7.50507195, -0.14120977, -4.24886755],
        [-0.25007955, -0.13674027, -8.60506902]
    ],