{
    "atom_type": [
        "Na",
        "V",
        "P",
        "O"
    ],
    "atoms_per_type": [
        11,
        8,
        12,
        48
    ],
    "coord_mode": "direct",
    "relaxed_basis": [
        [0.25654634, 0.50739736, 0.48473489],
        [0.74630587, 0.48447865, 0.51691227],
        [0.49176244, 0.01806877, 0.9945781],
        [0.0044812, 0.98245642, 0.01603006],
        [0.12550644, 0.8844822, 0.61362199],
        [0.62527488, 0.88952384, 0.61438564],
        [0.80949763, 0.25019379, 0.89517072],
        [0.94054026, 0.60383794, 0.24999216],
        [0.06123264, 0.37679971, 0.75061961],
        [0.37589699, 0.11771719, 0.37986386],
        [0.68865375, 0.74883803, 0.12491638],
        [0.32141694, 0.64233019, 0.64305389],
        [0.82395196, 0.64737552, 0.64578506],
        [0.07368121, 0.14188589, 0.14422586],
        [0.56894153, 0.14898429, 0.14274849],
        [0.18282129, 0.35896798, 0.34740216],
        [0.67447829, 0.35564702, 0.36200547],
        [0.42738387, 0.85251799, 0.85750967],
        [0.92659113, 0.85386416, 0.85326799],
        [0.12408892, 0.53732637, 0.95271003],
        [0.62457854, 0.54782108, 0.9632726],
        [0.47408222, 0.25101708, 0.53959628],
        [0.98157847, 0.25052424, 0.5467254],
        [0.27533225, 0.96418688, 0.24290401],
        [0.7688803, 0.95418321, 0.24889563],
        [0.22938712, 0.03657735, 0.7478845],
        [0.72645858, 0.04609317, 0.75034858],
        [0.37538092, 0.46423461, 0.03442796],
        [0.8742584, 0.4475255, 0.05304704],
        [0.02422647, 0.74952554, 0.45401803],
        [0.52078327, 0.75067861, 0.46380994],
        [0.43533039, 0.70998387, 0.51128461],
        [0.94192067, 0.70437228, 0.48312467],
        [0.23875229, 0.8846512, 0.69396175],
        [0.7447092, 0.8795554, 0.70422495],
        [0.34505485, 0.50294456, 0.88069363],
        [0.85249698, 0.48085648, 0.88682248],
        [0.48540591, 0.20016871, 0.38252472],
        [0.99886382, 0.21963321, 0.37519084],
        [0.18832095, 0.01826832, 0.20182485],
        [0.68749252, 0.97312943, 0.20877424],
        [0.09664653, 0.38469054, 0.97299536],
        [0.60746921, 0.37398461, 0.00660713],
        [0.06388832, 0.28867255, 0.52643146],
        [0.56192713, 0.2819179, 0.49925886],
        [0.2691367, 0.12026998, 0.28914906],
        [0.74949798, 0.12716509, 0.28070917],
        [0.14298301, 0.49047912, 0.12625123],
        [0.6479757, 0.53022637, 0.1201376],
        [0.00691617, 0.79377792, 0.62068648],
        [0.51025271, 0.80579509, 0.61839891],
        [0.31653429, 0.98377812, 0.79184957],
        [0.80824495, 0.01776522, 0.7961923],
        [0.40679799, 0.62536745, 0.98952853],
        [0.89588058, 0.61527922, 0.01801211],
        [0.38470585, 0.41748544, 0.56382367],
        [0.88777018, 0.41635887, 0.5703628],
        [0.2785965, 0.78152694, 0.41238076],
        [0.78108337, 0.77041336, 0.41643075],
        [0.20257032, 0.57293351, 0.76523025],
        [0.70910404, 0.56435606, 0.77637443],
        [0.03824567, 0.91192118, 0.27140485],
        [0.5269359, 0.91740828, 0.27571929],
        [0.13705715, 0.06781032, 0.9078575],
        [0.63656713, 0.05270625, 0.9227784],
        [0.45702036, 0.27793977, 0.05763026],
        [0.9587644, 0.26600449, 0.06567839],
        [0.11402996, 0.57642218, 0.4455938],
        [0.61409834, 0.59094353, 0.43616935],
        [0.22644048, 0.22384035, 0.58047181],
        [0.71275207, 0.2287791, 0.58767917],
        [0.29588819, 0.44621087, 0.22391624],
        [0.78961358, 0.43592161, 0.23417133],
        [0.46616048, 0.07946922, 0.72469319],
        [0.96896493, 0.08301882, 0.73071229],
        [0.36600378, 0.93246958, 0.07670143],
        [0.86253623, 0.93168093, 0.08391584],
        [0.03943367, 0.72514373, 0.94094011],
        [0.54404146, 0.73459638, 0.9266063]
    ],
    "relaxed_energy": -808.37905358,
    "relaxed_forces": [
        [-0.00069215, -0.00151553, 0.00162854],
        [-0.00247008, 0.0009109, -0.00112872],
        [0.00155572, 0.00182512, -0.00081631],
        [-0.00043887, 0.00014059, 0.00039208],
        [-3.729e-05, 0.0006531, -0.00051965],
        [-0.00282997, 0.00026927, -0.00299925],
        [-0.00119426, -0.00088722, -0.00115444],
        [0.00066921, -0.00101684, -8.417e-05],
        [0.0004164, 0.00064645, 0.00128855],
        [0.00065125, -0.00122029, -0.00051506],
        [0.00157177, 0.00199707, -2.058e-05],
        [0.0034027, -0.00050488, -0.00264984],
        [-0.00231914, -0.00188083, 0.00138768],
        [0.00031017, 0.0057427, 0.00259668],
        [2.621e-05, -0.00348815, -0.00061786],
        [0.00307869, 0.00145302, 0.00236375],
        [0.00085661, -0.00099408, -0.00097738],
        [0.00011375, 0.00023127, -0.00133863],
        [0.00382187, 0.00265838, -0.00434588],
        [0.00191187, 0.00078237, 0.00186149],
        [0.00324836, 0.00329215, 0.00021383],
        [0.00170579, -0.00313986, 0.00381038],
        [-0.00092408, 0.00080203, 7.327e-05],
        [0.00481692, 0.00051365, 0.0021338],
        [-0.00045538, -0.00565594, -0.00504927],
        [-0.00182194, 0.00151915, -0.00363332],
        [0.00070096, 0.00503259, -0.00335111],
        [-0.00373731, 0.00441512, 0.00074919],
        [-0.00026255, 0.00104118, -0.00043464],
        [1.79e-06, 0.00109895, -0.00235855],
        [-0.00172644, -3.539e-05, 0.00167448],
        [-0.00260735, 0.005862, -0.00274247],
        [-0.00136885, -0.00086429, -0.00104499],
        [0.0066778, 0.00311846, 0.00431684],
        [-0.00041961, -0.00195972, 0.00262621],
        [0.00306767, -0.00556545, -0.00578578],
        [-0.00015139, 0.00061999, -0.0012032],
        [0.00097714, -0.00194117, -0.00403849],
        [-0.0019989, 0.00200343, 0.00096342],
        [-0.0050218, 0.00351257, 0.00223282],
        [-0.00209046, 0.00360769, 0.00435833],
        [-0.00234377, 0.00099894, 0.00195792],
        [-0.00458473, -0.00024892, 0.00033506],
        [9.232e-05, 0.00159339, 0.00205895],
        [0.00814662, 0.00175596, -0.00265553],
        [-0.00497448, 0.00099953, -0.00055282],
        [-0.00129855, 0.00024991, -0.00244375],
        [-0.00190288, -0.00019792, 0.00254431],
        [0.00107647, 7.829e-05, 0.00051969],
        [0.00258767, -7.488e-05, 0.00110957],
        [-0.00091364, -0.00176166, -0.0014913],
        [0.00103124, 0.00444612, 0.00562105],
        [0.00456123, -0.00704222, -0.00451962],
        [0.00115941, -0.0026707, 0.00258114],
        [0.00462667, -0.00161585, -0.00414672],
        [-0.00400917, 0.00376871, 0.00119032],
        [-0.00235822, 0.00150248, -0.00167023],
        [-0.00733589, 0.00138971, 0.00052083],
        [-0.00188598, 0.00150504, 0.00368405],
        [0.00169056, -0.00315001, -0.00022133],
        [-0.00367521, -0.00045535, -0.0010938],
        [0.00276646, -0.00052606, 0.00112367],
        [0.0014071, -0.00226882, -0.00081777],
        [-0.00114026, -0.00194813, 0.00077893],
        [-0.00099829, -0.00670842, 0.00199758],
        [0.00556485, -0.00734577, 0.00015325],
        [0.00202267, -0.00182146, 0.00017861],
        [0.00173438, -0.00249306, 0.00424527],
        [0.0040219, 0.00125211, 0.00138095],
        [-0.00179505, -0.00174332, 0.00016995],
        [-0.00318912, -0.00258694, -0.001759],
        [-0.00193491, -0.00374958, 0.00364781],
        [-0.00135773, -0.00053326, -0.00268684],
        [-1.124e-05, 0.00304345, -0.0001711],
        [-0.00233541, 0.00013589, 0.0004079],
        [0.0010806, 0.00492248, -0.00160088],
        [-0.00234339, -0.00023428, -0.00071819],
        [-0.00079097, 0.00165575, 0.00375722],
        [0.00059392, -0.00320072, -0.00127688]
    ],
    "relaxed_lattice": [
        [-5.02321771, -14.31715295, -8.41872109],
        [-7.59649415, -0.08169231, -4.22591036],
        [-0.1288318, -0.07697192, -8.70287186]
    ],