{
    "atom_type": [
        "Na",
        "V",
        "P",
        "O"
    ],
    "atoms_per_type": [
        2,
        4,
        6,
        24
    ],
    "coord_mode": "direct",
    "relaxed_basis": [
        [0.61680473, 0.25013338, 0.8828408],
        [0.38320781, 0.74986072, 0.11712419],
        [0.64499601, 0.64256959, 0.64440599],
        [0.14407456, 0.14249211, 0.14493595],
        [0.35498334, 0.35745213, 0.35558025],
        [0.85598739, 0.85745703, 0.85505522],
        [0.24577217, 0.54030599, 0.97385516],
        [0.96226123, 0.25020456, 0.53731378],
        [0.52564752, 0.96041375, 0.25416648],
        [0.47435118, 0.03959537, 0.74581222],
        [0.75422088, 0.45969198, 0.02614401],
        [0.03773896, 0.74977259, 0.4626778],
        [0.86808599, 0.70059913, 0.50928359],
        [0.51357344, 0.84144197, 0.75826844],
        [0.73159685, 0.45637177, 0.86522467],
        [0.00821518, 0.20027312, 0.36831561],
        [0.36475887, 0.95683569, 0.23197618],
        [0.25609828, 0.34297407, 0.01346153],
        [0.13190835, 0.29939713, 0.49070603],
        [0.48642089, 0.15855864, 0.2417219],
        [0.26835453, 0.5436439, 0.13478384],
        [0.99179977, 0.79971326, 0.63166622],
        [0.63521612, 0.04320329, 0.76799481],
        [0.7439167, 0.65701725, 0.98653459],
        [0.7785468, 0.42032372, 0.55615072],
        [0.55831655, 0.80467791, 0.43373453],
        [0.42511944, 0.57134746, 0.78865594],
        [0.05727375, 0.91927732, 0.27815869],
        [0.28914341, 0.0717197, 0.92480404],
        [0.93289322, 0.30260551, 0.05927707],
        [0.22144295, 0.57963989, 0.44389012],
        [0.44164003, 0.19532637, 0.56625419],
        [0.57483104, 0.42868339, 0.21133446],
        [0.94277003, 0.08065511, 0.72182535],
        [0.71083895, 0.92827713, 0.07519772],
        [0.06707207, 0.69738809, 0.94074592]
    ],
    "relaxed_energy": -377.11668706,
    "relaxed_forces": [
        [0.00089537, 0.00169385, 0.00044239],
        [-0.00062518, -0.00133939, -0.00071411],
        [-0.00325076, -0.00263003, -0.00263051],
        [0.00337161, 0.00142487, -0.00073157],
        [0.00309401, 0.003503, 0.00459686],
        [-0.00402102, -0.00302094, 0.00138762],
        [-0.00281864, 0.0027862, -0.00439997],
        [-0.00119062, -0.00567091, 0.00042225],
        [0.00241544, 0.00293492, -0.00324434],
        [-0.00616248, -0.0023975, 0.00347369],
        [0.00593668, -0.00248669, 0.0051152],
        [0.0022712, 0.00394455, -0.00260725],
        [0.00326963, 0.0011481, -0.00065904],
        [-0.00191109, 0.00308387, 0.00136287],
        [-0.0062734, -0.00501737, 0.00126967],
        [-0.00379363, 0.00160066, -0.00415912],
        [0.00400415, 0.00350724, -0.00235131],
        [-0.00304331, 0.00108811, 0.00234772],
        [-0.00169652, 0.00146158, 0.00110268],
        [0.00136462, -0.00313575, -0.00178956],
        [0.00498024, 0.00462357, -0.00382117],
        [0.00337622, 0.00040654, 0.00176865],
        [-0.00332426, -0.00189269, 0.00422985],
        [0.00333186, -0.00045057, -0.00151295],
        [-0.00072431, -0.00302106, 0.00250758],
        [0.00368956, -0.0046916, -0.00228219],
        [0.0035052, 0.00200303, -0.00219909],
        [-0.00644214, -0.00192672, 0.00233049],
        [-0.00099047, -0.00235848, 0.00051932],
        [0.00104265, -0.00610215, -0.00565835],
        [0.00199662, 0.00213666, -0.00142329],
        [1.069e-05, 0.00349356, -0.00231463],
        [-0.00521267, -0.00387371, 0.00277246],
        [0.0036675, 0.00203197, -0.0004026],
        [0.00075742, 0.0003385, 0.00070821],
        [-0.00150017, 0.00680479, 0.00654352]
    ],
    "relaxed_lattice": [
        [-2.51971829, -7.09854453, -4.34713723],
        [-7.53928383, -0.16155753, -4.27743355],
        [-0.20602448, -0.27091228, -8.68393915]
    ],
    "relaxed_mag_basis": [
        0.0,
        0.0,
        1.006,
        1.006,
        1.006,
        1.006,
        0.004,
        0.002,
        0.004,
        0.005,
        0.004,
        0.002,
        -0.041,
        0.007,
        -0.004,
        -0.041,
        -0.004,
        0.008,
        -0.041,
        0.007,
        -0.004,
        -0.041,
        -0.004,
        0.008,
        0.0,
        0.007,
        -0.036,
        -0.0,
        -0.037,
        0.007,
        0.0,
        0.008,
        -0.037,
        -0.0,
        -0.037,
        0.007
    ],
    "relaxed_magmom": 4.0001
}