{
    "atom_type": [
        "Na",
        "V",
        "P",
        "O"
    ],
    "atoms_per_type": [
        8,
        8,
        12,
        48
    ],
    "coord_mode": "direct",
    "relaxed_basis": [
        [0.25493713, 0.48619231, 0.4985911],
        [0.74464008, 0.51508463, 0.50066464],
        [0.49116955, 0.02273455, 0.99423018],
        [0.00695732, 0.98053635, 0.00732445],
        [0.12770965, 0.88282311, 0.61255992],
        [0.81045444, 0.24559373, 0.88399571],
        [0.8759911, 0.11336919, 0.38540255],
        [0.69160286, 0.7555037, 0.10911583],
        [0.32652273, 0.63627858, 0.64211746],
        [0.81870893, 0.64456249, 0.65026335],
        [0.07437026, 0.13833907, 0.14041866],
        [0.56536519, 0.15176672, 0.15222501],
        [0.18249884, 0.35291203, 0.35048291],
        [0.67356941, 0.36524446, 0.35357796],
        [0.42552883, 0.86291473, 0.85411156],
        [0.93261563, 0.8472792, 0.85497229],
        [0.12967232, 0.53365688, 0.96005349],
        [0.61969002, 0.55233587, 0.96424226],
        [0.47772062, 0.24984633, 0.54089654],
        [0.97898323, 0.25194867, 0.53271813],
        [0.27271683, 0.95996092, 0.24978856],
        [0.76809427, 0.95935986, 0.25078189],
        [0.23097155, 0.03531909, 0.74830638],
        [0.72797266, 0.04824164, 0.75419728],
        [0.37486389, 0.46492252, 0.03699588],
        [0.87560926, 0.44888662, 0.03587584],
        [0.02491583, 0.74111038, 0.46508762],
        [0.5183426, 0.75625317, 0.46076586],
        [0.43691949, 0.70113144, 0.49946866],
        [0.93343574, 0.71003732, 0.52538641],
        [0.24756453, 0.86971962, 0.70138069],
        [0.73945826, 0.86551936, 0.74839282],
        [0.35355731, 0.49281154, 0.87079812],
        [0.84598443, 0.46622449, 0.88767187],
        [0.49334852, 0.19486499, 0.38024151],
        [0.98871789, 0.19763357, 0.37964648],
        [0.18464062, 0.98863887, 0.22991359],
        [0.68454697, 0.98516726, 0.20960601],
        [0.10566282, 0.37177115, 0.9931819],
        [0.59797658, 0.37405, 0.02861861],
        [0.06714865, 0.29117574, 0.4828799],
        [0.56098665, 0.29649006, 0.49726603],
        [0.25782839, 0.12476242, 0.29701881],
        [0.75614526, 0.13877087, 0.2656035],
        [0.15840571, 0.495838, 0.11911915],
        [0.64134862, 0.5455885, 0.11863124],
        [0.02277605, 0.7878542, 0.61632803],
        [0.49820277, 0.81026626, 0.62203473],
        [0.31490198, 0.99991932, 0.79383226],
        [0.81319422, 0.03030111, 0.78083311],
        [0.39647523, 0.63316082, 0.99964908],
        [0.8984505, 0.62235666, 0.97796061],
        [0.38671284, 0.42081638, 0.55386883],
        [0.88597575, 0.41455051, 0.56343403],
        [0.28592775, 0.77370329, 0.41990244],
        [0.7767336, 0.7841299, 0.42655077],
        [0.21356521, 0.56223453, 0.76777119],
        [0.70571142, 0.5504317, 0.7811268],
        [0.0300474, 0.90971254, 0.27804979],
        [0.52773957, 0.92233236, 0.26964518],
        [0.14021168, 0.05214079, 0.91880734],
        [0.63540429, 0.08302908, 0.92436932],
        [0.45967535, 0.28181524, 0.0581701],
        [0.9549521, 0.26024437, 0.06941381],
        [0.11420083, 0.56818735, 0.43552558],
        [0.61251924, 0.59523106, 0.43746796],
        [0.22196922, 0.219206, 0.5789302],
        [0.71921618, 0.22075442, 0.57444596],
        [0.29204057, 0.4399894, 0.22445192],
        [0.79040335, 0.44508211, 0.22631825],
        [0.46453957, 0.08678806, 0.7291438],
        [0.97396851, 0.08176012, 0.72329923],
        [0.36214009, 0.94435953, 0.07642133],
        [0.86105361, 0.92893284, 0.08153117],
        [0.04897026, 0.72281548, 0.93716451],
        [0.53633939, 0.73449558, 0.92871604]
    ],
    "relaxed_energy": -786.14196936,
    "relaxed_forces": [
        [0.0028162, 0.00278305, -0.0010716],
        [-0.00045399, -0.00279262, -0.00065945],
        [0.00197834, -0.00111944, -9.804e-05],
        [0.00027914, 0.00060384, -0.00012328],
        [-0.00046207, -0.0009485, 0.00039527],
        [0.000709, -0.00083537, -0.00149121],
        [0.00114366, -0.00067005, -0.00023668],
        [-0.00116659, -0.00017456, -0.00034158],
        [0.00034167, -0.00219028, -0.00269497],
        [-0.00022534, 0.00321473, -0.00235439],
        [0.00118134, -0.00108428, -0.00182233],
        [-0.00266076, -0.00238782, 0.00155082],
        [0.00226586, 0.00191879, -0.00076039],
        [-0.00355208, -0.00138443, 0.00104543],
        [-0.00643014, -0.00478766, 0.00339908],
        [0.00063909, 0.00267446, 0.00169028],
        [-0.00024065, -0.00142373, -0.00571126],
        [3.583e-05, -0.00528687, -0.00241949],
        [-0.00547258, 0.00503332, 0.00549697],
        [0.00041977, 0.0045069, 0.00278102],
        [-0.00241644, -0.00647847, 0.00121816],
        [-0.00380028, 0.00415943, -0.00231222],
        [-0.00304059, -0.00473103, 0.00134577],
        [-3.847e-05, 0.00208486, 0.00103065],
        [0.00098953, 0.00416302, 0.00051433],
        [0.00319231, -0.00309243, 0.00424531],
        [8.724e-05, 0.00503797, 0.00143699],
        [-0.00239259, -0.00175385, -0.00310005],
        [0.00525263, 0.00300874, 0.00214082],
        [-0.00332386, -0.00169118, -0.00178138],
        [0.00125247, -0.00127049, -0.00029116],
        [0.00212231, 0.0014467, -0.00202861],
        [-0.00095921, 0.00185337, 0.00238512],
        [0.00018463, -0.00087713, -0.00290729],
        [0.00105768, 0.00056499, -0.00223875],
        [-0.00010839, 0.00027726, -0.00133824],
        [0.00010116, 0.0036109, -0.00015272],
        [0.00161655, 0.0009272, 0.0005782],
        [0.00208676, 0.00059519, 0.00042192],
        [0.00135003, 0.0014729, -0.00078801],
        [9.07e-05, -0.00415138, 0.00041404],
        [-0.00204978, -0.00478545, -0.00087241],
        [0.00045687, -0.00208743, 0.00118717],
        [0.00120729, 0.00206217, 0.00520538],
        [-0.00056953, 0.00220773, 0.00919656],
        [-0.00053323, 0.00188089, 0.00098041],
        [0.00044936, -0.00074058, -0.00139607],
        [-0.00034241, -0.00218138, 0.00517585],
        [-0.00090172, -0.00279083, -0.00210629],
        [0.00087027, 0.00119457, -0.00085029],
        [-0.0094863, -0.00169845, 0.00024222],
        [-0.00142109, -0.00139834, -0.00042594],
        [0.00285255, -0.00086919, -0.00085248],
        [0.00043282, -0.00397459, 0.0011465],
        [0.00306168, -0.00070231, -0.00406126],
        [0.00033819, 0.00277323, -0.00125511],
        [-0.00025621, -0.00203759, 0.00238905],
        [0.0016723, 0.00255905, -0.00119021],
        [0.00190863, -0.00083388, -0.00122275],
        [-0.00247159, -0.00177395, 0.00172419],
        [0.00075742, 0.00355253, -0.00264725],
        [-0.0001914, 0.00090987, 0.00045506],
        [0.00234025, -0.00108222, 0.00111361],
        [-0.00160972, 0.00195678, 8.083e-05],
        [0.00157852, -0.00201123, -0.00105685],
        [-8.318e-05, -0.00362169, -0.00095752],
        [0.00196102, 0.00037911, -0.00235704],
        [0.00261837, -0.00021147, 0.00017005],
        [-0.000504, 0.00229557, -0.00022707],
        [0.00130799, 0.00227922, -0.00183441],
        [0.00248593, 0.0003429, -0.00316233],
        [0.00058416, -0.00035991, 0.00050703],
        [-6.373e-05, 0.00379185, -0.0020364],
        [0.00111215, 0.00028659, 0.00164601],
        [0.0004709, 0.00116206, 0.00084521],
        [-0.00243264, 0.00272032, 0.00107952]
    ],
    "relaxed_lattice": [
        [-5.02422006, -14.23839237, -8.46060179],
        [-7.55230622, -0.10880888, -4.21603569],
        [-0.19460665, -0.13507946, -8.65789869]
    ],