{
    "atom_type": [
        "Na",
        "V",
        "P",
        "O"
    ],
    "atoms_per_type": [
        12,
        8,
        12,
        48
    ],
    "coord_mode": "direct",
    "relaxed_basis": [
        [0.2451326, 0.50021257, 0.50159368],
        [0.7605259, 0.48458554, 0.49075766],
        [0.48923639, 0.00955377, 0.0154991],
        [0.00503945, 0.9983275, 0.99952272],
        [0.12516072, 0.88226506, 0.6171622],
        [0.62502189, 0.88567593, 0.61449559],
        [0.30252298, 0.2494027, 0.88840062],
        [0.81322541, 0.25074854, 0.88181896],
        [0.43687607, 0.61905229, 0.24912689],
        [0.947634, 0.61054162, 0.25001072],
        [0.55790739, 0.39230522, 0.74955159],
        [0.69207258, 0.75047665, 0.10808081],
        [0.32138838, 0.64782828, 0.65230187],
        [0.82619886, 0.64669076, 0.6389847],
        [0.06960894, 0.13998186, 0.14457543],
        [0.57108956, 0.14329224, 0.14441637],
        [0.17972363, 0.35640602, 0.36055402],
        [0.67901727, 0.35544875, 0.35659936],
        [0.42373026, 0.86077801, 0.85307828],
        [0.92921224, 0.8477377, 0.85140621],
        [0.12514617, 0.53785003, 0.96182254],
        [0.62489444, 0.54639359, 0.95340778],
        [0.47988248, 0.25519082, 0.54672964],
        [0.97965512, 0.24446548, 0.53981884],
        [0.27013536, 0.96079037, 0.2557273],
        [0.77046248, 0.95292599, 0.24454258],
        [0.22597357, 0.04646783, 0.75298786],
        [0.727234, 0.04743384, 0.74491245],
        [0.37421124, 0.45723358, 0.04934173],
        [0.87564189, 0.45134728, 0.04260468],
        [0.02367394, 0.74762137, 0.45297889],
        [0.52308392, 0.75477778, 0.45249069],
        [0.44408167, 0.69853168, 0.4900437],
        [0.94280582, 0.69419237, 0.48653598],
        [0.24296181, 0.8801349, 0.7064416],
        [0.74148409, 0.88779668, 0.69469206],
        [0.35160334, 0.48453045, 0.88490017],
        [0.84639323, 0.49538155, 0.88076395],
        [0.50645354, 0.21072425, 0.37536067],
        [0.99001567, 0.20590454, 0.37657433],
        [0.18575875, 0.99358699, 0.2210255],
        [0.69220704, 0.97102112, 0.19565946],
        [0.10026488, 0.37569803, 0.99779466],
        [0.60554494, 0.37932076, 0.98135753],
        [0.06374221, 0.2806655, 0.50591698],
        [0.55807544, 0.30388658, 0.52890495],
        [0.25956166, 0.12407421, 0.29437252],
        [0.74416446, 0.1238662, 0.28906033],
        [0.14955509, 0.50311606, 0.12417712],
        [0.64422814, 0.51736467, 0.12124183],
        [0.006586, 0.79479334, 0.61910444],
        [0.50874082, 0.80484802, 0.61247291],
        [0.30722472, 0.01288162, 0.80560189],
        [0.80630922, 0.01046795, 0.80072672],
        [0.40322944, 0.61907025, 0.00544854],
        [0.89831076, 0.61544131, 0.01526708],
        [0.3864879, 0.41776279, 0.56377816],
        [0.88728161, 0.41080747, 0.56548919],
        [0.28327235, 0.77310349, 0.42043574],
        [0.78306459, 0.76859357, 0.41077369],
        [0.20712923, 0.55855787, 0.77483537],
        [0.70782702, 0.56813785, 0.76938889],
        [0.03015914, 0.91357236, 0.27265082],
        [0.5352674, 0.91312012, 0.26332081],
        [0.13549728, 0.06338551, 0.91787562],
        [0.63358029, 0.06525918, 0.90984319],
        [0.46092624, 0.27725062, 0.05705217],
        [0.95432819, 0.2680713, 0.06061074],
        [0.11432984, 0.58302632, 0.43670743],
        [0.61674682, 0.59010167, 0.43460661],
        [0.21940716, 0.22698678, 0.58715552],
        [0.71466006, 0.23682242, 0.58662983],
        [0.29548644, 0.43884529, 0.23252794],
        [0.78893639, 0.44346004, 0.22251377],
        [0.46710134, 0.08909554, 0.73088127],
        [0.9672338, 0.07949367, 0.72722393],
        [0.36230303, 0.9356491, 0.08865834],
        [0.86395313, 0.93524888, 0.08219143],
        [0.04334676, 0.72506941, 0.94010426],
        [0.54192612, 0.73062677, 0.9323416]
    ],
    "relaxed_energy": -815.18695651,
    "relaxed_forces": [
        [0.00187562, 0.00200169, -0.00142256],
        [-0.00052843, -3.568e-05, -0.00143109],
        [0.00244105, 0.00180801, 0.0009545],
        [0.00215215, -0.00135633, -0.00018627],
        [-0.0005419, 0.00098834, 0.00058303],
        [0.00104105, -9.107e-05, 0.00048055],
        [-0.001332, -0.00287049, -0.00189708],
        [-0.00245405, 0.00048043, -0.00235436],
        [0.00104506, 0.00162899, 0.00035222],
        [0.00091092, -0.00331441, -0.00042873],
        [-0.00085934, 0.00120619, -0.00072942],
        [0.00061237, 0.00102239, 0.00067925],
        [0.00245568, 0.00408056, 0.00380846],
        [-0.00545374, -0.00061689, -0.00017442],
        [-0.00258357, -0.00311944, 0.00126375],
        [0.00329345, -0.00034391, 0.00374888],
        [0.00183903, -0.00248947, 0.00073981],
        [0.0001706, -0.00420157, -0.00028017],
        [0.00186878, -0.00196202, 0.00545309],
        [-0.00228831, -0.00031911, -0.00023325],
        [0.00292817, 0.00521028, -0.00126277],
        [0.0005028, 0.00244607, -0.00185059],
        [0.00061807, -0.00200651, 0.00214819],
        [-0.00249787, 0.00047981, -0.00484936],
        [0.00528396, 0.00140929, 0.00161513],
        [0.00029123, 0.00411035, 0.0011583],
        [-0.00349792, -0.006887, 0.00308904],
        [-0.0016726, 0.00366721, -0.00015868],
        [-0.0042417, 0.00050049, 0.00612759],
        [0.00039098, -0.00181908, 0.00160034],
        [-0.00073766, -0.00043342, 0.00219121],
        [0.00193459, 0.00242037, -0.00271068],
        [0.00765513, 0.00405372, -0.00076745],
        [-0.00336268, -0.00443711, -0.00201895],
        [-0.00081613, 0.00049887, -0.00215564],
        [-0.0015339, 0.00041434, -3.792e-05],
        [0.00232634, 0.00386683, 0.00014325],
        [-0.00059655, 0.00217601, -0.0025981],
        [0.00478547, -0.00114882, 0.00056616],
        [0.00354468, 0.00714732, 0.00559462],
        [-0.00420323, 0.00409001, -0.00405203],
        [-0.00139519, 0.0025649, 0.00277911],
        [-0.00695044, -0.00305292, 0.00057602],
        [-0.00430471, -0.00233559, -0.0033612],
        [0.00315446, -0.00340324, -0.00157955],
        [0.00129135, 0.00069377, 8.428e-05],
        [0.00027019, 0.00136163, 0.00269498],
        [-0.00117532, -0.0038817, 0.00032097],
        [-0.00115611, -0.00888063, -0.00353608],
        [0.00453954, -0.00489028, -0.00231725],
        [0.00094768, -0.00144912, 3.11e-06],
        [-0.00622908, -0.00603065, -0.00121457],
        [-0.00173002, 0.00121056, 0.00229571],
        [0.00282651, 0.00241178, -0.00238899],
        [0.002033, -0.00285771, -0.00266487],
        [-0.00121811, -0.001352, 0.00152346],
        [-0.00072851, -0.00140067, -0.00163731],
        [-0.00231789, 0.00401517, -0.00180556],
        [-0.00080046, 0.00030438, 0.00026281],
        [-0.00094759, 0.00165643, 0.00353748],
        [0.00415872, 0.00412471, -0.00128433],
        [0.00036089, 0.00205714, -0.00325116],
        [0.00668832, 0.00728602, 0.00107572],
        [-0.00021011, -0.00482023, -0.00472132],
        [0.00251561, 0.00332605, -0.00123787],
        [0.00064374, -0.00445134, 0.00176979],
        [-0.00217158, 0.00092247, -0.00230015],
        [0.00389824, -0.00113078, 0.00179065],
        [0.00389128, -0.00541766, -0.00177746],
        [-0.00398414, 0.00186206, -0.00685908],
        [-0.00143942, 0.00502479, 0.00147664],
        [-0.00075854, -0.00055861, 0.00308233],
        [-0.00231752, -0.00462533, 0.00096965],
        [-0.00105862, -0.00221965, 0.00034373],
        [-0.0023869, 0.00194407, -0.00249963],
        [-0.00646676, -0.0032359, 0.00331886],
        [0.00512078, 0.00431925, 0.00212771],
        [-0.00288465, -0.00049031, -0.0008972],
        [-0.00084516, 0.00081507, 0.00548772],
        [0.00037089, 0.00232883, -0.00088498]
    ],
    "relaxed_lattice": [
        [-5.04351034, -14.41246875, -8.33917016],
        [-7.62904137, -0.08708181, -4.1332037],
        [-0.14651753, -0.07300959, -8.66974526]
    ],