{
    "atom_type": [
        "Na",
        "V",
        "P",
        "O"
    ],
    "atoms_per_type": [
        4,
        8,
        12,
        48
    ],
    "coord_mode": "direct",
    "relaxed_basis": [
        [0.50531455, 0.01115331, 0.97779603],
        [0.99471873, 0.98876353, 0.02215372],
        [0.12614782, 0.86749046, 0.59911955],
        [0.37382192, 0.13253256, 0.40084648],
        [0.32594581, 0.6422302, 0.63745313],
        [0.81472881, 0.65111275, 0.6435577],
        [0.06890605, 0.14862387, 0.14395033],
        [0.57328193, 0.15143925, 0.13727089],
        [0.1740266, 0.35771657, 0.3625857],
        [0.68524972, 0.34886551, 0.35652483],
        [0.43112535, 0.85133571, 0.85604056],
        [0.92655488, 0.8485524, 0.86284694],
        [0.12907003, 0.53207625, 0.95616099],
        [0.62489946, 0.5394513, 0.96688619],
        [0.48974104, 0.24305497, 0.53125292],
        [0.98087337, 0.24955501, 0.53041659],
        [0.27348405, 0.97259871, 0.24294753],
        [0.77158942, 0.97012287, 0.24519342],
        [0.22653841, 0.02739391, 0.75699332],
        [0.72834076, 0.02996909, 0.75483218],
        [0.37091904, 0.46795712, 0.04377635],
        [0.87509485, 0.46046911, 0.03320352],
        [0.01027353, 0.75691948, 0.46875466],
        [0.51913642, 0.75038595, 0.46959476],
        [0.41832174, 0.7752964, 0.49835507],
        [0.91204948, 0.77352157, 0.50227455],
        [0.23260239, 0.86241443, 0.72234711],
        [0.72832494, 0.85504262, 0.75152146],
        [0.35566871, 0.50879611, 0.8681091],
        [0.86223569, 0.50502446, 0.85188365],
        [0.48784048, 0.21637329, 0.37337174],
        [0.98771069, 0.21124011, 0.3695887],
        [0.18189221, 0.01974384, 0.21758855],
        [0.6869286, 0.01422652, 0.20052255],
        [0.09881357, 0.37464687, 0.98915483],
        [0.59256401, 0.38281032, 0.00317557],
        [0.08171594, 0.22474265, 0.50151808],
        [0.58799542, 0.2264334, 0.49760393],
        [0.26744484, 0.13758937, 0.27753691],
        [0.77166063, 0.14506176, 0.24838178],
        [0.14432547, 0.49123034, 0.13182998],
        [0.63773103, 0.49506626, 0.14814961],
        [0.01204291, 0.7836481, 0.62676377],
        [0.51235358, 0.78875644, 0.63032316],
        [0.31813844, 0.98030478, 0.7822916],
        [0.81293281, 0.98596607, 0.79969897],
        [0.40124779, 0.62532321, 0.01071571],
        [0.90736403, 0.61707907, 0.99716159],
        [0.41409813, 0.44450772, 0.54314112],
        [0.90605538, 0.44422002, 0.53775291],
        [0.28081211, 0.78670351, 0.41993752],
        [0.77055002, 0.799267, 0.43820102],
        [0.21770471, 0.54481316, 0.77526053],
        [0.71751685, 0.53133272, 0.7966812],
        [0.04209682, 0.90895657, 0.27479606],
        [0.54251595, 0.91690553, 0.27697272],
        [0.13652041, 0.05857349, 0.92870952],
        [0.63240516, 0.0927042, 0.90808263],
        [0.45223446, 0.2693313, 0.07939997],
        [0.95625942, 0.26451666, 0.06804763],
        [0.08595636, 0.55548356, 0.45692244],
        [0.59392722, 0.55565904, 0.46234831],
        [0.21919262, 0.21327688, 0.57996012],
        [0.72948503, 0.20078688, 0.56179787],
        [0.28231947, 0.45525347, 0.22465712],
        [0.78246967, 0.46857233, 0.20337877],
        [0.45797028, 0.09100078, 0.72522839],
        [0.95757951, 0.08297082, 0.72295644],
        [0.36350894, 0.94139737, 0.0712056],
        [0.86751681, 0.90732443, 0.09191639],
        [0.04776623, 0.73067733, 0.92047547],
        [0.54375053, 0.73542838, 0.93191494]
    ],
    "relaxed_energy": -755.0809127,
    "relaxed_forces": [
        [-0.00017817, -0.00239374, 0.00073282],
        [0.00051606, 0.00276287, -0.00036991],
        [-0.00051306, -0.00159023, -0.00507969],
        [0.00070616, 0.0006541, 0.00575747],
        [-0.00250057, 0.0001501, -0.00546035],
        [-0.00079648, -0.00339495, -0.00056187],
        [-0.00017137, 0.00089245, -0.00041924],
        [0.00328088, 0.00073744, 0.00055734],
        [0.00242766, -0.00143217, 0.00570756],
        [0.00015298, 0.0042551, -0.0003079],
        [0.0006136, -0.00052557, 0.00114081],
        [-0.00392003, -0.00184054, -0.00224152],
        [0.00085567, 0.00124735, 0.00354016],
        [6.2e-06, 0.00396451, -0.00081151],
        [-0.00427006, 0.00183396, 0.00026238],
        [0.00109052, 0.00508083, -0.00434504],
        [0.00010303, -0.00372659, 0.00162605],
        [0.00124159, -0.00189083, 0.00127479],
        [-0.0009998, -0.00270347, -0.00084344],
        [0.00038586, 0.00481045, -0.00155563],
        [-0.00023128, -0.00359258, -0.00339297],
        [-0.00085235, 0.00048895, 0.00150779],
        [0.00752237, 0.00173242, 0.00141345],
        [-0.00488732, -0.0029549, 0.00227462],
        [0.00027276, -0.00239761, 0.00062457],
        [0.0028382, 0.00208925, 0.00171483],
        [-0.00158827, 0.00564993, -0.00038383],
        [0.00011855, 0.00330701, 0.00228145],
        [-0.00341919, 0.00011583, -0.00052876],
        [0.00424242, 0.00069081, 0.00346829],
        [-0.00033363, 0.00327378, -0.00046967],
        [-0.00425989, -0.00218152, 0.00157673],
        [-0.00308567, -0.0006805, 0.00592459],
        [-0.00112174, 0.00094766, -0.00458089],
        [-0.00666588, -0.00283323, 0.00473728],
        [-0.00528077, -0.00324755, -0.00279531],
        [0.00045327, 0.00214401, -0.00081735],
        [-0.00335177, -0.00431282, -5.811e-05],
        [0.0016459, -0.00467059, 0.001593],
        [1.882e-05, -0.00312091, -0.00208471],
        [0.00530504, -0.0003301, -7.746e-05],
        [-0.00431577, -0.00188244, -0.00473127],
        [-0.00053136, -0.00334354, 0.00078106],
        [0.0044463, 0.00236376, 0.00027574],
        [0.00269355, 0.00391733, -0.00421514],
        [0.00284491, -0.00409349, 0.00201038],
        [0.00788074, 0.00387771, -0.0042465],
        [0.00296543, 0.00144951, 0.00385073],
        [0.00256907, -0.00082263, 0.00214236],
        [0.00317659, -0.00278909, 0.00163134],
        [0.00297168, -0.0001301, 0.00747372],
        [-0.00342612, -0.00253799, -0.00132146],
        [-0.00082882, -0.00327628, -0.00033588],
        [0.0003335, -0.00157787, 0.00209791],
        [-0.00133258, 0.00186553, -0.00191366],
        [-0.00126886, 0.0031006, 0.00626555],
        [-0.00072108, -0.00232183, -0.00294712],
        [-0.00186065, 0.00155051, -0.00255066],
        [-0.00190723, 0.00329734, 0.00284527],
        [0.00166938, -0.0013092, -0.00192373],
        [-0.00157343, 0.00109341, -0.00289264],
        [-0.00209971, 0.00077337, -0.00108706],
        [-0.00425367, 0.00146118, -0.00782263],
        [0.00380192, 0.0022971, 0.00056768],
        [0.00136937, 0.00587403, 0.00018106],
        [6.562e-05, -0.00055558, -0.00195332],
        [-0.00077024, -0.00196264, 0.00176731],
        [0.00066455, -0.00223701, -0.00659397],
        [0.00157352, 0.0053955, 0.00066957],
        [0.00035027, -0.00434483, 0.0035454],
        [0.00101031, -0.00098901, -0.00388009],
        [-0.00086742, -0.00115176, 0.00177921]
    ],
    "relaxed_lattice": [
        [-5.14301601, -14.11750615, -8.57073834],
        [-7.44055995, -0.20307643, -4.30442027],
        [-0.26300938, -0.16660919, -8.69069121]
    ],