{
  "chemical_reference" : {
    "global" : [
      {
        "Na" : 2.000000000000,
        "O" : 24.000000000000,
        "P" : 6.000000000000,
        "V" : 4.000000000000,
        "energy_per_species" : -10.506716016944
      },
      {
        "Na" : 8.000000000000,
        "O" : 24.000000000000,
        "P" : 6.000000000000,
        "V" : 4.000000000000,
        "energy_per_species" : -10.004704899762
      },
      {
        "V" : 1.000000000000,
        "energy_per_species" : -17.278337530000
      }
    ],
    "species_order" : [ "Na", "Va", "V", "P", "O" ]
  }
}