{
    "atom_type": [
        "Na",
        "V",
        "P",
        "O"
    ],
    "atoms_per_type": [
        7,
        8,
        12,
        48
    ],
    "coord_mode": "direct",
    "relaxed_basis": [
        [0.25451843, 0.48780567, 0.49866806],
        [0.75043532, 0.49921967, 0.50268111],
        [0.48642199, 0.00139393, 0.02229159],
        [0.9998196, 0.99915562, 8.737e-05],
        [0.12644012, 0.88701466, 0.6060706],
        [0.62359831, 0.89419034, 0.61402955],
        [0.8738738, 0.11536682, 0.39100935],
        [0.32451926, 0.64141737, 0.6421716],
        [0.82015301, 0.64267861, 0.65559802],
        [0.07050131, 0.14599932, 0.14012134],
        [0.56957496, 0.14671138, 0.14632727],
        [0.18247733, 0.35404633, 0.34770938],
        [0.67752766, 0.36102565, 0.35537093],
        [0.42557545, 0.85291206, 0.85578198],
        [0.93206918, 0.85133023, 0.85653356],
        [0.1292116, 0.53783074, 0.9571008],
        [0.6223061, 0.54205154, 0.96161732],
        [0.47796672, 0.25013357, 0.53559245],
        [0.97824196, 0.25595796, 0.5318175],
        [0.27043947, 0.96363251, 0.2485152],
        [0.77226504, 0.96710981, 0.25018104],
        [0.22877523, 0.0341264, 0.7461997],
        [0.72821405, 0.03596433, 0.7552146],
        [0.3758836, 0.45694567, 0.03881805],
        [0.87487146, 0.46096159, 0.04316942],
        [0.02291753, 0.74568075, 0.46530041],
        [0.52055404, 0.75200017, 0.4630371],
        [0.43170071, 0.71230769, 0.51342467],
        [0.92858269, 0.7206759, 0.52666074],
        [0.23856053, 0.87376174, 0.70168945],
        [0.72933259, 0.8802205, 0.71638214],
        [0.34960525, 0.49348665, 0.87623355],
        [0.83987225, 0.51113012, 0.88290843],
        [0.48936989, 0.20920594, 0.36983899],
        [0.97971522, 0.21826666, 0.37544855],
        [0.17742061, 0.99879592, 0.24020365],
        [0.67888897, 0.00821592, 0.23427808],
        [0.10399216, 0.37777967, 0.99236907],
        [0.59706112, 0.37887809, 0.99913722],
        [0.07156122, 0.281665, 0.47486506],
        [0.56864205, 0.26331993, 0.50361893],
        [0.26518495, 0.12317921, 0.28656665],
        [0.76649223, 0.12579386, 0.29033781],
        [0.16030555, 0.49305507, 0.11843574],
        [0.64738886, 0.50883523, 0.12240152],
        [0.02202616, 0.78674532, 0.61878088],
        [0.5114621, 0.79726265, 0.62265928],
        [0.31849141, 0.99069172, 0.77615368],
        [0.82170601, 0.98731449, 0.76963965],
        [0.40202876, 0.62451434, 0.99416142],
        [0.9079687, 0.61600146, 0.99449417],
        [0.39002344, 0.4253149, 0.55409194],
        [0.88941233, 0.42703871, 0.56711245],
        [0.28595166, 0.77295579, 0.41649507],
        [0.78211112, 0.78014487, 0.42583551],
        [0.21285964, 0.5634886, 0.76511088],
        [0.70450574, 0.56769688, 0.7694767],
        [0.02572879, 0.91794505, 0.27868731],
        [0.52786426, 0.9209337, 0.27649783],
        [0.14073508, 0.05486175, 0.92018048],
        [0.64210868, 0.05994951, 0.93607441],
        [0.46024515, 0.27235034, 0.05676628],
        [0.95478381, 0.26941829, 0.05411131],
        [0.1110016, 0.57315687, 0.43353593],
        [0.60906669, 0.57908377, 0.44371009],
        [0.21695327, 0.22241447, 0.57619026],
        [0.71677567, 0.22477284, 0.58714643],
        [0.29237871, 0.44317821, 0.22592308],
        [0.79391782, 0.44266336, 0.23329999],
        [0.4628919, 0.07967537, 0.72367376],
        [0.97439734, 0.08224298, 0.71776077],
        [0.35739284, 0.93981419, 0.07156927],
        [0.85964155, 0.93839681, 0.07734666],
        [0.04942435, 0.72939968, 0.93810022],
        [0.53821505, 0.73250423, 0.93595277]
    ],
    "relaxed_energy": -778.73660009,
    "relaxed_forces": [
        [-0.00018397, -0.00012651, -0.00013552],
        [0.00033037, 0.00045106, 0.00033855],
        [0.00119231, 0.00294175, -0.00060269],
        [0.0006515, -0.00012778, -0.00038811],
        [0.00091793, 0.00057253, -4.205e-05],
        [-0.00087137, 0.0002011, -0.00043615],
        [4.798e-05, 0.00020496, -0.00017412],
        [-0.00021577, -0.00330773, 0.00139583],
        [-0.00109347, 0.00068809, -0.00032371],
        [-0.00090486, -0.00083549, -2.468e-05],
        [-0.0002712, 0.00177088, -7.344e-05],
        [-0.00093241, 0.00031371, 0.00068198],
        [0.0001063, -0.0009558, -0.00065014],
        [0.00161024, 0.00016144, -0.00068557],
        [-0.00061122, -0.00063961, 0.00166619],
        [-0.00696453, -0.00090061, -0.00166712],
        [0.00035525, 0.00310529, -0.00029579],
        [-0.00191405, 0.00207195, 0.00231807],
        [-0.00123536, -0.00147772, -0.00122521],
        [0.00204564, 0.00902751, 0.00236577],
        [-0.00062986, 0.00050862, 0.00080329],
        [0.00234437, -0.00149013, 0.00054382],
        [-0.0008777, 0.00133674, -0.00030681],
        [0.00068626, 0.00058451, 0.00063714],
        [0.0041985, -0.00400826, 0.00107024],
        [0.00391505, -0.00107278, -0.00345758],
        [-0.00086903, 0.0007205, 0.00014458],
        [-0.00201522, -0.00193597, -0.00134083],
        [0.00249621, -0.00086666, -0.00049586],
        [-0.00281221, -0.00256484, -0.00140342],
        [0.00023743, 0.00207195, -0.00123338],
        [0.00205035, -0.00150745, -0.00158893],
        [0.00372686, 0.00175409, -0.00160409],
        [-0.00060389, 0.00360874, -0.00284794],
        [-0.00075308, 0.00181948, 0.0005635],
        [-0.00035094, -0.00344632, -0.00387078],
        [0.0010987, 0.0007896, -0.00270114],
        [0.0040104, 0.00021007, 0.00100848],
        [-0.00216633, 0.00070978, 0.00053124],
        [-0.00155468, 0.00105623, 0.00056347],
        [-0.00203925, -0.00124093, -7.312e-05],
        [-0.0005108, -0.00083733, -0.00063744],
        [-0.00111663, 0.00081321, -0.0011752],
        [0.00095888, -0.00135387, -0.00106036],
        [-0.00214007, 0.00011381, -0.00120755],
        [0.00024638, -0.00167721, 0.00193483],
        [-0.00102945, 2.625e-05, -0.00032822],
        [0.00061473, -0.00045928, 0.00243625],
        [-1.823e-05, -0.0029885, 0.00136643],
        [0.00203128, -0.00053442, 0.00039379],
        [-0.00110875, 0.00040413, 0.00088113],
        [0.00091468, -0.00367816, 0.00069837],
        [-2.175e-05, 0.00186454, -0.00033467],
        [-0.00174903, -0.00158389, 0.00075619],
        [-0.00083766, 0.00132873, 0.00275439],
        [-0.00024118, 0.00016196, -0.0002186],
        [0.00033342, 0.00292702, 0.00066784],
        [-0.00070422, 0.00089917, 0.00267124],
        [0.00256355, 0.00100239, -0.00201876],
        [0.0012146, -0.00193249, -0.00234199],
        [0.00029762, -0.00667405, 0.00219308],
        [-0.00028955, -0.00068112, 0.00026494],
        [-0.00205671, 0.00108061, -0.00019775],
        [-0.00047809, -0.00022833, 0.00053661],
        [0.00023484, -0.00118883, 1.419e-05],
        [-8.248e-05, -0.00136955, 0.00137805],
        [-0.0013439, 0.00299404, 0.00137718],
        [0.00205762, -0.00232746, 0.00094492],
        [0.00073626, 0.00124415, -0.00097459],
        [-0.00113097, 0.00080529, 0.00052436],
        [-0.00204638, -0.00099744, -0.00158159],
        [0.00029974, 2.214e-05, 0.00267833],
        [-0.00026456, 0.0023546, 0.00117349],
        [0.0004251, -0.0014244, -0.00180374],
        [0.00209044, 0.00171831, 0.00125092]
    ],
    "relaxed_lattice": [
        [-5.08464805, -14.23231459, -8.41339053],
        [-7.54781248, -0.13554137, -4.25895221],
        [-0.22832266, -0.14010134, -8.63199416]
    ],