{
    "atom_type": [
        "Na",
        "V",
        "P",
        "O"
    ],
    "atoms_per_type": [
        12,
        8,
        12,
        48
    ],
    "coord_mode": "direct",
    "relaxed_basis": [
        [0.24997768, 0.50000721, 0.5000009],
        [0.7499809, 0.5000086, 0.49999189],
        [0.50004665, 3.167e-05, 0.99993241],
        [4.651e-05, 3.235e-05, 0.9999301],
        [0.12727145, 0.88875006, 0.61698522],
        [0.6272725, 0.88874877, 0.61698341],
        [0.30559683, 0.24544765, 0.88299321],
        [0.80559963, 0.2454515, 0.88298353],
        [0.3726895, 0.11128429, 0.38305054],
        [0.87268866, 0.11128839, 0.38304684],
        [0.1943678, 0.75458119, 0.1168542],
        [0.69436786, 0.75458236, 0.11685293],
        [0.32437542, 0.6372085, 0.64972685],
        [0.82437523, 0.63721397, 0.64972107],
        [0.06858627, 0.14879741, 0.14968853],
        [0.568586, 0.14879747, 0.1496891],
        [0.17562366, 0.36283071, 0.35021139],
        [0.67562387, 0.36283187, 0.35020824],
        [0.43138112, 0.85117415, 0.85040918],
        [0.93138103, 0.85117667, 0.85040608],
        [0.12426816, 0.55015382, 0.96382446],
        [0.62426921, 0.5501548, 0.96382091],
        [0.47492735, 0.25141243, 0.5361264],
        [0.97493121, 0.25141183, 0.53611813],
        [0.27288709, 0.95414272, 0.25007359],
        [0.7728867, 0.95414388, 0.25006907],
        [0.22706496, 0.04590546, 0.74994253],
        [0.7270642, 0.04590986, 0.74993935],
        [0.37576245, 0.44982826, 0.03612857],
        [0.87576578, 0.44982643, 0.03612044],
        [0.0250682, 0.7485523, 0.46391869],
        [0.52506556, 0.74855258, 0.46392221],
        [0.43792356, 0.70295196, 0.52463747],
        [0.93791889, 0.70296275, 0.52463457],
        [0.23862647, 0.87378147, 0.72316911],
        [0.7386245, 0.87378696, 0.72316401],
        [0.34737548, 0.46331514, 0.88841338],
        [0.84737779, 0.46331499, 0.88840526],
        [0.48155589, 0.19481133, 0.38839444],
        [0.98155543, 0.19481162, 0.388392],
        [0.18678563, 0.97729138, 0.22346067],
        [0.68678339, 0.97729109, 0.22346241],
        [0.10135726, 0.3760238, 0.02445774],
        [0.6013619, 0.37601895, 0.02445631],
        [0.06209738, 0.29689329, 0.47542542],
        [0.56209629, 0.29689963, 0.47543072],
        [0.26132988, 0.12626534, 0.27684295],
        [0.76132771, 0.12626785, 0.27684394],
        [0.15278341, 0.53657391, 0.11140602],
        [0.6527865, 0.53657433, 0.11140114],
        [0.01846338, 0.80500102, 0.61173262],
        [0.5184639, 0.8049965, 0.61173499],
        [0.31314605, 0.02268092, 0.7766791],
        [0.81314527, 0.02267913, 0.77667706],
        [0.39867529, 0.62398219, 0.97548894],
        [0.89867541, 0.62398227, 0.97548274],
        [0.3832454, 0.40905521, 0.56896698],
        [0.8832469, 0.40906312, 0.56895421],
        [0.28323347, 0.77692566, 0.42313917],
        [0.78323472, 0.77692597, 0.4231352],
        [0.20716637, 0.55727817, 0.77465407],
        [0.70716828, 0.55727965, 0.77464737],
        [0.02860342, 0.91445432, 0.27481618],
        [0.52860184, 0.91445333, 0.27482016],
        [0.13850018, 0.06641205, 0.92313718],
        [0.63850052, 0.06641309, 0.92313487],
        [0.45456791, 0.26639186, 0.06877988],
        [0.95456726, 0.26639378, 0.06877381],
        [0.11677216, 0.59097325, 0.43090179],
        [0.6167754, 0.59097468, 0.43089806],
        [0.21676005, 0.22311992, 0.57684101],
        [0.71676004, 0.22312555, 0.57683871],
        [0.2928555, 0.44274136, 0.22524858],
        [0.79285613, 0.44274114, 0.22524213],
        [0.47132999, 0.08555056, 0.72529133],
        [0.97132843, 0.08555293, 0.72528753],
        [0.36143219, 0.9336613, 0.07685133],
        [0.86143002, 0.93366759, 0.0768459],
        [0.04545439, 0.73360623, 0.93132566],
        [0.54545735, 0.7336023, 0.93132388]
    ],
    "relaxed_energy": -816.06909953,
    "relaxed_forces": [
        [-0.0006693, -0.00082128, -0.00020485],
        [-0.0006833, -0.00078715, -0.00016166],
        [3.815e-05, 0.00215841, 0.00050815],
        [1.957e-05, 0.00232651, 0.00050314],
        [-0.00013098, -0.00037801, -0.00022793],
        [-0.00019857, -0.00045883, -0.00018797],
        [-0.00131772, -0.00113432, -0.00074517],
        [-0.00141941, -0.00105242, -0.0006772],
        [-0.00012698, -0.00037389, 0.00084825],
        [9.123e-05, -0.00032011, 0.00089529],
        [0.0014697, 0.00080253, -0.00148174],
        [0.00155923, 0.00075316, -0.00147292],
        [3.372e-05, 0.00095513, 0.0008111],
        [0.00067097, 0.00120295, 0.0008627],
        [0.00080732, 0.00308623, -0.00253639],
        [0.00072277, 0.0028425, -0.00266742],
        [0.00118334, -0.00098615, -0.00175764],
        [0.00082758, -0.00096086, -0.00217398],
        [-0.00092958, -0.00016682, -0.00102752],
        [-0.00071156, 0.00073782, -0.00092815],
        [-0.00332902, 0.00321965, 0.000818],
        [-0.00244789, 0.00133504, 0.00066042],
        [-0.00162837, 0.00123763, -0.00353853],
        [-0.00135454, 0.00659761, -0.00391815],
        [-0.0009019, -0.00137625, -0.0004769],
        [-0.00133988, -0.00039638, -0.00195626],
        [0.00220703, -0.00100134, -0.00062284],
        [0.00277216, -0.00085599, 0.00026592],
        [-0.00071079, -0.00536182, -0.00054191],
        [-0.00136415, -0.00213109, -0.00027541],
        [0.00280642, 0.00039402, 0.00273439],
        [0.00307145, -0.00477136, 0.00278503],
        [0.00218893, 0.00243987, 0.00050033],
        [0.0007188, -0.00061201, -0.0002445],
        [0.00429056, 0.00023256, 0.00042841],
        [0.00406964, 0.0002831, 0.00025923],
        [-0.00072484, 0.00144437, 0.00055441],
        [-0.00060282, 0.00110362, 0.00062583],
        [0.00038684, -0.00126095, 0.00118869],
        [0.00048198, -0.00194864, 0.00213815],
        [0.00012963, 0.00480173, 0.00191656],
        [0.00012244, 0.00435907, 0.00181366],
        [0.00322748, 0.00178236, 0.00044124],
        [0.00282748, 0.00176892, 0.00042319],
        [-0.00628357, -0.00623018, -0.00160859],
        [-0.00475933, -0.00356285, -0.00069124],
        [-0.00344828, -0.00142963, 0.00049203],
        [-0.00241074, -0.00186384, 0.00134027],
        [0.00186169, 0.00339867, -0.00346331],
        [0.00184892, 0.00378719, -0.0028886],
        [-0.00210012, -0.0010201, 0.00056426],
        [-0.00238712, -0.00039282, -0.00018983],
        [-0.0006035, -0.00446595, -0.00022535],
        [-0.00082439, -0.00523716, -0.00081993],
        [-2.313e-05, 9.871e-05, -1.062e-05],
        [-0.00073493, -0.00038068, -0.00032109],
        [-0.00313397, -0.00066227, 0.00104028],
        [-0.00211682, -0.00278902, 0.00115759],
        [-0.00106555, -0.00159659, -0.00088777],
        [-0.00138132, -0.0016426, -0.00026146],
        [-0.00020346, -0.0022417, 0.00310528],
        [-0.00021092, -0.00154027, 0.00275933],
        [-0.00153467, 0.00024385, 0.00530192],
        [-0.00189789, 0.00061508, 0.00550615],
        [-0.00189534, -0.00125898, -0.00212034],
        [-0.00188321, -0.00065459, -0.00260044],
        [-0.00202225, -0.00022994, -0.00251591],
        [-0.00085794, -0.0022601, -0.0029267],
        [0.00301583, 0.0006546, -0.00029111],
        [0.00210134, 0.00255561, -0.00046177],
        [0.0011444, 0.00148148, 0.001071],
        [0.00135493, 0.00139071, 0.00092927],
        [0.00121339, 0.00423196, -0.00424548],
        [0.0009831, 0.00331819, -0.0039712],
        [0.00145147, -0.00108157, -0.00184366],
        [0.00107851, -0.00148863, -0.00188696],
        [0.00237004, -0.00044999, 0.00390608],
        [0.00239353, -0.00091596, 0.00411602],
        [0.00288954, 0.00065833, 0.00423815],
        [0.00193895, 0.00225194, 0.00454664]
    ],
    "relaxed_lattice": [
        [-4.8810218, -14.36054966, -8.46170875],
        [-7.58851143, -0.0136807, -4.22047747],
        [-0.14439602, -0.0919379, -8.72489812]
    ],