{
    "atom_type": [
        "Na",
        "V",
        "P",
        "O"
    ],
    "atoms_per_type": [
        8,
        8,
        12,
        48
    ],
    "coord_mode": "direct",
    "relaxed_basis": [
        [0.25012447, 0.51682422, 0.48081105],
        [0.75184214, 0.50616415, 0.49587536],
        [0.49380993, 0.99495856, 0.01659295],
        [0.00817197, 0.99500218, 0.98350964],
        [0.30267992, 0.25265059, 0.87988695],
        [0.56246759, 0.38744974, 0.75216429],
        [0.87491582, 0.12339347, 0.37186005],
        [0.69066863, 0.75064967, 0.11719898],
        [0.32395445, 0.64867508, 0.64192595],
        [0.82120966, 0.63847908, 0.6405113],
        [0.07478771, 0.13279072, 0.14154129],
        [0.5713682, 0.14757396, 0.14963014],
        [0.17507221, 0.35651996, 0.35885903],
        [0.67794649, 0.35263229, 0.35476323],
        [0.42526341, 0.85954421, 0.86230355],
        [0.93130627, 0.85547798, 0.85379632],
        [0.1259128, 0.5397389, 0.96280594],
        [0.62320384, 0.55039049, 0.9566396],
        [0.48004997, 0.25366326, 0.548827],
        [0.97673262, 0.24898233, 0.53592224],
        [0.26519274, 0.95697534, 0.26137111],
        [0.77500915, 0.95370124, 0.24434765],
        [0.23055874, 0.04567141, 0.74842618],
        [0.73319196, 0.03862565, 0.7483921],
        [0.37123915, 0.46046532, 0.04420092],
        [0.87774167, 0.45922058, 0.02972596],
        [0.01878746, 0.74208332, 0.46196738],
        [0.52059623, 0.75073259, 0.46099998],
        [0.4410536, 0.69116067, 0.49600811],
        [0.93572617, 0.68514925, 0.50882274],
        [0.25902619, 0.87140124, 0.70032217],
        [0.75422765, 0.87516487, 0.69489335],
        [0.35190262, 0.48326216, 0.87741242],
        [0.84858652, 0.49534942, 0.87374873],
        [0.50357487, 0.21100133, 0.37925656],
        [0.98808274, 0.20393502, 0.37541059],
        [0.18339582, 0.97222496, 0.22754964],
        [0.69353547, 0.98103704, 0.19891495],
        [0.1179065, 0.35983981, 0.99099449],
        [0.60742569, 0.38185836, 0.97553044],
        [0.05783039, 0.30120652, 0.49909194],
        [0.5598352, 0.30034227, 0.53070162],
        [0.24011846, 0.13306577, 0.30511241],
        [0.75774087, 0.11776452, 0.29460777],
        [0.14601697, 0.51380488, 0.12836573],
        [0.64758004, 0.51868719, 0.11739076],
        [0.00140617, 0.79337999, 0.62364588],
        [0.50269179, 0.78390878, 0.63154555],
        [0.30937584, 0.03213735, 0.79153947],
        [0.81548261, 0.00129245, 0.79839285],
        [0.38691252, 0.63404961, 0.01059257],
        [0.89853401, 0.63067176, 0.99323452],
        [0.38450592, 0.42030671, 0.56980058],
        [0.8819503, 0.41040634, 0.5701047],
        [0.28298603, 0.77434125, 0.42612971],
        [0.78813174, 0.76658539, 0.40992012],
        [0.21104583, 0.57054857, 0.77698996],
        [0.70750362, 0.58301693, 0.76672125],
        [0.01980004, 0.91238882, 0.28013455],
        [0.53141467, 0.91555206, 0.27440701],
        [0.13901265, 0.04913836, 0.91929416],
        [0.6391039, 0.05577356, 0.91464057],
        [0.46061823, 0.28275625, 0.05414837],
        [0.95926713, 0.27306832, 0.05575276],
        [0.1122143, 0.5777087, 0.43733311],
        [0.61634123, 0.58475666, 0.43454134],
        [0.21417077, 0.22820217, 0.58123874],
        [0.72493886, 0.2269634, 0.58309753],
        [0.28955592, 0.42608057, 0.23125586],
        [0.79350752, 0.44205501, 0.21988106],
        [0.46344786, 0.09175537, 0.73738053],
        [0.97099595, 0.07377499, 0.71950277],
        [0.35497017, 0.95835596, 0.08785302],
        [0.86846289, 0.93535641, 0.07543405],
        [0.03978542, 0.71887, 0.93848665],
        [0.53767716, 0.73127967, 0.94117923]
    ],
    "relaxed_energy": -785.94757733,
    "relaxed_forces": [
        [0.00259384, -0.00163645, 0.00114266],
        [-0.00071259, -0.00045007, 4.783e-05],
        [0.00080008, -0.00035414, 0.00322693],
        [0.00035936, -0.00062702, -0.00027423],
        [-0.00179686, -0.00209805, -0.00075587],
        [0.00097203, -0.00044221, 0.00023841],
        [-8.329e-05, 0.00031705, -0.00085465],
        [-0.00079753, -0.00043414, -0.00111074],
        [0.00232725, -0.0033941, -0.00429441],
        [-0.00422953, 0.00273865, -0.00154539],
        [-0.00054023, 0.00027213, 0.00071924],
        [0.00341425, -0.00018082, 0.00438699],
        [0.00359063, -0.00613484, 7.484e-05],
        [-0.00121151, -0.0004213, -0.00156887],
        [0.00683735, -0.00176859, -0.00013964],
        [0.0014211, -0.00108082, -0.00225677],
        [-0.00372658, -0.00246928, -0.0001957],
        [0.0027563, 0.00362115, -0.00156167],
        [0.00560199, 0.00257316, 0.00022497],
        [-4.537e-05, 0.00078467, -0.00131304],
        [0.00089034, -0.00132377, -0.00025932],
        [-0.00071397, -0.00153134, 0.00121635],
        [0.00157839, -0.00057446, 0.00127338],
        [-0.00183672, -0.00127928, -0.00173477],
        [-0.00152066, 0.00105932, 0.0053167],
        [-0.00142008, 0.00080915, -0.00141161],
        [-0.00016054, -0.0011476, -0.0022323],
        [-6.184e-05, 0.00303752, 0.00034293],
        [-0.00215254, 0.00035349, 0.00280491],
        [0.00208055, 0.00306082, -0.00037608],
        [-0.00135515, -0.00018488, -0.00281977],
        [0.00111929, -0.00093586, 0.00061433],
        [-0.00111861, 0.00190969, 0.00424445],
        [0.00188242, -0.00353158, -0.00486405],
        [0.00033936, -0.00093233, 0.00469668],
        [-0.00012359, 0.00263386, -0.00368874],
        [-0.00098977, -0.00012565, 0.00145837],
        [-0.00107548, 0.00458847, 0.00282219],
        [1.782e-05, 0.00083476, 0.00084888],
        [-0.00277641, -0.00096074, 0.00335867],
        [-2.321e-05, -0.00049403, 0.00033885],
        [-0.00271894, -0.00359758, -0.00236243],
        [-0.00458222, 0.0022967, -0.00204519],
        [-0.00013711, 0.00100809, 0.00087716],
        [-0.00281415, 0.00057398, 0.00256032],
        [-0.00219107, 0.00069304, -1.469e-05],
        [0.00173216, -0.00051511, 0.00534012],
        [-0.00131631, -0.00015295, -0.00382805],
        [0.00305358, -0.00302172, -0.00210215],
        [-0.00128802, 0.00227463, 0.00203243],
        [-0.00717714, -0.00155866, -0.00107767],
        [-0.00199377, -0.00046742, -0.00139825],
        [0.00269413, -0.00283061, -0.00106036],
        [0.00252521, -0.00520755, 0.00152495],
        [-0.00301485, 0.00151039, 0.00053944],
        [-0.00268258, 0.00230603, 0.00429838],
        [0.00087235, 0.00238662, 2.692e-05],
        [-0.00062728, 0.00253549, 0.00165557],
        [0.00449381, 0.00131226, 0.00178967],
        [-0.00575779, -0.00077667, 0.00308643],
        [0.00282572, 0.00157734, -0.00063968],
        [0.00081447, 0.00331589, -0.0002994],
        [0.00442345, -0.00531375, 0.00077869],
        [0.00311906, -0.00231321, 0.00171207],
        [-0.00110012, 0.00283354, -0.00017999],
        [0.00334251, -0.00430828, -0.00273398],
        [0.00081193, -0.00027551, 0.002754],
        [-0.0022869, 0.00086478, 0.00023202],
        [0.00356375, 0.00251101, -0.00280617],
        [0.00124054, 0.0011958, -0.00242817],
        [0.0017158, -0.00082688, -0.00482567],
        [0.00021994, 0.00083461, -0.00222547],
        [0.00105906, 0.00180665, -0.00104526],
        [-0.00133908, 0.00058667, -0.00213364],
        [-0.00135167, -0.00043509, -0.00262234],
        [-0.00623878, 0.00509697, 0.00047949]
    ],
    "relaxed_lattice": [
        [-4.97531969, -14.20668955, -8.4647949],
        [-7.52525457, -0.10712238, -4.20060086],
        [-0.14757863, -0.11735961, -8.67859586]
    ],