{
    "atom_type": [
        "Na",
        "V",
        "P",
        "O"
    ],
    "atoms_per_type": [
        4,
        8,
        12,
        48
    ],
    "coord_mode": "direct",
    "relaxed_basis": [
        [0.25614289, 0.47603257, 0.51233915],
        [0.99407697, 0.00564231, 0.00381594],
        [0.79656283, 0.25445076, 0.86231966],
        [0.19748518, 0.74812333, 0.11315066],
        [0.32713561, 0.63491193, 0.64181989],
        [0.81845143, 0.64580955, 0.64357085],
        [0.06910229, 0.14756107, 0.14630748],
        [0.57376075, 0.13360783, 0.14557966],
        [0.17989161, 0.35005786, 0.354885],
        [0.6765024, 0.37033492, 0.35645426],
        [0.42727271, 0.86390973, 0.86007989],
        [0.9327408, 0.85123354, 0.84792105],
        [0.12652299, 0.54180576, 0.96184918],
        [0.62209522, 0.53638257, 0.97506753],
        [0.48351549, 0.24649248, 0.53743969],
        [0.97866431, 0.25619228, 0.53795298],
        [0.26709083, 0.95515656, 0.25143466],
        [0.76564991, 0.96867083, 0.24748335],
        [0.23316678, 0.04002444, 0.74995183],
        [0.73542131, 0.03385194, 0.74761503],
        [0.37711695, 0.46414495, 0.03057536],
        [0.87328077, 0.45936884, 0.03252746],
        [0.02242993, 0.7466166, 0.46283535],
        [0.51747405, 0.75465983, 0.46145375],
        [0.4326648, 0.70431377, 0.49927449],
        [0.9392927, 0.69294057, 0.51886869],
        [0.25110616, 0.85656363, 0.73251366],
        [0.75069688, 0.84547608, 0.74698661],
        [0.35814572, 0.47426881, 0.87010354],
        [0.85542375, 0.46797837, 0.8704095],
        [0.50373937, 0.20178405, 0.36583596],
        [0.99964189, 0.19962289, 0.37338804],
        [0.18453931, 0.97642695, 0.21125139],
        [0.68343051, 0.96108567, 0.23606924],
        [0.10646006, 0.36736116, 0.00729],
        [0.62866101, 0.33728288, 0.01511609],
        [0.06001016, 0.30806275, 0.49966661],
        [0.56459809, 0.2933004, 0.50579566],
        [0.24021812, 0.13473065, 0.29289585],
        [0.74989144, 0.15993535, 0.2456034],
        [0.14785017, 0.5249953, 0.12293964],
        [0.63631455, 0.53122568, 0.13930078],
        [0.01343039, 0.80086043, 0.61738926],
        [0.49582244, 0.79579943, 0.63289262],
        [0.31316186, 0.03003116, 0.78529503],
        [0.82147886, 0.02344576, 0.76804085],
        [0.36862835, 0.6639103, 0.99944196],
        [0.89758125, 0.63527595, 0.9719108],
        [0.3893924, 0.41728026, 0.55295649],
        [0.88337632, 0.4199167, 0.56121404],
        [0.27798415, 0.77589481, 0.42620489],
        [0.78690976, 0.80394273, 0.42851153],
        [0.21172845, 0.56125379, 0.77410954],
        [0.7050371, 0.57518922, 0.78488527],
        [0.03082362, 0.91498522, 0.27079687],
        [0.5228387, 0.9272732, 0.27818684],
        [0.13795797, 0.06343244, 0.92453691],
        [0.6458614, 0.07311813, 0.92105214],
        [0.47084958, 0.31066055, 0.04503447],
        [0.95981136, 0.27644204, 0.06335676],
        [0.11905268, 0.5811625, 0.43074575],
        [0.60880997, 0.58178341, 0.44307351],
        [0.21774954, 0.21945476, 0.57669725],
        [0.72250221, 0.19906801, 0.5634271],
        [0.29411737, 0.42250644, 0.22440461],
        [0.78782709, 0.45105405, 0.21697103],
        [0.47063849, 0.07426405, 0.72203882],
        [0.9684458, 0.0855113, 0.72764804],
        [0.35921346, 0.9448023, 0.08094116],
        [0.85857688, 0.93445739, 0.07298989],
        [0.03899207, 0.72452695, 0.9405515],
        [0.52705174, 0.69009129, 0.95672722]
    ],
    "relaxed_energy": -754.64496547,
    "relaxed_forces": [
        [-0.00195638, 0.00212371, 0.00168926],
        [-0.00127949, 0.00168949, 0.00147427],
        [0.00045982, -0.00184153, -0.00213996],
        [-0.00183198, 0.00122657, 0.00237989],
        [0.00254139, 5.089e-05, 0.00434692],
        [-0.00137638, -0.00101117, -0.00069568],
        [-0.00037733, 0.00470921, 0.00206523],
        [0.00141511, -0.00068976, 0.00081042],
        [-0.00212286, 0.00261956, 0.00120141],
        [0.00121954, -0.0014707, 0.00211767],
        [0.00063037, -0.00010509, -0.00297439],
        [-0.0029609, 0.00092343, 0.00133688],
        [0.00051246, 0.00224812, 0.0006957],
        [0.00071652, 0.00113584, 0.0016031],
        [-0.00106352, -0.00612288, -0.00136388],
        [-0.00291455, 0.0035207, -0.00291253],
        [0.00415873, -0.00263626, -0.0026097],
        [0.00161801, 0.00265331, -0.00186125],
        [-0.00201612, -0.00243722, -0.00350002],
        [0.00545286, -0.00137634, 0.00408147],
        [0.00024619, -0.0016728, -0.0007665],
        [0.00278721, -0.00349174, 0.0055987],
        [-0.0016383, 0.0010156, -0.00145457],
        [0.00239585, -0.00406517, -0.00100651],
        [0.00409074, -0.00023345, -0.00120279],
        [-0.00083222, 0.0018948, 0.00355283],
        [0.00212742, -0.00258961, 0.00364103],
        [-0.00717634, -0.00073476, -0.00350244],
        [-0.00196346, 0.00148139, -0.00179939],
        [0.00058351, -0.00283653, -0.00027416],
        [0.00259145, 0.00144492, -0.00149298],
        [-0.00285956, 0.00183856, 0.00087135],
        [-0.00238225, 0.00012043, 0.00340119],
        [9.459e-05, 0.0005577, -0.0008319],
        [-0.00052524, 0.00054602, 0.00103338],
        [0.00173982, 0.00277741, 0.00244442],
        [-0.00456246, -0.00235783, -0.00122584],
        [0.00222579, 0.00110207, 0.00136923],
        [0.00152636, -0.00161222, 0.00046109],
        [0.00162694, -0.00350871, -0.00081],
        [0.00096668, 0.00150939, -0.00450715],
        [0.00249064, -0.0001137, -0.00429594],
        [-0.00089361, 0.00287109, 0.00111058],
        [0.00157108, -0.00052417, -0.00331551],
        [-0.00140378, -0.00050293, -0.00174163],
        [0.00022826, 0.00045691, -0.00078897],
        [-0.00025889, -0.00156975, 1.39e-06],
        [0.00100633, 7.876e-05, 0.00219903],
        [-0.00044664, 0.00359435, -0.00166116],
        [0.00061102, -0.00166123, 4.161e-05],
        [-0.00246419, -0.00033513, -0.00146719],
        [-0.00308739, 0.00165589, 0.0022843],
        [-0.00057486, 0.00027313, -0.00036328],
        [0.00174069, 0.0030798, -0.00085463],
        [-0.00461041, -0.00046882, 0.00217283],
        [0.00140549, -0.00035554, -0.00247252],
        [-0.00337312, 0.00092801, 0.00254858],
        [0.00039863, 0.00388536, 0.00067785],
        [0.00282498, 0.00067385, 0.002751],
        [0.00394801, -0.00098656, -0.00516985],
        [-0.00213415, 0.00183205, 0.00014973],
        [0.00336227, -0.004231, -0.00051909],
        [-0.00064715, 0.00124882, 0.00137473],
        [-0.00445159, 0.0014069, 0.00048296],
        [0.00154722, 0.00195838, -0.00257659],
        [-0.00231069, 0.00104978, 0.00459229],
        [0.00152098, 0.00048592, 0.00029655],
        [-0.00023855, 0.00079111, -0.00237518],
        [-0.00026521, -0.00354371, -0.00158398],
        [0.00370312, -0.00268921, 0.0002349],
        [-0.00101746, -0.00375449, 0.00198515],
        [-6.904e-05, -0.00192922, -0.00296179]
    ],
    "relaxed_lattice": [
        [-5.05283787, -14.15227708, -8.50010552],
        [-7.49723943, -0.16432007, -4.23286194],
        [-0.21376742, -0.19320421, -8.60433581]
    ],