{
    "atom_type": [
        "Na",
        "V",
        "P",
        "O"
    ],
    "atoms_per_type": [
        9,
        8,
        12,
        48
    ],
    "coord_mode": "direct",
    "relaxed_basis": [
        [0.24959921, 0.51900809, 0.48023878],
        [0.7401027, 0.53344483, 0.48740786],
        [0.51685408, 0.99077292, 0.9795989],
        [0.00391339, 0.99063189, 0.00738169],
        [0.12630761, 0.88778765, 0.61789065],
        [0.31022268, 0.24771046, 0.87346443],
        [0.811688, 0.24745364, 0.87557492],
        [0.37484928, 0.10256651, 0.39056305],
        [0.87462943, 0.11278249, 0.39285276],
        [0.3246501, 0.64181647, 0.64296399],
        [0.81816913, 0.64471875, 0.65060189],
        [0.06882932, 0.14550922, 0.14482222],
        [0.57108561, 0.14674437, 0.14584682],
        [0.17779735, 0.36083685, 0.35124332],
        [0.67772781, 0.35874066, 0.35336541],
        [0.43266556, 0.84854584, 0.85404751],
        [0.93088356, 0.84805864, 0.85652233],
        [0.12405488, 0.54056988, 0.96122243],
        [0.62206181, 0.54097112, 0.96433451],
        [0.47999734, 0.24733971, 0.5356879],
        [0.97742026, 0.25304814, 0.53514931],
        [0.27191229, 0.96294466, 0.24917724],
        [0.77010104, 0.96380561, 0.25395253],
        [0.22657033, 0.04082914, 0.75137012],
        [0.72805582, 0.0428007, 0.75268256],
        [0.37625019, 0.45212886, 0.03929829],
        [0.87201957, 0.45451829, 0.04080954],
        [0.0230535, 0.74599164, 0.46630529],
        [0.52408023, 0.74981015, 0.46121033],
        [0.43275577, 0.7348073, 0.49694544],
        [0.93295059, 0.71365074, 0.52481121],
        [0.23851882, 0.87587365, 0.7115095],
        [0.73876166, 0.87366257, 0.72533067],
        [0.35124365, 0.47124173, 0.88336224],
        [0.84305109, 0.47494723, 0.88989341],
        [0.48722345, 0.19522699, 0.38235807],
        [0.98414562, 0.2003952, 0.38456352],
        [0.18295985, 0.0093547, 0.21986478],
        [0.6831391, 0.0168342, 0.21036026],
        [0.09444943, 0.38223731, 0.00596719],
        [0.59120699, 0.37698919, 0.01593547],
        [0.06738831, 0.28796397, 0.4807371],
        [0.56668722, 0.29020815, 0.48294173],
        [0.26438768, 0.12487607, 0.29027126],
        [0.76367495, 0.12750934, 0.29014715],
        [0.15711954, 0.49331205, 0.12161803],
        [0.65485815, 0.49202342, 0.12471084],
        [0.02131842, 0.7904819, 0.6196368],
        [0.51728432, 0.78986144, 0.62008557],
        [0.31453648, 0.01854564, 0.77054971],
        [0.81571331, 0.02610868, 0.76907556],
        [0.4009203, 0.61879226, 0.99147051],
        [0.89794068, 0.62179345, 0.98882454],
        [0.38893467, 0.41657791, 0.55810251],
        [0.88640479, 0.41746243, 0.5655961],
        [0.27984204, 0.77887224, 0.41976849],
        [0.77852755, 0.7809415, 0.42114407],
        [0.20826502, 0.55186014, 0.77403022],
        [0.7061678, 0.54122104, 0.78100147],
        [0.02816137, 0.91547083, 0.27983115],
        [0.53777878, 0.91856053, 0.27136852],
        [0.13665561, 0.06752991, 0.91885089],
        [0.63818037, 0.07736597, 0.920576],
        [0.45796968, 0.26258213, 0.07054062],
        [0.95143881, 0.26536292, 0.07175925],
        [0.11339544, 0.57839661, 0.43250282],
        [0.61122817, 0.57762467, 0.43322578],
        [0.2146623, 0.22518944, 0.57520801],
        [0.71467888, 0.22508655, 0.57635008],
        [0.29397892, 0.43203664, 0.23022973],
        [0.78934328, 0.43980093, 0.23324476],
        [0.46844401, 0.08656906, 0.72756412],
        [0.97187534, 0.08481343, 0.7259222],
        [0.36037943, 0.94444061, 0.07483298],
        [0.85886078, 0.94442929, 0.07809113],
        [0.04641845, 0.73107025, 0.9417467],
        [0.54210601, 0.72450865, 0.95191825]
    ],
    "relaxed_energy": -793.60342464,
    "relaxed_forces": [
        [-0.00139557, -0.00065086, 0.00081481],
        [-0.00058289, 0.00285131, 0.00019602],
        [-0.00183289, -0.00339195, 0.00077327],
        [-0.00019976, -0.00093548, -0.00023651],
        [-0.00128248, 0.00015291, 0.00179502],
        [-0.00153401, -0.00287709, 0.00130825],
        [0.0008015, 0.00240769, 0.00032929],
        [0.00216613, -0.00046368, 0.00112109],
        [-0.00103446, -0.0010526, -0.0014923],
        [0.00264912, -0.00350328, -0.00306978],
        [0.00014664, 0.00244839, -0.00199005],
        [-0.00060968, -0.00024878, 0.00053535],
        [0.0020488, 0.00122202, -0.00280961],
        [-0.00141662, 0.00481444, -0.0004217],
        [0.00400319, -0.00259346, 0.00384136],
        [0.00175404, 0.00028833, -2.167e-05],
        [-0.00131726, -0.00143047, 0.00049789],
        [-0.00259013, -0.0017569, -0.00138771],
        [0.00042752, -0.00471903, -0.00264726],
        [-0.00205171, 0.00648063, -0.00328454],
        [-0.0011796, -0.00176272, -0.00060126],
        [-0.00308436, 9.318e-05, 0.00229123],
        [-0.00337114, -0.00226004, -0.00290575],
        [0.00277966, 0.00119193, 0.00641994],
        [0.00010036, -0.00442487, 0.00309389],
        [-0.00387823, 0.00045065, -0.00374154],
        [-0.00171798, -0.00359527, 0.00104395],
        [0.00018815, 0.00178128, -0.00052239],
        [0.00206449, -0.00171077, -0.00328349],
        [-0.00279798, -0.00047564, -0.00399991],
        [0.00023695, 0.00202726, -0.00199566],
        [-0.00302376, 0.00299597, 0.00171807],
        [0.00251978, 0.00195193, 0.00034103],
        [-0.00667459, 0.00112259, 0.0020982],
        [0.00086212, -4.287e-05, -0.00057315],
        [0.00290493, 0.00136769, 0.00735514],
        [-0.00232524, 0.00046017, 0.00356228],
        [0.00411906, 0.00739039, -0.00478754],
        [-0.00415041, 0.00685165, 0.00019181],
        [0.00372162, -0.00163231, -0.00088782],
        [0.00773367, 0.00376613, -0.00308093],
        [0.00038755, 0.00550824, 0.00158844],
        [0.00350192, -0.0036488, -0.00026971],
        [0.0025806, -0.00099402, 0.00318008],
        [0.00242101, -0.0021876, 0.00370055],
        [-0.00163477, 0.00144773, 0.00263587],
        [0.00411272, -0.00184693, 0.00190313],
        [0.00162506, -0.0028079, -0.00059324],
        [0.00607194, -0.0028509, -0.00112072],
        [-0.00359378, 0.00035135, 0.00299417],
        [0.00074027, 0.00091479, 0.00130156],
        [1.956e-05, 0.00119651, 0.00783927],
        [0.00170369, 0.00244075, 0.00061715],
        [-0.00164515, -0.0065267, -0.00333416],
        [-0.00142379, 0.00175123, -0.0018271],
        [0.00085723, -0.00415916, 0.00070482],
        [0.00102285, 0.00050163, -7.733e-05],
        [-0.00071819, 0.00128117, -0.00052558],
        [0.00260831, 0.00128808, -0.00252806],
        [-0.00287593, 0.00017274, 0.00526235],
        [-0.00532938, -0.00814645, 0.0012513],
        [0.00105748, -0.0007481, -0.00392808],
        [-0.00168652, 0.00451223, -0.00171494],
        [0.00107969, -0.00485819, -0.00673766],
        [0.00132606, -0.00036091, 0.00195204],
        [-0.00436826, 0.00564519, -0.00229513],
        [-0.0017179, 0.00354379, -0.00242302],
        [0.00395592, 0.00239269, 0.00045954],
        [0.00479966, -0.00226327, 0.00029554],
        [-0.00136164, -0.00356397, 3.491e-05],
        [-0.00171654, -0.00186025, 0.00034391],
        [0.00197122, -0.00047514, 0.00243051],
        [-0.00380349, 0.00078166, -0.00122413],
        [-6.56e-05, 0.00356131, 0.00022022],
        [-0.00039924, -0.00329339, 0.00074994],
        [-0.00108579, -0.0021218, -0.00072544],
        [-0.00159375, 0.00283397, -0.0057283]
    ],
    "relaxed_lattice": [
        [-5.02384866, -14.31908394, -8.40006429],
        [-7.56247428, -0.09179696, -4.23388053],
        [-0.17319983, -0.13164764, -8.65173271]
    ],