{
    "atom_type": [
        "Na",
        "V",
        "P",
        "O"
    ],
    "atoms_per_type": [
        12,
        8,
        12,
        48
    ],
    "coord_mode": "direct",
    "relaxed_basis": [
        [0.25765428, 0.49807607, 0.48233562],
        [0.75086993, 0.50108818, 0.49935798],
        [0.47663476, 0.99273541, 0.04720641],
        [0.01864589, 0.99572978, 0.97644586],
        [0.1260624, 0.8726599, 0.60248186],
        [0.62356524, 0.89671608, 0.62837106],
        [0.30491598, 0.24717584, 0.87994928],
        [0.81040102, 0.25134612, 0.88230503],
        [0.95117621, 0.61000952, 0.25328783],
        [0.55296951, 0.39526916, 0.75653395],
        [0.87399341, 0.11016352, 0.37740387],
        [0.68888051, 0.75061005, 0.11402598],
        [0.32178792, 0.64382755, 0.6517132],
        [0.82396753, 0.64133901, 0.64571619],
        [0.0719385, 0.1357658, 0.146494],
        [0.5662472, 0.14812603, 0.15188245],
        [0.18196868, 0.36083031, 0.34648862],
        [0.67466585, 0.35861061, 0.36049387],
        [0.42833615, 0.85625908, 0.84860538],
        [0.9298409, 0.85144687, 0.85130366],
        [0.12521872, 0.54142354, 0.96015565],
        [0.62172759, 0.54972916, 0.95949801],
        [0.47851482, 0.25734811, 0.54920519],
        [0.97712198, 0.24666196, 0.53308469],
        [0.26865942, 0.95921607, 0.25366656],
        [0.77165264, 0.95487842, 0.24792889],
        [0.22940641, 0.04495043, 0.74433394],
        [0.72795031, 0.04773367, 0.75382018],
        [0.37420293, 0.45414435, 0.03823411],
        [0.87592858, 0.45021628, 0.04249221],
        [0.02379861, 0.74275869, 0.45383643],
        [0.52459334, 0.75514326, 0.46340321],
        [0.44265008, 0.69497594, 0.53166811],
        [0.94166846, 0.69030058, 0.49075153],
        [0.23852896, 0.87457919, 0.71577259],
        [0.74703342, 0.88558852, 0.7015244],
        [0.3476715, 0.46263287, 0.88847988],
        [0.84792442, 0.48641363, 0.88292046],
        [0.50743771, 0.20168649, 0.38371817],
        [0.97918936, 0.1960642, 0.38470948],
        [0.17622453, 0.98342364, 0.24975439],
        [0.69218227, 0.98317583, 0.19744746],
        [0.09813183, 0.37498381, 0.017798],
        [0.60409674, 0.38202946, 0.98454378],
        [0.06046653, 0.30255499, 0.46602465],
        [0.55935604, 0.30156462, 0.53101881],
        [0.26125709, 0.1353434, 0.26735285],
        [0.75099553, 0.1187731, 0.30082516],
        [0.14882378, 0.52905433, 0.11294657],
        [0.64777286, 0.51752605, 0.11881673],
        [0.00158644, 0.8026167, 0.61535204],
        [0.52191267, 0.81121492, 0.60804453],
        [0.31602634, 0.01882103, 0.77227442],
        [0.80931869, 0.01559737, 0.80342193],
        [0.41002714, 0.61441265, 0.96039813],
        [0.89457407, 0.61664582, 0.01669895],
        [0.38581506, 0.41884738, 0.5644861],
        [0.88294546, 0.4087678, 0.56667011],
        [0.28474811, 0.78201089, 0.42159885],
        [0.78298164, 0.77057352, 0.41377478],
        [0.20467538, 0.55699477, 0.77002181],
        [0.70604348, 0.57153849, 0.77207418],
        [0.02508692, 0.91194225, 0.27297104],
        [0.53432566, 0.90872796, 0.27185409],
        [0.14196221, 0.06771839, 0.91829304],
        [0.63543232, 0.06435468, 0.91755199],
        [0.45876154, 0.26861615, 0.06222435],
        [0.95503004, 0.26374441, 0.06432291],
        [0.11549011, 0.58321504, 0.43801319],
        [0.61808619, 0.58635031, 0.43848122],
        [0.21505177, 0.22371977, 0.5782945],
        [0.7201031, 0.23175931, 0.58880233],
        [0.29516266, 0.44902267, 0.22273563],
        [0.79181479, 0.42946217, 0.22906361],
        [0.46656489, 0.09390102, 0.73559186],
        [0.9738192, 0.08309634, 0.7205446],
        [0.35285272, 0.93497534, 0.07659113],
        [0.86545982, 0.93813711, 0.08425974],
        [0.04134397, 0.7275764, 0.93265343],
        [0.54146528, 0.73613585, 0.93454031]
    ],
    "relaxed_energy": -815.4182046,
    "relaxed_forces": [
        [0.00096981, -0.00160274, -0.00032083],
        [-0.00293194, 0.00230383, -0.0004972],
        [0.00561531, 0.00494908, 0.00172967],
        [-0.00101875, -0.00116963, 0.00016266],
        [-0.00039406, -0.00033423, 0.00014447],
        [0.00021686, -0.00221196, -0.00391095],
        [0.00429478, -0.00051547, 0.00236696],
        [-0.00060716, 0.00067032, -0.0014805],
        [0.00178864, 0.00268617, -0.00028815],
        [-0.00015173, 0.00122494, -0.00193634],
        [0.00175837, -0.00158581, 0.00092167],
        [0.002209, 0.00104018, 0.00037661],
        [-0.00040642, -0.00256447, 0.00092495],
        [-0.00208775, -0.00190646, 0.00449581],
        [0.00140009, 0.00401011, 0.0002673],
        [-0.00191211, 0.00198238, 0.00044109],
        [0.00429243, -0.00074192, 0.00312526],
        [-0.00206655, -0.000408, -0.00165201],
        [0.00444133, -0.00101938, 0.00091636],
        [3.953e-05, -2.774e-05, 0.00122436],
        [-0.00302512, 0.00107484, -0.00238978],
        [-0.00525177, 0.00160239, -0.00274225],
        [-0.00054353, -0.00136121, 0.00209802],
        [-0.0011122, 0.001902, -0.0006604],
        [0.00115449, -0.00201707, 0.00228272],
        [0.00097228, 0.00101334, 0.00243149],
        [0.00138973, -0.00073597, 0.0022415],
        [-0.00028965, 0.00287669, -0.00200401],
        [0.00043847, -0.00358207, 0.00105663],
        [0.00051351, 7.85e-06, 0.0007662],
        [0.00175229, 0.00069419, -0.00116916],
        [0.00036092, -0.00066142, -0.00119688],
        [0.00235183, -0.00090814, -0.0053587],
        [-0.00025051, -0.0031599, 0.00097358],
        [0.00054242, 0.0016729, 0.00014635],
        [-0.00100361, -0.00588586, -0.00409344],
        [-0.00029266, 0.00027734, -0.00018558],
        [-0.00293371, -0.00210569, 2.463e-05],
        [-0.00083983, 0.00238004, 0.00054241],
        [-0.00156899, 0.00171021, 0.00088147],
        [0.00171826, 0.00318706, 0.00014934],
        [-0.00084278, -0.00031184, -0.00261792],
        [0.00059532, 0.00184356, -0.00495631],
        [-0.00165685, -0.0003978, 0.00066301],
        [-0.00217869, 0.00077279, -0.0024386],
        [0.00117382, -0.00033858, 0.00157108],
        [0.00209307, 0.00147433, 0.00277503],
        [0.00132371, 0.00331318, 0.00079654],
        [-0.00023361, -0.00055631, -0.00084142],
        [0.00055418, 0.0007326, -0.00147929],
        [-0.00320735, -0.00098555, 0.00111756],
        [0.0003578, -0.00236428, -0.00219051],
        [0.00342979, 0.00207438, 0.00237967],
        [0.00075273, -0.00230187, 0.00183667],
        [0.00303173, -0.00297801, 0.00250442],
        [-0.00030603, -0.00014094, -0.0013637],
        [0.00170609, -0.00188416, 0.00190568],
        [-0.00062244, -0.00295244, 0.00570032],
        [-0.00292266, -0.00039739, -0.00192439],
        [-0.00083916, -0.00164582, 0.00297957],
        [-0.00114913, 0.00407138, 0.00107853],
        [-0.00200501, 0.0014049, 0.00055122],
        [-0.00165498, 0.00344374, -0.0038105],
        [0.00439298, 0.003907, 0.00494068],
        [-0.00620358, -0.00136783, 0.00055066],
        [-0.00112454, -0.00321959, -0.00144323],
        [-0.00430657, 0.0008033, -0.00435792],
        [-0.00361627, 0.0018112, -0.00471071],
        [-0.0003703, 0.00102386, -0.00068287],
        [0.00128052, 0.00274084, 0.00148259],
        [-0.0026156, 0.00182532, 0.00089402],
        [0.00026622, 0.00220669, -0.00161375],
        [0.00157857, 0.00020223, 8.862e-05],
        [-0.00205347, -0.00132169, 0.00176427],
        [0.00015746, -0.00253466, 0.0010365],
        [-0.00170536, -0.00750883, 0.00095954],
        [0.00385994, 0.00102016, -0.00417136],
        [0.00134209, -0.00024238, -0.00061038],
        [-0.00174155, -0.0032992, 0.00273174],
        [0.00392762, -0.00068306, -0.00190039]
    ],
    "relaxed_lattice": [
        [-5.01618307, -14.37387847, -8.33730484],
        [-7.62141956, -0.09851698, -4.15657735],
        [-0.12626396, -0.10303215, -8.69130541]
    ],