{
    "atom_type": [
        "Na",
        "V",
        "P",
        "O"
    ],
    "atoms_per_type": [
        11,
        8,
        12,
        48
    ],
    "coord_mode": "direct",
    "relaxed_basis": [
        [0.24982062, 0.49608674, 0.49870795],
        [0.74553879, 0.48170829, 0.52718927],
        [0.4991491, 0.01167763, 0.99723107],
        [2.098e-05, 0.01640354, 0.98319262],
        [0.1271222, 0.87560046, 0.61557097],
        [0.62350909, 0.88245612, 0.60791107],
        [0.30871961, 0.25106731, 0.88008195],
        [0.44173692, 0.61736917, 0.25153693],
        [0.9410952, 0.62087869, 0.25199244],
        [0.87475479, 0.11373527, 0.37789412],
        [0.69370666, 0.75073324, 0.11886605],
        [0.32414201, 0.64520702, 0.65031853],
        [0.81940471, 0.64263963, 0.65034752],
        [0.07118052, 0.14411407, 0.13811321],
        [0.56904099, 0.14619645, 0.14398693],
        [0.18168481, 0.35536568, 0.35567613],
        [0.67753169, 0.35917707, 0.35618126],
        [0.42473043, 0.85528938, 0.85612072],
        [0.93044899, 0.8508478, 0.85325255],
        [0.12705762, 0.53899752, 0.96039416],
        [0.62388277, 0.54524899, 0.96060427],
        [0.4782324, 0.24881493, 0.54207828],
        [0.97932793, 0.25020999, 0.53442617],
        [0.26964356, 0.96200142, 0.25579724],
        [0.77318084, 0.9603005, 0.24269366],
        [0.22573788, 0.04596811, 0.75109145],
        [0.72753267, 0.03660902, 0.7444465],
        [0.37391249, 0.45475256, 0.04962313],
        [0.87631723, 0.46033336, 0.04546127],
        [0.02375987, 0.74477827, 0.45569819],
        [0.52342587, 0.7496277, 0.45549745],
        [0.44319931, 0.70086093, 0.48482277],
        [0.93874552, 0.70838865, 0.48952743],
        [0.24145269, 0.8828328, 0.70321509],
        [0.73341993, 0.88456783, 0.69146453],
        [0.34642907, 0.49021951, 0.88888115],
        [0.84317557, 0.52381246, 0.88434699],
        [0.48946614, 0.20697928, 0.38183906],
        [0.98506445, 0.21306203, 0.37280952],
        [0.18396921, 0.99790678, 0.22290206],
        [0.6893449, 0.99180323, 0.2024996],
        [0.10047377, 0.37788011, 0.99886363],
        [0.59722293, 0.38045902, 0.01180616],
        [0.06556663, 0.29491825, 0.48302907],
        [0.5632548, 0.28585065, 0.50575321],
        [0.25364946, 0.12595151, 0.30556837],
        [0.759372, 0.1212498, 0.29092415],
        [0.15682165, 0.49549049, 0.12060231],
        [0.64948678, 0.52623167, 0.11669414],
        [0.01661975, 0.78110444, 0.618801],
        [0.50763612, 0.7999623, 0.61583608],
        [0.30688067, 0.01575425, 0.80032948],
        [0.81668746, 0.97540803, 0.78360146],
        [0.39438962, 0.62137828, 0.02207415],
        [0.90738286, 0.61072853, 0.02252075],
        [0.38611681, 0.41705665, 0.56778329],
        [0.88893108, 0.41719488, 0.56437024],
        [0.28356814, 0.77353963, 0.41874035],
        [0.78315628, 0.77135456, 0.40952248],
        [0.20774852, 0.55870409, 0.7724575],
        [0.70132906, 0.57033096, 0.77087593],
        [0.0290369, 0.91812248, 0.27591324],
        [0.53817542, 0.90929887, 0.26444371],
        [0.13457729, 0.06648369, 0.9157015],
        [0.63984051, 0.05471139, 0.91436636],
        [0.45772125, 0.27380172, 0.06108067],
        [0.95274233, 0.26852067, 0.06210089],
        [0.11504521, 0.57807141, 0.42365654],
        [0.61729033, 0.58571529, 0.43352886],
        [0.21504111, 0.2311802, 0.58440454],
        [0.72419375, 0.22134086, 0.57783449],
        [0.29267488, 0.42865044, 0.23641741],
        [0.79386547, 0.44403743, 0.23202719],
        [0.46551932, 0.08501068, 0.73150697],
        [0.97688203, 0.07670495, 0.71319349],
        [0.35997042, 0.94811508, 0.08771528],
        [0.86578206, 0.93352792, 0.08007137],
        [0.0458752, 0.72731884, 0.94487384],
        [0.53814511, 0.73055153, 0.94305968]
    ],
    "relaxed_energy": -808.23721735,
    "relaxed_forces": [
        [0.0006558, 0.00110738, 2.26e-05],
        [-0.00073966, -0.00124296, 0.00065114],
        [-0.00161546, 0.00095014, 0.00151622],
        [0.00016005, 0.00081854, 0.00045028],
        [0.00039369, -0.002811, -0.00230155],
        [-0.00244144, 0.00051294, 0.00096041],
        [1.027e-05, 0.00229538, -0.00051801],
        [0.00153688, 0.00082787, -0.00026932],
        [0.0008622, -0.00126124, 0.00052005],
        [-0.00144299, -0.00075453, 0.0005548],
        [-0.00107259, 0.0016515, 0.00090973],
        [0.0011334, -0.00020142, 0.00142106],
        [0.0005237, -0.00074515, -0.00014141],
        [-0.00110965, -0.0007041, -0.00113384],
        [0.00058952, 0.00079359, -0.00020022],
        [0.00106159, 1.339e-05, 0.00111828],
        [-0.00101723, -0.00119965, -5.711e-05],
        [-0.00044511, 0.00022856, -0.00044154],
        [-0.00067881, 0.00076669, 0.00057481],
        [0.00103069, -0.00170181, 0.00012296],
        [0.00136747, 0.00175178, -0.00093491],
        [0.00058492, 0.00270382, 0.0012233],
        [0.00040776, -0.00139718, -0.00057894],
        [0.00094018, -0.00127723, 0.00068307],
        [0.00028527, -0.0001584, 0.00064694],
        [-0.00227994, 0.00383345, -0.00103083],
        [0.00280008, 0.00066934, 0.00029328],
        [-0.00085678, 0.00115115, 0.00118115],
        [0.00027156, -0.00213083, -0.00093598],
        [-0.00115575, -0.00043497, -0.00070476],
        [0.00050585, 0.00053294, 0.00135914],
        [0.00569172, 0.00025922, 0.0022053],
        [-0.00182128, 0.00312796, -0.00534774],
        [-0.00404709, -0.0065947, -0.00204609],
        [0.00067002, 0.00433083, 0.0005295],
        [0.00026219, 0.00405526, 0.0018331],
        [-0.00056053, -0.00113043, 0.00151147],
        [0.00308572, 0.00698375, 0.00290516],
        [-0.00145947, -0.00080913, -0.00266961],
        [-0.00162154, 0.00065443, 0.00268512],
        [0.00324517, 0.00479768, -9.57e-06],
        [0.00121915, -0.00087416, 0.00033949],
        [0.00280487, 0.00375028, -0.00067785],
        [-0.00010753, -0.00265462, -0.0012569],
        [-0.00601345, -0.00358751, 0.00504783],
        [-0.00320592, 0.00081688, -0.00054024],
        [-0.00356234, 0.0012487, -0.00320036],
        [0.00517189, -0.0037916, -0.00236941],
        [-0.00273091, -0.00047188, -0.00206649],
        [-0.00803156, 0.00335682, -0.00080782],
        [0.00732045, 0.00122286, -0.00070273],
        [0.00169978, 0.00245255, -0.00477744],
        [-0.00205646, -0.00479898, -0.00059384],
        [-0.00441859, -0.00102225, 0.00362275],
        [-0.00082856, 0.00086898, -0.00371362],
        [-0.00198738, 5.283e-05, 0.00348254],
        [0.00401705, 0.00109505, 0.0004298],
        [0.00293269, -0.00518802, 0.00095037],
        [0.00203339, 0.00602481, -0.00465512],
        [-0.00246953, -0.00326385, -0.00152256],
        [0.00429345, -8.706e-05, -0.00230988],
        [-0.00520856, -0.00240369, -0.0043811],
        [0.00451617, 0.00073352, 0.0083086],
        [-0.0019667, -0.00021718, -0.00215641],
        [0.00301409, -0.00036158, -0.00131931],
        [-0.00617929, -0.00380561, -0.00359761],
        [0.00541004, 0.0037269, 0.00447914],
        [0.00160076, -0.00105398, 0.00338898],
        [0.00286452, -0.002321, -0.00528771],
        [-0.0009135, 0.00227457, 0.0020526],
        [-0.00235033, -0.00607715, 0.00052745],
        [0.00083113, 0.00068664, -0.00088621],
        [-0.00471769, 0.00014866, -0.00173062],
        [-9.545e-05, -0.00306547, 0.00077093],
        [0.00435014, 0.00195001, 0.00310845],
        [0.00339953, -0.00704234, 0.00032598],
        [-0.00288124, -0.00034942, 0.00721604],
        [-0.00071723, 0.00053506, 0.00113395],
        [-0.00074727, 0.00122937, -0.00318911]
    ],
    "relaxed_lattice": [
        [-5.0071414, -14.34594692, -8.38839342],
        [-7.57658385, -0.08063649, -4.18494711],
        [-0.12461093, -0.02848993, -8.6677956]
    ],