{
    "atom_type": [
        "Na",
        "V",
        "P",
        "O"
    ],
    "atoms_per_type": [
        4,
        8,
        12,
        48
    ],
    "coord_mode": "direct",
    "relaxed_basis": [
        [0.50746629, 0.97635435, 0.00339533],
        [0.30526681, 0.2548126, 0.86963793],
        [0.81948358, 0.24618097, 0.89418086],
        [0.93390315, 0.61350354, 0.25395727],
        [0.32566472, 0.64451557, 0.63825102],
        [0.82137001, 0.64699847, 0.64645441],
        [0.07657465, 0.14052689, 0.13676102],
        [0.57051541, 0.13919226, 0.14621549],
        [0.17740918, 0.36284609, 0.36297806],
        [0.67599192, 0.3645455, 0.3565973],
        [0.42916515, 0.85532201, 0.84743011],
        [0.92485148, 0.8561928, 0.85071697],
        [0.12499186, 0.53306928, 0.96998125],
        [0.6216867, 0.53776173, 0.97506079],
        [0.48307778, 0.24959886, 0.53829097],
        [0.98696785, 0.24637848, 0.54012959],
        [0.26721914, 0.96588398, 0.25042883],
        [0.76159893, 0.96202614, 0.25156138],
        [0.23436088, 0.03827824, 0.7499843],
        [0.73111853, 0.04268206, 0.75191458],
        [0.37418568, 0.46269818, 0.03061244],
        [0.87587992, 0.46394462, 0.03470278],
        [0.01537753, 0.75288317, 0.45356096],
        [0.52172203, 0.74719949, 0.45638393],
        [0.4396996, 0.7001852, 0.49036446],
        [0.93539043, 0.71740005, 0.46251568],
        [0.26568754, 0.85089337, 0.7249768],
        [0.7630355, 0.84727347, 0.73106431],
        [0.36949509, 0.46175942, 0.85978938],
        [0.87321847, 0.47501029, 0.85681868],
        [0.50241203, 0.19535661, 0.3781087],
        [0.00480782, 0.23966308, 0.35275051],
        [0.1831873, 0.98617774, 0.21642735],
        [0.68247769, 0.97486896, 0.20945911],
        [0.13418268, 0.34287432, 0.98035315],
        [0.61072968, 0.35844055, 0.00811774],
        [0.06768642, 0.27887395, 0.52780249],
        [0.56729577, 0.29003177, 0.50556152],
        [0.25170397, 0.15509608, 0.25172543],
        [0.74092587, 0.15497386, 0.25005093],
        [0.12261653, 0.51317798, 0.15918929],
        [0.6247595, 0.53385518, 0.15034339],
        [0.98103477, 0.78685028, 0.64370147],
        [0.49637491, 0.80931359, 0.62006278],
        [0.31311619, 0.03590988, 0.78472015],
        [0.80664773, 0.03717466, 0.79726113],
        [0.39176677, 0.63984235, 0.98197251],
        [0.87299656, 0.64840919, 0.02061394],
        [0.39007471, 0.42418359, 0.55645416],
        [0.89146429, 0.42171383, 0.57118267],
        [0.27754443, 0.79734145, 0.43073975],
        [0.77248075, 0.79364662, 0.43388006],
        [0.21247091, 0.57692238, 0.79919853],
        [0.71540618, 0.54965269, 0.80628595],
        [0.0284998, 0.93176046, 0.28645213],
        [0.53238414, 0.91464955, 0.26868385],
        [0.14057342, 0.06097094, 0.91713304],
        [0.63442076, 0.06519334, 0.91438046],
        [0.45932832, 0.28061659, 0.07880341],
        [0.9683204, 0.30102188, 0.06598179],
        [0.10817461, 0.58264125, 0.44562567],
        [0.61279941, 0.57206317, 0.45435033],
        [0.22400516, 0.20703805, 0.56396459],
        [0.72433726, 0.19969169, 0.56518866],
        [0.28234453, 0.45583622, 0.20224114],
        [0.78899255, 0.41864501, 0.2091239],
        [0.46789987, 0.08485977, 0.73068165],
        [0.96898195, 0.07192842, 0.71554282],
        [0.36054048, 0.93078543, 0.07713522],
        [0.8582339, 0.92391248, 0.08407933],
        [0.03258548, 0.69311531, 0.94142485],
        [0.53922267, 0.7213808, 0.92511452]
    ],
    "relaxed_energy": -754.35004982,
    "relaxed_forces": [
        [0.00090161, 0.00059278, 0.00156182],
        [-0.0005517, -0.00103941, -0.00177367],
        [0.00067517, -0.00037852, -0.0015883],
        [-0.00101754, -0.00157243, -0.00298912],
        [-0.00288295, -0.0021572, -0.0023677],
        [0.00496707, -0.00355898, -0.0001649],
        [0.00281883, -0.00218125, -0.00468434],
        [-0.00128782, 0.00367647, 0.0025325],
        [0.00080316, -0.00243724, -0.00294152],
        [0.00320372, 0.00230267, 0.00278472],
        [-0.0017389, 0.00216792, -0.00266959],
        [0.00462389, -0.00494821, 0.00096904],
        [-0.00409609, 0.0033547, 0.00065336],
        [0.00224798, -0.00144689, 0.00013342],
        [-0.00370918, 0.00163192, 0.0003711],
        [0.00422791, 0.00236002, -0.00186215],
        [0.00228395, -0.00280565, -0.00016958],
        [-0.00094179, 0.00062801, 0.00094937],
        [0.00109445, -0.00200558, 0.00375481],
        [-0.00035166, -0.0016644, -0.00463703],
        [-0.00199364, 0.00038186, 0.0036289],
        [-0.00469327, 0.0005395, -0.00128913],
        [0.00044238, 0.00274013, -0.00321365],
        [0.00181395, 0.00338907, 0.00712884],
        [-0.00020746, 0.00041591, 0.00108285],
        [-0.00325074, -0.00215106, -0.00152478],
        [-0.00233408, -0.00161417, -0.00316766],
        [-0.00028285, 0.0020521, -0.00062595],
        [-0.00064149, -0.00208569, -0.00105822],
        [-0.00086067, -0.00089814, 0.00128911],
        [-0.00133653, 0.0008613, -0.00034796],
        [0.00245472, -0.00087169, 0.00109876],
        [-0.00141794, -0.00183687, 0.00052135],
        [0.00314008, 0.00189864, 0.00033083],
        [4.391e-05, 8.867e-05, 0.00024784],
        [0.00016461, -0.00059611, 0.00162841],
        [0.00327012, -0.0010953, 0.0004414],
        [-0.00221362, 0.00114107, -0.00020477],
        [-0.00074647, -0.00094727, 0.00199098],
        [0.00153227, 0.0025816, -0.00182475],
        [0.00086391, 0.00318465, -0.00164691],
        [0.00065899, 0.00036028, -0.00026149],
        [0.00085263, 0.00133512, -0.00184677],
        [-0.00268384, -0.00442327, 0.00551625],
        [-0.0023862, -0.00068418, 0.0006659],
        [0.00225386, 0.0018634, -0.00014872],
        [-0.00170051, -0.00020584, 0.00256537],
        [0.00343055, -0.00048541, -0.00315299],
        [0.00143267, -0.00017116, 0.00144956],
        [-0.00091564, -0.00095309, -0.00231932],
        [-0.00734598, 0.00310233, 0.00509715],
        [0.00402289, 0.0020052, -0.00154639],
        [0.00322788, 0.00403182, -0.00384193],
        [0.00159936, -0.00016706, -0.00141074],
        [0.00268619, -0.00111306, -0.00053972],
        [-0.00345998, -0.00080626, 0.00138871],
        [-0.0006103, -0.00247208, 0.00199057],
        [0.00141254, 0.00350404, -0.00104507],
        [-0.00165289, 0.00051386, -0.00098293],
        [0.00475634, 0.000411, -0.00095946],
        [0.0016867, 0.00096486, -8.648e-05],
        [-0.00200471, -0.00203296, -0.00049037],
        [0.00010493, -0.00135878, 0.00317488],
        [-0.00411155, 0.00034339, 0.00329574],
        [-0.00474129, 0.00052315, 0.0021429],
        [0.00274788, 2.939e-05, 0.00025277],
        [-0.00142704, -0.00103338, 0.00092246],
        [-0.00383035, -0.00045463, 0.00064126],
        [0.00018561, -0.00140813, -0.00015719],
        [0.00203449, 0.00336695, -0.00245681],
        [-0.00047276, -0.00021211, -0.00197374],
        [-0.00076778, -0.00207032, 0.00176883]
    ],
    "relaxed_lattice": [
        [-5.16810822, -14.17244064, -8.57818509],
        [-7.53972059, -0.21083071, -4.27466515],
        [-0.2250134, -0.21061578, -8.65338136]
    ],