{
    "atom_type": [
        "Na",
        "V",
        "P",
        "O"
    ],
    "atoms_per_type": [
        7,
        8,
        12,
        48
    ],
    "coord_mode": "direct",
    "relaxed_basis": [
        [0.25009534, 0.52395736, 0.47989766],
        [0.49952238, 0.99342061, 0.01409962],
        [0.01275914, 0.97786379, 0.99634553],
        [0.62780671, 0.88210457, 0.62431772],
        [0.30744184, 0.25388106, 0.87556265],
        [0.81274733, 0.24949426, 0.87106953],
        [0.76127691, 0.49981948, 0.47444334],
        [0.32509877, 0.65094902, 0.64192492],
        [0.82834007, 0.64083642, 0.63713201],
        [0.07707181, 0.13850203, 0.13973063],
        [0.5697572, 0.14200756, 0.14443779],
        [0.17699539, 0.3658342, 0.3576268],
        [0.68177195, 0.36019806, 0.35180047],
        [0.42994112, 0.85768411, 0.85643025],
        [0.93188415, 0.85499855, 0.84624991],
        [0.12843837, 0.54073424, 0.96340368],
        [0.62593441, 0.53892625, 0.96396679],
        [0.48046177, 0.25946474, 0.53196018],
        [0.98470431, 0.25018914, 0.53422034],
        [0.26953265, 0.96377654, 0.25323161],
        [0.76963026, 0.96130074, 0.24493228],
        [0.23406274, 0.04812594, 0.74482355],
        [0.72862338, 0.04281621, 0.74904714],
        [0.37512257, 0.45891895, 0.03878646],
        [0.87942198, 0.45479111, 0.03239803],
        [0.02345136, 0.7558812, 0.45233254],
        [0.52637584, 0.7480057, 0.46045614],
        [0.44169043, 0.6916144, 0.51358791],
        [0.94011675, 0.71132836, 0.48671866],
        [0.25806654, 0.87397743, 0.70304736],
        [0.7456775, 0.87280062, 0.70971392],
        [0.35393617, 0.47423526, 0.87833041],
        [0.86148268, 0.45479665, 0.87806511],
        [0.49595171, 0.2022989, 0.37579851],
        [0.00666419, 0.20045965, 0.36875374],
        [0.1882457, 0.98219233, 0.21085716],
        [0.68305512, 0.9999498, 0.20191334],
        [0.12480301, 0.35467464, 0.99180633],
        [0.60304626, 0.37127201, 0.00426161],
        [0.06389798, 0.3100727, 0.4993654],
        [0.56331144, 0.31285575, 0.48496537],
        [0.24689398, 0.13758038, 0.29125826],
        [0.74994782, 0.1297934, 0.28950721],
        [0.1520607, 0.51568136, 0.1246006],
        [0.65534139, 0.50439493, 0.12170081],
        [0.00886226, 0.80314259, 0.61349004],
        [0.51533913, 0.79651482, 0.61839066],
        [0.31564672, 0.03310719, 0.78203111],
        [0.81047653, 0.03285747, 0.77888994],
        [0.39433168, 0.63040557, 0.99568951],
        [0.88999522, 0.63874552, 0.98406214],
        [0.38502203, 0.42156096, 0.56151613],
        [0.8889911, 0.41442395, 0.55522654],
        [0.28620489, 0.77943615, 0.4190103],
        [0.77519842, 0.77975244, 0.41544597],
        [0.21356733, 0.57300078, 0.77343013],
        [0.70999616, 0.55721674, 0.77360275],
        [0.03550682, 0.92122083, 0.26307255],
        [0.52878568, 0.9177251, 0.27510814],
        [0.1422461, 0.05713635, 0.91724948],
        [0.63530773, 0.06460455, 0.91920709],
        [0.46123332, 0.27457343, 0.06517759],
        [0.97095087, 0.28431605, 0.05920437],
        [0.11666844, 0.5863824, 0.43274608],
        [0.62068471, 0.58562304, 0.42643861],
        [0.21768662, 0.23200764, 0.57773476],
        [0.71191228, 0.22644299, 0.57646853],
        [0.29207906, 0.43287969, 0.22732158],
        [0.79802948, 0.4232298, 0.22433527],
        [0.47570894, 0.09066549, 0.72125196],
        [0.97410102, 0.08554872, 0.72362384],
        [0.36094457, 0.95454424, 0.07791932],
        [0.86040953, 0.94857655, 0.07222398],
        [0.04057239, 0.71191104, 0.94758612],
        [0.54426485, 0.72776149, 0.94083623]
    ],
    "relaxed_energy": -778.57657422,
    "relaxed_forces": [
        [0.00053339, -0.00176961, -0.00242263],
        [0.00194006, 0.00321952, -0.00113573],
        [0.0016922, 0.00034985, 0.00254572],
        [0.00040317, 0.00268838, 0.0009865],
        [0.0007534, 0.00019562, 0.00112106],
        [0.00049193, -0.00060081, -0.00049331],
        [-0.0023509, -0.00027091, 0.00056609],
        [-0.00600352, 0.00200264, -0.00164472],
        [0.00204694, 0.00481884, -0.00380614],
        [-0.00582157, 0.00241905, 0.00064221],
        [0.00262044, -0.00192473, 0.00144398],
        [0.0043907, -0.00293965, 0.00203097],
        [-0.00293025, 0.00434239, 0.00074807],
        [-0.00170811, -0.00330013, 0.00078088],
        [0.00013147, 0.00051437, 0.00439531],
        [-0.00103302, -0.00293355, -0.00093961],
        [0.00036918, -0.00017413, 0.00095065],
        [0.00091987, 0.00302763, 0.00070619],
        [0.0026211, -0.00158234, -0.00144716],
        [-0.00040986, -0.00155529, 0.00169897],
        [-0.00045692, -0.00038952, -2.34e-06],
        [0.00178308, -0.00351264, 0.00129685],
        [0.00058097, 0.00290376, -0.00198023],
        [-0.00134552, -0.00067405, 0.00182147],
        [-0.00392451, 0.00192941, -0.00089715],
        [-0.00123664, -1.198e-05, -0.00446619],
        [0.00036352, 0.00267046, 0.00117447],
        [-0.00098895, -0.0046004, -0.00032373],
        [0.00022246, -0.0027072, 0.00678315],
        [0.00293431, -0.0034186, 0.00332604],
        [-0.00202653, -0.00013718, -6.624e-05],
        [0.00312139, 0.00262254, 0.00064762],
        [0.00104076, -0.00055835, 0.00097942],
        [-0.0022225, -0.00161933, 0.00184134],
        [-0.00036015, -0.00168429, -0.00291681],
        [-0.00283604, -0.00291496, -0.00195527],
        [0.00084874, 8.403e-05, 0.00303109],
        [0.00523905, -0.00325952, -0.00143089],
        [0.00061266, 0.00224718, 0.00150497],
        [-0.00238982, -0.00178406, -0.00516264],
        [0.0007852, 0.00224434, 0.00093002],
        [-0.00385784, 0.00307918, 0.00016149],
        [0.00335962, 0.00454979, -0.0035794],
        [-0.0006687, 0.0042086, 0.00016249],
        [0.00338276, 7.954e-05, -0.00030984],
        [-5.04e-05, 0.00672033, -0.0042318],
        [-0.00015303, -8.985e-05, -0.00292946],
        [-0.00158891, 0.0024912, 0.00158066],
        [0.00106919, -0.00095233, -0.00124446],
        [-0.00044608, 0.00154462, 0.00127821],
        [-0.00223687, 0.0035204, -0.00217749],
        [-0.00488285, 0.00378341, -0.00271401],
        [-0.00366255, -0.00383449, -0.00269133],
        [-0.00200764, 0.00309929, 0.00101115],
        [-0.0002907, 0.00052145, 0.0021971],
        [0.00083216, -0.00126177, -0.00289889],
        [-0.00376666, -0.00535001, -0.00460192],
        [-0.00032994, -0.00108053, 0.0035465],
        [-0.00238959, -0.00075035, -0.00022304],
        [0.00549809, -0.00109711, 0.00238623],
        [0.00597824, 0.00223931, 0.00296996],
        [-0.00025395, 0.00040886, 0.00018025],
        [-0.00224596, 0.00076218, -0.00095623],
        [-0.00104929, -0.00195756, 0.00061536],
        [-0.0001031, 0.00065987, 0.00182207],
        [0.00219245, 0.0013658, -0.00366507],
        [-0.00072685, -0.00278152, -0.00069702],
        [0.00438941, 0.00095078, -0.00120459],
        [0.00341511, -0.00543573, 0.00103763],
        [0.00064331, -0.00171578, -0.00132715],
        [0.00677394, -0.00180353, 0.00158514],
        [-0.00213082, -0.00328434, 0.00327979],
        [-8.319e-05, -0.00348157, 0.00099045],
        [-0.00431388, 0.00171121, 0.00209298],
        [0.00130336, -0.00077615, -0.00230805]
    ],
    "relaxed_lattice": [
        [-4.91949149, -14.23155098, -8.34593533],
        [-7.47935214, -0.14079574, -4.32978208],
        [-0.05212047, -0.22835329, -8.64896452]
    ],