{
    "atom_type": [
        "Na",
        "V",
        "P",
        "O"
    ],
    "atoms_per_type": [
        4,
        8,
        12,
        48
    ],
    "coord_mode": "direct",
    "relaxed_basis": [
        [0.50284949, 0.99749813, 0.99816781],
        [0.12265054, 0.93277378, 0.68693688],
        [0.81160467, 0.24813847, 0.88475045],
        [0.19348032, 0.75429675, 0.12276143],
        [0.32799686, 0.63005417, 0.64493643],
        [0.81935019, 0.64857759, 0.64574461],
        [0.0658877, 0.14916409, 0.14297171],
        [0.57252267, 0.13514568, 0.15082058],
        [0.18153955, 0.35300822, 0.35042322],
        [0.67676641, 0.36069388, 0.35379965],
        [0.42993532, 0.86202677, 0.84811894],
        [0.9270436, 0.85295363, 0.85635147],
        [0.12548509, 0.53606644, 0.96928272],
        [0.62014468, 0.54263819, 0.97477157],
        [0.48209116, 0.24815145, 0.53531181],
        [0.97901818, 0.25476201, 0.53179048],
        [0.2641401, 0.97073773, 0.24495032],
        [0.76450426, 0.96523491, 0.24997293],
        [0.23727216, 0.03414137, 0.74856241],
        [0.73366979, 0.03424064, 0.75205103],
        [0.38097741, 0.45389883, 0.02418476],
        [0.87329013, 0.45995456, 0.03186811],
        [0.01737895, 0.74832254, 0.4607418],
        [0.52010642, 0.7465731, 0.46477443],
        [0.42761706, 0.72524898, 0.50734912],
        [0.93119614, 0.72276725, 0.48877114],
        [0.25198569, 0.83554011, 0.76675804],
        [0.7581383, 0.8330583, 0.75476915],
        [0.37698001, 0.45350134, 0.85215708],
        [0.8669446, 0.46085872, 0.86372583],
        [0.4970335, 0.1863219, 0.3839014],
        [0.99027917, 0.20970253, 0.37328219],
        [0.1809939, 0.98419017, 0.21568585],
        [0.68390415, 0.97922164, 0.21207696],
        [0.11114316, 0.36115151, 0.00808037],
        [0.60482523, 0.36440646, 0.01722835],
        [0.07109543, 0.26811682, 0.49570764],
        [0.57335738, 0.27250067, 0.49188079],
        [0.25291951, 0.16640174, 0.22505949],
        [0.74981043, 0.16465287, 0.22536138],
        [0.13287928, 0.52872449, 0.14230299],
        [0.62674248, 0.53701006, 0.14669046],
        [0.99619841, 0.79923419, 0.6289444],
        [0.50261643, 0.80703499, 0.62171965],
        [0.31811544, 0.03116262, 0.77102163],
        [0.81176692, 0.02808079, 0.78968579],
        [0.39372534, 0.63563952, 0.97669021],
        [0.88763964, 0.63651808, 0.99021051],
        [0.39796782, 0.43829921, 0.52979529],
        [0.8901611, 0.43397328, 0.55649928],
        [0.2650041, 0.82572412, 0.44519665],
        [0.76687402, 0.81424121, 0.44427272],
        [0.21785491, 0.5585344, 0.79279732],
        [0.71246387, 0.55081818, 0.79882701],
        [0.03907238, 0.91220483, 0.27004773],
        [0.53758493, 0.90554876, 0.26902434],
        [0.141521, 0.08028949, 0.9094136],
        [0.63705207, 0.07288398, 0.9131194],
        [0.46229792, 0.26987168, 0.07736446],
        [0.96103136, 0.28241164, 0.07243791],
        [0.10813072, 0.57050061, 0.44754821],
        [0.60265825, 0.55723188, 0.471503],
        [0.22731794, 0.18347183, 0.55223036],
        [0.72947028, 0.18171515, 0.55775381],
        [0.28689681, 0.45015833, 0.19844632],
        [0.78390828, 0.43805008, 0.21247628],
        [0.46460995, 0.08984238, 0.73316987],
        [0.96382927, 0.08579417, 0.72394182],
        [0.3595198, 0.90923276, 0.08744497],
        [0.85950808, 0.91203127, 0.0851099],
        [0.04406788, 0.7211386, 0.91763714],
        [0.53847599, 0.72912445, 0.92719364]
    ],
    "relaxed_energy": -754.52920776,
    "relaxed_forces": [
        [-0.00158415, -0.0005339, 0.00130216],
        [-0.0019637, 0.00071376, -0.00485907],
        [0.00161019, -0.00038802, -0.00146054],
        [0.00062844, 0.00014089, -0.00222702],
        [0.0023488, 0.0038475, 0.00340795],
        [-0.00750114, -0.00204, -0.00336686],
        [0.00292715, 0.00653965, 0.00395133],
        [-0.00119964, 0.00111375, 0.00216657],
        [0.0032168, 0.00288418, 0.00642217],
        [-0.00146558, -0.00199281, 0.00347239],
        [-0.00051699, -0.0030982, 0.00042297],
        [0.00330315, -0.00179437, 0.00333518],
        [-8.006e-05, -5.541e-05, 0.00409609],
        [-0.00336997, -0.00050128, 0.00165912],
        [0.00307791, 0.00078358, -0.00415213],
        [-0.00069732, -0.00584031, -0.0028728],
        [0.0005502, 0.00383807, -8.1e-06],
        [0.00390938, 0.00273871, 0.00320405],
        [0.00116073, -0.00380195, 0.00199345],
        [0.00170825, -0.00132265, 0.00050785],
        [0.00287676, -0.00211504, -0.00386835],
        [-0.0009928, -0.00227959, -0.0003199],
        [0.0028162, 0.00390978, -0.00275105],
        [0.00081114, 0.00224175, 0.00639057],
        [-0.00295139, 0.0003184, 0.00063484],
        [0.00113949, 0.00242874, 0.00067648],
        [-0.00200233, -0.00361083, -0.00254143],
        [-0.00375814, -0.00070763, 0.00022472],
        [-0.00362514, -0.000887, 0.00568429],
        [-0.0019524, -0.00111825, 0.00314192],
        [2.635e-05, -0.00081074, -0.00104511],
        [-0.00173528, -0.00169655, 0.00182598],
        [-0.00132831, -0.00601069, 0.00030222],
        [-0.00039483, -0.00039673, -0.00123505],
        [0.0002651, -0.00031968, -0.00071917],
        [0.00466388, -0.00275645, -0.00011292],
        [-0.0018096, 0.00092447, -0.00669357],
        [0.00011505, 0.0008753, -0.00035697],
        [0.00029186, 0.00168437, 0.00224041],
        [-0.00090236, -0.00081418, -0.00207267],
        [0.0016168, -6.994e-05, -0.00389881],
        [0.00255187, 0.00483076, 0.00164355],
        [0.00412904, -0.00135469, 0.00531012],
        [-0.00090601, 0.00300708, -0.0031909],
        [-0.00445036, 0.00313854, -0.00122882],
        [-0.00489788, 0.00246338, -0.00117135],
        [-0.00571718, -0.00208234, -0.00534295],
        [0.00370708, 0.00735408, -0.00337739],
        [0.00185508, -0.00332252, 0.00236136],
        [-0.0004106, -0.00048852, -0.00099668],
        [0.00023545, 0.00228783, 6.928e-05],
        [0.00101374, -0.00021447, -0.00019482],
        [0.00119104, 0.0006715, -0.00122949],
        [0.00222826, -0.00141087, -0.00099544],
        [-0.00549009, -0.00161247, -0.00139091],
        [-0.00248105, -0.00050362, -0.0009315],
        [0.00147731, 0.00409467, -0.00010532],
        [0.00138878, -0.00115835, 0.0045319],
        [0.003146, -0.0059166, -0.00117859],
        [0.00425978, -0.00014259, -0.00302426],
        [0.00209626, -0.00418515, -0.00019338],
        [-0.00213559, 0.00197501, -0.00303859],
        [-0.00161282, -0.00206443, -0.00158083],
        [-0.00032865, -0.00182275, -0.00206678],
        [0.00156545, 0.00629051, 0.00280564],
        [-0.0025665, -0.00133991, 0.00378621],
        [0.00050206, 0.00043646, 5.793e-05],
        [9.86e-05, 0.00216993, -0.00220874],
        [0.00240143, 0.00212307, -0.0026867],
        [-0.00028979, -0.00408988, 0.00012132],
        [-0.00086097, 0.00305413, 0.00382075],
        [-0.00093227, -0.00220844, -0.00087579]
    ],
    "relaxed_lattice": [
        [-5.17931723, -14.22511029, -8.67768581],
        [-7.55196686, -0.23002362, -4.27821071],
        [-0.31248369, -0.23540228, -8.65816037]
    ],