{
    "atom_type": [
        "Na",
        "V",
        "P",
        "O"
    ],
    "atoms_per_type": [
        5,
        8,
        12,
        48
    ],
    "coord_mode": "direct",
    "relaxed_basis": [
        [0.24905156, 0.46826636, 0.53351912],
        [0.74884124, 0.49849126, 0.50861363],
        [0.99201357, 0.01775551, 0.00033037],
        [0.1926321, 0.74693013, 0.1248522],
        [0.68097332, 0.75248357, 0.1058224],
        [0.32618183, 0.6365435, 0.64081435],
        [0.82174514, 0.64295217, 0.64239704],
        [0.06990811, 0.14192493, 0.14659173],
        [0.57309227, 0.14894312, 0.13854795],
        [0.17607769, 0.35144767, 0.35549609],
        [0.67513682, 0.35611362, 0.36295344],
        [0.4258964, 0.86643361, 0.85766919],
        [0.92897009, 0.86171306, 0.85469577],
        [0.12618908, 0.54101616, 0.96283861],
        [0.62578339, 0.53277599, 0.96710924],
        [0.48379372, 0.24550472, 0.54341856],
        [0.97714132, 0.25006002, 0.53990759],
        [0.2672276, 0.95308565, 0.2511417],
        [0.76717777, 0.96019297, 0.25019123],
        [0.23495077, 0.03902468, 0.74397464],
        [0.73521865, 0.04647418, 0.74340184],
        [0.37472724, 0.46833272, 0.03090485],
        [0.87369284, 0.46448345, 0.03354956],
        [0.01970162, 0.74478499, 0.46437228],
        [0.51712192, 0.75407799, 0.46317602],
        [0.44139002, 0.69615493, 0.48523837],
        [0.93836516, 0.68432116, 0.50921639],
        [0.26200326, 0.85696411, 0.70997506],
        [0.75672924, 0.87217113, 0.70715735],
        [0.36171998, 0.47503867, 0.86650859],
        [0.84791574, 0.48979877, 0.87649933],
        [0.50711106, 0.2167266, 0.36387016],
        [0.99272192, 0.20074957, 0.38040063],
        [0.18529016, 0.9607308, 0.22198886],
        [0.68517272, 0.97155541, 0.21507432],
        [0.11394226, 0.36191016, 0.00577344],
        [0.63358932, 0.33769797, 0.9934623],
        [0.06081032, 0.31051326, 0.48784252],
        [0.56203508, 0.30768252, 0.51349711],
        [0.24365916, 0.13113918, 0.28378745],
        [0.74129595, 0.13325502, 0.29575139],
        [0.14660441, 0.53275228, 0.12041621],
        [0.64337214, 0.52147096, 0.13006452],
        [0.00233391, 0.79305333, 0.62746016],
        [0.49225715, 0.78801596, 0.64272776],
        [0.31611736, 0.03974106, 0.76883532],
        [0.82019522, 0.02187718, 0.7797675],
        [0.36494339, 0.6661053, 0.00093718],
        [0.88403095, 0.64552637, 0.00030045],
        [0.38670312, 0.40823785, 0.57393907],
        [0.88258755, 0.41720422, 0.5677025],
        [0.28696426, 0.7710913, 0.41969496],
        [0.78450905, 0.77465997, 0.4169588],
        [0.20819946, 0.57603714, 0.77081093],
        [0.70506069, 0.58849117, 0.77380644],
        [0.02635133, 0.91009558, 0.27500326],
        [0.52765529, 0.92959923, 0.28309885],
        [0.14304667, 0.04391227, 0.92119629],
        [0.64417633, 0.05676219, 0.92149381],
        [0.4711189, 0.31464682, 0.04991094],
        [0.96168182, 0.28662945, 0.05002558],
        [0.11658179, 0.57847511, 0.43771831],
        [0.61555804, 0.59223825, 0.433579],
        [0.21432272, 0.21867257, 0.57545147],
        [0.72040308, 0.23158662, 0.57628495],
        [0.29328577, 0.41855213, 0.2221905],
        [0.78723429, 0.43948344, 0.22345491],
        [0.48340082, 0.06387757, 0.71549129],
        [0.97548895, 0.07984361, 0.72587779],
        [0.35846884, 0.93990956, 0.07097815],
        [0.85951739, 0.95206754, 0.07500727],
        [0.03449162, 0.71878397, 0.94295321],
        [0.52963523, 0.68416971, 0.95748698]
    ],
    "relaxed_energy": -763.11554229,
    "relaxed_forces": [
        [0.00276686, 0.00191624, -0.00137705],
        [0.00155097, 0.00147622, -0.0020437],
        [-0.00110668, 0.00251897, -0.00207672],
        [-0.00118432, 1.061e-05, 0.00034856],
        [-0.000511, 0.00516768, -0.00056278],
        [0.00164662, -0.00177643, 0.00177963],
        [0.00255021, -0.00189375, 0.00206262],
        [-0.00315351, -0.00022557, -0.00235639],
        [-0.00065877, -0.00480407, -0.00232504],
        [-0.00296656, 0.00266683, -0.00055313],
        [0.00186673, 0.0063375, 0.00222419],
        [0.00489837, 0.00082693, 0.00210598],
        [0.00066839, 0.00011948, -0.00106213],
        [0.0015703, 0.00250414, -0.0011968],
        [-0.00083493, -0.00583955, 0.0010126],
        [0.00412467, -0.00329302, -0.00183046],
        [-0.00112221, -0.00055769, -0.0022737],
        [-0.00205737, -0.00180508, -0.00053966],
        [0.00102039, 0.00175435, 0.00088008],
        [-0.00421093, 0.00171055, -0.00164482],
        [0.0032144, -0.00274758, 0.00226285],
        [0.00163532, -0.00077702, -0.00156058],
        [-0.00157301, -0.00034911, 0.00191475],
        [0.00054332, -0.00173954, 0.000378],
        [0.00493259, 0.00108687, -0.00155424],
        [-0.0010958, -0.00138045, 0.0043838],
        [0.00448334, 0.00068847, -0.00611711],
        [-0.00190795, -0.00314329, 0.0007385],
        [-0.00530689, 0.0011868, 0.00305014],
        [-0.00051105, -0.00177657, -0.0037643],
        [0.00747027, -0.00207585, -0.00289638],
        [-0.00097791, -0.0070648, 0.00271693],
        [0.00274967, 0.00037157, 0.00201287],
        [-0.00267985, -0.00166526, 0.00143898],
        [0.00021823, 0.00181252, -0.00455735],
        [-0.00102127, -0.0017868, -0.00343151],
        [-0.00104357, -0.00050562, 0.00535773],
        [-0.00147404, 0.0037192, -0.00195399],
        [0.00472108, 0.00134423, 0.00139409],
        [0.00317996, 0.00048791, 0.00072602],
        [0.00364382, -0.00160675, -0.00137409],
        [0.00067623, -0.00360591, 0.00206758],
        [-0.00429944, -1.29e-05, 0.0031913],
        [0.00097283, 0.00578593, 0.00427939],
        [0.00085288, 0.00727019, 0.00379105],
        [0.00157111, 0.00744944, -0.00095247],
        [-0.00053771, -0.00177656, -1.497e-05],
        [0.00203472, -0.00117481, 0.00034696],
        [0.00324466, 2.87e-06, -0.00108404],
        [-0.00012952, -0.00232237, -0.00354042],
        [0.00423935, 0.00109182, -0.0025715],
        [-0.00067989, 0.00416136, 0.00062037],
        [-0.00144928, -0.00084223, -0.00015782],
        [0.00021521, -0.00540782, 0.00066794],
        [-0.0027163, -0.0004252, 4.127e-05],
        [-0.00692112, 0.00450641, 0.0028796],
        [0.00136482, -0.00102462, 0.00012002],
        [-0.00417391, 0.00056138, 0.00324309],
        [-0.00403107, -0.00237917, 0.00330437],
        [-0.00675931, -0.00044519, 0.00302931],
        [-0.0028779, 0.00254203, 0.00063716],
        [0.00091644, -0.00074506, -0.00131411],
        [-0.00046285, -0.00064003, 0.00162216],
        [-0.00156395, 0.00065176, -0.00100823],
        [-0.00157549, -0.00196818, -0.00289832],
        [0.00198669, 0.00058688, -0.00080701],
        [-0.00302345, -0.00307174, -0.00035972],
        [-0.00114755, 0.00085223, -0.00110464],
        [-0.00556224, -0.00063726, -0.00017294],
        [0.00469309, 0.00011834, -9.385e-05],
        [0.00106864, -0.00605169, 9.44e-05],
        [-0.00255577, 0.00289354, 0.00044699],
        [0.00257223, 0.00316326, -0.00403931]
    ],
    "relaxed_lattice": [
        [-5.05626996, -14.0481037, -8.54566681],
        [-7.51456292, -0.14577081, -4.27252276],
        [-0.1865432, -0.16876149, -8.65683127]
    ],