{
    "atom_type": [
        "Na",
        "V",
        "P",
        "O"
    ],
    "atoms_per_type": [
        5,
        8,
        12,
        48
    ],
    "coord_mode": "direct",
    "relaxed_basis": [
        [0.75221019, 0.49452677, 0.5014711],
        [0.48652974, 0.02054779, 0.00362644],
        [0.02057265, 0.96626505, 0.99781969],
        [0.81440244, 0.24713879, 0.88859031],
        [0.69264819, 0.75368092, 0.10229293],
        [0.31832881, 0.64054919, 0.64216957],
        [0.82369969, 0.64235169, 0.64287544],
        [0.07745401, 0.13639848, 0.14614397],
        [0.56645424, 0.14577627, 0.14942766],
        [0.17896989, 0.36628876, 0.35764553],
        [0.67358343, 0.35921334, 0.35424377],
        [0.42546561, 0.86250356, 0.85437186],
        [0.931789, 0.85486255, 0.84805612],
        [0.12429632, 0.53635055, 0.97427143],
        [0.62104522, 0.54725687, 0.96390611],
        [0.47636214, 0.2523288, 0.53945987],
        [0.98516261, 0.24453181, 0.53927842],
        [0.26831866, 0.96780273, 0.24806425],
        [0.76618126, 0.95815616, 0.24736418],
        [0.23308225, 0.03497562, 0.74894408],
        [0.73196638, 0.04705424, 0.74955373],
        [0.37511174, 0.46602779, 0.02739775],
        [0.87740108, 0.45113298, 0.03713936],
        [0.02188022, 0.74742226, 0.45728043],
        [0.51708156, 0.75033868, 0.46218283],
        [0.43489455, 0.70808329, 0.49319149],
        [0.93779405, 0.71179572, 0.48634785],
        [0.24785702, 0.84848581, 0.74308642],
        [0.74981621, 0.8546195, 0.75322905],
        [0.36724653, 0.48347536, 0.85095032],
        [0.86003208, 0.46034992, 0.87618786],
        [0.49967893, 0.18629203, 0.38081226],
        [0.00554034, 0.1802831, 0.38445268],
        [0.19037291, 0.97520091, 0.20717923],
        [0.68784392, 0.97376148, 0.19906053],
        [0.10479495, 0.35994621, 0.02049277],
        [0.59868874, 0.3708436, 0.02487418],
        [0.06800462, 0.29288288, 0.50343821],
        [0.56520534, 0.29719701, 0.48921619],
        [0.2468927, 0.15436255, 0.26147078],
        [0.74589577, 0.15173431, 0.25067046],
        [0.12878476, 0.53487784, 0.14587608],
        [0.64028681, 0.53960656, 0.12370552],
        [0.99368229, 0.81060067, 0.62553502],
        [0.50133748, 0.80395111, 0.62090012],
        [0.31618403, 0.00836572, 0.79436632],
        [0.81030782, 0.04083643, 0.79048075],
        [0.39623338, 0.63224982, 0.99598177],
        [0.88647397, 0.63839272, 0.99191121],
        [0.38835349, 0.42766211, 0.54403036],
        [0.89029507, 0.41155793, 0.55447644],
        [0.27596712, 0.79974208, 0.43677503],
        [0.77156026, 0.79048851, 0.4303387],
        [0.21504894, 0.54232972, 0.79878959],
        [0.71092645, 0.5429717, 0.78387016],
        [0.03964008, 0.91235238, 0.26871243],
        [0.53387496, 0.91350963, 0.26588927],
        [0.13812644, 0.07848387, 0.91192257],
        [0.63428852, 0.08629054, 0.9150798],
        [0.45552525, 0.27550535, 0.07442116],
        [0.96125898, 0.27233101, 0.07634484],
        [0.1107345, 0.57087814, 0.46423876],
        [0.61245926, 0.57863956, 0.44264807],
        [0.23040451, 0.20114395, 0.56391932],
        [0.7223327, 0.21457506, 0.56588532],
        [0.28291859, 0.45322044, 0.20164438],
        [0.78585699, 0.44063984, 0.22069174],
        [0.46711557, 0.0892042, 0.72975951],
        [0.97194039, 0.08015566, 0.73529329],
        [0.36450313, 0.92822411, 0.08674147],
        [0.86303354, 0.9261831, 0.08065047],
        [0.04085803, 0.71858877, 0.92571348],
        [0.5390197, 0.73343716, 0.92493994]
    ],
    "relaxed_energy": -762.83282014,
    "relaxed_forces": [
        [0.00128904, 0.00116565, 0.00087234],
        [0.0002831, 5.194e-05, -0.00089141],
        [0.00172572, -0.00169872, -0.00016895],
        [0.00089791, -0.00256784, -0.00108029],
        [-0.0034133, 0.00135232, 0.00108538],
        [0.00133443, -0.00083709, -0.00228581],
        [0.00357823, 0.00437033, 0.00179121],
        [0.00156309, 0.00394176, 0.00292002],
        [-0.00018312, -0.00183754, 0.00186442],
        [0.00148075, -0.00029688, -0.00202952],
        [0.00011109, -0.00469624, -0.00237557],
        [-0.00260212, -0.00598549, -0.00247255],
        [-0.0012745, 0.00425744, -0.00374833],
        [0.00056041, 0.00084707, -0.00032288],
        [-0.00061619, -2.131e-05, -0.00550372],
        [0.00083941, 0.00059268, 0.00261269],
        [-0.00224629, -0.00046083, -0.00133796],
        [-0.00036439, 0.0014648, 0.00019678],
        [0.00165926, 0.00057432, -0.00179794],
        [0.00207592, -0.00041657, -0.00132936],
        [0.00173301, -0.00154094, 0.00028248],
        [0.00066722, 0.00053212, -0.00063455],
        [-0.0018326, 0.00117329, 0.00342355],
        [-0.00201884, 8.244e-05, 0.00094303],
        [-0.0007453, -0.00128729, 0.00102038],
        [0.0018227, 0.00293584, 0.00317366],
        [-0.00029552, 0.00379337, 0.00247035],
        [0.00303524, -0.00147303, 0.00396449],
        [-0.00034388, 0.00195051, 0.00013269],
        [0.00123383, 0.00087736, 0.00433637],
        [-0.00063398, -0.00020097, 0.00149882],
        [0.00012136, -0.00192433, 0.00401952],
        [0.00035265, -0.00092134, 0.00529298],
        [0.00110351, 0.00421381, 0.0034444],
        [-0.00038709, 0.00626823, 0.00337243],
        [0.00185573, 9.258e-05, 0.00270516],
        [0.00689245, 0.00242017, 0.00197856],
        [-0.00024029, -0.00068024, -0.00174322],
        [-0.00243502, -0.00390703, -0.00136911],
        [-0.00380414, 0.00073122, -0.00310039],
        [-0.00249936, 0.00081325, -0.00448492],
        [0.00072685, -0.00083077, -0.0052686],
        [0.00134811, 0.00028194, -0.00258468],
        [0.00088804, 0.00026998, -0.00334677],
        [-0.00014365, 0.00071382, -0.00584758],
        [-0.00047147, 0.00022555, -3.683e-05],
        [2.47e-05, -0.0044763, -0.00246803],
        [-0.00450492, -0.00179722, -0.00240068],
        [-0.00404562, -0.00137681, -0.00166283],
        [-0.00276188, 0.00577282, -0.00014359],
        [-0.00229062, 0.00354671, 0.0002934],
        [0.00197019, -0.00087265, 0.00146947],
        [0.00587436, -0.00040388, -0.00052266],
        [-0.00343817, -0.00628187, 0.00497089],
        [-0.00288023, -0.00427901, 0.00193291],
        [-0.00624495, -0.00103805, 0.00156576],
        [-0.00412601, 0.00045941, 0.00206099],
        [0.00229628, 0.00413288, -0.00202573],
        [-0.00015882, 0.00426272, -0.0017488],
        [0.00525087, -0.00475365, -0.00128145],
        [0.00304177, -0.00458584, -0.0012606],
        [0.00132526, -0.00482481, 0.00041996],
        [0.00398014, -0.00407786, 0.00118102],
        [-0.00705112, 0.00151368, 0.00351944],
        [-0.00746365, 0.00082301, 0.0037009],
        [0.00017599, 0.00159678, -0.00228734],
        [0.00264962, 0.00487899, -0.00370578],
        [0.00763213, 0.00085833, -0.00307274],
        [0.00531552, 0.00054312, -0.00356545],
        [-0.00099306, -0.00409095, 0.00550654],
        [-0.00082517, -0.00473661, -0.00040327],
        [-0.00309302, 0.00259635, 6.57e-06],
        [-0.0022876, 0.00220139, 0.00028032]
    ],
    "relaxed_lattice": [
        [-5.0232627, -14.13434336, -8.53668229],
        [-7.48963551, -0.15569583, -4.27610597],
        [-0.16866874, -0.18422915, -8.62987129]
    ],