{
    "atom_type": [
        "Na",
        "V",
        "P",
        "O"
    ],
    "atoms_per_type": [
        11,
        8,
        12,
        48
    ],
    "coord_mode": "direct",
    "relaxed_basis": [
        [0.25958973, 0.50369664, 0.4802987],
        [0.75765223, 0.47402625, 0.5095508],
        [0.492299, 0.99046952, 0.0258371],
        [0.9902372, 0.02004126, 0.99648719],
        [0.62494119, 0.88401801, 0.61595056],
        [0.30722809, 0.25333923, 0.8808609],
        [0.9427343, 0.61904448, 0.24668991],
        [0.06145265, 0.39293363, 0.74966485],
        [0.55922462, 0.38247553, 0.75364646],
        [0.18857406, 0.75052529, 0.10672637],
        [0.69057848, 0.74665032, 0.11819338],
        [0.32489914, 0.64664449, 0.63936453],
        [0.82218756, 0.64049841, 0.64138646],
        [0.07503765, 0.13964805, 0.14682852],
        [0.57106478, 0.14183958, 0.1490153],
        [0.17509446, 0.3529931, 0.36047712],
        [0.67849272, 0.35188941, 0.35750999],
        [0.42790512, 0.85845519, 0.85948559],
        [0.92504072, 0.8608023, 0.85320349],
        [0.12485341, 0.55004152, 0.95006593],
        [0.62507881, 0.5394941, 0.96026613],
        [0.4810764, 0.25401526, 0.54786598],
        [0.98152072, 0.24701294, 0.54693208],
        [0.26860791, 0.95316263, 0.25306685],
        [0.76879508, 0.95242626, 0.2456861],
        [0.23349092, 0.04853331, 0.74663245],
        [0.72699741, 0.03734777, 0.74756717],
        [0.37187532, 0.45721485, 0.03990831],
        [0.87801113, 0.46003939, 0.04286395],
        [0.01663831, 0.7531226, 0.4516281],
        [0.52307227, 0.75175294, 0.46294167],
        [0.44264551, 0.69156913, 0.5138073],
        [0.93913506, 0.70412198, 0.46735635],
        [0.25559282, 0.87367519, 0.71328617],
        [0.74080972, 0.87960644, 0.69451741],
        [0.35163111, 0.47248223, 0.87816254],
        [0.86194871, 0.5057567, 0.86675871],
        [0.51141904, 0.19128212, 0.38623387],
        [0.01143311, 0.21098219, 0.3672787],
        [0.19237769, 0.96066035, 0.20584289],
        [0.69297254, 0.97294329, 0.18819733],
        [0.11011646, 0.37794751, 0.97623421],
        [0.60256497, 0.37795127, 0.98647857],
        [0.05767971, 0.29406202, 0.5398272],
        [0.55699297, 0.3117858, 0.52660705],
        [0.23860784, 0.13267436, 0.2895682],
        [0.73866201, 0.11436887, 0.30776129],
        [0.13948906, 0.52376337, 0.12239225],
        [0.64786082, 0.51262714, 0.12230631],
        [0.99451548, 0.785944, 0.62692085],
        [0.50993188, 0.80480476, 0.62006982],
        [0.31088851, 0.03274477, 0.7959346],
        [0.8075725, 0.98802929, 0.80675351],
        [0.38811058, 0.63332305, 0.99356788],
        [0.8977532, 0.62250595, 0.02749899],
        [0.38540392, 0.41134907, 0.56526299],
        [0.88983432, 0.41634636, 0.55217013],
        [0.2858882, 0.77517186, 0.41855063],
        [0.77851263, 0.76477825, 0.41096806],
        [0.21071805, 0.56888656, 0.77096226],
        [0.70757613, 0.56530901, 0.77279853],
        [0.03228236, 0.91532648, 0.2681495],
        [0.53187511, 0.91068421, 0.2745108],
        [0.13902753, 0.06427488, 0.91472663],
        [0.63280423, 0.05818161, 0.91265684],
        [0.45745256, 0.27883703, 0.06230752],
        [0.96348398, 0.27898058, 0.05810171],
        [0.11105913, 0.5850728, 0.43574372],
        [0.6174271, 0.58661461, 0.44165912],
        [0.21778626, 0.23230982, 0.58463434],
        [0.71789973, 0.22556231, 0.58794552],
        [0.28650293, 0.4421691, 0.22117421],
        [0.79249371, 0.43742295, 0.22120685],
        [0.47152428, 0.08894731, 0.73575906],
        [0.96415656, 0.08145741, 0.72474237],
        [0.3602016, 0.94796304, 0.08392517],
        [0.86448912, 0.93479006, 0.08819205],
        [0.03875501, 0.7291759, 0.93164544],
        [0.54275585, 0.72719375, 0.93518763]
    ],
    "relaxed_energy": -808.53931513,
    "relaxed_forces": [
        [0.00042099, -0.00199862, -0.00125706],
        [-0.00114951, 0.0004158, 0.00063906],
        [0.00063298, 0.00025461, -0.0007625],
        [0.00135396, 5.799e-05, -0.0008284],
        [0.00150929, 8.819e-05, -0.00031316],
        [-0.00040484, -0.00017714, 0.00017911],
        [0.00081812, -0.00133245, 0.00098037],
        [-0.00117029, 0.00022971, -0.00010855],
        [-0.00012245, -0.00181002, -0.00056089],
        [0.00051481, -0.00179539, -0.00031281],
        [-6.124e-05, 0.00152518, 0.00049661],
        [0.0022561, -0.00514991, -0.00143856],
        [-0.0056223, 0.00313056, 2.355e-05],
        [-0.00473061, -0.00091135, -0.00029692],
        [0.0001717, -0.00424156, 0.00083514],
        [-0.00181005, 0.00404637, 0.00178534],
        [0.00165536, -0.00346524, -0.00140925],
        [0.00025383, -0.00147541, -0.00185444],
        [0.00404348, 0.00455695, 0.00038985],
        [-0.00131443, 0.00022105, -0.00630069],
        [-0.00147063, 0.00157896, 0.00476755],
        [0.00359459, 0.00362959, 0.00068355],
        [-0.00402967, 0.00025058, 0.00047842],
        [0.00101, 0.00215153, -0.00058507],
        [0.00107424, 4.421e-05, 0.00410181],
        [0.00078873, -0.00309605, 0.00551024],
        [0.00349489, 0.00227108, -0.00013086],
        [-0.00241951, 0.00058229, -0.00018934],
        [0.00413108, -0.00538961, -0.00187579],
        [0.00305053, 0.00345133, 0.00213292],
        [-0.0048051, -0.00585216, -0.00017856],
        [0.00607066, 0.00473108, 0.00570774],
        [0.00201982, 0.00564287, -0.00089537],
        [-0.0064472, -0.00309265, -0.00279918],
        [0.00173911, -0.00076133, -0.00216354],
        [-0.00040194, -0.00566324, -0.00185398],
        [0.00201172, 0.00166248, 0.00363454],
        [-0.00059213, -0.00185853, -0.00478921],
        [0.00392665, 0.00023867, 0.00670567],
        [0.00066035, 0.00017497, -0.00203941],
        [-0.00044354, 0.00171019, -0.00080519],
        [-0.00359036, -0.00250428, -0.000451],
        [0.00136345, 0.00068784, -0.00026503],
        [0.00258844, 0.00415503, -0.00641291],
        [-0.00123329, -0.00312732, -0.00073386],
        [0.0050734, -5.848e-05, 0.00046368],
        [-0.00390925, 0.00353366, -0.00252341],
        [-0.00261956, 0.00119342, 0.00688079],
        [0.00030875, 0.00181139, -0.00285257],
        [-0.00189239, 0.00085763, 0.0050526],
        [0.00115522, -0.00051058, -4.43e-05],
        [0.00076624, -0.00232661, 0.00051728],
        [-0.00084136, 0.00234205, -0.0002844],
        [-0.00099833, 0.00220141, -0.00089769],
        [0.00414791, 0.00350888, 0.00186708],
        [-0.00251596, -0.00418728, -0.00197575],
        [-0.00034179, 0.00190559, -0.00121855],
        [-0.0037814, -0.00047026, 0.00444096],
        [0.00135869, 0.00281814, 0.00016059],
        [-0.0019223, -0.00535623, -0.0001661],
        [-0.00208614, 0.00055643, 0.00023518],
        [0.00065986, 0.00113313, 0.00591277],
        [0.0026729, 1.323e-05, -0.00338169],
        [0.00354483, 0.0067636, -0.00493262],
        [0.00097035, -4.921e-05, 0.00090657],
        [-0.00105072, -0.00014128, -0.00050562],
        [0.0014976, -0.00025307, -0.00409575],
        [-0.00113307, 0.00082619, -0.0039572],
        [0.0005344, 0.00112908, 0.00102368],
        [0.00109922, -0.00490005, -0.00351792],
        [-0.00132074, 0.0024629, 0.00242985],
        [0.00100076, -0.006075, 0.001562],
        [-0.00049897, 0.00522347, 0.00081029],
        [0.0008419, -0.00140676, 0.00183344],
        [-0.00933891, -0.00137261, 0.00044737],
        [-0.00157266, -0.00529741, 0.00095778],
        [-0.00047586, 0.00383976, -0.00265718],
        [0.00148528, -0.00700668, -0.00017701],
        [-0.0001537, 0.00350467, 0.00024592]
    ],
    "relaxed_lattice": [
        [-5.06787438, -14.32020403, -8.42641392],
        [-7.61855927, -0.10652456, -4.17737618],
        [-0.13700416, -0.09791582, -8.68510189]
    ],