{
    "atom_type": [
        "Na",
        "V",
        "P",
        "O"
    ],
    "atoms_per_type": [
        11,
        8,
        12,
        48
    ],
    "coord_mode": "direct",
    "relaxed_basis": [
        [0.2524779, 0.48912569, 0.49768938],
        [0.73229654, 0.51607617, 0.52414855],
        [0.50408529, 0.01300207, 0.98284086],
        [0.00612713, 0.99475595, 0.99643614],
        [0.12759645, 0.87153206, 0.61484579],
        [0.30924055, 0.25096447, 0.87939963],
        [0.80623487, 0.25352022, 0.89195457],
        [0.43741342, 0.61310964, 0.24987768],
        [0.9409695, 0.60948902, 0.25110695],
        [0.87270041, 0.11443061, 0.38316214],
        [0.69112229, 0.75106238, 0.1252124],
        [0.32512665, 0.64690901, 0.64144036],
        [0.82355052, 0.64469433, 0.64512084],
        [0.0725333, 0.13616853, 0.14072876],
        [0.57132802, 0.14530335, 0.14401621],
        [0.18144215, 0.35671433, 0.35441937],
        [0.67217597, 0.36158088, 0.36532458],
        [0.4248915, 0.8586731, 0.85082677],
        [0.92935892, 0.85656874, 0.85072386],
        [0.12753611, 0.53716486, 0.96171538],
        [0.62404576, 0.54820741, 0.96240839],
        [0.4786097, 0.24943349, 0.54395164],
        [0.98042477, 0.24839834, 0.53748505],
        [0.26776469, 0.9580928, 0.25090611],
        [0.7722878, 0.95478994, 0.25169002],
        [0.22576591, 0.04579865, 0.74980328],
        [0.7331989, 0.05074342, 0.74637989],
        [0.37614446, 0.45268089, 0.04227821],
        [0.8743116, 0.4542832, 0.04623856],
        [0.02494576, 0.73911299, 0.45560904],
        [0.51758542, 0.75649237, 0.45166009],
        [0.44036284, 0.70466964, 0.4671556],
        [0.94696529, 0.67637381, 0.49361216],
        [0.24616871, 0.88166569, 0.69807005],
        [0.76648654, 0.8857087, 0.68628904],
        [0.3521821, 0.48137978, 0.8817722],
        [0.84945091, 0.48210734, 0.88637983],
        [0.49542783, 0.21294042, 0.37531681],
        [0.99162363, 0.1973424, 0.38068867],
        [0.18440794, 0.98393677, 0.21349715],
        [0.69295526, 0.97964547, 0.2019911],
        [0.10757383, 0.36958706, 0.99909543],
        [0.61336965, 0.36820832, 8.72e-06],
        [0.06298815, 0.30941523, 0.47939225],
        [0.55735618, 0.30592788, 0.51124691],
        [0.24695863, 0.12378745, 0.30064969],
        [0.75639561, 0.12292305, 0.28975011],
        [0.15163468, 0.51015739, 0.122613],
        [0.64435978, 0.53077495, 0.12525402],
        [0.00683305, 0.79449859, 0.61731478],
        [0.48923629, 0.80787994, 0.61997973],
        [0.30492169, 0.02665348, 0.79705217],
        [0.81399973, 0.03681788, 0.78958725],
        [0.38974996, 0.62059957, 0.02578184],
        [0.89575452, 0.62069653, 0.01281689],
        [0.38411628, 0.4173123, 0.56370896],
        [0.8851682, 0.40544019, 0.56935667],
        [0.28033113, 0.77237596, 0.41355375],
        [0.78912985, 0.76683556, 0.41046007],
        [0.20828285, 0.56511795, 0.77274789],
        [0.70710317, 0.57328476, 0.77849652],
        [0.02409893, 0.91067693, 0.27790533],
        [0.53354202, 0.91644366, 0.26418196],
        [0.13360861, 0.06116336, 0.91553632],
        [0.6439583, 0.04789551, 0.91612479],
        [0.46190868, 0.27529977, 0.0581164],
        [0.95367872, 0.26609336, 0.07613916],
        [0.11958881, 0.58050768, 0.43224118],
        [0.6119465, 0.59653364, 0.4376148],
        [0.21157929, 0.22984574, 0.58423848],
        [0.72021707, 0.23473755, 0.58240569],
        [0.29301177, 0.41535814, 0.23063777],
        [0.78997562, 0.4400362, 0.23188455],
        [0.46475436, 0.09047374, 0.73037932],
        [0.9806787, 0.0807362, 0.72027364],
        [0.3593349, 0.94600334, 0.08248715],
        [0.86659384, 0.93632443, 0.0818942],
        [0.04280246, 0.72083143, 0.94186988],
        [0.53571586, 0.72104139, 0.94618359]
    ],
    "relaxed_energy": -808.12413085,
    "relaxed_forces": [
        [0.00021877, -0.00048888, -0.00133894],
        [0.00142058, -0.00023571, 0.00047064],
        [-0.00112811, 0.00176682, -0.0017334],
        [0.00230099, 0.00027223, 0.00238594],
        [0.00410075, 0.00146903, 0.00454104],
        [-0.00182974, 0.0002423, -0.00124183],
        [0.00121345, 0.00056767, -0.00045221],
        [0.00068343, 0.00026727, -0.00162887],
        [0.00032144, 0.00014638, 0.00056004],
        [0.00036838, -6.63e-05, 0.00132073],
        [-0.00084914, -0.00101731, 0.00071299],
        [0.00234439, -0.0034018, -0.0027904],
        [-0.00339299, -0.00089118, -0.00171792],
        [0.00097083, -0.00601004, -0.00368981],
        [-0.00098956, 0.0022207, -0.00156481],
        [-0.00280134, 0.00237399, -0.0014947],
        [-0.00124546, 0.00199009, -0.00194961],
        [-0.00111532, -0.00205616, 0.00357009],
        [0.00271875, 0.00369524, 0.00288102],
        [0.00124596, -0.00135504, 0.00285156],
        [0.00162068, -0.00106803, 0.00039577],
        [-0.00436387, -0.00286074, 0.00340089],
        [4.667e-05, -0.00125352, -0.00029959],
        [0.00072897, -0.0015921, -0.00273416],
        [0.00127167, -0.00099238, 0.0016469],
        [-0.00336491, 0.00044304, -0.00303331],
        [0.00174834, 0.0021852, -6.078e-05],
        [-9.94e-05, 0.00122839, -0.00047997],
        [-0.00198028, -0.00053302, 0.00295271],
        [-0.00142112, 0.00173016, 0.00120081],
        [-0.001548, -0.00657162, 0.00309643],
        [-3.572e-05, 0.00065486, -0.00581756],
        [-0.00086427, 0.00254795, 0.00318537],
        [-0.00070073, -0.00408489, -0.00048984],
        [-0.0008691, -0.00097972, -0.0013075],
        [0.00144773, -0.00095103, -0.00289531],
        [0.00076971, 0.00222722, 0.00113382],
        [-0.00080392, 0.00064059, -0.0078358],
        [-0.00049353, -0.00248544, 0.00289272],
        [-0.002571, 0.00536551, 0.00077959],
        [-0.0016961, -0.00088604, 0.00085209],
        [-0.00506402, -0.00412526, 0.00064582],
        [-0.00087464, 0.00120377, 0.00030889],
        [0.00284819, 0.00459107, 0.00233923],
        [-0.00138825, 0.0009599, 0.00018005],
        [0.00503694, 0.00086277, 0.00411625],
        [0.00116108, 0.00017881, -0.00011615],
        [0.00014475, 7.757e-05, -0.00205243],
        [0.0009379, 0.00041656, 0.00098493],
        [-0.00088399, 0.00451412, 0.00127927],
        [-0.0008422, 0.00147946, -0.00466163],
        [0.00173731, 0.00059691, 0.00022276],
        [0.00034025, 0.00234118, -0.00057555],
        [0.00236647, 0.00136307, -0.00218775],
        [0.00349343, 0.00233685, 0.00056263],
        [-0.00065583, -0.00170455, -0.00281607],
        [0.00338826, -0.00128572, 9.597e-05],
        [-0.00766788, 0.00079746, 0.00573966],
        [-0.00183794, 0.00149199, 0.00143503],
        [0.00026779, 0.00044608, 0.00031227],
        [0.00040883, 0.00163537, -0.0019316],
        [0.00708782, 0.0011754, -0.00088651],
        [0.0016485, 0.00049895, -0.00502781],
        [0.0006505, -0.00684162, -0.00162802],
        [-0.00013933, -0.00163128, 0.00268003],
        [0.00053896, 0.00051369, -0.00220477],
        [-0.00061365, -0.00118506, -0.00184205],
        [-0.00364655, 0.00238643, -0.00185195],
        [-0.00182723, 0.00326359, -0.00019103],
        [0.00016741, -0.00325923, 0.00035048],
        [0.0026402, -0.00140941, -0.00067101],
        [-0.00141221, -0.00197304, 0.00201629],
        [0.00048307, -0.00120162, 0.00376168],
        [-0.00186181, 0.00050894, -0.0007761],
        [-0.00323658, -0.00060507, 0.00247069],
        [0.00019968, -0.00134943, 0.00416557],
        [0.00098545, 0.00221721, -0.00163169],
        [0.00355816, -0.00249963, 0.0021834],
        [0.00048324, 0.00096009, -0.00107359]
    ],
    "relaxed_lattice": [
        [-4.99232878, -14.28331066, -8.37862084],
        [-7.62278217, -0.08523565, -4.15800431],
        [-0.12935665, -0.0616318, -8.67272747]
    ],