{
    "atom_type": [
        "Na",
        "V",
        "P",
        "O"
    ],
    "atoms_per_type": [
        8,
        8,
        12,
        48
    ],
    "coord_mode": "direct",
    "relaxed_basis": [
        [0.24818963, 0.52126344, 0.48251099],
        [0.74433241, 0.49102124, 0.5175134],
        [0.50005895, 0.00231032, 0.99688315],
        [0.01346997, 0.99465321, 0.98477864],
        [0.30827855, 0.24986852, 0.8827721],
        [0.81348329, 0.24657244, 0.89780164],
        [0.93635077, 0.62155406, 0.25055412],
        [0.69399706, 0.7488521, 0.11125853],
        [0.32226883, 0.64351494, 0.64090557],
        [0.82284139, 0.64237047, 0.64838],
        [0.07218371, 0.13441099, 0.14739648],
        [0.56929999, 0.14600396, 0.14882972],
        [0.18054134, 0.36023187, 0.35229893],
        [0.67307373, 0.36042281, 0.36221951],
        [0.42830824, 0.85572613, 0.84927625],
        [0.93009519, 0.85761441, 0.84832978],
        [0.12443984, 0.53858116, 0.9642325],
        [0.62237141, 0.54502006, 0.96725765],
        [0.47814664, 0.24998441, 0.54235957],
        [0.98415253, 0.24330864, 0.53873117],
        [0.26879192, 0.96056349, 0.24769773],
        [0.76536438, 0.95727337, 0.25282714],
        [0.23159414, 0.04369159, 0.74783833],
        [0.73191466, 0.04684266, 0.75389067],
        [0.37459533, 0.45948993, 0.03449973],
        [0.877373, 0.44948065, 0.04575141],
        [0.0218441, 0.74677363, 0.45154525],
        [0.51838297, 0.75497073, 0.45612298],
        [0.43924294, 0.7004508, 0.49407117],
        [0.9420033, 0.69992153, 0.47446919],
        [0.2496143, 0.86588727, 0.72632522],
        [0.75252727, 0.85824038, 0.74608989],
        [0.35486891, 0.46631902, 0.87720182],
        [0.86069935, 0.46763845, 0.87772073],
        [0.50413097, 0.18474507, 0.37906886],
        [0.00323086, 0.18145046, 0.37992658],
        [0.18884028, 0.99015091, 0.19652799],
        [0.68868619, 0.96756253, 0.20388804],
        [0.0997806, 0.36889565, 0.01751972],
        [0.605761, 0.36454419, 0.02164452],
        [0.06562369, 0.30084137, 0.48947978],
        [0.55606606, 0.30558882, 0.50857934],
        [0.25395614, 0.13998463, 0.2686111],
        [0.74159234, 0.14225449, 0.26985324],
        [0.14878689, 0.51214599, 0.12722032],
        [0.6391246, 0.54221371, 0.12642286],
        [0.99959887, 0.79917343, 0.61651513],
        [0.49385186, 0.82002141, 0.61885048],
        [0.31057449, 0.03202708, 0.79044318],
        [0.80956491, 0.03733987, 0.79860709],
        [0.39296764, 0.6376118, 0.98195641],
        [0.89547303, 0.61964548, 0.0122792],
        [0.38314394, 0.41074238, 0.55516838],
        [0.89055367, 0.41282917, 0.54722707],
        [0.27638024, 0.78562626, 0.42104082],
        [0.77763393, 0.7787807, 0.42606729],
        [0.20888575, 0.54815946, 0.7791311],
        [0.71150492, 0.54626292, 0.78676569],
        [0.03747453, 0.90979032, 0.26178719],
        [0.53066311, 0.91865558, 0.26593316],
        [0.13652837, 0.08305597, 0.91110698],
        [0.63589364, 0.0743192, 0.92288546],
        [0.46007295, 0.28027104, 0.06618112],
        [0.95933985, 0.26272927, 0.07963016],
        [0.11511549, 0.57713058, 0.43770349],
        [0.61320449, 0.59421279, 0.44466568],
        [0.22129025, 0.21891148, 0.56811134],
        [0.71971697, 0.21815931, 0.5795869],
        [0.29036249, 0.44456215, 0.2226376],
        [0.78836303, 0.44095184, 0.22572277],
        [0.46591335, 0.0853844, 0.73211927],
        [0.97166445, 0.08836662, 0.73134232],
        [0.36270063, 0.93426774, 0.07657262],
        [0.8625849, 0.9301232, 0.08906146],
        [0.03932221, 0.72076265, 0.9485436],
        [0.53925636, 0.72529638, 0.92644266]
    ],
    "relaxed_energy": -786.1514063,
    "relaxed_forces": [
        [-0.00580732, 0.00172756, 0.00028751],
        [-0.0004715, -0.00048508, 0.00083605],
        [-0.00074364, -0.00179507, 0.00061563],
        [-0.00186105, 0.00197671, -0.00013306],
        [8.503e-05, 0.00129128, -0.00243433],
        [0.00131725, 0.00096959, 0.00211762],
        [-0.00043765, 0.00043426, 0.00252782],
        [-6.328e-05, 8.509e-05, 0.00227389],
        [-0.0061144, 0.00329916, -0.0006524],
        [0.0009862, 0.00073119, 0.00044937],
        [0.00543845, -0.00402464, -0.00278898],
        [-0.00313859, 0.00095246, -0.00179646],
        [0.0015962, -0.00120729, -0.00090913],
        [-0.00076384, 0.00253851, 0.00026863],
        [-0.00053374, -0.0001898, -0.00191609],
        [-0.00184024, -0.00130273, 0.00299418],
        [0.0013836, 0.0010558, -0.00387282],
        [0.00105304, -0.00377353, -0.00072651],
        [-0.00157258, -0.00032387, 5.531e-05],
        [0.00137795, -0.00256897, 0.00228933],
        [8.539e-05, -0.00145604, -0.00256809],
        [0.00072976, 0.0004491, 5.484e-05],
        [0.00266112, 0.00183091, 7.864e-05],
        [-0.00026523, 0.00126504, 0.00027393],
        [0.00046775, -0.00070508, 0.00155275],
        [0.00188498, -0.00068382, 0.00428422],
        [-0.00080402, -0.00102472, 0.00042793],
        [0.0001037, -0.00087375, -0.00199856],
        [0.00063238, 0.0041783, -0.00165267],
        [0.00115967, -0.00407353, 0.00132672],
        [0.0044792, -0.00092818, -0.00651158],
        [0.00210008, -0.00169817, 0.00072698],
        [0.00222793, -0.0007116, -0.00459546],
        [0.00266965, -0.00038621, 0.00297844],
        [0.00023673, -0.00088033, -0.00085401],
        [0.00465331, -0.00051901, 0.00078309],
        [0.00229918, -0.00075726, -0.00179082],
        [0.00321667, -0.00051518, -0.00086151],
        [0.00138335, -0.00070804, -0.00465923],
        [0.00286427, -0.0033128, -0.00110291],
        [0.0003613, 0.00058461, 0.00050951],
        [-0.00244221, 0.00045993, -0.00137014],
        [-0.00103016, 0.00199581, 0.00490144],
        [-0.00052717, 0.00143932, 0.00144766],
        [-0.00303632, 0.00098685, -0.00159533],
        [-0.00067613, -0.00044203, 0.00083442],
        [0.00166372, 0.00069491, 0.00059626],
        [-0.00303027, -0.00153951, 0.00305785],
        [-0.00241275, 0.00261242, 0.00126109],
        [0.00022251, 0.00056955, 0.00212254],
        [-0.00641981, -0.00019693, -0.00328457],
        [0.00124694, -0.00250375, 0.00196891],
        [0.00039067, -0.00032278, 0.00052095],
        [-0.00191462, 0.00123094, 0.00304031],
        [-0.00434507, 0.00103782, 0.00022465],
        [-0.00102428, -0.00023133, 0.00129516],
        [-0.00157562, 5.403e-05, -0.00167509],
        [0.00117253, 0.00011749, 0.00044124],
        [-0.00025753, 0.0006918, 0.00127414],
        [0.00125865, 0.00105404, -0.00334684],
        [-0.00412073, 0.00210633, -0.00051007],
        [0.00073557, -0.00224191, -0.00017674],
        [0.00091563, -0.00053092, 0.00117146],
        [0.0026815, 0.00140839, -0.00040378],
        [-0.00034226, -0.0006584, 0.00010355],
        [-0.00185586, -0.00120104, 0.00051335],
        [0.00103491, -0.00248085, -0.00098892],
        [-0.00181854, 0.00057573, 0.0013455],
        [-0.00045814, -0.00173513, 0.00057234],
        [0.00073788, 0.00288583, -0.00034335],
        [0.00123306, -2.969e-05, -4.682e-05],
        [0.00011618, 0.00230479, -0.00053538],
        [0.00048906, 0.00024705, -0.00137009],
        [0.00041685, 0.00265114, 0.00115217],
        [0.0009824, 0.00257997, 0.00148088],
        [-0.00104764, -0.00205471, 0.00043345]
    ],
    "relaxed_lattice": [
        [-4.89847002, -14.34579728, -8.42441829],
        [-7.50161855, -0.18834119, -4.33466214],
        [-0.00136511, -0.23669507, -8.60885377]
    ],