{
    "atom_type": [
        "Na",
        "V",
        "P",
        "O"
    ],
    "atoms_per_type": [
        9,
        8,
        12,
        48
    ],
    "coord_mode": "direct",
    "relaxed_basis": [
        [0.25788276, 0.47202561, 0.50764484],
        [0.74403602, 0.51737259, 0.49346714],
        [0.49908684, 0.98130446, 0.01745047],
        [0.99479799, 0.01597207, 0.00095452],
        [0.12466677, 0.87581651, 0.61942175],
        [0.80958046, 0.25290906, 0.885578],
        [0.94218154, 0.62079645, 0.25070706],
        [0.55434677, 0.37726973, 0.75185363],
        [0.19333446, 0.74810517, 0.11159214],
        [0.3249526, 0.63750475, 0.6347573],
        [0.82115117, 0.6485904, 0.64776963],
        [0.06899074, 0.1441531, 0.14357251],
        [0.57478889, 0.13855886, 0.14929554],
        [0.18135046, 0.35333665, 0.35514936],
        [0.67578841, 0.36215148, 0.35911551],
        [0.42790173, 0.85737592, 0.85447164],
        [0.92703383, 0.85827815, 0.85285714],
        [0.12797306, 0.53677939, 0.95958382],
        [0.62147989, 0.54310194, 0.96155967],
        [0.48120101, 0.24728381, 0.54509253],
        [0.98052397, 0.25086628, 0.53849401],
        [0.26875804, 0.95575581, 0.24232145],
        [0.7703197, 0.96132074, 0.25199517],
        [0.22783388, 0.03568017, 0.74813794],
        [0.73045308, 0.04857478, 0.75303904],
        [0.37970717, 0.45628699, 0.03861882],
        [0.87298651, 0.45928366, 0.04790836],
        [0.02312023, 0.74813808, 0.45567787],
        [0.5159156, 0.76067011, 0.45741317],
        [0.43310882, 0.72592959, 0.47871759],
        [0.94355474, 0.69680912, 0.48397774],
        [0.2371238, 0.86985341, 0.71256151],
        [0.75459375, 0.87878759, 0.71046979],
        [0.36671467, 0.4844273, 0.86401706],
        [0.85660635, 0.47550768, 0.88148724],
        [0.50872494, 0.19733398, 0.372785],
        [0.00116729, 0.18784267, 0.38099342],
        [0.18616441, 0.98807789, 0.19054663],
        [0.69097085, 0.99521042, 0.19298624],
        [0.09985902, 0.37122125, 0.01551309],
        [0.60177617, 0.37605598, 0.98588375],
        [0.06092424, 0.30709139, 0.49420397],
        [0.56000469, 0.29213293, 0.5291848],
        [0.24920484, 0.12260001, 0.28352399],
        [0.75250499, 0.13135991, 0.28537277],
        [0.15063986, 0.52303127, 0.11675715],
        [0.63781965, 0.50909309, 0.13424451],
        [0.00321048, 0.80614116, 0.6157298],
        [0.49278308, 0.81008077, 0.62813636],
        [0.30844945, 0.98728689, 0.80851613],
        [0.80903236, 0.03267173, 0.80099765],
        [0.40321218, 0.6220347, 0.00164176],
        [0.89639303, 0.62136636, 0.01539728],
        [0.38984434, 0.41698793, 0.54976607],
        [0.88609135, 0.41521014, 0.55356036],
        [0.2717675, 0.77512217, 0.41397007],
        [0.78140207, 0.77540177, 0.41610287],
        [0.20791592, 0.55662311, 0.76984898],
        [0.71027009, 0.55356557, 0.78331816],
        [0.03523346, 0.9125407, 0.26390775],
        [0.5341187, 0.9226859, 0.27259946],
        [0.13360322, 0.06390455, 0.91535869],
        [0.63527061, 0.06885645, 0.91978848],
        [0.4629633, 0.27012031, 0.06904418],
        [0.95862953, 0.27297545, 0.07707869],
        [0.11875625, 0.58913532, 0.43301915],
        [0.60494659, 0.58709905, 0.45927601],
        [0.22349492, 0.21595276, 0.57802416],
        [0.71353061, 0.23639907, 0.5913758],
        [0.29298942, 0.44642593, 0.21730877],
        [0.78852845, 0.44033428, 0.23001966],
        [0.46484024, 0.08198375, 0.72900688],
        [0.97238315, 0.08788236, 0.7282096],
        [0.36255328, 0.92711457, 0.07811474],
        [0.86554491, 0.9359162, 0.08574195],
        [0.04257668, 0.72320547, 0.93625287],
        [0.5409391, 0.73051838, 0.92651935]
    ],
    "relaxed_energy": -793.41469856,
    "relaxed_forces": [
        [0.00125291, 0.00028276, -0.00024527],
        [-0.00015071, -0.00048201, -0.00024558],
        [0.00016882, 0.0001727, -0.00019134],
        [-0.00080442, -0.00034841, 0.00012028],
        [0.0005346, -0.00038626, 0.00253262],
        [-0.00064361, -0.00037351, -0.00261321],
        [-0.00164372, -0.00042357, -0.00116068],
        [0.00079275, -6.037e-05, 1.831e-05],
        [-0.00026282, -0.00165063, -0.00045893],
        [0.000876, 0.00161867, 0.00070676],
        [0.00305333, -0.00131239, -0.00306542],
        [0.00026578, -0.00073202, 0.00099087],
        [0.00099222, 0.00159257, 1.311e-05],
        [-0.00040642, 0.00199266, -0.00313582],
        [-0.00024012, 4.811e-05, -0.00217919],
        [-0.00119236, -0.00028811, -0.00200998],
        [-0.00077076, 0.00058896, -0.0023793],
        [-0.00111029, -0.00377729, -0.00326069],
        [0.00111023, 0.0030492, -0.00269967],
        [0.00126243, -0.00076386, -7.12e-05],
        [0.00129605, 0.00683594, -0.00497409],
        [-0.00116804, 0.00444009, 2.293e-05],
        [0.00155393, 0.0020597, -0.00063421],
        [-0.0010378, -0.00579436, 0.00262745],
        [0.00784263, 0.00015251, 0.00403547],
        [-0.00066814, -0.00149014, -0.00076479],
        [0.00201194, -0.00246693, -0.00524575],
        [5.131e-05, -0.00340619, -0.00543708],
        [-0.00033544, -0.00087531, 0.001323],
        [0.0002546, 0.000935, 0.00048524],
        [0.00137248, 0.00397349, 0.00178615],
        [-0.00078971, -0.0011915, 0.00049428],
        [-0.00855391, -0.00046191, -0.00456971],
        [0.00037746, 0.00026912, 0.00084614],
        [0.00508018, -0.00253945, 4.5e-05],
        [0.0009225, 0.00061207, -0.00076253],
        [-0.00275555, -0.00529279, 0.00107788],
        [0.00227571, 0.00024846, 0.00255066],
        [-0.00029875, 0.00044162, -0.00019458],
        [0.00025642, -0.00025174, 0.00166168],
        [-0.00253724, -0.00149541, 0.00137248],
        [-0.00123358, -0.00181311, 0.00108419],
        [-0.00108021, -0.00172912, -0.00015952],
        [0.00255028, -0.00091455, -0.0007453],
        [0.0002073, -0.00132051, 0.00173935],
        [0.00210581, -0.00036324, 0.00104047],
        [0.00022821, -0.00050943, 8.33e-05],
        [0.00076284, 0.0017527, 0.00304998],
        [0.00044046, -3.329e-05, 0.0004629],
        [-0.00251438, 0.00344227, 0.00292518],
        [-0.00532574, -0.00256765, -0.0011063],
        [0.00203744, 0.00326177, 0.00206413],
        [-0.00272802, 0.00017739, 0.00106153],
        [0.00038953, 0.00095186, 9.144e-05],
        [-0.00274045, -0.00311957, -0.00095051],
        [0.00458888, -0.00279821, 0.00130374],
        [0.00432133, 0.0002795, 0.00051152],
        [-0.00082526, 0.00051826, 0.00059534],
        [-0.00536781, -0.00256181, -0.00047543],
        [0.00168472, 0.00229849, 0.00143673],
        [0.00332674, 0.00154845, 0.00025502],
        [0.0001872, 0.00120784, 0.00064242],
        [0.00061412, 0.00095538, 0.00110223],
        [-1.599e-05, -0.00312984, 0.00077038],
        [-0.00570403, 0.00374406, 0.00158512],
        [-0.00451058, 0.00442912, -0.00040683],
        [-0.00061174, -0.00081346, 1.525e-05],
        [-4.378e-05, 0.00065608, 0.00080918],
        [-0.00086981, 1.899e-05, 0.00088632],
        [0.00357585, 0.00534886, 0.00143864],
        [0.00248692, 0.00261604, -0.00082732],
        [-0.00191429, -0.00155158, 0.00108947],
        [-0.00081086, -0.00052708, -0.00182441],
        [-0.0008455, -0.00173952, 0.00144193],
        [-0.00294091, -0.00049787, 0.00164314],
        [-0.00230562, 0.00204142, 0.00156144],
        [0.00464646, -0.00270811, -0.00060603]
    ],
    "relaxed_lattice": [
        [-5.04218603, -14.20865317, -8.47502506],
        [-7.58687478, -0.09358838, -4.23801599],
        [-0.12381064, -0.06518838, -8.63492362]
    ],