{
    "atom_type": [
        "Na",
        "V",
        "P",
        "O"
    ],
    "atoms_per_type": [
        7,
        8,
        12,
        48
    ],
    "coord_mode": "direct",
    "relaxed_basis": [
        [0.74647728, 0.47096492, 0.53606368],
        [0.50171591, 0.00176243, 0.99486367],
        [0.99576775, 0.00116772, 0.00344482],
        [0.1258824, 0.81711912, 0.58675585],
        [0.30063379, 0.25157324, 0.85722139],
        [0.37571138, 0.156503, 0.40752895],
        [0.69839095, 0.74363464, 0.12061432],
        [0.32459771, 0.6398194, 0.65126834],
        [0.82297759, 0.63687924, 0.64117755],
        [0.07151174, 0.14242458, 0.1520184],
        [0.57465858, 0.14426815, 0.13937581],
        [0.17410327, 0.37982613, 0.35116004],
        [0.67914353, 0.34863058, 0.3552281],
        [0.43449025, 0.85186233, 0.85157262],
        [0.92079469, 0.8638737, 0.85867785],
        [0.12491067, 0.5427843, 0.96956026],
        [0.62652069, 0.54226886, 0.96360736],
        [0.48105976, 0.25843995, 0.5379505],
        [0.98145125, 0.25258951, 0.53493607],
        [0.26577055, 0.97522844, 0.25394501],
        [0.76859176, 0.95151476, 0.2520194],
        [0.23241687, 0.03475917, 0.75433916],
        [0.73191166, 0.03864363, 0.74532182],
        [0.37330874, 0.45889015, 0.0361023],
        [0.87670921, 0.45657677, 0.03167485],
        [0.01330356, 0.75450192, 0.45537358],
        [0.52441792, 0.74467517, 0.46662365],
        [0.43874798, 0.69292274, 0.52908348],
        [0.93690799, 0.7000332, 0.48071971],
        [0.24524273, 0.85098379, 0.74848473],
        [0.75776327, 0.86198096, 0.706607],
        [0.3496386, 0.46846216, 0.88095275],
        [0.85813942, 0.48198107, 0.86339447],
        [0.49694522, 0.20749459, 0.37873224],
        [0.99532633, 0.21116433, 0.3652906],
        [0.17611851, 0.97693874, 0.25845749],
        [0.69029914, 0.96386748, 0.21071127],
        [0.12245693, 0.34834572, 0.02091731],
        [0.61206429, 0.36816221, 0.99941526],
        [0.06179776, 0.31380438, 0.47885609],
        [0.56215756, 0.31494209, 0.49280138],
        [0.24799668, 0.16387925, 0.26125983],
        [0.74015014, 0.12304728, 0.30118703],
        [0.14401972, 0.54316606, 0.12172027],
        [0.65237908, 0.51894088, 0.12091229],
        [0.99492294, 0.79322447, 0.62485931],
        [0.51716014, 0.79583656, 0.61724248],
        [0.32178951, 0.02761941, 0.75526444],
        [0.81076365, 0.0314446, 0.78014872],
        [0.39138962, 0.63430044, 0.97937828],
        [0.87144373, 0.64455584, 0.01278902],
        [0.38657889, 0.42754228, 0.56201552],
        [0.88442192, 0.40810638, 0.5697898],
        [0.28497215, 0.80887001, 0.43306031],
        [0.7841067, 0.76696573, 0.42280296],
        [0.20914459, 0.56690558, 0.77778254],
        [0.70884451, 0.57218659, 0.77310989],
        [0.02468908, 0.92701602, 0.27177218],
        [0.52443646, 0.91656469, 0.28007843],
        [0.14700057, 0.06548527, 0.93517067],
        [0.64052954, 0.04382249, 0.92110774],
        [0.45754223, 0.27351713, 0.06672656],
        [0.96945307, 0.29055852, 0.04122449],
        [0.10904793, 0.58534848, 0.43539204],
        [0.61967523, 0.58195368, 0.42714727],
        [0.21375143, 0.20461929, 0.57785303],
        [0.71342262, 0.22262252, 0.57896834],
        [0.29080726, 0.43340348, 0.22849582],
        [0.79524602, 0.40742824, 0.22145562],
        [0.46925968, 0.09598059, 0.72913891],
        [0.98628402, 0.06951257, 0.70664525],
        [0.35096127, 0.95288976, 0.07444586],
        [0.86114069, 0.94584623, 0.08080341],
        [0.03746739, 0.71191594, 0.93417933],
        [0.53825737, 0.7224325, 0.95297623]
    ],
    "relaxed_energy": -778.31575311,
    "relaxed_forces": [
        [0.00174202, 0.00160931, -0.00013454],
        [0.00019031, 5.47e-06, -0.00132952],
        [-0.00142283, -0.00018725, -0.00043064],
        [0.00241328, -0.00120204, 0.00339631],
        [-0.00039232, -0.00051576, -0.00412805],
        [-0.00088479, 0.00113208, -0.00170028],
        [0.00046269, -0.00082256, 0.00260034],
        [0.00118365, -0.00012962, 0.00307384],
        [-0.00315381, 0.00137054, -0.00461647],
        [0.00217504, 0.00204558, 0.00119103],
        [0.00132902, -0.00264099, -0.00035581],
        [-0.00042757, 0.0041462, -0.00075623],
        [-0.00408074, -0.00516729, 0.00270551],
        [-0.00220922, -0.00218872, 0.00089552],
        [0.00055726, -0.0007524, -0.0007854],
        [-0.00072779, 0.00083381, 0.00030576],
        [-0.00169079, 0.00014627, -0.00100858],
        [0.00215359, 0.00183626, 0.00417397],
        [0.00014063, -0.00277031, 0.00063056],
        [0.0028829, -8.998e-05, -0.00119425],
        [0.00082599, -0.00226218, -0.00354574],
        [0.00065314, -0.00110719, 0.00088411],
        [-0.00156569, 0.00715974, -0.00470766],
        [-0.00261409, 0.004134, 0.0026537],
        [-0.00148499, 2.505e-05, 0.00310101],
        [0.00016747, 0.00129917, 0.00063152],
        [0.00113246, -8.092e-05, 0.00047869],
        [0.00240422, -0.00227968, 0.00247129],
        [-0.00025366, -0.0027991, 0.00138575],
        [0.00046128, -0.00176962, -0.00214367],
        [0.00570095, -0.00435266, 0.00143576],
        [0.00247597, -0.00274561, 0.00175033],
        [-0.00221294, -0.00228349, -0.00412659],
        [0.0007079, -0.00151651, -0.0039514],
        [-0.00075925, -0.00095183, -0.00218591],
        [-0.00036481, -0.00070684, 0.00182208],
        [0.00232952, 0.00325189, 0.00216686],
        [-0.00173752, -0.00114155, 0.00105279],
        [0.00202478, -0.0021712, 0.00061254],
        [-0.00040511, -0.00047338, -0.00085424],
        [-0.00268182, 0.0012822, -0.00157721],
        [0.00034918, 0.00154758, 0.00137217],
        [0.00195459, 0.00149434, 0.00306551],
        [0.00038518, 0.00261046, -0.00027706],
        [-0.00056156, 0.00119442, -0.00401596],
        [-0.00019712, 0.00082145, 0.00164256],
        [0.00298531, 0.000501, -0.00130844],
        [-0.00101651, -0.00106529, 0.00091033],
        [-0.00238885, -0.00068555, -0.00400275],
        [-0.00275424, 0.00445297, 0.00313051],
        [0.00185314, 0.00049516, -0.00084693],
        [-0.00204648, 0.00208574, -0.00144727],
        [-0.00107037, -0.0007635, -0.00023754],
        [-0.00078222, 0.00166138, -0.00070597],
        [-0.00491855, -0.00203482, 0.00081037],
        [-0.0014967, -0.00024747, -0.00099557],
        [0.00215824, 0.00033848, -0.00024027],
        [0.00060527, -0.00121375, 0.00069821],
        [-0.00022943, 0.00133607, 0.00048436],
        [-0.00049084, 0.0008334, 0.00036351],
        [-0.00434433, -0.00352861, -0.00160463],
        [0.00294383, -0.00165237, 0.00263058],
        [-0.00152604, 0.00058371, 0.00165437],
        [0.00173405, 0.00072248, 0.00058274],
        [0.00088746, 0.00094516, 0.00239388],
        [0.00023726, -0.00025339, 0.00165983],
        [-0.0020635, 0.00089745, -0.00220937],
        [-0.00264081, 0.00164028, 0.00152703],
        [-0.00041371, 0.00158953, 0.00020491],
        [0.00254036, -0.00157023, -0.00272338],
        [-0.00119469, 0.00064798, -0.00049451],
        [0.00219383, -0.00187582, -0.00053349],
        [-0.00080696, -0.0001492, -0.0008943],
        [0.00185974, 0.00160136, -0.00107215],
        [0.00321115, -0.00012928, 0.00059163]
    ],
    "relaxed_lattice": [
        [-5.15748108, -14.36176934, -8.4637899],
        [-7.57224851, -0.22660807, -4.25448029],
        [-0.25174931, -0.25382119, -8.67780391]
    ],