{
    "atom_type": [
        "Na",
        "V",
        "P",
        "O"
    ],
    "atoms_per_type": [
        6,
        8,
        12,
        48
    ],
    "coord_mode": "direct",
    "relaxed_basis": [
        [0.74504328, 0.5156981, 0.50025535],
        [0.50875324, 0.99076716, 0.99700744],
        [0.01345384, 0.000693, 0.97627635],
        [0.29989117, 0.24676594, 0.86701645],
        [0.37546277, 0.16063961, 0.40494557],
        [0.87472594, 0.11377106, 0.37703846],
        [0.32004451, 0.63860307, 0.64856852],
        [0.82145366, 0.64363068, 0.64272585],
        [0.06959886, 0.14224279, 0.15056066],
        [0.57478523, 0.14146702, 0.1405355],
        [0.17619477, 0.36784672, 0.34569029],
        [0.67726085, 0.36145705, 0.35408542],
        [0.43190842, 0.84713951, 0.85439087],
        [0.92985557, 0.85887554, 0.85334126],
        [0.12385361, 0.54756846, 0.96293239],
        [0.62396017, 0.54050527, 0.96012581],
        [0.48299705, 0.24891553, 0.54353797],
        [0.97679076, 0.25209012, 0.53413237],
        [0.26435981, 0.96847952, 0.25125914],
        [0.77225904, 0.96335592, 0.24624109],
        [0.23193588, 0.02532365, 0.75194808],
        [0.73115561, 0.03760631, 0.74987337],
        [0.37332397, 0.45420695, 0.03385566],
        [0.87432393, 0.46495676, 0.03622614],
        [0.02129453, 0.7392084, 0.46526393],
        [0.52041073, 0.74535223, 0.47009098],
        [0.43562767, 0.69228604, 0.53665965],
        [0.93618837, 0.69985537, 0.5022792],
        [0.2447043, 0.8337501, 0.76263183],
        [0.75107929, 0.87834968, 0.69154104],
        [0.35026421, 0.46287112, 0.87906388],
        [0.84557193, 0.50676808, 0.87418781],
        [0.49797794, 0.20267828, 0.38063727],
        [0.97705136, 0.21090305, 0.3808378],
        [0.17651661, 0.97419114, 0.25292772],
        [0.68772378, 0.99529074, 0.21306694],
        [0.10822826, 0.36679692, 0.02002313],
        [0.60495114, 0.37537252, 0.98811498],
        [0.06399974, 0.29860036, 0.46992625],
        [0.56791417, 0.28692153, 0.50930847],
        [0.25791925, 0.16110145, 0.22970396],
        [0.76094377, 0.12657681, 0.28993751],
        [0.14622854, 0.5341502, 0.12309924],
        [0.64825267, 0.49987198, 0.13067377],
        [0.0012053, 0.79217468, 0.63129199],
        [0.51199092, 0.79671865, 0.62832352],
        [0.32150263, 0.02311512, 0.75197281],
        [0.81676297, 0.00768003, 0.78288612],
        [0.39526338, 0.63053669, 0.97179818],
        [0.8977178, 0.6284077, 0.00327827],
        [0.39019408, 0.41974566, 0.56348016],
        [0.88387024, 0.41830563, 0.57409623],
        [0.28892697, 0.80884124, 0.4300156],
        [0.7876175, 0.77445081, 0.41448028],
        [0.2102021, 0.55769898, 0.7762839],
        [0.70562165, 0.57713109, 0.77144004],
        [0.02751419, 0.91247215, 0.2783606],
        [0.51955203, 0.92200582, 0.28866908],
        [0.14295291, 0.07631943, 0.91546766],
        [0.64018687, 0.0497526, 0.92174219],
        [0.45676916, 0.27031951, 0.06855159],
        [0.95628696, 0.27540732, 0.05516021],
        [0.11122274, 0.56664406, 0.45184066],
        [0.61415999, 0.58205905, 0.43851511],
        [0.22063873, 0.18077922, 0.55849407],
        [0.72045195, 0.2270632, 0.57719069],
        [0.289702, 0.43941453, 0.22483456],
        [0.79031067, 0.4395379, 0.22795299],
        [0.46617811, 0.08425725, 0.73786173],
        [0.9742044, 0.07829521, 0.72042255],
        [0.35165875, 0.92553548, 0.07342777],
        [0.8636284, 0.94239845, 0.06971382],
        [0.03996597, 0.73021162, 0.93512593],
        [0.53569245, 0.72217818, 0.95475734]
    ],
    "relaxed_energy": -770.63905637,
    "relaxed_forces": [
        [-0.00012483, -7.272e-05, 0.00030493],
        [-6.082e-05, -0.00231923, 0.00068843],
        [-0.00059063, 0.00092998, -9.645e-05],
        [0.00134151, 0.00166582, 0.00125018],
        [0.00400207, -0.00018346, 0.00172309],
        [-0.00074161, -0.00050983, 0.00058539],
        [0.00332159, -0.00314074, -0.00420434],
        [-0.00374625, -0.00020338, 0.00170839],
        [-0.0024269, -0.00181323, 0.00608402],
        [-0.00192028, -0.00368333, -0.00266776],
        [-0.00168648, 0.0004382, -0.00052998],
        [0.00133909, 0.000684, 0.00014569],
        [-0.0022777, 0.00350784, -0.00111689],
        [-0.00051693, 0.0012844, 0.00140803],
        [0.00382666, -0.00266497, 0.00128369],
        [0.0020826, 0.00086841, 0.00423088],
        [-0.00157985, -0.00027352, -0.00172353],
        [-0.00193565, 0.00138881, 0.00078157],
        [0.00372942, 0.00241278, 0.00610519],
        [-0.00200643, -0.00115621, -3.284e-05],
        [-0.00209093, 0.00450731, -0.00514285],
        [0.00048839, -0.00068693, 0.00108741],
        [-0.00372065, 0.00266695, -0.00243127],
        [0.00390151, -0.00299516, -0.0009419],
        [-0.0005731, 0.00302225, -0.00062501],
        [3.559e-05, -0.00027559, 0.00226036],
        [0.00169724, 0.001357, 0.00096185],
        [-0.00016258, 0.00223711, 0.00079071],
        [-0.00198075, 0.00028504, -0.00139778],
        [-0.00251732, 0.00043816, -0.00181934],
        [0.00252644, -0.00058565, 0.00244839],
        [-0.0006416, 0.00074586, 0.00058938],
        [0.00151145, 0.00186117, -0.00369829],
        [-0.00023323, 0.00074768, -0.00328388],
        [-0.0018981, -0.00076385, -0.00233181],
        [0.00072936, 0.00299188, 0.00082445],
        [-0.00124481, 0.00147789, -0.0010673],
        [-0.00370385, -0.00181116, -0.00437492],
        [-0.00147609, -0.0029547, 0.0003591],
        [-0.00272806, -0.00155817, 0.00211794],
        [-0.00015244, 0.00402373, -0.00064301],
        [-6.025e-05, 0.00083957, 0.0003086],
        [-0.00195176, 0.00057034, -0.00350296],
        [0.00036624, -0.00124292, -0.003303],
        [-0.0004893, -0.00274704, 0.00102467],
        [-0.00035701, 0.00211368, -0.00524433],
        [0.00349292, -0.00144873, -0.00205558],
        [-0.00129881, -0.00205189, -3.392e-05],
        [-0.00283159, 0.00014902, -0.00075119],
        [-0.00251905, -0.00137899, -0.00013555],
        [0.00012414, -0.00041585, 0.00047148],
        [0.00170213, 0.00180141, 0.00225291],
        [0.00045124, 0.00203475, -0.00233437],
        [-0.00227561, -0.00259895, -0.00134793],
        [-0.00070294, 0.00048277, 0.00214907],
        [0.00118174, -0.00066699, -0.00043785],
        [0.003815, 0.00121329, -0.00035438],
        [0.0058871, 0.00171799, 0.00103115],
        [0.00035447, -0.0003759, -0.00027334],
        [-0.00190485, -0.00343207, -0.00010388],
        [0.00176742, 0.00038181, 0.00294063],
        [-0.00185117, -0.00018449, -0.00115653],
        [-0.00070189, -0.0028227, 0.00104647],
        [0.00273934, -0.00264042, 0.00038857],
        [0.00134175, -6.566e-05, 0.00227353],
        [-0.00118961, 0.00057447, 0.00071571],
        [0.00229424, 0.00052045, 0.00014895],
        [-0.00084309, 0.00045102, -2.252e-05],
        [0.00456802, 0.00114731, 0.00094729],
        [0.00322676, -0.00125551, 0.00014091],
        [2.727e-05, -0.00750355, 0.00645471],
        [-0.00035519, 0.00242322, -0.00280534],
        [0.0010425, -0.00063639, 0.00087867],
        [-0.0028452, 0.00315654, 0.00107943]
    ],
    "relaxed_lattice": [
        [-5.11306186, -14.2025965, -8.63993622],
        [-7.53663706, -0.12151124, -4.25959397],
        [-0.23841734, -0.09615057, -8.60307133]
    ],