{
    "atom_type": [
        "Na",
        "V",
        "P",
        "O"
    ],
    "atoms_per_type": [
        5,
        8,
        12,
        48
    ],
    "coord_mode": "direct",
    "relaxed_basis": [
        [0.26254305, 0.50528207, 0.46762418],
        [0.74845285, 0.49437818, 0.51065724],
        [0.99893024, 0.98932803, 0.01225307],
        [0.06326924, 0.38557023, 0.74972613],
        [0.67745448, 0.75112504, 0.10821698],
        [0.32480271, 0.64294792, 0.63977123],
        [0.82268733, 0.64322675, 0.63717013],
        [0.07421293, 0.13854824, 0.14643127],
        [0.56892811, 0.14781716, 0.1388914],
        [0.18029999, 0.34778064, 0.35463205],
        [0.67210041, 0.35407439, 0.36596097],
        [0.42669571, 0.86424145, 0.86550572],
        [0.9273545, 0.85938445, 0.85822123],
        [0.12538516, 0.5367132, 0.95843738],
        [0.62705905, 0.53017262, 0.96357046],
        [0.48017738, 0.24661309, 0.54316652],
        [0.98148318, 0.24968545, 0.54498093],
        [0.27125958, 0.95434959, 0.25019722],
        [0.76590151, 0.95917634, 0.24963055],
        [0.23448872, 0.04029265, 0.74858296],
        [0.73311011, 0.04315091, 0.74275511],
        [0.37266416, 0.47627223, 0.03376932],
        [0.87166321, 0.4637381, 0.04051181],
        [0.01941335, 0.74733029, 0.45955013],
        [0.51582202, 0.75455723, 0.46429855],
        [0.43813407, 0.69879873, 0.48672383],
        [0.93801794, 0.69028423, 0.49713713],
        [0.25944697, 0.87462951, 0.69541111],
        [0.75333494, 0.87345651, 0.70041065],
        [0.36083527, 0.49398183, 0.86280925],
        [0.85176824, 0.4969759, 0.87101554],
        [0.50447867, 0.21181861, 0.36565887],
        [0.00557652, 0.21606295, 0.36805897],
        [0.18908438, 0.97943705, 0.20903802],
        [0.68451898, 0.97381244, 0.21045443],
        [0.11286015, 0.37359809, 0.96342452],
        [0.62735313, 0.34266109, 0.99168788],
        [0.05934348, 0.29866753, 0.53203803],
        [0.56067946, 0.30546397, 0.5108974],
        [0.24246389, 0.12326744, 0.31034831],
        [0.74041754, 0.13027683, 0.29777375],
        [0.1410798, 0.49468769, 0.13579459],
        [0.64257763, 0.51891597, 0.12906868],
        [0.00306792, 0.76830344, 0.64011945],
        [0.49302004, 0.78978788, 0.6387597],
        [0.31485, 0.01736295, 0.79712987],
        [0.81982545, 0.01100303, 0.780369],
        [0.37428464, 0.65523788, 0.02139034],
        [0.88403604, 0.63957379, 0.01392793],
        [0.38530562, 0.41337442, 0.5669485],
        [0.88419605, 0.41448082, 0.56988104],
        [0.28631473, 0.76864731, 0.41643228],
        [0.78322239, 0.77163149, 0.4155379],
        [0.20972373, 0.58251286, 0.77625229],
        [0.70747116, 0.57969412, 0.77400312],
        [0.02216615, 0.92170711, 0.284134],
        [0.52735655, 0.92555131, 0.27962924],
        [0.13809719, 0.05808225, 0.91454559],
        [0.64304876, 0.05362287, 0.92006828],
        [0.46865856, 0.30832523, 0.05099621],
        [0.96061267, 0.28451313, 0.05379418],
        [0.11510844, 0.57716692, 0.43224981],
        [0.61331777, 0.58872302, 0.43397899],
        [0.22094279, 0.23002726, 0.58136964],
        [0.719411, 0.22995932, 0.57707411],
        [0.29347369, 0.41984297, 0.22070978],
        [0.78506175, 0.43786342, 0.22477696],
        [0.47697313, 0.07138763, 0.7196728],
        [0.9725007, 0.07363355, 0.72550316],
        [0.36304619, 0.95402343, 0.07811005],
        [0.85907766, 0.95043149, 0.07631542],
        [0.03485371, 0.71905639, 0.94428235],
        [0.5327345, 0.69510711, 0.9461485]
    ],
    "relaxed_energy": -762.98590356,
    "relaxed_forces": [
        [0.00180657, -0.00091894, -0.00060949],
        [-0.00142065, 0.00011696, 0.00045906],
        [-0.00093296, -0.0007404, -0.0002163],
        [-0.00372839, 0.00024183, 0.00105574],
        [0.0007058, 0.00054719, 0.00104569],
        [0.0018627, 0.00162083, -0.0003337],
        [0.00122584, 0.00088561, -0.0004025],
        [-0.00228888, -0.00155118, -0.00274945],
        [-0.001902, -0.00036219, 0.00280502],
        [0.00097485, -0.00079668, -0.00283717],
        [4.465e-05, -0.0002728, -0.00093435],
        [0.002172, 0.0007984, -0.00292836],
        [0.00249776, 0.00019728, 0.00048248],
        [-0.00049471, 0.00391866, 0.00155672],
        [0.00115978, 0.00595792, -0.00093526],
        [0.00070386, -0.00268317, -0.00146639],
        [0.00143656, -0.00535573, 0.00465961],
        [-0.00095107, -0.00077986, 0.00448277],
        [-0.00304631, -0.00200567, -0.00090414],
        [0.00251393, -0.00129529, -0.0034722],
        [-0.00677545, 0.00278651, -0.0020292],
        [-0.00220202, -0.00124099, 0.00097694],
        [-0.00117404, 0.00227984, 0.00234282],
        [0.00105176, -0.00305959, 0.00119911],
        [-0.00161475, 0.00145104, -0.00080168],
        [-0.00018714, 0.00060306, 0.00045148],
        [-0.00203829, -9.622e-05, -0.00106803],
        [0.00169282, -0.00016953, 0.00211062],
        [0.00043368, -0.00128095, 0.00704906],
        [0.00180362, 0.00039231, -0.00083519],
        [-0.00342192, 0.00149854, -0.00169127],
        [-0.00273918, -0.00171225, -0.0009581],
        [-0.00509861, -0.00033504, -0.00037927],
        [0.00017608, 0.00065826, 0.00022501],
        [-0.00039019, 0.00085059, -0.00101133],
        [-0.00362513, 0.00071787, 0.00219029],
        [0.00405545, -0.00090889, -0.00107101],
        [0.00229391, -0.00016306, 0.0001087],
        [0.00170657, 0.00409844, -0.00229374],
        [0.00062396, 0.00220258, -0.00364116],
        [-0.00130191, -0.00056754, -3.223e-05],
        [0.00144545, -0.0010149, -0.00134321],
        [-0.00132838, 0.0001293, -0.00426934],
        [0.00064446, -0.00200208, -3.876e-05],
        [0.00085944, 0.00076808, 0.00233438],
        [0.00016713, 0.00150209, 3.866e-05],
        [0.00054359, -1.605e-05, 0.00104154],
        [0.00098914, 0.00290757, -0.000496],
        [0.0010187, -0.00262726, -2.052e-05],
        [0.00379655, -0.00341849, 0.00012824],
        [-0.00104806, 0.00277681, -0.00020213],
        [0.00410549, -7.388e-05, -0.00210087],
        [-0.00149196, -0.00218447, -4.749e-05],
        [0.00356527, -0.00037567, 0.00291783],
        [-0.00085449, -0.00488902, 0.00219529],
        [0.00046908, -0.0002762, -0.00096287],
        [0.00272445, 0.00254977, -0.00054255],
        [-0.00014265, 0.00027156, 0.00117241],
        [0.00141545, -0.00063393, 0.00164341],
        [-0.0044683, 0.00072465, 0.00172831],
        [0.00281843, -0.00331595, 0.00261164],
        [-0.00155286, 0.00242612, -0.00102309],
        [-0.00093484, 0.00073368, 0.00048479],
        [-0.00259544, 0.00091253, 0.00102022],
        [-9.456e-05, -0.0010368, -0.00270157],
        [0.0032501, -0.00324767, -0.00122342],
        [-0.00111901, 0.00259841, -0.00174743],
        [0.00013993, -0.00225367, 0.00301464],
        [0.00381608, -0.00051898, 0.0010536],
        [0.0006906, 0.00324262, -0.0008231],
        [-0.00384321, 0.00087307, -0.00093948],
        [-0.00073054, -0.00145029, -0.00269743],
        [0.00213643, 0.0013913, 0.00019471]
    ],
    "relaxed_lattice": [
        [-5.13938663, -14.06596206, -8.41900892],
        [-7.56319257, -0.17812211, -4.19519377],
        [-0.24133136, -0.15939149, -8.63227726]
    ],