{
    "atom_type": [
        "Na",
        "V",
        "P",
        "O"
    ],
    "atoms_per_type": [
        3,
        4,
        6,
        24
    ],
    "coord_mode": "direct",
    "relaxed_basis": [
        [0.62295463, 0.24718561, 0.89072407],
        [0.75135256, 0.11239349, 0.35580012],
        [0.3810449, 0.74685455, 0.13066064],
        [0.64391394, 0.64226727, 0.64612988],
        [0.1419084, 0.15106317, 0.14640083],
        [0.35236591, 0.35678223, 0.35410337],
        [0.86188313, 0.85603559, 0.85338034],
        [0.2467622, 0.54936166, 0.96882763],
        [0.95781722, 0.25082625, 0.53351632],
        [0.5311444, 0.96025492, 0.2537539],
        [0.47014349, 0.02921685, 0.75430636],
        [0.75776392, 0.45647288, 0.02584725],
        [0.03704387, 0.75290646, 0.46834302],
        [0.8517572, 0.74424962, 0.50324649],
        [0.50387587, 0.82874907, 0.76815406],
        [0.72581635, 0.45997317, 0.86779954],
        [0.96073761, 0.21037622, 0.38036141],
        [0.35888561, 0.97846819, 0.2341123],
        [0.21679297, 0.3590588, 0.03172803],
        [0.1404284, 0.27578105, 0.47509944],
        [0.52231346, 0.15008975, 0.23251161],
        [0.27770357, 0.54466789, 0.12744422],
        [0.00732175, 0.80568541, 0.62780443],
        [0.64085047, 0.02532247, 0.76570797],
        [0.78018863, 0.64160799, 0.97263433],
        [0.78769099, 0.43700942, 0.55537247],
        [0.55331179, 0.80403583, 0.43786008],
        [0.42376209, 0.55038225, 0.78950362],
        [0.07046435, 0.92250541, 0.27925969],
        [0.29313201, 0.06773695, 0.92500367],
        [0.93084159, 0.28309451, 0.06022628],
        [0.20821378, 0.57820406, 0.45070818],
        [0.45023404, 0.17676083, 0.56611034],
        [0.58526969, 0.43620548, 0.21109648],
        [0.92096782, 0.09421904, 0.72719062],
        [0.7077134, 0.91276931, 0.08001037],
        [0.07550899, 0.71791132, 0.9325366]
    ],
    "relaxed_energy": -384.65269204,
    "relaxed_forces": [
        [0.00173206, 0.00064365, 0.00259424],
        [0.00329389, -0.00021539, 0.00503198],
        [-0.00129165, 0.0005627, -0.0006035],
        [-0.00109944, -8.207e-05, 0.00021577],
        [-0.00030191, 0.00053902, 0.00082203],
        [-0.00182142, 0.00103262, -0.0028386],
        [-0.00088331, -6.85e-05, -0.00171156],
        [0.00051083, -0.00047576, 0.00114271],
        [-0.00514035, -0.00410172, -0.00316287],
        [-0.0035672, -0.00117746, -0.00147415],
        [0.00383344, 0.00030964, -0.00138718],
        [-0.00017524, 0.00071674, 0.001303],
        [0.00535425, -0.00486678, 0.00139884],
        [-0.00132933, -0.00059229, -0.00060413],
        [0.0001615, 0.00268621, -0.00045163],
        [0.00032202, 0.00155487, -0.00142597],
        [-0.00035406, -0.00020446, 0.00373861],
        [0.00122823, -0.0012181, 0.0026269],
        [0.00048673, -7.743e-05, -0.00104813],
        [0.00209673, 0.00521414, 0.00118004],
        [-0.00029164, -0.00197346, 0.00245614],
        [0.00211656, -0.00047264, -0.00253682],
        [-0.00247381, 0.0012597, -0.00218613],
        [0.00064797, 0.00071806, -0.00257694],
        [-0.001449, -0.0009688, -0.00022916],
        [0.00097453, -0.00161643, 0.00084929],
        [0.00049882, 0.00224092, 1.808e-05],
        [0.00059893, 0.00166191, -0.00183029],
        [-0.00156818, 0.00193305, -0.00155521],
        [-0.00170832, 0.0010161, 0.00191072],
        [0.00257009, 0.00147394, 6.231e-05],
        [-0.00346596, 0.00427672, -0.00147026],
        [-0.00240789, -0.00307676, 0.00226908],
        [-9.675e-05, -0.00039233, 0.00157022],
        [0.00062721, -0.00152357, -0.00090217],
        [0.00200015, -0.0037493, -0.00092255],
        [0.00037148, -0.00098674, -0.00027269]
    ],
    "relaxed_lattice": [
        [-2.59079531, -7.12323342, -4.40114802],
        [-7.58934299, -0.104901, -4.18059006],
        [-0.31166271, -0.09509412, -8.71094853]
    ],
    "relaxed_mag_basis": [
        0.0,
        0.0,
        0.0,
        1.105,
        1.075,
        1.762,
        1.011,
        0.006,
        0.006,
        0.005,
        0.004,
        0.004,
        0.006,
        -0.006,
        -0.031,
        0.002,
        -0.008,
        0.002,
        -0.041,
        -0.024,
        0.0,
        -0.011,
        -0.038,
        -0.003,
        0.003,
        -0.049,
        -0.001,
        -0.003,
        -0.023,
        -0.003,
        -0.001,
        -0.003,
        -0.01,
        -0.009,
        -0.002,
        -0.033,
        -0.007
    ],
    "relaxed_magmom": 5.0
}