{
    "atom_type": [
        "Na",
        "V",
        "P",
        "O"
    ],
    "atoms_per_type": [
        7,
        8,
        12,
        48
    ],
    "coord_mode": "direct",
    "relaxed_basis": [
        [0.25102261, 0.49824875, 0.49767414],
        [0.74905197, 0.51409173, 0.48671464],
        [0.505794, 0.00221138, 0.98134929],
        [0.00160029, 0.98494076, 0.01812928],
        [0.12309142, 0.88592904, 0.61797974],
        [0.80941846, 0.24896937, 0.8814283],
        [0.37642301, 0.10926183, 0.38205668],
        [0.32008538, 0.63938883, 0.64594931],
        [0.82399416, 0.64766913, 0.6441222],
        [0.06651769, 0.15020972, 0.14774333],
        [0.57542811, 0.14121549, 0.13777829],
        [0.18205058, 0.35858816, 0.35002558],
        [0.67479449, 0.36047132, 0.35928329],
        [0.43064354, 0.85347073, 0.85236586],
        [0.92725048, 0.85215511, 0.86290914],
        [0.12384961, 0.53786721, 0.96210181],
        [0.62416264, 0.54510475, 0.96080956],
        [0.47851601, 0.25191621, 0.53308939],
        [0.97922594, 0.25350123, 0.5363201],
        [0.27158856, 0.9645784, 0.24465691],
        [0.76742724, 0.96159095, 0.25725829],
        [0.22678503, 0.03290108, 0.7565792],
        [0.73120593, 0.04294169, 0.74958355],
        [0.37986116, 0.45835187, 0.03450267],
        [0.87206899, 0.45382008, 0.04330633],
        [0.02386011, 0.74755837, 0.46431064],
        [0.52059318, 0.75158382, 0.46232591],
        [0.43061467, 0.73287096, 0.49720678],
        [0.9370898, 0.70491173, 0.50648086],
        [0.23151614, 0.87411069, 0.71606122],
        [0.75250755, 0.8670207, 0.71256685],
        [0.35415969, 0.49010392, 0.87555922],
        [0.84889848, 0.4772742, 0.88098871],
        [0.49294513, 0.20243702, 0.37123755],
        [0.98611726, 0.20492449, 0.38206069],
        [0.17987343, 0.0199833, 0.21512761],
        [0.68417991, 0.99324103, 0.21163059],
        [0.0905293, 0.37647707, 0.01247009],
        [0.60574134, 0.3699698, 0.99792151],
        [0.06799296, 0.28297447, 0.49134488],
        [0.56514022, 0.29544202, 0.49001657],
        [0.26979742, 0.12014532, 0.28430259],
        [0.74920813, 0.13621354, 0.28909591],
        [0.15481255, 0.49974683, 0.11631152],
        [0.6459952, 0.51427101, 0.12590524],
        [0.01102796, 0.79569283, 0.62407605],
        [0.50805663, 0.80317615, 0.62167564],
        [0.31710815, 0.9802699, 0.79106663],
        [0.8115834, 0.02643757, 0.78963403],
        [0.41007851, 0.61795917, 0.99243402],
        [0.8912105, 0.62402833, 0.00453658],
        [0.38889542, 0.4236836, 0.55061347],
        [0.88686119, 0.42522686, 0.56317402],
        [0.27537545, 0.77967953, 0.41752278],
        [0.77810192, 0.77883481, 0.42764535],
        [0.20302014, 0.55464066, 0.76915872],
        [0.71124633, 0.55707293, 0.77647348],
        [0.03316345, 0.91833674, 0.27727643],
        [0.53446704, 0.91941298, 0.27153018],
        [0.1362315, 0.06742991, 0.92480013],
        [0.63863434, 0.05753953, 0.92038096],
        [0.46440486, 0.26754658, 0.05884975],
        [0.95554898, 0.26765007, 0.06710774],
        [0.11428813, 0.57826434, 0.43893987],
        [0.60974584, 0.57751175, 0.44763163],
        [0.22550042, 0.21567768, 0.58055021],
        [0.71490247, 0.22678425, 0.58133177],
        [0.30042085, 0.43434882, 0.22736939],
        [0.78581617, 0.433329, 0.22943321],
        [0.46890009, 0.08438421, 0.72054141],
        [0.96732729, 0.08881506, 0.72969635],
        [0.36134047, 0.93223829, 0.07178707],
        [0.85875084, 0.94537782, 0.08531721],
        [0.04091182, 0.72714203, 0.94306873],
        [0.54184104, 0.73062454, 0.93290235]
    ],
    "relaxed_energy": -778.65011886,
    "relaxed_forces": [
        [0.00032475, -0.00303384, 0.00248432],
        [0.00075411, -0.00248414, -0.00136291],
        [-0.00166911, -0.0061324, 0.00194176],
        [0.00070693, -0.00196435, -0.00043507],
        [0.00166613, -0.00059505, 0.00055293],
        [-0.00052863, -0.00147904, -0.0025358],
        [0.00286631, -0.00082861, 1.606e-05],
        [-0.00120745, -0.00259149, -0.00064324],
        [-7.105e-05, 0.00128248, 0.00288351],
        [-0.00223568, 0.00694674, -0.0040267],
        [0.00112637, -0.00315823, 0.00119306],
        [0.00272092, 0.00224505, 0.00171857],
        [0.00165264, 0.00217125, -0.00037652],
        [-0.00455658, -0.0005218, -0.00039553],
        [0.00019187, 0.00149883, -0.00244471],
        [0.0004518, -0.00119458, 0.0003368],
        [-0.00093542, -0.00415719, -0.00137083],
        [0.00287849, 2.77e-05, -0.00154797],
        [0.00241225, 0.00549484, 0.00219556],
        [-0.00174925, 0.00421068, 0.00151323],
        [-5.417e-05, 0.00063233, -0.00050045],
        [0.00132864, 0.00533403, -0.0023777],
        [-0.00156976, -0.00182061, 0.00071684],
        [-0.00435567, -0.00866441, 0.00102113],
        [-0.00065959, 0.00352542, 0.00037122],
        [0.00528505, 0.00035896, 0.00050273],
        [0.00184109, -0.00112987, 0.00344881],
        [-0.00140087, -0.00020572, 0.00311379],
        [0.0024453, -0.00037293, -0.00031404],
        [0.0019365, 0.00163423, 0.00067325],
        [0.00175618, -0.00241908, 0.00109754],
        [-0.00459675, -0.00545324, 0.00225309],
        [-0.00240452, -3.156e-05, -4.884e-05],
        [0.00278299, -0.00221269, 0.00166909],
        [0.00070636, 0.00877705, -0.00057538],
        [-0.00072309, 0.0044714, -0.00315729],
        [0.00054467, -0.00124381, -0.00081419],
        [0.00225928, 0.00266504, -0.00131442],
        [0.00040306, -0.00121633, -0.00130076],
        [0.00044755, -0.00214958, 0.00234286],
        [-0.00109918, -0.00188942, -0.0006834],
        [0.00264152, 0.00050648, -0.00035067],
        [-0.0048782, 0.00130409, 0.00056761],
        [0.00446721, -0.0012893, 0.00160552],
        [-0.00393118, 0.00166338, -0.00014326],
        [0.00281336, -0.00300448, -6.936e-05],
        [-0.00274787, 0.00506189, -0.00458862],
        [0.00019924, 0.00119378, -0.00059902],
        [-0.00113753, -0.00421441, -0.0010769],
        [0.00197916, 0.00323193, 0.00780968],
        [-0.00192108, -0.00173859, -0.00312005],
        [-0.00276486, 0.00191242, 0.00024641],
        [-0.00163844, 0.00268479, -0.00288231],
        [-0.00143435, 0.00031203, -0.00234225],
        [-2.159e-05, -0.00099912, -0.00454397],
        [0.00345296, 0.00116202, 0.00174121],
        [-0.00277839, -0.00222555, -0.00042562],
        [0.00149726, 0.0007165, 0.00095656],
        [-0.00373948, -0.00236148, 0.00167925],
        [-0.00158024, 0.00250963, -0.00295812],
        [-0.00094288, -0.00132593, -0.00223247],
        [-0.00186138, -0.00359441, 0.00214351],
        [0.00152576, 0.00291188, -0.00150431],
        [0.00122593, -0.00114371, 0.00565701],
        [0.00123218, -0.0004615, -0.00521354],
        [0.00315209, 0.00136477, 0.0062566],
        [-0.00012393, -3.2e-07, 0.00217668],
        [0.00015767, -0.00366573, -0.0043747],
        [-0.00267116, 0.00289284, -0.00100558],
        [-0.00040433, 0.00074061, 0.00132313],
        [0.00365043, 0.00206623, -0.00158529],
        [0.00090485, -0.00091301, 0.00205231],
        [0.00101745, -0.00228348, -0.00116448],
        [-0.0017017, 0.00139306, -0.00069893],
        [-0.00331096, 0.0012667, 0.0008436]
    ],
    "relaxed_lattice": [
        [-5.00320298, -14.19478337, -8.47330709],
        [-7.51197587, -0.11026911, -4.24028178],
        [-0.18081204, -0.11371807, -8.64460389]
    ],