{
    "atom_type": [
        "Na",
        "V",
        "P",
        "O"
    ],
    "atoms_per_type": [
        6,
        8,
        12,
        48
    ],
    "coord_mode": "direct",
    "relaxed_basis": [
        [0.24916695, 0.50456532, 0.49798325],
        [0.74589293, 0.49180029, 0.51772562],
        [0.00172916, 0.01738262, 0.98444347],
        [0.32450677, 0.24653842, 0.89949587],
        [0.94265064, 0.62642334, 0.248882],
        [0.67771494, 0.75541353, 0.0928902],
        [0.3221014, 0.64825236, 0.64068674],
        [0.82235437, 0.638679, 0.64571647],
        [0.07463354, 0.13263369, 0.14377283],
        [0.56877353, 0.1461564, 0.14318206],
        [0.17728725, 0.35871459, 0.3579367],
        [0.6757917, 0.35367704, 0.36049727],
        [0.43010728, 0.85596048, 0.8580066],
        [0.92539457, 0.86570383, 0.84883917],
        [0.12231494, 0.53780728, 0.96438256],
        [0.62556435, 0.53400251, 0.96390054],
        [0.48157857, 0.2477797, 0.54022254],
        [0.98402304, 0.23928213, 0.53776735],
        [0.26850551, 0.95813838, 0.2487324],
        [0.76771014, 0.95952632, 0.24786458],
        [0.23328334, 0.04466823, 0.74841015],
        [0.72941322, 0.04517194, 0.74886186],
        [0.37260498, 0.46697646, 0.03775303],
        [0.87698482, 0.45820754, 0.04020325],
        [0.0195469, 0.74774061, 0.45727328],
        [0.51880556, 0.75252506, 0.46217616],
        [0.43895954, 0.71345142, 0.48173859],
        [0.93929274, 0.70585748, 0.47471624],
        [0.25254462, 0.8675745, 0.72095329],
        [0.74763569, 0.86446387, 0.73103867],
        [0.35724993, 0.48266529, 0.87204389],
        [0.8631736, 0.4872091, 0.86727675],
        [0.50209093, 0.20198931, 0.37417824],
        [0.00513077, 0.18090027, 0.37877041],
        [0.18878597, 0.98489283, 0.19629553],
        [0.69018628, 0.9805417, 0.19634338],
        [0.09736672, 0.36832121, 0.01330109],
        [0.60707551, 0.35707576, 0.01111318],
        [0.068577, 0.28622235, 0.5007852],
        [0.56421983, 0.30059148, 0.5047534],
        [0.25003188, 0.14322301, 0.26386225],
        [0.74563787, 0.13146336, 0.2906676],
        [0.13251889, 0.52172208, 0.13813924],
        [0.64375327, 0.51561308, 0.1294787],
        [0.99442296, 0.79922203, 0.62543399],
        [0.49711635, 0.79716479, 0.63352022],
        [0.31226659, 0.03120882, 0.79296335],
        [0.81339404, 0.01353745, 0.79723653],
        [0.38537894, 0.64456217, 0.00220764],
        [0.89443276, 0.62844666, 0.01595723],
        [0.38750521, 0.41452541, 0.56590426],
        [0.89391631, 0.41484641, 0.54075726],
        [0.27294684, 0.78454145, 0.42689533],
        [0.78146292, 0.77327626, 0.41649205],
        [0.21121103, 0.53941161, 0.78924846],
        [0.7124338, 0.54697847, 0.78262955],
        [0.03687915, 0.91151125, 0.26710299],
        [0.53679646, 0.9220259, 0.27730158],
        [0.13631298, 0.07635171, 0.91093086],
        [0.63636952, 0.07698673, 0.91467786],
        [0.45721527, 0.28795232, 0.07408925],
        [0.95842658, 0.27049954, 0.07810597],
        [0.11138003, 0.57331016, 0.45249774],
        [0.61436163, 0.58513091, 0.43815642],
        [0.22287738, 0.22290025, 0.57120319],
        [0.72442054, 0.22297345, 0.57263326],
        [0.28344255, 0.44397941, 0.21908879],
        [0.78553865, 0.44730595, 0.21761271],
        [0.47221079, 0.07883562, 0.72516231],
        [0.97109038, 0.07824024, 0.72877056],
        [0.36261507, 0.92935415, 0.0809106],
        [0.86484246, 0.93643418, 0.08319762],
        [0.03764696, 0.72437917, 0.93100081],
        [0.54000238, 0.71297836, 0.935022]
    ],
    "relaxed_energy": -770.54040632,
    "relaxed_forces": [
        [0.00142212, 0.00050206, -0.00030487],
        [0.00018161, -0.00028636, 0.00096693],
        [-7.4e-06, 0.00061118, -0.00010458],
        [2.828e-05, -0.00024135, -0.00169233],
        [-0.0010989, -0.00020271, -0.00096242],
        [-0.00193465, -0.00317257, -0.00388096],
        [-0.00060945, 0.00031887, 0.00015982],
        [0.00421422, -0.00257106, -0.0033098],
        [-0.00027004, -0.00145285, -0.00076956],
        [-0.00249792, 0.00371102, -0.00020723],
        [0.00043769, 0.00109375, -0.00037545],
        [-0.00022289, 0.00167596, 0.00104346],
        [0.00115582, 0.00063162, 0.00070179],
        [-0.00129908, 0.00111911, 0.00046841],
        [0.00039359, 0.00128774, -0.00042878],
        [0.00376862, -0.00337087, -0.00091489],
        [-0.00680937, -0.00175323, 0.0069123],
        [0.00146567, -0.00131033, -2.698e-05],
        [-0.00296041, -0.00213494, 0.00620436],
        [-0.00072164, -0.00160565, -0.0035099],
        [-0.00100121, 0.00047322, 0.00154565],
        [-0.00607663, -0.00024091, 0.00054376],
        [0.00187136, 0.00536204, 0.00554289],
        [0.0017035, 0.00015209, 0.00144623],
        [0.00068279, 0.00082633, -0.00040952],
        [-0.00323182, -0.00191167, -0.00615814],
        [-0.00012821, 0.00089682, 0.00172009],
        [-5.581e-05, 0.00097332, -0.00214873],
        [-0.00084711, 7.311e-05, -0.00075579],
        [0.00205982, 0.00015998, -0.00329171],
        [0.00075813, -0.00153714, -0.00198757],
        [0.00185669, -0.00116729, 0.00038439],
        [-0.00083586, -0.00142932, -0.004815],
        [-0.00062951, -0.00269986, -0.00231716],
        [0.00196658, -7.247e-05, 0.00371172],
        [0.00490327, 0.00257319, 0.00506237],
        [0.00051956, 6.056e-05, 0.00264364],
        [-0.00140253, -0.00331353, -0.00611257],
        [8.864e-05, 0.00012162, -0.00246483],
        [-0.00385707, -0.00150385, 0.00027828],
        [0.00116959, 0.00055177, 0.00312533],
        [0.00091906, 0.00146761, 0.00548526],
        [0.00184651, 0.0032158, -0.00082723],
        [-0.00365399, -0.00065917, -0.00085288],
        [-0.00128591, 0.00185757, -0.00268893],
        [0.00054244, 0.00402057, 0.00304151],
        [0.00010754, -0.0006668, -0.00074404],
        [-0.00348016, -0.00164821, -0.00156751],
        [-0.00098753, 0.00221997, -0.00143622],
        [-0.00036257, 0.00255502, 0.00300421],
        [0.00194944, -0.00286777, 0.00213334],
        [0.00031969, -0.00077039, 0.00078697],
        [0.00250449, -0.00096211, 0.001838],
        [-0.00125628, -0.00147791, -0.00277403],
        [0.00048609, 0.0007058, -5.616e-05],
        [0.00201907, -0.00193815, -0.00067404],
        [4.262e-05, 0.00156363, -0.0009191],
        [-0.00017484, -0.00214817, 0.00126101],
        [0.00095425, 0.00029872, -0.00050911],
        [-0.00152913, 0.00125978, 0.00179546],
        [0.00070049, -0.00514172, -0.00349609],
        [-0.00051035, 0.00190196, -0.00189982],
        [0.00022667, 0.00071587, -0.00252726],
        [-0.00359973, -0.00103719, -0.0013051],
        [-0.00055282, -0.00045064, -4.026e-05],
        [0.00128217, -0.00125426, 0.00293355],
        [0.00082061, 0.00053064, 0.00316386],
        [0.00071745, 0.00174208, -5.04e-05],
        [0.00208131, -0.00215903, -0.00417255],
        [0.00074479, 0.00144679, -0.00030677],
        [0.00134119, 0.00166808, 0.00035273],
        [0.00077217, 0.00012127, 0.00073185],
        [0.00108574, 0.00307328, 0.00136483],
        [0.00177949, 0.0016197, 0.00344225]
    ],
    "relaxed_lattice": [
        [-5.12342038, -14.15632079, -8.43042107],
        [-7.55122603, -0.14529114, -4.21436551],
        [-0.21733591, -0.15571596, -8.65635369]
    ],