{
    "atom_type": [
        "Na",
        "V",
        "P",
        "O"
    ],
    "atoms_per_type": [
        11,
        8,
        12,
        48
    ],
    "coord_mode": "direct",
    "relaxed_basis": [
        [0.25575845, 0.48263905, 0.49851887],
        [0.75170294, 0.49961605, 0.49922688],
        [0.49714196, 0.98858363, 0.01288877],
        [0.99537229, 0.01772464, 0.00141518],
        [0.12105675, 0.87291616, 0.61249857],
        [0.30294296, 0.24870375, 0.89245105],
        [0.80838515, 0.2538321, 0.8913525],
        [0.9428495, 0.62400682, 0.25281124],
        [0.56031546, 0.38068181, 0.75324833],
        [0.18985587, 0.75322255, 0.11296788],
        [0.69198209, 0.75092901, 0.1062664],
        [0.32415634, 0.63853317, 0.64291778],
        [0.824125, 0.64360683, 0.64618786],
        [0.06906251, 0.14077473, 0.14809394],
        [0.57203795, 0.14017139, 0.15257668],
        [0.18028487, 0.35720901, 0.35222991],
        [0.67414064, 0.35916076, 0.35867325],
        [0.43148985, 0.85666802, 0.84522889],
        [0.92489692, 0.86258146, 0.85130608],
        [0.12430292, 0.54518615, 0.96217552],
        [0.62272081, 0.54806174, 0.95827382],
        [0.4790874, 0.24994246, 0.54956638],
        [0.98121435, 0.24729551, 0.54086854],
        [0.27048104, 0.95330779, 0.24306144],
        [0.76730708, 0.95492484, 0.25171834],
        [0.2311093, 0.04132521, 0.7463797],
        [0.73147779, 0.04955036, 0.74954607],
        [0.37679064, 0.45509744, 0.03500941],
        [0.87399037, 0.4554826, 0.04471014],
        [0.02292014, 0.74520767, 0.45650831],
        [0.5198403, 0.75575185, 0.4569871],
        [0.44020152, 0.69768032, 0.50717033],
        [0.94498674, 0.685657, 0.49160869],
        [0.24719452, 0.86347136, 0.72222812],
        [0.75731979, 0.86930531, 0.7234211],
        [0.35281142, 0.46461493, 0.88144735],
        [0.85427162, 0.47402306, 0.88101912],
        [0.50622418, 0.19328374, 0.3852102],
        [8.768e-05, 0.17863547, 0.39065802],
        [0.19016076, 0.96712452, 0.20401591],
        [0.69211983, 0.96231747, 0.20207947],
        [0.10467335, 0.3715606, 0.01952373],
        [0.60581912, 0.37793593, 0.98990179],
        [0.06294634, 0.30147656, 0.49298074],
        [0.55461507, 0.30509965, 0.53123075],
        [0.25384758, 0.13744823, 0.25253572],
        [0.74085997, 0.13605699, 0.27762733],
        [0.14853066, 0.53628059, 0.11530639],
        [0.63843086, 0.53189372, 0.12593827],
        [0.00193782, 0.80614183, 0.61639446],
        [0.49876116, 0.82268709, 0.61535809],
        [0.31111304, 0.01658929, 0.79675096],
        [0.80764272, 0.04269689, 0.79662001],
        [0.40145814, 0.62940463, 0.96731909],
        [0.88962699, 0.6285578, 0.01111501],
        [0.38387349, 0.41091794, 0.56537797],
        [0.8880301, 0.4126002, 0.55364074],
        [0.27673673, 0.78544024, 0.42296492],
        [0.78455952, 0.77484163, 0.41731703],
        [0.20510039, 0.5623931, 0.77132852],
        [0.71059039, 0.55990915, 0.77972866],
        [0.03349775, 0.9033371, 0.2660669],
        [0.53359479, 0.90885603, 0.26698966],
        [0.13827063, 0.06626798, 0.9118259],
        [0.63648613, 0.06791855, 0.91523993],
        [0.46138023, 0.27630407, 0.06004663],
        [0.95619443, 0.27473157, 0.07402816],
        [0.11802096, 0.58537226, 0.43979941],
        [0.61228421, 0.5890238, 0.45448919],
        [0.22558871, 0.21310178, 0.57062844],
        [0.7154571, 0.22967155, 0.58364748],
        [0.29282688, 0.45452033, 0.21737689],
        [0.78611638, 0.44441286, 0.22436625],
        [0.46252568, 0.08900684, 0.73982514],
        [0.97180871, 0.08885108, 0.73270351],
        [0.36430037, 0.9178739, 0.07872382],
        [0.8629602, 0.93624946, 0.08643962],
        [0.03943135, 0.72720337, 0.93773937],
        [0.54079732, 0.73173264, 0.9229214]
    ],
    "relaxed_energy": -808.39591826,
    "relaxed_forces": [
        [0.00126815, 0.00100346, 3.306e-05],
        [0.0006509, -0.00134704, 0.00081377],
        [-0.00018058, -0.00027087, -0.00128961],
        [0.00074631, 1.521e-05, 0.00065071],
        [0.00098403, 0.00047798, 0.00104163],
        [-0.00146538, -0.00023878, -0.0014551],
        [0.00116057, -0.00063423, 0.00271364],
        [0.00246859, 0.00234804, 0.00390314],
        [0.00065506, 0.00057143, 0.00117473],
        [-0.00060288, -0.00216791, -0.00052491],
        [0.00058869, -2.108e-05, -0.00019407],
        [0.00137556, 0.00014961, -0.00254718],
        [0.00307427, 0.00307932, -0.0031549],
        [-0.00514939, -0.00424795, 0.00630975],
        [-0.00242257, -0.00093838, 0.0002962],
        [0.00339499, -0.00219707, 0.00029594],
        [0.00303853, 0.00138749, 0.00217319],
        [-0.00305783, -0.00305073, 0.00304664],
        [-0.00372794, 0.00158536, 0.00030267],
        [-0.00148929, -0.00106533, 0.00133508],
        [6.066e-05, 0.00014156, 3.763e-05],
        [-2.784e-05, 0.00173246, 0.00232891],
        [0.00766356, 0.00209142, 0.00011206],
        [-0.00161516, -0.00509592, -0.00736357],
        [-0.00243991, 0.00129381, -0.00053922],
        [-0.00059803, -0.00090157, -0.00333167],
        [0.00352788, 0.00240813, -0.00268057],
        [0.00104858, -0.00075073, 0.00392703],
        [-0.00529546, 0.00333732, 0.00117811],
        [0.00160889, -0.00840352, 0.00404175],
        [-0.00182386, 0.00190857, -0.00225154],
        [-0.00167963, -0.00437364, -0.00332706],
        [0.00366136, 0.00293141, 0.00312614],
        [-0.00098521, -0.00025413, -0.00421898],
        [-0.00203008, -0.00031277, -0.00071366],
        [-0.0017334, 0.0014909, -0.00144338],
        [-0.00077954, -0.00189876, 0.00087733],
        [-0.00131115, 0.001047, -0.00259225],
        [0.00441754, 0.0052476, -0.00042583],
        [0.0010582, 0.00397165, 0.00192788],
        [0.00109909, -0.00057333, -0.00064799],
        [0.00316349, 0.00289945, -0.00377204],
        [-0.00081039, -0.00194313, 0.00098247],
        [-0.00130049, -0.00159014, 0.00103172],
        [-0.00160337, 0.00030057, 3.091e-05],
        [-0.00109721, -0.00077086, 0.002379],
        [0.00194324, -0.00070507, 0.00071649],
        [-0.002708, 0.00090905, -2.736e-05],
        [0.00085603, -0.00131934, 0.00095247],
        [-0.00058156, 0.0017834, -0.00110967],
        [-0.00112288, -0.00203637, -0.0028784],
        [-0.00205928, 0.00048744, -9.889e-05],
        [0.00061551, -0.00121056, -0.00070867],
        [-0.00259502, 0.00126526, -0.00193107],
        [0.00432767, 0.00036414, 0.00034564],
        [0.00190377, 4.319e-05, -0.0001155],
        [-0.00011729, 0.00078384, 0.00247652],
        [-0.00510908, 0.00136044, 0.0011055],
        [-0.00024075, -0.00267358, 0.00089236],
        [0.00099653, 0.00276395, -0.00224116],
        [-0.0011535, -0.00044415, -0.00029901],
        [0.00189022, 0.00172164, 0.00079353],
        [0.00105841, -2.504e-05, -0.00050349],
        [-0.00198252, -0.00059796, -0.00120501],
        [-0.00082676, -0.00134898, 0.00075373],
        [-0.00303788, 0.0022975, 0.00029249],
        [0.0028393, -0.00339725, 0.00065437],
        [-0.00037148, 0.00391297, 0.00160996],
        [-0.00140556, -0.00240736, 0.0004568],
        [0.00265143, -0.00091171, 0.00028432],
        [-0.00279908, 0.00010152, 6.126e-05],
        [0.00059621, 0.00021746, -0.00291848],
        [0.0023841, 0.00033582, -0.00028285],
        [-0.00105889, -0.00019625, -0.00034505],
        [-1.262e-05, 0.00027849, 0.00227421],
        [0.00110802, 0.00033333, -0.00132976],
        [0.00041817, 0.00210683, 5.418e-05],
        [-0.00043043, -0.0005526, -0.00017598],
        [0.00053567, -0.00161192, -0.00115103]
    ],
    "relaxed_lattice": [
        [-5.09403308, -14.33937856, -8.43510207],
        [-7.64841678, -0.10188173, -4.16211762],
        [-0.15567236, -0.09984548, -8.64778785]
    ],