{
    "atom_type": [
        "Na",
        "V",
        "P",
        "O"
    ],
    "atoms_per_type": [
        5,
        8,
        12,
        48
    ],
    "coord_mode": "direct",
    "relaxed_basis": [
        [0.25261847, 0.49322484, 0.5004057],
        [0.00984258, 0.97949132, 0.00038976],
        [0.80214909, 0.25523217, 0.8702752],
        [0.55358113, 0.35800648, 0.74329562],
        [0.68151306, 0.75399792, 0.12123551],
        [0.32496158, 0.64294303, 0.63623295],
        [0.82190662, 0.64572602, 0.64254959],
        [0.07495838, 0.13926851, 0.14142814],
        [0.57124164, 0.14352917, 0.1534469],
        [0.1755011, 0.35401543, 0.36496085],
        [0.68038156, 0.36022814, 0.3449847],
        [0.41881666, 0.86589797, 0.87009773],
        [0.93663671, 0.85076668, 0.84463787],
        [0.12825828, 0.53054023, 0.9648851],
        [0.62175885, 0.54440422, 0.96580144],
        [0.48113358, 0.24516218, 0.54654963],
        [0.9808085, 0.25698623, 0.53786271],
        [0.26499276, 0.95867961, 0.2574583],
        [0.77011137, 0.96121033, 0.24268218],
        [0.23140184, 0.03867766, 0.75128198],
        [0.73767551, 0.03356518, 0.75132236],
        [0.37124459, 0.47580008, 0.03779627],
        [0.8795279, 0.45556284, 0.02495926],
        [0.0226926, 0.75128762, 0.45778129],
        [0.51256693, 0.75702073, 0.46310902],
        [0.43245989, 0.71078275, 0.47821564],
        [0.93845193, 0.70212919, 0.50984761],
        [0.25557008, 0.86711539, 0.70811044],
        [0.75499015, 0.83586303, 0.76686127],
        [0.37003933, 0.4919102, 0.85420105],
        [0.86347392, 0.46165983, 0.86206193],
        [0.50756614, 0.1987645, 0.36984907],
        [0.00472356, 0.20952983, 0.36978443],
        [0.18290978, 0.9888134, 0.20765342],
        [0.68987522, 0.95494484, 0.22030659],
        [0.11057764, 0.36451469, 0.98699097],
        [0.62591119, 0.34639956, 0.00773082],
        [0.06052951, 0.30585299, 0.5154445],
        [0.56315311, 0.29014127, 0.51345071],
        [0.23849797, 0.1242755, 0.31150836],
        [0.7531173, 0.15847902, 0.22319386],
        [0.13950712, 0.50576345, 0.13980994],
        [0.63086929, 0.54712838, 0.1302949],
        [0.00730422, 0.80990807, 0.6164142],
        [0.48116789, 0.79438432, 0.64206901],
        [0.31001406, 0.02355841, 0.79713921],
        [0.81851652, 0.02707305, 0.78336234],
        [0.3645466, 0.66155224, 0.0287877],
        [0.90037721, 0.63220455, 0.96589523],
        [0.38873365, 0.4173434, 0.55239316],
        [0.88588333, 0.42456243, 0.5602664],
        [0.27513281, 0.77058861, 0.4257464],
        [0.78061825, 0.81301976, 0.43703412],
        [0.21825346, 0.55313438, 0.78675871],
        [0.70752321, 0.5751948, 0.78149974],
        [0.02993509, 0.92073727, 0.27161992],
        [0.52695386, 0.92773688, 0.27820615],
        [0.1374854, 0.05375003, 0.92209457],
        [0.64245795, 0.0776381, 0.91970811],
        [0.46680196, 0.31725915, 0.05525599],
        [0.96331253, 0.27248607, 0.06653424],
        [0.11602618, 0.58171772, 0.4421477],
        [0.6044557, 0.58395717, 0.45091332],
        [0.21863769, 0.22523122, 0.58137822],
        [0.72395751, 0.19233704, 0.56842387],
        [0.28953878, 0.41748034, 0.21890696],
        [0.78876614, 0.45565283, 0.20112133],
        [0.46851762, 0.0739723, 0.726037],
        [0.96850024, 0.08752379, 0.72920409],
        [0.35650832, 0.95044165, 0.08417699],
        [0.86624983, 0.90925493, 0.0819168],
        [0.04509334, 0.71929672, 0.92781775],
        [0.52840924, 0.69890034, 0.9361982]
    ],
    "relaxed_energy": -762.8336681,
    "relaxed_forces": [
        [0.00074149, -0.00197363, -0.00130498],
        [-0.00091229, -8.989e-05, -0.00087879],
        [-0.0002221, 0.00372602, 0.00184917],
        [0.00657243, 0.00142971, 0.00661358],
        [-0.00083367, -0.00247574, 8.06e-06],
        [0.00020099, -0.00028384, -0.00282041],
        [-0.00133409, -0.00185422, 0.00068602],
        [-0.00218934, 0.00463699, 0.00218057],
        [0.0047994, -0.00073271, 0.00415198],
        [-0.00096682, -0.00325294, 0.00067597],
        [-0.00122991, 0.00067192, 0.00062853],
        [-0.00074286, -0.00014487, -0.00511649],
        [-0.00217159, -0.00318669, -0.0001133],
        [0.00216732, 0.00178139, -0.00261498],
        [-0.00527623, 0.00532903, 0.00171757],
        [0.00569761, 0.00291419, -0.00292787],
        [0.00348168, 0.0022936, 0.00098155],
        [-0.00356241, -0.00318386, 0.00081861],
        [0.00226456, -0.00176972, -0.00260817],
        [-0.00388617, 0.00089919, -0.00072189],
        [0.00318081, 0.00302362, -0.00193114],
        [-0.00276422, -0.00136827, 0.00016706],
        [0.00045493, -0.00106847, 0.00153187],
        [-0.00219313, 0.00037532, -0.00270449],
        [-0.0008409, 0.00265557, -0.00717475],
        [-0.0019758, -2.399e-05, -0.00263361],
        [0.00457657, 0.00674827, -0.00079767],
        [0.00441658, 0.00180039, 0.00220519],
        [0.00428537, 0.00014966, 0.00367265],
        [-0.00171176, 0.00035411, 0.0035041],
        [-0.00012905, 0.00450828, -0.00292593],
        [0.00120705, 0.00191763, -0.00070015],
        [-0.00186445, -0.00136612, -0.00176144],
        [0.00312979, -0.00201547, -0.00375731],
        [-0.00121245, -0.00097555, 0.00035757],
        [-0.00711716, -0.00192909, -0.00166628],
        [-7.26e-05, -0.00045147, -0.00181472],
        [-4.39e-06, -0.00127911, -0.00148061],
        [-0.00068619, -0.00187358, 0.00164454],
        [0.00075691, 0.00021528, -0.00102262],
        [0.00022468, 0.00053152, 0.00248953],
        [0.00090402, 0.00123843, 2.232e-05],
        [-0.00094787, -0.00228779, -0.00091692],
        [0.00033744, -0.00312411, 0.00377891],
        [0.00116728, -0.0011679, 0.00589462],
        [0.00131028, 0.00199635, -0.00082572],
        [-0.00096224, -0.00037529, -0.00067664],
        [0.00361423, -0.00222416, 0.00041867],
        [0.00134349, 0.00250345, 0.00105026],
        [0.00185397, -0.00031208, -0.00058076],
        [-0.0017593, 0.00107604, -0.00077968],
        [-0.00110891, 0.00341912, 0.00154771],
        [-0.00303936, 0.00019253, 0.0039821],
        [-0.00070808, -0.00106636, -0.0021238],
        [0.00322759, 0.00106605, 0.0036173],
        [-0.00299219, -0.0022348, 0.00151358],
        [-0.00296872, -0.00293366, -0.00215495],
        [-0.00018644, 0.0022118, -0.00150745],
        [0.00060688, 0.00052757, -0.00107223],
        [0.00146643, -0.00340336, 0.00320029],
        [-0.0009143, 0.00230412, -0.00166043],
        [0.00082281, -0.00435988, -0.00078921],
        [0.00256108, -0.00017556, -0.00303316],
        [0.00196955, -0.00314257, -0.00118811],
        [-0.00235685, 0.00303473, 0.00413909],
        [4.594e-05, 0.00051559, -0.0002695],
        [-0.00045066, -0.00162511, -0.00242397],
        [-0.00557418, -0.00019821, 0.00169314],
        [-0.00362413, -0.00146706, 0.00186698],
        [0.00448458, 0.0008491, -0.00063465],
        [-0.00158723, -0.00082243, 0.00129566],
        [-0.00140269, -0.00288084, -0.00124639],
        [0.00060894, -0.00179617, 0.00145638]
    ],
    "relaxed_lattice": [
        [-5.12582113, -14.1606127, -8.53571847],
        [-7.54517097, -0.17429012, -4.28807663],
        [-0.23116051, -0.19179693, -8.64819166]
    ],