{
    "atom_type": [
        "Na",
        "V",
        "P",
        "O"
    ],
    "atoms_per_type": [
        6,
        8,
        12,
        48
    ],
    "coord_mode": "direct",
    "relaxed_basis": [
        [0.24924858, 0.50940947, 0.48754016],
        [0.74829028, 0.5218815, 0.48686986],
        [0.0055843, 0.99839881, 0.98613141],
        [0.3193069, 0.25467406, 0.89368516],
        [0.55581844, 0.3623826, 0.75133192],
        [0.87422897, 0.12639054, 0.38051193],
        [0.32630956, 0.65065124, 0.63361813],
        [0.81862695, 0.64502637, 0.64469219],
        [0.0729665, 0.13708283, 0.14020605],
        [0.57358271, 0.13982724, 0.14681319],
        [0.1749471, 0.35496623, 0.35880046],
        [0.67950673, 0.36155127, 0.3505294],
        [0.42604502, 0.85392356, 0.86926891],
        [0.93198804, 0.85358986, 0.85423578],
        [0.12763891, 0.53809366, 0.96019355],
        [0.62381421, 0.53668996, 0.95670827],
        [0.48340659, 0.24939594, 0.53854841],
        [0.97612074, 0.2521814, 0.5365645],
        [0.26464093, 0.95543761, 0.2582367],
        [0.77459518, 0.96338689, 0.24526086],
        [0.23195003, 0.04083834, 0.7495301],
        [0.73179643, 0.0361911, 0.75551201],
        [0.37222177, 0.46494744, 0.04603709],
        [0.8752726, 0.46435384, 0.03272544],
        [0.01893086, 0.74307515, 0.46305587],
        [0.5173454, 0.75225082, 0.46462577],
        [0.43948819, 0.70656535, 0.47431751],
        [0.9340739, 0.69101015, 0.51301409],
        [0.25883222, 0.8692006, 0.69903829],
        [0.74852037, 0.87579128, 0.70229047],
        [0.36137268, 0.49025851, 0.86706054],
        [0.84533909, 0.49851597, 0.87788971],
        [0.50353057, 0.22538505, 0.35810724],
        [0.98746902, 0.21131101, 0.37307077],
        [0.18114132, 0.97488636, 0.22721443],
        [0.68920411, 0.00472628, 0.20289945],
        [0.11684831, 0.36306535, 0.98650267],
        [0.61008061, 0.36618481, 0.9732296],
        [0.05928637, 0.29779169, 0.50086487],
        [0.56350392, 0.288543, 0.52401724],
        [0.24479324, 0.12795974, 0.29855944],
        [0.76421984, 0.12392833, 0.29059829],
        [0.14721918, 0.50610956, 0.13067778],
        [0.64064599, 0.5044438, 0.12528033],
        [0.00568049, 0.79231851, 0.62261298],
        [0.48870951, 0.77254865, 0.65217647],
        [0.31261092, 0.02021551, 0.79365527],
        [0.81880362, 0.99848174, 0.78994558],
        [0.37863007, 0.64457877, 0.02488834],
        [0.90240609, 0.62946606, 0.99026578],
        [0.38785706, 0.41674266, 0.56875865],
        [0.88213804, 0.41833087, 0.56934597],
        [0.28244667, 0.76918314, 0.42372289],
        [0.78353384, 0.77625631, 0.41503669],
        [0.21623888, 0.56274048, 0.7795206],
        [0.7042488, 0.58034546, 0.76689962],
        [0.01954924, 0.91509683, 0.27978879],
        [0.53004062, 0.93099139, 0.29335084],
        [0.14005249, 0.04735773, 0.91974169],
        [0.63925059, 0.06050413, 0.92398774],
        [0.46277765, 0.29094844, 0.05970689],
        [0.95854201, 0.27559722, 0.05507292],
        [0.11252917, 0.57637546, 0.43652809],
        [0.61055476, 0.58311347, 0.44693545],
        [0.21741425, 0.2242789, 0.57916436],
        [0.72151614, 0.22645379, 0.58771455],
        [0.28903547, 0.42598111, 0.22802326],
        [0.79363147, 0.44467375, 0.22515761],
        [0.46660207, 0.07799134, 0.71832653],
        [0.96974524, 0.07608911, 0.72040059],
        [0.35428563, 0.95113349, 0.080211],
        [0.86739995, 0.93457524, 0.07627405],
        [0.04309056, 0.72210473, 0.935783],
        [0.53241002, 0.71302312, 0.93772298]
    ],
    "relaxed_energy": -770.62326485,
    "relaxed_forces": [
        [0.00027617, 0.00117984, -0.00071621],
        [9.3e-06, 0.00071859, -4.929e-05],
        [-3.19e-06, -0.00176113, 0.00014729],
        [-0.00223832, -0.00370768, -0.00364008],
        [-0.00228767, -0.00021386, -0.00213778],
        [0.00147177, 0.00046137, 0.0003911],
        [3.44e-06, 0.00205107, 0.00072445],
        [-0.00181844, -0.0037947, -0.00131484],
        [0.00330797, -0.00411204, -0.00120151],
        [-0.00051109, -0.0002392, -0.00233623],
        [-0.00273412, 0.00190408, -0.00337533],
        [0.0008889, 0.0008512, -0.00080749],
        [0.00199079, 0.00025146, -0.00091083],
        [-0.00155098, -0.00019311, 0.0012099],
        [-0.00474721, -0.00222508, 0.00113703],
        [0.00032791, 0.00064998, -0.00054857],
        [-0.00160793, 0.00013515, -0.00063965],
        [0.00136443, 0.00100976, 0.00169527],
        [0.00387197, 0.00188663, 0.00019275],
        [-3.73e-05, -0.00096477, -0.00041743],
        [-0.0004035, 0.00046154, 0.00287993],
        [0.00035181, -0.00222292, -0.00089725],
        [-0.00010199, -5.619e-05, 0.00117447],
        [-0.0006055, 0.00024044, 0.00127806],
        [0.00112134, 0.00149017, 0.00027017],
        [0.00181104, -7.897e-05, 0.00100058],
        [-0.00327492, -0.00261354, 0.00080095],
        [-0.00134084, 0.00031274, -0.00015219],
        [-0.00096527, 0.00180399, 0.00166353],
        [0.00162139, 0.00076216, -0.00126788],
        [-0.00244234, -0.00117172, -0.00327772],
        [-0.00084221, 0.00071469, 0.00153778],
        [-0.0027846, -0.00262903, 0.00141666],
        [4e-07, -4.82e-06, -0.00014777],
        [-0.00127425, 0.00199912, 0.00110798],
        [9.923e-05, 0.00149925, 0.00271392],
        [-0.00016294, 0.0024043, 0.00109271],
        [-9.343e-05, -0.00022936, 0.00207099],
        [0.00035058, 0.00068501, -0.00022195],
        [-0.00082257, -0.00024085, -0.00291831],
        [0.00141071, -0.00173375, 0.00035356],
        [0.00081204, 0.00052637, 1.782e-05],
        [0.00195202, 0.00125841, 0.00141173],
        [0.00197759, -0.00013469, 0.00047349],
        [0.0001171, 0.00142374, 0.00322803],
        [0.00358756, 5.355e-05, -0.00188966],
        [0.00181959, -0.00159321, 0.00327739],
        [0.00140388, 0.00108863, -0.00317381],
        [0.00056461, -0.00061275, -0.00268503],
        [0.00036842, -0.00078986, -0.00233512],
        [0.00094023, -0.00237594, -0.00112478],
        [0.00029248, -0.00057863, 0.00090331],
        [-0.00290867, -0.00086412, 0.00221731],
        [-1.591e-05, 0.00037528, 0.00058909],
        [0.00248733, -0.00218185, -0.00042992],
        [0.00145326, 0.00153139, -0.00023128],
        [-0.00037358, -0.00021142, -3.381e-05],
        [-0.00384763, 9.625e-05, -0.00222227],
        [-0.00111217, 3.041e-05, 0.0001216],
        [0.00180107, 0.00254013, -0.00050803],
        [0.00094654, 0.00101341, -0.00065155],
        [-0.00021007, 0.00140621, -8.828e-05],
        [0.00063136, 0.00105759, 0.00070889],
        [-0.00027194, -0.00065569, 0.00141695],
        [-0.00041238, 6.034e-05, 0.0015816],
        [0.00092227, 0.00060566, 9.343e-05],
        [1.649e-05, 0.00111562, -9.407e-05],
        [0.00111545, 0.00121976, -0.00220445],
        [-0.00021078, 0.00019764, 0.00152741],
        [0.00079285, 0.00105044, -0.00021656],
        [-0.00021219, 0.0004268, 0.00133389],
        [-0.00026076, -0.0014424, -0.00081543],
        [-7.133e-05, -0.00195771, 0.00048632],
        [-0.00172328, 0.00104082, 0.00143505]
    ],
    "relaxed_lattice": [
        [-5.04029432, -14.24361425, -8.41089333],
        [-7.51295267, -0.17906185, -4.25321897],
        [-0.17630278, -0.19163998, -8.65166871]
    ],