{
    "atom_type": [
        "Na",
        "V",
        "P",
        "O"
    ],
    "atoms_per_type": [
        6,
        8,
        12,
        48
    ],
    "coord_mode": "direct",
    "relaxed_basis": [
        [0.25000686, 0.49991229, 0.50003882],
        [0.7500243, 0.5000482, 0.49995032],
        [0.49537115, 0.99594214, 0.01876695],
        [0.00458588, 0.00403102, 0.98129454],
        [0.6237715, 0.89397597, 0.61389852],
        [0.87623852, 0.10601804, 0.38611466],
        [0.3190659, 0.64772888, 0.64624236],
        [0.82099008, 0.64052093, 0.64458992],
        [0.07463286, 0.14528917, 0.13676458],
        [0.56711056, 0.15161777, 0.14786075],
        [0.1809132, 0.35221803, 0.35380194],
        [0.67901656, 0.35959053, 0.35537742],
        [0.42534343, 0.85468411, 0.86324902],
        [0.93289674, 0.84840682, 0.85210677],
        [0.12572903, 0.54026711, 0.96045769],
        [0.62275571, 0.5417234, 0.96184409],
        [0.47672839, 0.25303461, 0.53767899],
        [0.98151377, 0.24678197, 0.53207555],
        [0.26981231, 0.96226756, 0.25165319],
        [0.77187419, 0.96780313, 0.2442449],
        [0.230175, 0.03768293, 0.74838042],
        [0.72813497, 0.03227404, 0.75570019],
        [0.37425034, 0.45971206, 0.03957461],
        [0.87724889, 0.45826173, 0.03809818],
        [0.02328808, 0.74696304, 0.46233911],
        [0.5184653, 0.75321642, 0.46790651],
        [0.42973579, 0.72465143, 0.50454478],
        [0.93067052, 0.73816759, 0.49638267],
        [0.24125749, 0.87051727, 0.70990661],
        [0.7301897, 0.87610965, 0.71521468],
        [0.34927542, 0.50179586, 0.87438452],
        [0.85109199, 0.49564834, 0.87795097],
        [0.48201944, 0.21469334, 0.37857701],
        [0.99132588, 0.2017423, 0.37143565],
        [0.18556379, 0.00682294, 0.2048497],
        [0.67739968, 0.02506107, 0.22230209],
        [0.09885265, 0.37465516, 0.9978641],
        [0.58973334, 0.3810249, 0.00934376],
        [0.0702953, 0.27524056, 0.49536044],
        [0.56931042, 0.26190973, 0.50369085],
        [0.2587912, 0.12943179, 0.29001627],
        [0.76981737, 0.1239681, 0.28471836],
        [0.15074279, 0.49820232, 0.12558542],
        [0.64888118, 0.50428567, 0.12206283],
        [0.01805196, 0.78532748, 0.62135643],
        [0.5085994, 0.7982259, 0.6286332],
        [0.31437783, 0.99323304, 0.79526246],
        [0.82264306, 0.97495825, 0.77754816],
        [0.40106522, 0.62532446, 0.00229596],
        [0.91031686, 0.61897039, 0.99043779],
        [0.38939752, 0.43197853, 0.56166925],
        [0.89236716, 0.42136404, 0.55251154],
        [0.27657233, 0.77795516, 0.42457901],
        [0.77627518, 0.78011654, 0.41731165],
        [0.21036606, 0.55465975, 0.77434007],
        [0.7037094, 0.55589272, 0.77108442],
        [0.0390764, 0.91684101, 0.27108874],
        [0.53271303, 0.9233657, 0.27908637],
        [0.13739492, 0.06510546, 0.91625009],
        [0.63995277, 0.06301555, 0.92931745],
        [0.45837135, 0.27301437, 0.0568349],
        [0.96007511, 0.26501398, 0.06353371],
        [0.11056295, 0.56791767, 0.43843365],
        [0.60765574, 0.57872241, 0.44742245],
        [0.2233919, 0.22200337, 0.57547439],
        [0.72374355, 0.21996643, 0.58262333],
        [0.28961686, 0.44520222, 0.22571013],
        [0.79630449, 0.444199, 0.22886393],
        [0.46095609, 0.0830896, 0.72887569],
        [0.96725342, 0.07668416, 0.72094256],
        [0.36259149, 0.934755, 0.0837904],
        [0.86005864, 0.93703631, 0.07063916],
        [0.04161039, 0.72696984, 0.94320703],
        [0.53992948, 0.73496079, 0.93644442]
    ],
    "relaxed_energy": -771.32774615,
    "relaxed_forces": [
        [5.378e-05, 0.00028252, -0.00017752],
        [-0.00040811, -0.00019775, 0.00021358],
        [-0.00348003, -0.00017857, 0.00335854],
        [0.00346078, -0.00021783, -0.00320783],
        [0.00177145, 9.79e-05, 0.00032463],
        [-0.00223821, -0.00016585, -0.00010865],
        [0.00524477, 0.00167061, -0.00128755],
        [-0.00415579, -0.0041828, -0.0008416],
        [-0.0008654, 0.00314255, 0.000352],
        [0.00142815, 0.00765659, -0.00343756],
        [-0.00553074, -0.00013136, -0.00038285],
        [0.00145421, 0.00311115, 0.00154908],
        [0.00016454, -0.00313917, -0.00106148],
        [-0.00119158, -0.00701928, 0.00213898],
        [-0.00236506, -0.00424452, 0.0039831],
        [-0.00300861, 0.00353717, -0.00657175],
        [0.00152942, -0.00296612, -0.00711324],
        [-0.00273506, 0.00588671, 0.00272332],
        [0.00117959, -0.0072755, -0.00195173],
        [-0.00093247, -0.00321417, -0.00162612],
        [-0.0010741, 0.00696829, 0.00095162],
        [0.00467261, 0.00420089, 0.00374968],
        [0.0038936, 0.0033026, -0.00490766],
        [0.0029466, -0.00286134, 0.00600374],
        [-0.00061975, 0.00184089, 0.00411469],
        [0.00087787, -0.00145055, -0.0020263],
        [0.00356495, 0.00105076, -0.00070384],
        [0.00419822, 0.0076551, -0.00396621],
        [0.00524394, -0.00033243, 0.00066537],
        [-0.00680841, 0.00040429, -0.00132204],
        [-0.00071142, 0.00477664, 0.00339586],
        [0.00230019, -0.00212942, -0.00489822],
        [0.0026342, 0.00077204, -0.00088707],
        [0.00164103, 0.00089372, -0.00086743],
        [0.00148375, 0.00056039, -0.00070796],
        [0.00252812, 0.00038255, -0.00561912],
        [0.00695693, 0.00239523, -0.00152483],
        [-0.00360846, 0.00212893, 0.0017572],
        [-0.00441679, -0.00349585, -0.00017662],
        [-0.00132824, -0.00411074, 0.00500024],
        [-0.00565302, 0.00097488, -0.00111794],
        [0.00328747, 0.0003727, -0.00094624],
        [0.00037249, -0.00407355, -0.00342786],
        [-0.00025989, 0.00026002, 0.00089724],
        [-0.00262408, 0.00010422, 0.00165],
        [-0.00144649, -0.00141308, 0.00062655],
        [-0.00056366, 0.00038498, 0.00212717],
        [-0.00317548, 0.00056913, 0.00616597],
        [-0.00868658, -0.00279451, 0.00036807],
        [0.00325863, -0.00191811, -0.00208422],
        [0.00237684, 0.00124664, 0.00147165],
        [0.00356217, -0.00331174, 0.00023855],
        [0.00122818, -0.00035591, 0.00136502],
        [-0.00365696, 0.00223572, 0.00132727],
        [-0.00514865, -0.00204452, 0.00111908],
        [0.0008617, -0.00147239, 0.00444255],
        [-0.00616757, -0.00046973, 0.00044685],
        [0.0012022, 0.00049202, 0.00217826],
        [-6.349e-05, -0.00622304, -0.00166547],
        [-0.00103856, -0.00583393, -0.00020578],
        [0.00208407, -0.00124746, 0.00151892],
        [-0.00553963, 0.00475639, -0.00107935],
        [-0.00250321, -0.00075361, -0.00041906],
        [-0.00149596, 0.00068348, 0.00108971],
        [-0.00150632, 0.00072332, -0.00041042],
        [0.00126945, -0.00188337, 0.00074637],
        [0.00545647, 0.00292654, -0.00061548],
        [-0.00152746, -0.00037898, -0.00213741],
        [0.00585759, -0.00032642, 0.00040831],
        [0.00126882, -0.00019928, -0.00282011],
        [0.00056428, 0.00519978, 0.00292065],
        [0.00079246, 0.00386057, 0.00116959],
        [-0.00110825, -0.00036835, -0.00130248],
        [0.00497196, -0.00512673, 0.00104758]
    ],
    "relaxed_lattice": [
        [-5.05110157, -14.18341382, -8.46687053],
        [-7.47857478, -0.13145269, -4.2269603],
        [-0.22561131, -0.13941829, -8.65638919]
    ],