{
    "atom_type": [
        "Na",
        "V",
        "P",
        "O"
    ],
    "atoms_per_type": [
        12,
        8,
        12,
        48
    ],
    "coord_mode": "direct",
    "relaxed_basis": [
        [0.26017455, 0.49930825, 0.48293756],
        [0.74259295, 0.51927747, 0.49242339],
        [0.51798867, 0.9658705, 0.99543123],
        [0.98922537, 0.0066379, 0.01992142],
        [0.12361302, 0.8846303, 0.6215047],
        [0.31244408, 0.24783658, 0.87736493],
        [0.80481385, 0.25235524, 0.89530167],
        [0.9382837, 0.61431205, 0.2492416],
        [0.05583742, 0.38952723, 0.756229],
        [0.55907072, 0.37568503, 0.74858275],
        [0.37891015, 0.11284078, 0.3791775],
        [0.1951965, 0.75198329, 0.11012762],
        [0.32581865, 0.64201935, 0.63427148],
        [0.81880155, 0.64880852, 0.6486461],
        [0.06933478, 0.14426232, 0.14900727],
        [0.57534199, 0.13856866, 0.14293305],
        [0.1759052, 0.35486165, 0.35942552],
        [0.67909737, 0.35524612, 0.35485927],
        [0.43193977, 0.85141395, 0.85525654],
        [0.92319857, 0.86280458, 0.85395131],
        [0.12361248, 0.54520663, 0.95388168],
        [0.6235419, 0.53743722, 0.95735263],
        [0.48015292, 0.24747021, 0.5419315],
        [0.97972748, 0.25279583, 0.55126525],
        [0.27108861, 0.95549606, 0.24681123],
        [0.77151461, 0.95612718, 0.25507679],
        [0.22852777, 0.04275359, 0.75178908],
        [0.73035317, 0.04911299, 0.74823454],
        [0.37385417, 0.45310023, 0.03779206],
        [0.87240406, 0.45751359, 0.04797099],
        [0.02212203, 0.75084295, 0.45512962],
        [0.52076462, 0.753482, 0.45492091],
        [0.43528243, 0.71752617, 0.48691144],
        [0.94457154, 0.69247279, 0.48880975],
        [0.24399988, 0.87804479, 0.7072099],
        [0.75549443, 0.87954359, 0.70453194],
        [0.34803828, 0.47791801, 0.87971791],
        [0.8557864, 0.47829526, 0.87938507],
        [0.49359801, 0.20097806, 0.37991036],
        [0.0099962, 0.19931414, 0.38317176],
        [0.19212522, 0.98567404, 0.19102269],
        [0.69148638, 0.99181124, 0.20389658],
        [0.10193503, 0.38043291, 0.98525082],
        [0.60035929, 0.37872123, 0.9767122],
        [0.05860595, 0.3018461, 0.53339418],
        [0.55966874, 0.29974139, 0.51048566],
        [0.24749431, 0.12102188, 0.30149757],
        [0.76038144, 0.12033399, 0.29013284],
        [0.1428091, 0.51810575, 0.12080146],
        [0.64771459, 0.49250681, 0.12336327],
        [0.00513053, 0.80297988, 0.61657027],
        [0.4987326, 0.80910762, 0.61759997],
        [0.30759791, 0.01027911, 0.80652793],
        [0.80887437, 0.03332149, 0.79690517],
        [0.38998909, 0.62460001, 0.00088742],
        [0.90028232, 0.61719921, 0.00832591],
        [0.38557712, 0.41217194, 0.56453506],
        [0.88727581, 0.41551103, 0.55966968],
        [0.27449954, 0.77785376, 0.41755818],
        [0.7865014, 0.76891234, 0.41409368],
        [0.20631997, 0.56417892, 0.76933239],
        [0.7094769, 0.55471814, 0.77641093],
        [0.03753702, 0.90668138, 0.26674686],
        [0.53056593, 0.91745517, 0.27133166],
        [0.13315723, 0.06843635, 0.91068899],
        [0.63650922, 0.06834145, 0.9111748],
        [0.45619649, 0.27033327, 0.05976003],
        [0.95741407, 0.27375347, 0.0688139],
        [0.11657899, 0.58405832, 0.44101857],
        [0.60858617, 0.58260183, 0.45032078],
        [0.22340705, 0.22458417, 0.58366537],
        [0.714474, 0.23446836, 0.58819882],
        [0.29111301, 0.42980951, 0.22606218],
        [0.7894349, 0.44238496, 0.22794101],
        [0.46617014, 0.090215, 0.73070359],
        [0.968555, 0.0898651, 0.73569926],
        [0.36313829, 0.94459255, 0.08380942],
        [0.86563915, 0.92973629, 0.08696061],
        [0.0412716, 0.73023657, 0.93056854],
        [0.54186228, 0.72089244, 0.93631945]
    ],
    "relaxed_energy": -815.49547597,
    "relaxed_forces": [
        [0.00134792, 0.00127757, 0.00172375],
        [-0.00222584, 0.00053045, 0.00059356],
        [0.00131992, 0.00068288, 0.00279327],
        [-0.00344866, 7.316e-05, -0.00497734],
        [-0.0006768, 0.00135964, 0.00140476],
        [0.00296397, -0.00047598, 0.00218752],
        [0.00072029, 0.00078205, -0.00114526],
        [-0.00255549, 0.00105023, -0.00188159],
        [0.00206677, -0.00040683, -0.00313134],
        [-0.00017031, 0.0021376, 0.0005442],
        [0.00189583, 0.00214453, 0.00150118],
        [-0.00065415, 0.00142956, 0.00243395],
        [0.00095754, -0.00069386, 0.00307027],
        [0.00352419, -0.00408085, -0.00299977],
        [-0.00090813, -0.00063766, -0.00564179],
        [0.00058083, 0.00143518, 0.00177065],
        [-0.00153118, 0.00102595, 0.00084233],
        [-0.00036908, 0.00412534, 0.00112468],
        [0.00294059, -0.00299273, 0.00098198],
        [-0.00296381, 0.00165751, -0.00295726],
        [-0.00395905, -0.00098125, -0.00179487],
        [0.00038256, -0.00270617, 0.00299451],
        [0.00211547, -0.00055827, 8.377e-05],
        [-0.00194749, 0.00035342, -0.00240311],
        [0.00116766, -0.0014909, 0.0001264],
        [0.00051558, 0.00211386, -0.0002921],
        [0.00076007, 0.00012277, 0.00287395],
        [0.00180309, 0.00100536, 0.00226313],
        [-0.00126426, -0.00079652, -0.00033565],
        [0.00175143, -0.00262015, -0.00373208],
        [-0.00224191, -0.001186, -0.00502594],
        [-0.00085603, 0.00162309, 0.00442886],
        [-0.00290295, -0.00204976, 0.00504934],
        [-0.00153252, 2.98e-05, 0.00312284],
        [0.0007448, 0.00083802, 0.00117471],
        [-0.00115154, -0.00130429, -0.00326941],
        [-0.00174207, 0.00175812, 0.00016054],
        [0.00297455, -0.00411112, 0.00020662],
        [0.00113369, 0.00018495, 0.00239306],
        [0.00228904, -0.00015036, -0.00544253],
        [0.00187946, -0.00301029, 0.00120283],
        [1.703e-05, 0.00072626, 0.00094962],
        [-0.00027783, -0.00062153, -0.00480831],
        [-0.00226737, -0.00144824, -6.463e-05],
        [7.889e-05, 0.00205439, -0.00263747],
        [0.00118776, 0.00194819, 0.00057557],
        [0.00115876, -0.00354256, 0.00093548],
        [-0.0035646, 0.00279594, 0.00221453],
        [-0.00539504, -0.00054204, -0.00199083],
        [-0.00172904, 0.0028453, 0.00412754],
        [0.00098748, 0.00311246, 0.00114769],
        [0.0002992, -0.0003694, 0.00101748],
        [0.00311898, -0.0033209, 1.577e-05],
        [-0.00106393, 0.00201286, 0.0007273],
        [0.0044493, -0.00132432, 6.97e-05],
        [-0.00218527, 5.682e-05, -0.00291041],
        [0.00358654, 0.00222958, 0.00218955],
        [0.00036797, -0.0016663, -0.00191853],
        [0.0007151, -0.0022079, -0.00111426],
        [-0.00134705, 0.00234996, -0.00363406],
        [0.0002296, 0.00157368, -0.00028242],
        [0.00395733, -0.00231988, 0.0001982],
        [-0.00248757, -0.00127511, -0.00256732],
        [0.00077393, -0.00048106, 0.00300026],
        [9.131e-05, -0.00253238, -0.001946],
        [0.00178822, 0.00216099, 0.00136878],
        [0.00320482, 0.00203132, 0.00474211],
        [-0.00037453, -0.00084016, -0.00637846],
        [-0.00138623, 0.00080622, -0.00205177],
        [-0.00107385, 0.00206422, 0.00281356],
        [-0.00158086, -0.00126046, 0.00102139],
        [-9.483e-05, 0.00044231, 0.00176096],
        [0.00040389, 0.00013566, 0.00185462],
        [0.00014098, -0.00038959, -0.00109501],
        [0.00094399, -0.00016928, 0.00471057],
        [-0.00365502, 0.00133086, -0.00413829],
        [0.00257117, -0.00325784, -0.00217098],
        [-8.656e-05, 4.793e-05, -0.00029799],
        [-0.00131338, 0.00035611, -0.00068443],
        [-0.00292328, -0.0010002, 0.00322786]
    ],
    "relaxed_lattice": [
        [-5.06116728, -14.36130763, -8.33776315],
        [-7.65239605, -0.08058327, -4.16455381],
        [-0.10826696, -0.09509391, -8.66980279]
    ],