{
    "atom_type": [
        "Na",
        "V",
        "P",
        "O"
    ],
    "atoms_per_type": [
        2,
        4,
        6,
        24
    ],
    "coord_mode": "direct",
    "relaxed_basis": [
        [0.50009086, 0.50002689, 0.4998819],
        [0.0001942, 0.99990078, 0.99999764],
        [0.64353148, 0.64316164, 0.64141648],
        [0.14358274, 0.1413118, 0.14322746],
        [0.35633477, 0.35686868, 0.35866059],
        [0.85644684, 0.85862548, 0.85685266],
        [0.24994619, 0.53716935, 0.96266859],
        [0.96138262, 0.25030691, 0.53760466],
        [0.53866867, 0.96257496, 0.2497493],
        [0.46135022, 0.03748321, 0.75021189],
        [0.75006226, 0.46275625, 0.03733321],
        [0.03856739, 0.74968512, 0.46242603],
        [0.86927803, 0.70444865, 0.49584485],
        [0.49702015, 0.87132284, 0.70464638],
        [0.70818447, 0.49303075, 0.8702249],
        [0.99717323, 0.20544783, 0.37081414],
        [0.36928498, 0.99645117, 0.20410526],
        [0.20805612, 0.37064276, 0.99225551],
        [0.13060668, 0.29584543, 0.50404186],
        [0.50266381, 0.12890332, 0.29518984],
        [0.29161555, 0.50736647, 0.12964774],
        [0.00273506, 0.79441256, 0.62929826],
        [0.63074582, 0.0033539, 0.79607112],
        [0.79166877, 0.62933723, 0.00799642],
        [0.77475751, 0.42174726, 0.55659354],
        [0.55824274, 0.77462379, 0.4198089],
        [0.42221218, 0.56155092, 0.77551215],
        [0.0582942, 0.91983528, 0.27460374],
        [0.27505512, 0.05608662, 0.92187957],
        [0.92232562, 0.27535543, 0.06155973],
        [0.22518928, 0.57819785, 0.4435176],
        [0.44197408, 0.22537273, 0.5801738],
        [0.57795607, 0.43785015, 0.22457823],
        [0.94195291, 0.08009523, 0.72534604],
        [0.72497655, 0.94405895, 0.07810495],
        [0.07776686, 0.72468581, 0.93804804]
    ],
    "relaxed_energy": -378.24177661,
    "relaxed_forces": [
        [0.00101714, 0.00015967, -0.00052222],
        [8.581e-05, 0.00133211, 0.00204198],
        [-0.0012239, -0.00694836, 0.00560016],
        [-0.00430403, 0.00079578, 0.00182519],
        [0.00463785, 0.00524719, -0.00410672],
        [-2.624e-05, 0.00034582, 0.00227019],
        [0.00054028, 0.00056241, 0.00544465],
        [0.00216483, 0.00137052, 0.00045331],
        [0.00631319, -0.00289567, 0.001061],
        [0.00531245, -0.00046914, -0.00284101],
        [-0.00348825, 0.00144593, -0.00201067],
        [-0.0077141, 0.00050061, -0.0030206],
        [0.00444649, 0.00489509, 0.00358765],
        [0.00074843, -0.00119111, -0.00481298],
        [0.00465534, -0.00239411, -0.00388303],
        [-0.00047787, -0.00482867, -0.00339442],
        [0.00371127, 0.00355918, 0.00537404],
        [0.00231928, -0.00054488, -0.00444604],
        [0.00355618, -0.0014584, 0.00112901],
        [-0.00357051, 4.681e-05, -0.00649612],
        [-0.00216022, 0.00083377, -0.00405067],
        [-0.00536675, 0.00287645, 0.00020237],
        [-0.00292781, 0.00287492, 0.00605804],
        [-0.00396481, -0.00087582, -0.00124923],
        [0.00294833, -0.00302136, 0.00587334],
        [-0.00609847, -0.0005632, 0.00215738],
        [-0.00609418, -0.0004961, -0.00347061],
        [0.00259479, 0.00338954, -0.0067769],
        [-0.00094932, -0.00120572, 0.00232412],
        [0.00135803, 0.00049954, -0.00418181],
        [0.00211649, -0.00119325, 0.0005996],
        [-0.00294704, 0.00489415, 0.00281123],
        [-0.00468536, 0.00317892, 0.00120707],
        [-0.00205893, 8.778e-05, 0.00435236],
        [0.00383701, -0.00553672, 0.00375907],
        [0.00569458, -0.00527367, -0.00286874]
    ],
    "relaxed_lattice": [
        [-2.53100356, -6.98711595, -4.20306922],
        [-7.49943387, -0.12451148, -4.23699407],
        [-0.22955762, -0.12158072, -8.60533552]
    ],
    "relaxed_mag_basis": [
        0.0,
        0.0,
        1.005,
        1.006,
        1.006,
        1.006,
        0.006,
        0.007,
        0.006,
        0.007,
        0.006,
        0.007,
        -0.022,
        -0.002,
        -0.004,
        -0.002,
        -0.023,
        -0.003,
        -0.022,
        -0.002,
        -0.003,
        -0.002,
        -0.024,
        -0.003,
        -0.01,
        -0.012,
        -0.022,
        -0.011,
        -0.009,
        -0.023,
        -0.01,
        -0.011,
        -0.022,
        -0.011,
        -0.009,
        -0.023
    ],
    "relaxed_magmom": 3.999
}