{
    "atom_type": [
        "Na",
        "V",
        "P",
        "O"
    ],
    "atoms_per_type": [
        8,
        8,
        12,
        48
    ],
    "coord_mode": "direct",
    "relaxed_basis": [
        [0.26007441, 0.50182949, 0.47445433],
        [0.75097376, 0.48040047, 0.51490441],
        [0.50086741, 0.98399785, 0.01880329],
        [0.99265286, 0.02434257, 0.99228416],
        [0.12479578, 0.87678942, 0.62160777],
        [0.62445698, 0.87588745, 0.62191234],
        [0.31236386, 0.2491385, 0.8680472],
        [0.93898982, 0.6321048, 0.25169156],
        [0.32521797, 0.6444406, 0.64157963],
        [0.81941472, 0.64290433, 0.65257069],
        [0.07015716, 0.14482052, 0.13830669],
        [0.57047722, 0.14384363, 0.14119756],
        [0.18048569, 0.35670436, 0.35844614],
        [0.67981987, 0.35728284, 0.35832609],
        [0.42990376, 0.84875649, 0.85870826],
        [0.92394723, 0.85758606, 0.85656261],
        [0.1246357, 0.53882956, 0.95960947],
        [0.624839, 0.53354018, 0.96679945],
        [0.48196822, 0.25316794, 0.53434385],
        [0.98113676, 0.25100202, 0.53585148],
        [0.2691962, 0.96413895, 0.2487029],
        [0.76874409, 0.96595306, 0.24788362],
        [0.22860093, 0.04501276, 0.74946755],
        [0.72462666, 0.03852199, 0.75132643],
        [0.37480851, 0.4507828, 0.03983381],
        [0.8748568, 0.46120596, 0.0493571],
        [0.02178268, 0.75089142, 0.45457412],
        [0.52460875, 0.74927863, 0.46078918],
        [0.4388078, 0.71381572, 0.49943821],
        [0.93874171, 0.71540463, 0.47779538],
        [0.23995577, 0.88039993, 0.70924114],
        [0.7315092, 0.88080232, 0.70564625],
        [0.34952649, 0.47198773, 0.88229664],
        [0.85238835, 0.51203492, 0.87826416],
        [0.49965247, 0.1967628, 0.37602393],
        [0.99799291, 0.21070833, 0.36632697],
        [0.18548085, 0.00505273, 0.20134062],
        [0.68631343, 0.00400554, 0.1996964],
        [0.09894166, 0.37461112, 0.995823],
        [0.59607407, 0.37085817, 0.00751184],
        [0.06590112, 0.28940765, 0.50479878],
        [0.56458907, 0.30171305, 0.49726039],
        [0.25058248, 0.13045574, 0.29871581],
        [0.7490254, 0.12664821, 0.306227],
        [0.14877894, 0.49647909, 0.12605877],
        [0.65260972, 0.49730968, 0.12613278],
        [0.01258739, 0.78436349, 0.6196698],
        [0.51609286, 0.79373007, 0.61959521],
        [0.31108055, 0.0156248, 0.79292351],
        [0.81100592, 0.98687694, 0.79466626],
        [0.39507775, 0.62115139, 0.99835308],
        [0.89864478, 0.61759351, 0.03551151],
        [0.3878067, 0.41694145, 0.55761686],
        [0.89039387, 0.42253219, 0.55307729],
        [0.27555081, 0.78124749, 0.41954636],
        [0.77676455, 0.77638519, 0.41686759],
        [0.20707852, 0.55645242, 0.77209254],
        [0.70553793, 0.55288612, 0.77772199],
        [0.0356556, 0.92259216, 0.26912213],
        [0.53761984, 0.91681084, 0.27299104],
        [0.13462504, 0.07400078, 0.91469723],
        [0.633045, 0.06735461, 0.91875123],
        [0.45868846, 0.26529447, 0.06563929],
        [0.95886505, 0.27352009, 0.06288256],
        [0.11475167, 0.58150501, 0.42182387],
        [0.61594184, 0.57796844, 0.43426363],
        [0.21870685, 0.23164269, 0.57930915],
        [0.71704212, 0.22634882, 0.58445548],
        [0.29177605, 0.42905375, 0.22776557],
        [0.79222712, 0.42903359, 0.2347422],
        [0.4732297, 0.08572203, 0.72399244],
        [0.97214121, 0.07880003, 0.71766548],
        [0.36011702, 0.95165818, 0.07958804],
        [0.86272866, 0.94435904, 0.08691981],
        [0.04174067, 0.72781976, 0.9419638],
        [0.54209219, 0.72228766, 0.94560129]
    ],
    "relaxed_energy": -786.0803868,
    "relaxed_forces": [
        [0.00126951, -0.00215651, -0.00132841],
        [0.00189409, -0.00435491, -0.0001648],
        [0.0003479, 0.00134926, 0.00171281],
        [0.00014841, -0.00403385, -0.00022896],
        [-0.00572562, 0.00192413, -0.00354018],
        [0.00161087, -0.00272407, 0.00195714],
        [-0.00256215, 0.00352416, -0.00131977],
        [0.00151228, -0.00452304, -0.00092525],
        [-0.0003574, -0.00047022, -0.00090116],
        [-0.00128968, -0.00093307, 0.00498115],
        [-0.00213964, -3.26e-05, -0.0033505],
        [-0.00113922, -0.00268418, -0.00127692],
        [0.00291101, 0.00118016, 0.0021706],
        [0.00102283, 0.00067036, -0.00061484],
        [0.00556446, -8.149e-05, -0.00131968],
        [-0.00441032, 0.00226682, 0.00307855],
        [0.00350318, -0.0019952, -0.00145108],
        [0.00483267, -0.00406729, 0.00485814],
        [-0.00415563, -0.00112748, 5.475e-05],
        [-0.00331525, 0.00212194, 0.00329752],
        [-0.00254725, 0.00422193, 0.00583651],
        [-0.00150725, -0.00475229, -0.00305712],
        [-0.0033207, 0.0067644, 0.00029589],
        [-0.00240303, -0.00125038, -0.00151298],
        [0.00578029, 0.00301943, 0.00079275],
        [0.00088501, 0.0051832, 0.00682698],
        [-0.00013414, -0.00264073, 0.00331278],
        [-0.00353617, -0.00209699, 0.00450616],
        [-0.00090688, 0.0021937, 0.00050896],
        [-0.00628124, -0.00116307, 0.00199398],
        [0.00507606, 0.00231368, 0.0],
        [-0.00317762, 0.00344085, -0.00388449],
        [-0.00162674, -0.00603097, -0.00220633],
        [0.00115829, -0.00063008, -0.00879874],
        [0.00406013, 0.00128238, -0.00095048],
        [-0.00442112, 0.00162574, 0.00045373],
        [-0.00388928, -0.00342021, -0.00146056],
        [0.00115638, 0.00455988, 0.00195555],
        [-0.00081069, 0.00664794, 0.00690013],
        [0.00535655, -0.00109597, -0.00105315],
        [-0.00133477, 0.00300681, 0.00060254],
        [0.00437089, 0.00092204, 0.00056381],
        [-0.00085856, -0.00048346, 0.0004385],
        [0.00041195, -0.00389458, 0.00224659],
        [0.00363395, 0.0057957, 0.00266464],
        [0.00032401, -0.00163299, 0.00120261],
        [0.00049178, -0.00192364, -0.00281964],
        [0.00384322, -0.00138941, -0.00257133],
        [-0.00212703, -0.00528545, -0.00451202],
        [-0.00203974, -0.00232323, -0.00145055],
        [-0.00723551, -0.00249748, -0.00523823],
        [-0.0028026, 0.00120054, -0.00382282],
        [0.00221822, 0.00084819, 0.00143503],
        [-0.00214578, -0.00055009, -0.00023559],
        [0.00345056, 0.00118593, -0.00295866],
        [-0.00232078, 0.00043602, -0.00020932],
        [0.00163041, -0.00122335, 0.00097464],
        [-0.00156528, -0.00290346, -0.00150405],
        [0.00025388, 0.00058479, -1.579e-05],
        [0.00064709, -0.00097386, -0.00606158],
        [0.00045863, -0.00378006, 0.00285967],
        [0.00343471, -0.00138418, -0.00316591],
        [-0.00020674, 0.00615285, -0.00158894],
        [0.00187978, -0.00127573, -0.00287785],
        [-0.00226739, 0.00129023, 0.00369117],
        [0.00136034, 0.00512992, -0.00061006],
        [0.00133023, 0.00080601, -0.00175191],
        [0.00734875, 0.00583073, 0.00091562],
        [-0.00024742, 0.00157618, 0.00415081],
        [-0.00489817, 0.00065535, 0.0012005],
        [-0.00083546, -0.00172144, 0.00107991],
        [0.00434834, -0.00043995, 0.00014542],
        [0.00229459, 0.00187002, -0.00020986],
        [-0.0002285, -0.00343491, 0.00051726],
        [-0.00332461, -0.00130699, -0.00057431],
        [0.00227407, -0.00089242, 0.00134106]
    ],
    "relaxed_lattice": [
        [-5.05338227, -14.2573753, -8.3843667],
        [-7.52346587, -0.10614822, -4.19751461],
        [-0.16082446, -0.09762626, -8.64642499]
    ],