{
    "atom_type": [
        "Na",
        "V",
        "P",
        "O"
    ],
    "atoms_per_type": [
        12,
        8,
        12,
        48
    ],
    "coord_mode": "direct",
    "relaxed_basis": [
        [0.24802836, 0.50611129, 0.50193744],
        [0.75302902, 0.50174711, 0.4972363],
        [0.99164938, 0.00320529, 0.00446689],
        [0.62347174, 0.89525137, 0.6276632],
        [0.31860868, 0.24500439, 0.90440436],
        [0.44887047, 0.64340804, 0.25581301],
        [0.05201578, 0.39329801, 0.75194974],
        [0.55701734, 0.33940494, 0.75356501],
        [0.37675059, 0.09657055, 0.35877194],
        [0.87786223, 0.12265103, 0.38988237],
        [0.18856402, 0.74910665, 0.11264643],
        [0.67418171, 0.74544583, 0.07411235],
        [0.31756687, 0.64996074, 0.65146357],
        [0.82312731, 0.64031311, 0.64123958],
        [0.06893057, 0.1520874, 0.15048666],
        [0.57536005, 0.14132607, 0.14476783],
        [0.17342195, 0.35429998, 0.35733922],
        [0.68219117, 0.34508212, 0.34634109],
        [0.42616052, 0.85483007, 0.86220343],
        [0.93489124, 0.85825676, 0.84746615],
        [0.12542324, 0.54587436, 0.95818513],
        [0.62346388, 0.53675524, 0.94831814],
        [0.47730295, 0.24568745, 0.53879148],
        [0.97617204, 0.25367062, 0.54704247],
        [0.26773463, 0.94956874, 0.25640092],
        [0.77613916, 0.96322149, 0.24601826],
        [0.22682046, 0.0453727, 0.75814556],
        [0.7356977, 0.03792389, 0.74018292],
        [0.37680567, 0.4512528, 0.04641752],
        [0.87165812, 0.46876426, 0.0394267],
        [0.02379392, 0.75279989, 0.46094219],
        [0.52175155, 0.74851532, 0.46379651],
        [0.43065172, 0.74007899, 0.48727917],
        [0.93990371, 0.7082878, 0.50873189],
        [0.24347976, 0.86604189, 0.73968788],
        [0.73860999, 0.87730233, 0.70718706],
        [0.35838439, 0.4815835, 0.87677523],
        [0.84336456, 0.49992836, 0.88379123],
        [0.48275147, 0.20739931, 0.38108711],
        [0.99199689, 0.20629234, 0.3835738],
        [0.18875382, 0.97477559, 0.20912773],
        [0.6836238, 0.02518522, 0.21985284],
        [0.09887866, 0.38404852, 0.99596735],
        [0.59762092, 0.38084413, 0.97470729],
        [0.05591342, 0.30961608, 0.51095289],
        [0.56878337, 0.26020383, 0.50438001],
        [0.25292291, 0.11857296, 0.29087102],
        [0.77418796, 0.1182426, 0.28836733],
        [0.15304603, 0.51036648, 0.11826558],
        [0.64563858, 0.49466467, 0.11878311],
        [0.01810118, 0.79190638, 0.61847833],
        [0.51031582, 0.78811576, 0.62677521],
        [0.30697296, 0.02279637, 0.80202911],
        [0.8283088, 0.00360905, 0.74352846],
        [0.39195288, 0.62179837, 0.01797281],
        [0.90315591, 0.62541323, 0.98977817],
        [0.39434982, 0.42720266, 0.55436266],
        [0.88450066, 0.41863691, 0.56466668],
        [0.28251511, 0.7675588, 0.42248134],
        [0.77806165, 0.78319869, 0.41742609],
        [0.21401778, 0.54171687, 0.78130701],
        [0.7018321, 0.5726921, 0.76346128],
        [0.0302972, 0.92063234, 0.27420325],
        [0.54457462, 0.90373747, 0.2754687],
        [0.13198749, 0.08038652, 0.91566035],
        [0.65172548, 0.05572977, 0.91726013],
        [0.46026003, 0.26926777, 0.0648988],
        [0.95152405, 0.27889249, 0.06622099],
        [0.11641615, 0.58817159, 0.43056159],
        [0.60332592, 0.56569097, 0.45015746],
        [0.21914537, 0.21996792, 0.58192478],
        [0.71658532, 0.22678778, 0.5791576],
        [0.29351663, 0.4245774, 0.22870494],
        [0.78718309, 0.46041315, 0.22337987],
        [0.46094013, 0.0884071, 0.72749784],
        [0.96971833, 0.08850661, 0.72879227],
        [0.36093883, 0.9269388, 0.09246928],
        [0.86201978, 0.93351862, 0.07774023],
        [0.04819417, 0.7320232, 0.9342746],
        [0.53946446, 0.72124518, 0.94228929]
    ],
    "relaxed_energy": -815.37016025,
    "relaxed_forces": [
        [0.00057861, -0.00022719, -0.00133415],
        [-2.892e-05, -0.00058225, -0.0006287],
        [-0.00094644, 0.00227938, -8.866e-05],
        [-0.00105239, 0.00031477, 0.00190961],
        [-0.00299001, 0.00038796, -0.00592525],
        [-0.00325421, 0.00033039, -0.00037905],
        [-0.00211345, 0.00024404, -0.00082893],
        [0.00243799, -0.00086594, 0.00152356],
        [0.00050668, -0.00069477, 0.00314559],
        [-0.00076022, -0.00080579, -0.00070129],
        [0.00034368, 0.00200758, 0.00199332],
        [0.00123001, -0.00175944, -0.00011998],
        [-0.00304106, 0.00141945, -0.00226962],
        [0.00135886, 4.463e-05, -0.00207877],
        [0.00425356, 0.00157651, 0.0021738],
        [-0.00185158, -0.00391424, 0.00171875],
        [0.00103149, 0.00064473, -0.00279022],
        [0.00457192, -0.00109392, -0.0009138],
        [0.00122928, 0.00435292, 0.00208928],
        [-0.00279919, -0.00017667, 8.2e-07],
        [-0.00026873, -0.001017, -0.00185036],
        [-0.00338195, -0.00301461, -0.00291111],
        [0.00128413, 0.00088267, -0.00027335],
        [-0.00052527, -0.00083771, 0.00184642],
        [0.00062134, 0.00150181, 0.00039069],
        [0.00126603, 0.00271704, -0.00233643],
        [-0.00094535, 0.00666705, 0.00336184],
        [0.00133419, -0.00471797, 0.00315243],
        [-0.00128682, -0.0028869, -0.00213488],
        [-0.00025975, 0.00287224, -0.00138791],
        [0.00456417, 0.00066812, 0.00413115],
        [0.00125191, 0.00150811, 0.00199503],
        [-0.00120351, -0.00101209, 0.00083626],
        [-0.00219741, -0.0047695, -0.00054313],
        [-0.00169166, 0.0037213, -0.00121768],
        [-0.00285798, 0.00187903, -0.00191733],
        [0.00018852, -0.00099647, 0.0002662],
        [0.00137229, -0.00103702, -0.0026539],
        [-0.00028467, 0.00044133, 0.00157722],
        [-0.00055081, 0.00200174, -0.00441885],
        [-0.00056719, 0.00042875, 0.00176188],
        [0.00070544, -0.00162159, -0.00281541],
        [-0.0001121, -0.00043057, 0.00063379],
        [-0.00185871, -0.0010946, 2.518e-05],
        [0.00162039, 0.0016168, -0.00040464],
        [0.00164052, -5.025e-05, -0.0008954],
        [0.00013662, -0.00036736, 0.00131846],
        [0.00238381, -0.00200443, 0.00075231],
        [-0.00192201, 0.00127149, 0.0033729],
        [-0.00119625, 0.00035951, 0.0016578],
        [-0.00235588, -0.00232411, -0.00566757],
        [-0.00108394, -0.00136426, -0.00046384],
        [-0.0008154, 0.00042694, 0.00137812],
        [0.00097674, -0.00335783, -0.00250348],
        [0.00559306, 0.00085038, 8.183e-05],
        [0.00316261, 0.00140632, 0.00132401],
        [0.00062414, -0.00131704, -0.00033642],
        [0.00400796, -0.00363697, 0.00215746],
        [0.00089254, 0.00045235, 0.00040774],
        [-0.00388569, -0.00028908, 0.00346951],
        [0.00187039, 0.00167322, -0.00013283],
        [0.00263781, 0.00375762, -0.00155243],
        [0.00425563, 0.00190807, 0.00042606],
        [0.00132228, -0.00102605, 5.168e-05],
        [-0.00058045, -4.266e-05, 0.00154917],
        [-0.00062329, -0.00204551, 0.00119506],
        [-0.00081114, -0.00085087, 0.00053112],
        [0.00037231, -0.00039067, 0.00027836],
        [-0.00124107, 0.00202223, 0.00018134],
        [-0.00032511, 0.00268574, -0.00049914],
        [0.00051997, -0.00092123, -0.00046769],
        [0.00158966, 0.00032156, -0.00156253],
        [-0.00067111, -0.0016146, -0.00053001],
        [-0.00113085, -0.00065057, -0.00197306],
        [-0.00421532, 0.00016948, 0.0024159],
        [-0.00246855, -0.00128868, 0.00181907],
        [0.00122676, 0.00285684, -0.00082086],
        [0.000721, -0.00265005, 0.00385294],
        [-0.00431138, -8.061e-05, -0.00089253],
        [-0.00121751, -0.000841, -0.0015325]
    ],
    "relaxed_lattice": [
        [-5.02627972, -14.37531723, -8.56099077],
        [-7.64442139, -0.0945869, -4.21962828],
        [-0.1522069, -0.01530319, -8.71533924]
    ],