{
    "atom_type": [
        "Na",
        "V",
        "P",
        "O"
    ],
    "atoms_per_type": [
        8,
        8,
        12,
        48
    ],
    "coord_mode": "direct",
    "relaxed_basis": [
        [0.25072288, 0.4861094, 0.51400081],
        [0.75230463, 0.49185277, 0.50708525],
        [0.48653413, 0.00978045, 0.016367],
        [0.99558721, 0.03208797, 0.97667863],
        [0.94952537, 0.60901782, 0.24638007],
        [0.56066022, 0.38401619, 0.75272412],
        [0.18649195, 0.74867567, 0.12151756],
        [0.68589397, 0.74862354, 0.11896713],
        [0.32563747, 0.64153384, 0.63506653],
        [0.82099175, 0.644534, 0.64299151],
        [0.07261663, 0.14350625, 0.13925334],
        [0.57267843, 0.14344021, 0.15027991],
        [0.17604857, 0.34920113, 0.36487248],
        [0.67856814, 0.35037206, 0.35902563],
        [0.42505929, 0.86351042, 0.8610036],
        [0.92841766, 0.85863218, 0.85159216],
        [0.12773988, 0.53998675, 0.95448991],
        [0.62372153, 0.54652415, 0.95715577],
        [0.48171077, 0.24848546, 0.55058452],
        [0.97997693, 0.24894952, 0.54412662],
        [0.26745159, 0.95244598, 0.25357294],
        [0.77149591, 0.95268088, 0.24682426],
        [0.23331328, 0.03901911, 0.74484839],
        [0.73155655, 0.0405971, 0.74766519],
        [0.37510782, 0.46416501, 0.03793655],
        [0.87675417, 0.46369117, 0.03835524],
        [0.01722813, 0.75004312, 0.45660314],
        [0.51750988, 0.75324733, 0.46075547],
        [0.43919427, 0.69575665, 0.48930147],
        [0.93789111, 0.69393157, 0.48431615],
        [0.25736433, 0.86853733, 0.69828537],
        [0.75304496, 0.87986119, 0.69031766],
        [0.3617675, 0.49417473, 0.86145365],
        [0.85229965, 0.51478196, 0.86797845],
        [0.51057919, 0.19994268, 0.37909169],
        [0.00075611, 0.22260055, 0.3651298],
        [0.18899428, 0.96624568, 0.20732683],
        [0.69460302, 0.96663487, 0.19661368],
        [0.11211866, 0.37102308, 0.98231503],
        [0.60987256, 0.37959536, 0.97282263],
        [0.05862454, 0.29099929, 0.53200678],
        [0.55982112, 0.2953148, 0.53830262],
        [0.24256715, 0.1238976, 0.29713261],
        [0.74515466, 0.12162082, 0.29524016],
        [0.13257136, 0.52990022, 0.13074362],
        [0.64074253, 0.52351107, 0.12396831],
        [0.990783, 0.80130296, 0.62537989],
        [0.49500971, 0.79515773, 0.63207498],
        [0.31362819, 0.00129926, 0.80578013],
        [0.81090531, 0.9938802, 0.81384368],
        [0.39289046, 0.63349525, 0.00954868],
        [0.89722108, 0.62613196, 0.02095539],
        [0.38777673, 0.41711594, 0.5600645],
        [0.88562023, 0.41972674, 0.56319308],
        [0.28260548, 0.76766075, 0.42055482],
        [0.78739303, 0.76386877, 0.41143443],
        [0.21463155, 0.56727609, 0.77702225],
        [0.70995372, 0.57888089, 0.77223045],
        [0.02754651, 0.91421678, 0.27082263],
        [0.52966894, 0.91439625, 0.27456117],
        [0.14082717, 0.04566976, 0.91581439],
        [0.63681408, 0.05432852, 0.91559077],
        [0.46119633, 0.28193366, 0.05980327],
        [0.96007456, 0.2797448, 0.05402554],
        [0.11236725, 0.58588441, 0.44026541],
        [0.61266747, 0.58416536, 0.44572096],
        [0.22696262, 0.22067769, 0.58078021],
        [0.7223117, 0.22896308, 0.58913195],
        [0.28730193, 0.44647224, 0.2147548],
        [0.78909272, 0.44643954, 0.21914879],
        [0.46539482, 0.08394109, 0.73557843],
        [0.96394358, 0.08081739, 0.72443311],
        [0.36170565, 0.93749265, 0.08575055],
        [0.86868966, 0.93082144, 0.08431575],
        [0.04100672, 0.72485638, 0.91939583],
        [0.53802403, 0.73009649, 0.92791391]
    ],
    "relaxed_energy": -786.07518421,
    "relaxed_forces": [
        [-0.00108364, 0.0004895, -0.00083269],
        [2.704e-05, -0.00061585, -0.00164536],
        [0.00244604, 0.0021127, -0.00284428],
        [-0.00408368, -0.00367819, 0.00182315],
        [-0.00025297, -0.00017063, 0.00291827],
        [-0.0006754, 0.00083734, 0.00017529],
        [0.00024777, -6.41e-06, 0.00019932],
        [0.00123054, -1.36e-05, 0.00033017],
        [-0.00108521, -0.00342401, 0.00570028],
        [-0.00192873, 0.00319009, -0.00249854],
        [-0.00421802, 0.00434933, -0.00269822],
        [-0.00201151, 0.00387093, -2.362e-05],
        [0.00109564, 0.00027496, -0.00184066],
        [0.00268535, -0.00362798, -0.00118828],
        [0.00127762, -0.00329459, -0.00169937],
        [0.00444059, -0.00034777, 0.00347893],
        [0.00214141, -0.00215824, 0.00240767],
        [0.00170626, 7.475e-05, 0.00064574],
        [-0.00083481, -0.00025937, 0.0003174],
        [-0.00333795, 0.00025229, 0.00052531],
        [-0.00026974, 0.00095399, 0.00110392],
        [-0.00066488, 0.00110921, 0.00145507],
        [-0.0030833, -0.00360383, -0.00132364],
        [0.00060704, 0.00127333, -0.00090177],
        [-0.0006604, 0.00063611, 0.00361652],
        [-0.00186794, -0.00132698, -0.002008],
        [-0.00117517, -0.0004063, 0.00082411],
        [0.00133582, -0.00177943, 0.00263351],
        [0.000638, -0.00070842, 0.0029818],
        [-0.00108896, 0.00062454, 0.00025004],
        [-0.00047582, 0.00201236, -0.00167739],
        [-0.00227136, 0.00113708, 0.00099334],
        [-0.00539078, -0.00200497, 0.00089616],
        [-0.00153049, -0.00133644, -0.00264301],
        [-0.00194842, -0.00058609, -0.00252275],
        [0.00442416, -0.00015325, 0.00037113],
        [0.00565044, 0.00159837, -0.00474208],
        [-0.00038717, -0.00165947, 0.00042051],
        [0.00227671, -0.0023909, 0.00829014],
        [-0.00214107, -0.00106511, 0.00114781],
        [0.0030955, 0.00070711, -0.00214163],
        [0.00106229, -0.00019252, 0.0001349],
        [0.00095229, 0.00181863, -0.00295712],
        [-0.00055023, -0.00041351, 0.00087158],
        [0.00609343, 0.00245322, 0.00673151],
        [0.00055375, -0.00239716, -0.00188769],
        [0.00328336, -0.00179452, 0.00107679],
        [0.0029895, 0.00500735, 0.00226692],
        [0.00318942, -0.00117997, -0.00513449],
        [0.00136673, 0.00035599, 0.00142563],
        [-0.00019094, 0.00278041, -0.00376286],
        [-0.00191174, -0.00205615, -0.00114374],
        [-0.00129824, -0.00071909, 0.00049574],
        [-0.00085514, 0.00084395, -0.00355359],
        [0.00089777, -0.00055015, -0.00170387],
        [-0.00040411, -0.0015701, 0.00152772],
        [-0.00258391, -0.00373622, -0.00249692],
        [0.00025376, 0.00320743, 0.00150948],
        [-0.00424664, -0.00119873, -4.172e-05],
        [0.00040985, -0.00144167, -0.00081],
        [-0.00233695, 0.00127842, -0.00435959],
        [0.00034484, -0.00085305, -6.981e-05],
        [0.00233142, 0.00174157, -7.06e-05],
        [-0.00189852, 0.00298359, 0.00062153],
        [-0.00122194, 0.00249948, 0.00249931],
        [0.00060779, -0.00138274, -0.001189],
        [-0.00011847, 0.00266868, -0.00208563],
        [-0.00027974, 0.00230686, -0.00123569],
        [0.00246115, 0.00164464, 0.00292624],
        [-0.00050959, -8.97e-05, -0.00214209],
        [0.00032546, 0.00204206, 0.00047465],
        [0.00045235, -0.00210394, -0.00066603],
        [-0.00342775, -0.0004483, -0.0035508],
        [-0.00147008, 0.00025299, 0.0022443],
        [0.00028402, -0.00379835, 0.00233777],
        [0.00258629, 0.00115443, 0.00144284]
    ],
    "relaxed_lattice": [
        [-5.05382547, -14.20638562, -8.36558879],
        [-7.56971056, -0.15235287, -4.22687347],
        [-0.11719954, -0.17176987, -8.64957691]
    ],