{
    "atom_type": [
        "Na",
        "V",
        "P",
        "O"
    ],
    "atoms_per_type": [
        10,
        8,
        12,
        48
    ],
    "coord_mode": "direct",
    "relaxed_basis": [
        [0.25892577, 0.50213236, 0.48280835],
        [0.75203318, 0.48288002, 0.51788125],
        [0.49803905, 0.9814246, 0.0176774],
        [0.99171173, 0.01729627, 0.99637365],
        [0.30706524, 0.25133708, 0.89076062],
        [0.94296002, 0.60951146, 0.24883856],
        [0.06234764, 0.39150235, 0.74765576],
        [0.55965955, 0.37747896, 0.75594472],
        [0.18751544, 0.75215875, 0.11003713],
        [0.69055533, 0.74411343, 0.12213185],
        [0.32509692, 0.64346134, 0.63637196],
        [0.82052809, 0.64718482, 0.64331112],
        [0.07070893, 0.14516936, 0.14737111],
        [0.57526239, 0.13833587, 0.14852178],
        [0.17916619, 0.35269004, 0.35496428],
        [0.67518735, 0.34959283, 0.36253734],
        [0.42929541, 0.85679349, 0.85292119],
        [0.92490949, 0.86337861, 0.85667977],
        [0.12494846, 0.54805434, 0.95205225],
        [0.62502843, 0.54207133, 0.95783971],
        [0.48142901, 0.24725828, 0.54958674],
        [0.98115223, 0.25218291, 0.54925635],
        [0.26880342, 0.95048501, 0.24790361],
        [0.76885963, 0.95027814, 0.25274121],
        [0.23317539, 0.045087, 0.74688058],
        [0.73083233, 0.04153032, 0.74760943],
        [0.37604124, 0.45559423, 0.03729842],
        [0.87378167, 0.46291654, 0.04465405],
        [0.01661467, 0.75287308, 0.45533857],
        [0.51917884, 0.75250153, 0.45803819],
        [0.44178485, 0.69559896, 0.49113336],
        [0.94039372, 0.69908374, 0.47151885],
        [0.25872161, 0.86747241, 0.71227789],
        [0.75582489, 0.8764188, 0.68774117],
        [0.35933232, 0.46492669, 0.87581451],
        [0.85578972, 0.51586014, 0.86583981],
        [0.51217953, 0.19381484, 0.38105305],
        [0.00082144, 0.23154429, 0.36718019],
        [0.19098985, 0.97299213, 0.19516975],
        [0.69477648, 0.9628666, 0.19700415],
        [0.10746088, 0.37808723, 0.9790696],
        [0.61064303, 0.37296869, 0.97677744],
        [0.05885741, 0.30438289, 0.52781909],
        [0.555631, 0.30189737, 0.53848541],
        [0.24931519, 0.13187388, 0.26976951],
        [0.7379604, 0.11805112, 0.30828653],
        [0.14247531, 0.51987115, 0.12237216],
        [0.63955089, 0.52279207, 0.12625626],
        [0.99125337, 0.78503351, 0.63408218],
        [0.49413631, 0.81049056, 0.6242458],
        [0.30950364, 0.02868429, 0.80045192],
        [0.80800704, 0.00612903, 0.80656553],
        [0.39350452, 0.63482213, 0.98556333],
        [0.89048679, 0.62412676, 0.03633844],
        [0.38560468, 0.40777739, 0.56598559],
        [0.88665252, 0.42211629, 0.57055946],
        [0.28055218, 0.77453624, 0.41403654],
        [0.78384921, 0.76261399, 0.41677015],
        [0.21062814, 0.56432081, 0.77212353],
        [0.70998074, 0.57235377, 0.77510075],
        [0.02893715, 0.9195019, 0.27346518],
        [0.53371739, 0.9104829, 0.27190832],
        [0.13733902, 0.06364698, 0.91036587],
        [0.63701967, 0.0475747, 0.91473204],
        [0.46179612, 0.27789208, 0.06520234],
        [0.96042391, 0.28298667, 0.05012371],
        [0.11268945, 0.59004971, 0.43524917],
        [0.61291524, 0.58474003, 0.45127019],
        [0.22042351, 0.22784737, 0.58114478],
        [0.71695863, 0.22827033, 0.59064901],
        [0.28954261, 0.4492685, 0.21731113],
        [0.78820077, 0.43405932, 0.22251159],
        [0.46634451, 0.08260909, 0.73676821],
        [0.96944526, 0.08516719, 0.72439788],
        [0.36317255, 0.93017417, 0.07740823],
        [0.86443671, 0.93559791, 0.09220499],
        [0.03920435, 0.72819873, 0.93657631],
        [0.53982444, 0.72432329, 0.92769214]
    ],
    "relaxed_energy": -800.99097289,
    "relaxed_forces": [
        [-0.00261115, 0.00153057, 0.00043632],
        [0.00177666, 0.00061053, -0.00130588],
        [-0.0011708, 1.32e-06, 0.00184195],
        [0.00128902, 0.00043437, -0.00180865],
        [-0.00038069, -0.00176303, 0.00110196],
        [0.00083927, -0.00032875, -0.00135937],
        [7.508e-05, -0.00013259, 0.00091236],
        [0.00052882, -0.00127667, -0.00194292],
        [-0.00167926, -0.00040246, -0.00140798],
        [0.00010879, 8.58e-05, 0.00135953],
        [-0.00196682, -0.00048893, -0.00025032],
        [0.00088385, 0.00062817, -0.00069907],
        [0.00020599, 0.002925, 0.00061339],
        [-0.0034423, -0.00081994, -0.0002569],
        [0.00182975, -0.00101846, 0.00012192],
        [-0.0017056, 0.00054235, 0.00181177],
        [-7.965e-05, -0.0021533, 0.00089003],
        [0.00016564, -0.00100603, -0.0009048],
        [-0.00185435, 0.00272666, -0.00270438],
        [0.0020767, 0.00114923, -0.00412757],
        [-0.00040417, 0.00284435, 0.00587864],
        [0.00288193, -0.00064226, 0.00287755],
        [-0.0016812, 0.00028243, 0.00171902],
        [6.437e-05, -0.00137476, -0.00231399],
        [0.00509949, 0.00181426, 0.00582274],
        [-0.00397144, 0.00215154, -0.00757192],
        [0.00573583, -0.00127274, -0.00066616],
        [0.00366867, 0.00089722, 0.00145609],
        [-0.00118857, -0.00275511, -0.00517149],
        [6.27e-05, -0.00204674, -0.00124453],
        [0.00176101, -0.00110845, -0.00075112],
        [0.00143591, 0.00270689, 0.00080431],
        [-0.00098124, -0.00043599, -0.00206024],
        [0.00300084, -0.00149046, 0.00070021],
        [0.00107179, -0.00025567, 0.00190961],
        [-0.00057157, -0.00047006, 0.00056077],
        [0.00062724, -7.188e-05, -0.00190478],
        [0.00077149, 0.00179918, -0.00099408],
        [-0.00092203, -0.00097809, -0.00081171],
        [0.00081622, -0.00014952, -0.00066424],
        [-0.00045242, -0.00012223, -0.00125705],
        [0.0023591, 0.00207361, 0.00252786],
        [-0.00216069, 0.00045227, 0.0002893],
        [-0.00071802, -0.00170942, -0.00065017],
        [-0.00049362, 0.00027871, 0.00120113],
        [0.00107672, 5.184e-05, 0.00046278],
        [-0.00131637, -6.44e-05, 0.00141429],
        [-0.00065607, 0.00037284, -0.00102433],
        [-0.00103868, 4.187e-05, 0.0023924],
        [-0.00044309, -0.00088687, -0.00159629],
        [0.00030544, -0.00221248, -0.00010287],
        [0.00078929, 0.00056307, 0.00015372],
        [-0.00391405, -0.00252191, -0.00012548],
        [-0.00126304, 1.957e-05, -0.00041574],
        [0.00156554, -0.00146639, 0.00163709],
        [-0.00150078, 0.000922, -0.00127689],
        [-0.00158316, -5.635e-05, 0.00142695],
        [0.00071733, 0.00045672, -0.00265472],
        [0.00117819, 0.0006207, 0.0009441],
        [-0.00140393, -0.00038869, 0.00083788],
        [4.96e-05, 0.00032414, 0.00095978],
        [-0.00157805, -0.00086511, 0.00190832],
        [-0.00129894, -0.00108077, 0.00051626],
        [-0.00011881, -0.00136041, 0.00120655],
        [-0.00024719, 0.00194946, 5.74e-05],
        [-0.00040034, 0.00035405, 0.0006538],
        [-0.00093555, 0.00224326, -0.00086075],
        [0.00135702, -0.00032788, 0.00012419],
        [-0.00027028, -0.00024751, 0.00032768],
        [-0.00086726, 0.00042934, 0.0010742],
        [-0.00026475, 0.000216, -0.00035535],
        [-0.0006595, -0.00065261, 0.00086557],
        [0.00233396, 0.00054723, 0.0003015],
        [-0.00189942, 0.00049075, -0.00176487],
        [0.00017191, -0.00049618, 0.00117639],
        [0.00103669, 0.00135437, -0.00131609],
        [0.00085878, -0.00101293, -0.00098545],
        [-0.00048182, 0.00102238, 0.00203081]
    ],
    "relaxed_lattice": [
        [-5.06423418, -14.39826153, -8.34927969],
        [-7.58795512, -0.17161484, -4.16527994],
        [-0.10525501, -0.20211737, -8.66262696]
    ],