{
    "atom_type": [
        "Na",
        "V",
        "P",
        "O"
    ],
    "atoms_per_type": [
        4,
        8,
        12,
        48
    ],
    "coord_mode": "direct",
    "relaxed_basis": [
        [0.75018401, 0.49743692, 0.50606064],
        [0.50447577, 0.98710324, 0.00691401],
        [0.30118911, 0.25198881, 0.87513717],
        [0.99754468, 0.00355178, 0.00527877],
        [0.31853334, 0.64522305, 0.65094365],
        [0.82011658, 0.64533692, 0.64628107],
        [0.06740078, 0.14360215, 0.15575256],
        [0.56938094, 0.14233739, 0.14927628],
        [0.17828863, 0.3668702, 0.3600344],
        [0.67672335, 0.36067743, 0.36163164],
        [0.43036956, 0.85311607, 0.85598444],
        [0.9260872, 0.86109023, 0.85884013],
        [0.1200534, 0.54786234, 0.97590184],
        [0.62388732, 0.53649303, 0.9669589],
        [0.47998423, 0.25486112, 0.54406306],
        [0.97934796, 0.25217058, 0.54266569],
        [0.26469473, 0.97332595, 0.25262977],
        [0.76576989, 0.964737, 0.25393532],
        [0.23128562, 0.03120195, 0.76075882],
        [0.72885863, 0.03841906, 0.75465793],
        [0.37329485, 0.45846447, 0.04062405],
        [0.8738692, 0.46409471, 0.04126859],
        [0.01784023, 0.74848448, 0.46680902],
        [0.51935445, 0.75077885, 0.46729579],
        [0.43404963, 0.7058175, 0.51692306],
        [0.93295161, 0.71148872, 0.49634551],
        [0.24730715, 0.83738681, 0.77010077],
        [0.74635071, 0.86977608, 0.71098006],
        [0.35699053, 0.465682, 0.87615588],
        [0.85370637, 0.49491566, 0.87127089],
        [0.49867474, 0.20325236, 0.3805099],
        [0.99196239, 0.20092137, 0.38033575],
        [0.18169102, 0.98297546, 0.22609361],
        [0.68252054, 0.99728104, 0.20769565],
        [0.10423171, 0.36844971, 0.02293265],
        [0.60168715, 0.37044274, 0.00129112],
        [0.06570274, 0.29029913, 0.49736557],
        [0.56395937, 0.29476156, 0.51386186],
        [0.25400422, 0.16803496, 0.23358606],
        [0.74934425, 0.1329933, 0.29430462],
        [0.13739043, 0.53087532, 0.14392727],
        [0.64336679, 0.50817685, 0.13747138],
        [0.99677515, 0.80246585, 0.63371857],
        [0.50443102, 0.81045813, 0.62593804],
        [0.31308607, 0.02659274, 0.78927174],
        [0.81093469, 0.00862155, 0.79944358],
        [0.39776663, 0.6317557, 0.97990949],
        [0.89536422, 0.63063765, 0.00818216],
        [0.38660286, 0.42726435, 0.56320143],
        [0.88703494, 0.42660999, 0.5584532],
        [0.27423951, 0.81795023, 0.44583735],
        [0.77473642, 0.77930156, 0.42757123],
        [0.20874939, 0.55815712, 0.79211217],
        [0.7100314, 0.55662506, 0.78110568],
        [0.03105917, 0.91665915, 0.27632078],
        [0.53011709, 0.9169413, 0.27628031],
        [0.13591169, 0.08563999, 0.91989946],
        [0.63481793, 0.05997013, 0.9242576],
        [0.45864919, 0.27237357, 0.07576975],
        [0.95803728, 0.27586068, 0.06740478],
        [0.10780837, 0.5718809, 0.46149112],
        [0.61195925, 0.57868662, 0.45419101],
        [0.22384951, 0.18601518, 0.56513028],
        [0.71931001, 0.22397, 0.58018606],
        [0.28675232, 0.45181179, 0.22463783],
        [0.78636612, 0.44571408, 0.22660117],
        [0.46395299, 0.0894923, 0.73934909],
        [0.96687266, 0.08425214, 0.73223457],
        [0.3595561, 0.92065923, 0.08895744],
        [0.85918599, 0.94044314, 0.08220845],
        [0.03618659, 0.73250486, 0.94233782],
        [0.53862162, 0.72430174, 0.9437267]
    ],
    "relaxed_energy": -755.71288289,
    "relaxed_forces": [
        [-0.00349359, -0.00035765, 0.00092146],
        [-0.00181452, 0.00024207, 0.00037455],
        [0.00216511, 0.00218396, 0.00032335],
        [-0.00308815, 0.00022574, -0.00064115],
        [0.00093239, -0.00324763, 0.00037121],
        [-0.0051555, -0.00313294, -0.00148504],
        [0.00155209, -0.00117101, -0.00312784],
        [-0.00172768, 0.00207266, -0.00197694],
        [-0.00076501, 0.00132267, -0.002359],
        [0.00049061, 0.00133075, -0.00299246],
        [-0.00184092, 0.00124974, 0.0015589],
        [-0.00198037, 0.0022125, -0.00039466],
        [0.00114889, -0.00099655, 0.00109774],
        [0.00034257, -0.00246883, 0.00210886],
        [-0.00057251, 0.00509357, 0.00109921],
        [-0.00049315, -0.00625682, 0.00146527],
        [0.00266152, -0.00025648, -0.00294589],
        [-0.00093378, 0.00365409, -0.00264046],
        [0.00423053, 0.00346047, 0.00181667],
        [-0.00293343, -0.00566794, -0.00446551],
        [0.0040707, 0.00320982, -0.00087098],
        [0.00192133, -0.00456841, 0.0013803],
        [-0.00349318, -0.00613589, 0.00543301],
        [0.00033863, 0.00419173, -0.00066131],
        [-0.00038476, -0.003485, -0.00031983],
        [0.00183172, 0.0049982, -0.00147591],
        [-0.00021263, 0.00011534, 0.00196046],
        [6.942e-05, 0.00123451, 0.00159114],
        [0.00189712, 0.00013242, -0.00157433],
        [0.00027136, 0.00261249, 0.0013878],
        [0.00386742, 0.00013336, 0.00352942],
        [0.00095723, 0.00021624, -0.00056995],
        [0.00143072, -0.00049735, 0.00317777],
        [0.00245855, 0.00103989, -0.0004129],
        [1.819e-05, -0.00072104, 0.00013968],
        [0.00060949, -0.00083779, -0.00068147],
        [-0.00023264, 0.0046697, 0.00185251],
        [-4.535e-05, -0.00044206, 0.00143701],
        [0.00103647, 0.00227331, 0.000877],
        [0.00089517, -0.00141757, 0.00269785],
        [-0.00051093, -0.0036495, -0.00277881],
        [0.00213842, -0.0013308, -0.00284016],
        [-0.0024856, 7.256e-05, 0.00019532],
        [-0.00085503, 0.00198502, -0.00226601],
        [0.00154215, -0.00218523, -0.00131296],
        [-0.00094845, 0.00467491, 0.00379525],
        [-0.00076804, -0.0011763, -0.00152165],
        [-0.00531092, 0.00025947, -8.075e-05],
        [0.0029875, -0.00276985, 0.00032074],
        [0.00055251, 0.00241361, -2.39e-05],
        [0.00070503, -0.00030136, 0.00203487],
        [2.508e-05, -0.00132007, -0.00135413],
        [-0.00057578, 0.00063886, 0.00183441],
        [-0.00040833, 0.0027482, -0.00040567],
        [0.0023273, 0.00028218, -0.00227784],
        [0.00325908, 0.00180037, 0.00044716],
        [0.00017287, -0.00268043, 0.00187088],
        [0.00010719, -0.00185545, 0.00014332],
        [0.0015335, -0.00311213, -8.11e-06],
        [-0.00257131, 0.00307365, 0.00084682],
        [0.00033817, 0.00074788, -0.00120466],
        [-0.00210487, -0.00266868, 0.0011482],
        [6.358e-05, -0.00106562, -4.655e-05],
        [0.00013082, 0.00184283, 0.00294696],
        [0.00021221, -0.00341175, -0.00061169],
        [-0.00137531, 0.00131918, -0.00342002],
        [0.00198544, 8.438e-05, -0.00072546],
        [-0.00099524, -0.00184379, -0.00157286],
        [-0.00103744, -0.00137561, 0.00092163],
        [-0.00031161, -0.00092642, 0.00170964],
        [-0.00192212, 0.00097922, -0.001301],
        [-0.00192995, 0.00253641, -0.0014685]
    ],
    "relaxed_lattice": [
        [-5.03305697, -14.06946587, -8.6393054],
        [-7.50580962, -0.15599018, -4.25707745],
        [-0.21806473, -0.07837827, -8.55478115]
    ],