{
    "atom_type": [
        "Na",
        "V",
        "P",
        "O"
    ],
    "atoms_per_type": [
        11,
        8,
        12,
        48
    ],
    "coord_mode": "direct",
    "relaxed_basis": [
        [0.24219931, 0.51545532, 0.50402161],
        [0.74329081, 0.5226331, 0.49256247],
        [0.51630881, 0.96255068, 0.00380016],
        [0.00881113, 0.01216234, 0.97291899],
        [0.30822424, 0.24784235, 0.89108965],
        [0.80998555, 0.25228113, 0.88544864],
        [0.94031462, 0.61601063, 0.24723198],
        [0.55879479, 0.36980728, 0.75177392],
        [0.37882154, 0.13152056, 0.38116099],
        [0.87336182, 0.11088656, 0.38443875],
        [0.19139158, 0.75395674, 0.11332571],
        [0.32070434, 0.64196943, 0.64485047],
        [0.82213583, 0.6449859, 0.64337965],
        [0.06903172, 0.14528252, 0.14700165],
        [0.57638213, 0.13934597, 0.14351149],
        [0.1758264, 0.35904069, 0.35224265],
        [0.67611301, 0.36142057, 0.35617721],
        [0.43124172, 0.85633808, 0.85226156],
        [0.92819018, 0.85809067, 0.85350229],
        [0.12520209, 0.54769857, 0.96106449],
        [0.62233696, 0.53996587, 0.95617718],
        [0.47875659, 0.2488352, 0.54549815],
        [0.97675956, 0.2443318, 0.5382563],
        [0.27043977, 0.9534541, 0.24893653],
        [0.77286015, 0.96072026, 0.25446894],
        [0.23166402, 0.04211222, 0.75120592],
        [0.73157252, 0.04641258, 0.75376117],
        [0.37536715, 0.45579301, 0.03721981],
        [0.87359159, 0.45975329, 0.04278841],
        [0.01993026, 0.74311568, 0.45389997],
        [0.51872994, 0.75287165, 0.4615808],
        [0.4366562, 0.70369808, 0.50486794],
        [0.9442434, 0.68651993, 0.47366056],
        [0.25037089, 0.85780382, 0.73817614],
        [0.76176456, 0.88430507, 0.69286206],
        [0.35245947, 0.46808719, 0.88202509],
        [0.851638, 0.48642389, 0.87959721],
        [0.49680294, 0.19710989, 0.38391521],
        [0.98531962, 0.18594092, 0.38868328],
        [0.19013829, 0.97624281, 0.20524415],
        [0.69181344, 0.00667649, 0.20058067],
        [0.10046153, 0.37527207, 0.028105],
        [0.5997154, 0.38085582, 0.97445749],
        [0.06036838, 0.29837538, 0.4773962],
        [0.55789051, 0.29794165, 0.52129563],
        [0.25978089, 0.13233481, 0.26342448],
        [0.75925039, 0.12047934, 0.30446066],
        [0.15244061, 0.5352722, 0.11196872],
        [0.64063768, 0.49908728, 0.12796919],
        [0.99084944, 0.80287216, 0.61651999],
        [0.49766396, 0.81291622, 0.62424502],
        [0.31337603, 0.02706908, 0.78960262],
        [0.80695462, 0.03006828, 0.80871624],
        [0.39741953, 0.63087664, 0.97831987],
        [0.89739905, 0.62109635, 0.01469895],
        [0.38401453, 0.40771079, 0.57010012],
        [0.88400836, 0.41106199, 0.55849499],
        [0.28087005, 0.77992808, 0.42115111],
        [0.78382772, 0.77147512, 0.41407496],
        [0.2085263, 0.55040566, 0.77698768],
        [0.70875722, 0.55797879, 0.77782884],
        [0.0317962, 0.90751835, 0.26422691],
        [0.52708512, 0.91892845, 0.27901686],
        [0.13916552, 0.07338374, 0.91345321],
        [0.6363903, 0.06121298, 0.91439596],
        [0.45802169, 0.27246006, 0.06455692],
        [0.95411399, 0.27116671, 0.07068919],
        [0.11515603, 0.58386309, 0.4365002],
        [0.60856036, 0.58489193, 0.45615269],
        [0.22615582, 0.21031116, 0.57030758],
        [0.71817011, 0.23505855, 0.58972249],
        [0.2937774, 0.44516793, 0.22539075],
        [0.78991574, 0.43838828, 0.22898919],
        [0.46688908, 0.08292228, 0.7357387],
        [0.96702897, 0.08813193, 0.72983369],
        [0.36352451, 0.9230533, 0.07901239],
        [0.86666842, 0.94019557, 0.08871555],
        [0.04137505, 0.72790466, 0.93905803],
        [0.54062155, 0.72585551, 0.92921913]
    ],
    "relaxed_energy": -808.5042041,
    "relaxed_forces": [
        [0.00114326, 0.00043093, 0.00191177],
        [0.00084023, -0.00028345, -0.00067006],
        [-0.00076997, -0.00030637, -0.00090583],
        [-0.0008364, -0.00054688, 0.00059539],
        [0.00051372, 0.0007629, 0.00134771],
        [-0.00089911, -0.00100172, 0.00068142],
        [-0.00077803, -0.00083534, -0.00156986],
        [0.00118783, -0.00099667, -0.00055791],
        [-0.00029029, -0.00035122, 0.00064625],
        [-0.00099018, -0.00021542, -0.00024751],
        [-0.00046607, -0.00099952, -0.00059222],
        [-0.00043147, 0.00116714, 0.0001499],
        [0.00247473, -0.00128386, 0.00233697],
        [-0.00109589, 0.00075706, -0.00136563],
        [0.00087704, 0.00224805, 0.00172755],
        [-0.00116786, -0.00136152, 0.0042514],
        [0.00035156, -0.00310828, -0.00161218],
        [0.00428814, -0.00356534, -0.00044474],
        [0.00038513, -0.00131701, -0.00139585],
        [-0.00451871, 0.00597079, -0.00029281],
        [0.0040482, 0.00172368, -0.00180626],
        [-0.00382466, -0.00207961, -0.00328319],
        [-0.00233489, 0.00155721, -0.00034795],
        [0.00077563, -0.00041845, 0.00223978],
        [0.00482476, 0.00566132, 0.00036502],
        [-0.0021399, 0.00190466, 0.00148873],
        [-0.00312877, -0.00732694, -0.00438674],
        [0.00537414, -0.00048545, 0.00113054],
        [-0.00122671, 0.00359578, 0.00341723],
        [-0.00121891, -0.0031237, 0.00649877],
        [-0.0025984, 0.00058906, -0.001676],
        [-0.00286137, -0.00061589, 0.00162535],
        [-0.00177786, 0.00298591, -0.00028566],
        [-0.00031582, 0.00161027, 0.00055499],
        [0.00144749, 0.00105558, 0.00258964],
        [0.0008498, 0.00011856, -0.00247962],
        [-0.00163573, 0.00027259, -0.00368605],
        [0.00024436, 0.00117213, 0.00139298],
        [-0.00148984, 0.00174014, 0.00198524],
        [-0.00055802, 0.00060108, -0.00122251],
        [-0.00281845, -0.00353065, -0.0035422],
        [0.00120284, 0.00294203, 0.00016423],
        [-0.00157259, 0.00357493, -0.00083736],
        [-0.00022148, 0.00017823, 0.00175873],
        [0.00232703, 0.0014016, -2.014e-05],
        [-0.00039738, -0.00060057, -0.00123342],
        [-0.00430368, 0.00295053, -0.00721325],
        [-0.00050701, -0.00108585, 0.00213419],
        [0.0010091, 0.00084623, 0.00431375],
        [-0.00041672, -0.00193735, -0.00691077],
        [0.00137501, -0.00189879, -7.015e-05],
        [0.00126832, -0.00133955, -0.00011287],
        [0.00373546, 0.00218417, 0.00301579],
        [-0.00377847, -0.00249297, -0.00127504],
        [3.722e-05, -0.00163435, -0.00247072],
        [0.00031653, -0.00073374, -0.00055848],
        [0.00021079, -0.00122173, -0.00155292],
        [-0.00125537, 0.00132975, 0.0027433],
        [-0.00213127, 0.0003263, 0.00072949],
        [0.00094775, 0.00231283, 0.00350139],
        [0.00165542, -0.00209329, 0.00175718],
        [-0.00105775, -0.00059781, -0.00223625],
        [-3.566e-05, -0.00181431, -0.00143328],
        [-0.00086986, 0.00040187, -0.0009686],
        [0.00073368, 0.00205073, -0.00323054],
        [0.00173348, 0.00075287, 0.00327694],
        [0.00080643, -0.00053536, 0.00155285],
        [0.00161047, 0.00023391, 0.00399725],
        [0.00440117, -0.00106121, 0.002664],
        [0.00020969, 0.0006527, 0.00023769],
        [0.0008783, -0.00173333, -0.00243749],
        [0.00030303, -0.00154772, 0.00057146],
        [0.00018919, -0.00089504, -0.00063484],
        [0.00416888, 0.00151259, -0.00036031],
        [-0.00015073, -5.569e-05, 0.00086797],
        [0.00136321, -0.0001389, -0.00050424],
        [-0.00345496, -0.00177318, -0.00096872],
        [0.0023827, -0.0034435, -0.00225799],
        [-0.00216549, 0.0028114, -0.00056465]
    ],
    "relaxed_lattice": [
        [-5.04886547, -14.39669733, -8.37947351],
        [-7.62244717, -0.110649, -4.14827703],
        [-0.17537375, -0.11794133, -8.67099461]
    ],