{
    "atom_type": [
        "Na",
        "V",
        "P",
        "O"
    ],
    "atoms_per_type": [
        12,
        8,
        12,
        48
    ],
    "coord_mode": "direct",
    "relaxed_basis": [
        [0.23658501, 0.50446058, 0.51962557],
        [0.75883196, 0.48360879, 0.4928432],
        [0.48865303, 0.00642388, 0.02084793],
        [0.00623967, 0.00999097, 0.98093233],
        [0.62521653, 0.88389486, 0.61694119],
        [0.30343783, 0.25114164, 0.9016906],
        [0.80934242, 0.25058255, 0.88469949],
        [0.43602928, 0.61763822, 0.24960178],
        [0.94398883, 0.61418692, 0.2461145],
        [0.55603879, 0.38604993, 0.75368897],
        [0.18997259, 0.74938747, 0.1181942],
        [0.69382793, 0.74732197, 0.10773001],
        [0.32253343, 0.64610929, 0.64742809],
        [0.82646822, 0.64558677, 0.63697435],
        [0.07156675, 0.14181737, 0.14496409],
        [0.572133, 0.13870471, 0.14876669],
        [0.17508526, 0.3555607, 0.36368355],
        [0.67928374, 0.35533945, 0.35596595],
        [0.42367545, 0.86583718, 0.85155223],
        [0.92994152, 0.85369954, 0.84782752],
        [0.12733758, 0.54355194, 0.96212259],
        [0.62438985, 0.54623932, 0.95633072],
        [0.48121346, 0.25265888, 0.54855446],
        [0.97915485, 0.24544347, 0.54343426],
        [0.26679377, 0.95288648, 0.25468006],
        [0.76959528, 0.95173836, 0.24370169],
        [0.2320618, 0.04953977, 0.74805846],
        [0.72823083, 0.0473844, 0.74678576],
        [0.37459094, 0.45317599, 0.04940586],
        [0.87764795, 0.45351714, 0.03922719],
        [0.01909808, 0.75249747, 0.44926479],
        [0.52229523, 0.75054505, 0.45466918],
        [0.44523288, 0.68937529, 0.48915463],
        [0.94121629, 0.69889318, 0.46999725],
        [0.26241052, 0.86696532, 0.71663179],
        [0.74687822, 0.88165987, 0.69826141],
        [0.35997106, 0.46696422, 0.8826323],
        [0.85238054, 0.48438298, 0.87938146],
        [0.5123264, 0.19234821, 0.38331658],
        [0.99568808, 0.19856482, 0.38059253],
        [0.19067874, 0.96647016, 0.20483929],
        [0.69322276, 0.96744429, 0.19120478],
        [0.1133218, 0.36609458, 0.00473639],
        [0.60666658, 0.37784301, 0.98472808],
        [0.05680254, 0.30269723, 0.50852782],
        [0.55779703, 0.30899505, 0.52592382],
        [0.24689094, 0.13106918, 0.27915151],
        [0.74000343, 0.12454556, 0.28952558],
        [0.14792418, 0.52743414, 0.12316087],
        [0.64243609, 0.52240277, 0.12315335],
        [0.99199379, 0.80522105, 0.61661837],
        [0.50275369, 0.80828933, 0.61505129],
        [0.30933873, 0.04188367, 0.79387987],
        [0.80433091, 0.02001663, 0.80348574],
        [0.39718522, 0.62241175, 0.0058346],
        [0.89408368, 0.62462051, 0.01264438],
        [0.38796763, 0.41503769, 0.55575304],
        [0.88481144, 0.41339651, 0.56204091],
        [0.28379057, 0.77215646, 0.41639195],
        [0.77948232, 0.77055807, 0.41042057],
        [0.21247227, 0.56005226, 0.77915863],
        [0.70791201, 0.56982732, 0.77168075],
        [0.03266379, 0.91069701, 0.26281709],
        [0.5351921, 0.90561257, 0.26647082],
        [0.14077494, 0.05568327, 0.91648493],
        [0.63277768, 0.06363285, 0.91167482],
        [0.45912012, 0.27282288, 0.07494032],
        [0.96065975, 0.27537386, 0.05982445],
        [0.11222593, 0.5908121, 0.43654896],
        [0.61640799, 0.58652516, 0.44339217],
        [0.2187384, 0.2241768, 0.5811813],
        [0.71462596, 0.2323113, 0.58675515],
        [0.28938788, 0.44549443, 0.22827671],
        [0.79126644, 0.43770985, 0.22212525],
        [0.46990283, 0.09110928, 0.73479075],
        [0.96367206, 0.08802362, 0.73164265],
        [0.36256312, 0.93159125, 0.08722192],
        [0.86451611, 0.93568146, 0.08317779],
        [0.04203271, 0.7193349, 0.94189869],
        [0.54081298, 0.7290253, 0.93293246]
    ],
    "relaxed_energy": -815.66124308,
    "relaxed_forces": [
        [0.00118, 0.00100887, -0.0005283],
        [0.00073205, -0.00016768, -0.00031624],
        [0.00171526, 8.224e-05, 0.00051904],
        [0.00040025, -0.00040699, -0.00077281],
        [0.0014017, 0.00045861, -0.00053152],
        [0.00121759, 0.00140889, -0.00123656],
        [-0.0013759, -0.00029514, -0.00050076],
        [0.00076619, 0.00078794, -0.0002609],
        [-0.0010985, -0.00108958, -0.0011442],
        [0.00083965, 0.00051447, -1.8e-05],
        [0.00046204, 0.00024031, -0.00038173],
        [-0.00024745, -8.423e-05, -0.00029196],
        [-0.00016378, 0.00469652, -0.00064015],
        [0.00141222, 0.00344408, 0.00136843],
        [-0.00120883, -0.00164192, -0.00028759],
        [-0.00119218, 0.00142177, 0.00259265],
        [-0.00517807, -0.00157338, -0.00046076],
        [-0.00193, 2.522e-05, -0.00199782],
        [0.00117275, -0.00141472, -0.00034356],
        [0.00014935, -0.00278766, 0.00310994],
        [-0.00027348, 8.62e-05, 0.00050959],
        [0.00061924, -8.875e-05, 0.00107188],
        [0.00089862, -0.00038554, 0.0008025],
        [-0.00171673, -0.00060035, -0.00089486],
        [0.00500135, -0.00022877, 0.00106495],
        [-0.00216053, -0.00115165, -0.00015568],
        [0.00156171, -5.731e-05, 0.00180215],
        [-0.00125408, -0.00014178, -0.00116892],
        [0.00214352, 0.00154268, 0.00121369],
        [0.00216858, 0.00011036, 0.00165911],
        [-0.00502583, -0.00077589, 0.00027716],
        [-7.032e-05, -0.00089448, -0.00185405],
        [0.00096473, 0.00132584, -0.00063607],
        [0.00066281, 0.00140187, -0.00046951],
        [0.00046859, -0.00092951, 0.00043955],
        [0.0011593, -0.00086812, 0.00021831],
        [-0.00026309, 0.00030601, 0.00122294],
        [0.00041119, -0.00041276, 0.00053453],
        [0.00042869, -0.00015818, 0.00010533],
        [-0.0005586, -0.00044554, -0.00118387],
        [0.00107254, 0.00075896, 0.00126361],
        [-0.00036102, -0.00050406, 0.00011307],
        [-0.00134469, -0.00092889, -0.00023792],
        [-0.00108379, -0.00074561, 9.568e-05],
        [0.00124804, 0.00187245, 0.00107209],
        [0.00080624, 0.00083455, -6.24e-05],
        [-0.00499054, 0.00223345, -0.00366025],
        [-2.535e-05, -0.00040245, 0.00164469],
        [0.00041661, -0.00019324, -0.00163436],
        [0.00112606, -0.00160989, -0.00104742],
        [-0.00022453, 0.00048463, 0.00035587],
        [0.00056753, -0.00069873, 0.00101425],
        [0.00089807, -0.0002109, 0.00048564],
        [-0.00014469, -0.00047413, -0.0018961],
        [0.00048631, 0.00132758, -0.00040185],
        [-0.00417557, -0.00077552, -0.00086326],
        [-0.0013844, 0.00147719, -0.0007124],
        [-0.00121158, 0.00047255, -0.00029723],
        [-0.0007617, -0.00024929, 0.00143911],
        [-0.00038145, -0.00096986, -0.0009864],
        [0.0015358, 0.00085051, -0.00035303],
        [0.00015511, 0.00021715, 0.00109448],
        [-0.00060617, 0.00013235, -0.00016353],
        [-0.0010316, -0.00071798, -0.00072703],
        [-0.00011256, -0.00113738, 0.00111212],
        [-0.00046406, -7.948e-05, -0.0009284],
        [0.0011387, -0.00049904, -0.00090414],
        [-0.00072211, 0.00160137, 0.00114823],
        [0.00064616, -0.00252032, -0.0013373],
        [0.00113706, -0.00187385, -0.00095546],
        [-0.00052659, 0.00059749, 0.00193548],
        [-0.00122184, 0.00042347, -0.00128551],
        [0.00055967, 0.00036951, 0.00065989],
        [0.00077419, 0.0015175, 0.00060756],
        [0.00060126, 1.019e-05, -0.00029312],
        [-0.00091978, -0.00026631, -0.00123475],
        [0.00161532, -0.00040354, 0.00142887],
        [0.00046705, -0.00012792, 0.00090468],
        [0.00159778, -0.00101532, 0.00074599],
        [0.00062451, -0.00103914, 0.00042462]
    ],
    "relaxed_lattice": [
        [-4.88716525, -14.45480805, -8.40149461],
        [-7.56262373, -0.13092251, -4.26794924],
        [0.04515469, -0.18906187, -8.68219566]
    ],