{
    "atom_type": [
        "Na",
        "V",
        "P",
        "O"
    ],
    "atoms_per_type": [
        5,
        8,
        12,
        48
    ],
    "coord_mode": "direct",
    "relaxed_basis": [
        [0.72819221, 0.50349744, 0.54322169],
        [0.00377198, 0.00744534, 0.98399671],
        [0.31212635, 0.24585306, 0.87610925],
        [0.93634635, 0.6134666, 0.24693043],
        [0.37691055, 0.17452685, 0.40975098],
        [0.32189486, 0.64358015, 0.64302693],
        [0.81845876, 0.64996206, 0.64520767],
        [0.06992513, 0.1382073, 0.15297495],
        [0.5782844, 0.13792567, 0.1291425],
        [0.17600102, 0.37252408, 0.34683633],
        [0.67964273, 0.35403862, 0.35901675],
        [0.43653996, 0.84782812, 0.85140587],
        [0.92632464, 0.86063328, 0.85209939],
        [0.12774572, 0.54421628, 0.96073615],
        [0.62401133, 0.52769849, 0.9693591],
        [0.48689131, 0.25121161, 0.53666203],
        [0.97685968, 0.25026828, 0.53460582],
        [0.26268311, 0.96955704, 0.25313645],
        [0.76725356, 0.95868293, 0.25348088],
        [0.23544032, 0.02856313, 0.75078045],
        [0.73008584, 0.04321665, 0.74954108],
        [0.37462077, 0.46324468, 0.02917881],
        [0.87857181, 0.45802162, 0.03414118],
        [0.01521717, 0.74910992, 0.4527815],
        [0.52317261, 0.7491369, 0.46793032],
        [0.43564475, 0.7030973, 0.52993649],
        [0.93750118, 0.70271638, 0.46373484],
        [0.24454851, 0.83934449, 0.75927428],
        [0.75743565, 0.8768019, 0.68791272],
        [0.35653116, 0.46163641, 0.87563888],
        [0.86045396, 0.50564122, 0.85764397],
        [0.50807076, 0.21907757, 0.36080297],
        [0.98366964, 0.21265355, 0.37026033],
        [0.17115398, 0.97675339, 0.26083703],
        [0.6855163, 0.99243797, 0.20181246],
        [0.10993266, 0.36047822, 0.02554406],
        [0.6210158, 0.35439821, 0.96794052],
        [0.06062534, 0.31018165, 0.46600145],
        [0.56636969, 0.29062591, 0.5235096],
        [0.24950415, 0.16207252, 0.24779276],
        [0.74492715, 0.11832145, 0.31213304],
        [0.14989648, 0.53720148, 0.11406317],
        [0.64284132, 0.48517821, 0.14162846],
        [0.99217838, 0.78569921, 0.62460666],
        [0.52334023, 0.77257992, 0.63279374],
        [0.32774979, 0.0227442, 0.74228038],
        [0.80977246, 0.01443335, 0.79736634],
        [0.38620847, 0.65241689, 0.96732269],
        [0.8927191, 0.62190961, 0.02692374],
        [0.39114415, 0.41708032, 0.56556767],
        [0.88175134, 0.41939988, 0.566016],
        [0.28671265, 0.80589147, 0.43065655],
        [0.77675162, 0.76687262, 0.42052943],
        [0.21399159, 0.55149189, 0.77437456],
        [0.70401056, 0.58401763, 0.78336996],
        [0.03066184, 0.91793317, 0.26508762],
        [0.51911249, 0.93625416, 0.29840531],
        [0.15008849, 0.07048849, 0.92803474],
        [0.63823929, 0.0422294, 0.92443293],
        [0.46461771, 0.29324442, 0.06494405],
        [0.96625055, 0.274517, 0.04723241],
        [0.10903769, 0.57265996, 0.4352713],
        [0.61712778, 0.58839241, 0.41916686],
        [0.21749684, 0.19108909, 0.56950451],
        [0.71529364, 0.23270605, 0.58502073],
        [0.29397926, 0.43247272, 0.22337448],
        [0.79249093, 0.41892507, 0.21672901],
        [0.46964061, 0.07509923, 0.72057048],
        [0.97528379, 0.07765042, 0.71580521],
        [0.3463197, 0.93830725, 0.07317627],
        [0.86239179, 0.93935124, 0.08807141],
        [0.03938935, 0.72161687, 0.94012697],
        [0.52852824, 0.6944521, 0.97130376]
    ],
    "relaxed_energy": -762.47620467,
    "relaxed_forces": [
        [0.00061389, 0.00379653, -0.00245957],
        [-0.00131465, 0.00199639, 0.00124031],
        [-0.00016157, 0.00072109, 0.00257687],
        [0.00042823, 0.00059523, 0.00083657],
        [-0.00021942, -0.00051176, 0.00086875],
        [-0.00020798, 0.00036481, -0.00046417],
        [0.00019257, 0.00543673, -0.00245965],
        [0.0006933, -0.0010118, -0.00031591],
        [-0.00179782, -0.00058181, -0.00304217],
        [0.00180366, -0.00143109, -0.00027354],
        [0.00191372, 0.00173719, -0.00069195],
        [-0.00100353, 0.00096815, -0.00140606],
        [-0.00264192, 0.00170696, -0.00059794],
        [0.00161046, -0.0054018, 0.00159945],
        [-0.00094835, -0.00210859, -0.0021116],
        [-0.00150799, 0.0012496, -0.00119871],
        [0.00446389, -0.00445195, -0.00058251],
        [2.403e-05, 0.00162579, 0.00125468],
        [0.00078679, -0.00475355, 0.00580516],
        [-0.0005121, 0.00185938, -0.00063488],
        [-0.00645266, 0.0073828, -0.00180254],
        [0.00067595, -0.00080576, -0.00096493],
        [0.00025946, -0.00343885, 0.00298535],
        [-0.00208177, -0.00237605, -0.00492335],
        [0.00039807, 0.00074458, -0.00205201],
        [-0.00164118, -0.00049934, -0.00031939],
        [0.00120574, 0.00387671, 0.00087318],
        [-0.0007773, 0.00035838, -0.00084419],
        [0.00655627, -0.00081445, 0.00630987],
        [0.00067424, -0.00082738, 0.00065229],
        [0.00432993, -0.00061258, -0.00167528],
        [-0.00204202, 0.00026704, 0.0011133],
        [0.0024453, 0.00185406, 0.00105002],
        [0.00262965, 0.00017971, 0.0005943],
        [-0.00465006, -0.00214452, -0.00290195],
        [-0.00040373, -0.00035008, -0.00193761],
        [-0.00147694, 0.0037452, 0.0006114],
        [0.00142252, -0.00024563, -0.00074282],
        [-0.00095076, 0.00018785, -0.00053068],
        [-0.00020818, 0.00123181, 0.00226226],
        [0.0019175, -0.0068096, -0.00462775],
        [0.00192665, 0.00269325, -0.00127672],
        [0.00186853, -0.00133721, -0.00034127],
        [-0.00028583, 0.00024145, 0.00520559],
        [0.00294677, -0.00254199, -3.77e-06],
        [-7.359e-05, -0.001024, -0.00040887],
        [-0.00040535, -0.00737693, -0.00474648],
        [0.00093299, -0.00134019, 0.00030862],
        [-0.00455106, -0.00165675, -0.00257182],
        [0.00158102, -0.00246304, -0.00100349],
        [-0.00528524, 0.00394592, 0.00350048],
        [2.9e-05, 0.00116778, -0.00162431],
        [-0.00461876, 4.397e-05, 0.00206985],
        [-0.00161282, -0.00098157, 0.00038203],
        [-0.0010922, -0.00079171, 0.00075521],
        [-0.00139376, 0.000613, 0.0035656],
        [0.00078854, 0.00048328, -0.00118475],
        [-0.0002363, -0.00108395, 0.00186394],
        [0.00093216, -0.00029958, 0.0021965],
        [0.00074163, 0.00044237, 0.00089174],
        [0.00148914, 0.00221254, 0.00084125],
        [0.0004415, 0.00169834, -0.00164725],
        [-0.00160845, -0.00010472, -0.00089942],
        [0.0009644, 0.00036199, 0.00160665],
        [0.00488831, -0.00069105, -0.00054384],
        [-0.00107836, 0.00065607, 0.00030218],
        [-0.00014418, 0.00173121, -0.00119616],
        [-0.00028504, -0.00066447, 0.00401826],
        [0.0003784, -0.00036693, 0.00059725],
        [0.00055342, -0.00087205, 0.00272583],
        [0.00384946, 0.00633573, -0.00085027],
        [-0.00187949, 0.00068598, 0.00070201],
        [-0.00380675, -0.00242611, -0.00430711]
    ],
    "relaxed_lattice": [
        [-5.1943518, -14.06826742, -8.64991136],
        [-7.55559143, -0.1218216, -4.17184512],
        [-0.31895319, -0.08922904, -8.66158781]
    ],