{
    "atom_type": [
        "Na",
        "V",
        "P",
        "O"
    ],
    "atoms_per_type": [
        7,
        8,
        12,
        48
    ],
    "coord_mode": "direct",
    "relaxed_basis": [
        [0.25094994, 0.47914908, 0.5158822],
        [0.74857026, 0.50125494, 0.50099522],
        [0.49022891, 0.01423397, 0.00103841],
        [0.00021192, 0.99735826, 0.00308653],
        [0.80766307, 0.2471654, 0.89312004],
        [0.19237712, 0.74962606, 0.11555425],
        [0.69012178, 0.75331138, 0.10714381],
        [0.32211969, 0.63861449, 0.64362392],
        [0.82359238, 0.63960569, 0.64469227],
        [0.07193052, 0.14432073, 0.14898064],
        [0.56849365, 0.14691325, 0.14794823],
        [0.17767847, 0.3564589, 0.35720642],
        [0.67642603, 0.35998504, 0.35539563],
        [0.42851758, 0.86271725, 0.85099781],
        [0.93112908, 0.85373741, 0.85196517],
        [0.12606973, 0.54126932, 0.96334813],
        [0.62211157, 0.54801763, 0.96446183],
        [0.4786858, 0.25129352, 0.54086832],
        [0.98049948, 0.24779852, 0.54271184],
        [0.26885394, 0.95708946, 0.24905814],
        [0.7659486, 0.95685087, 0.25051178],
        [0.23307844, 0.03857869, 0.75020963],
        [0.73375419, 0.04345163, 0.75070178],
        [0.37777462, 0.46020756, 0.0303414],
        [0.87777462, 0.45349648, 0.03465911],
        [0.02067742, 0.75093053, 0.45939445],
        [0.51758323, 0.7542615, 0.45962537],
        [0.43610972, 0.70349676, 0.49860522],
        [0.93996436, 0.69973676, 0.49915173],
        [0.24939888, 0.85562256, 0.73327378],
        [0.75095448, 0.85336529, 0.75166355],
        [0.35677381, 0.482192, 0.86494068],
        [0.85916985, 0.45620156, 0.87772857],
        [0.49841917, 0.19111407, 0.37807124],
        [0.005605, 0.18103793, 0.38061665],
        [0.19006292, 0.96667311, 0.2082159],
        [0.68677334, 0.97086095, 0.20614746],
        [0.10672907, 0.36403668, 0.01599172],
        [0.60236296, 0.36910883, 0.0232979],
        [0.06011828, 0.30139959, 0.50425873],
        [0.56110567, 0.29821613, 0.49965012],
        [0.24998567, 0.13607426, 0.26952132],
        [0.75026647, 0.14655112, 0.24806684],
        [0.14453319, 0.53502539, 0.12187082],
        [0.64118542, 0.54173851, 0.12270256],
        [0.99756713, 0.8176141, 0.61959964],
        [0.49557841, 0.8185476, 0.61938758],
        [0.31187451, 0.0154726, 0.79916363],
        [0.81177192, 0.03180006, 0.79619739],
        [0.39733505, 0.6343965, 0.98225296],
        [0.8961005, 0.63392854, 0.97496275],
        [0.38641218, 0.42105346, 0.55107269],
        [0.88586746, 0.40955095, 0.55362451],
        [0.27944812, 0.78197084, 0.43038424],
        [0.77392547, 0.78840224, 0.43078753],
        [0.21151192, 0.55405314, 0.77559085],
        [0.71081753, 0.54608915, 0.7820648],
        [0.03390547, 0.91448583, 0.26693151],
        [0.52997943, 0.91808262, 0.26632938],
        [0.13820636, 0.06554973, 0.92163405],
        [0.63719466, 0.07969276, 0.91904248],
        [0.4610466, 0.2767947, 0.05855153],
        [0.96159359, 0.27287838, 0.07176218],
        [0.11520445, 0.58790917, 0.44618566],
        [0.61167288, 0.59051823, 0.44565843],
        [0.22443157, 0.21278035, 0.57466344],
        [0.72489469, 0.21244585, 0.57092501],
        [0.29087949, 0.45082788, 0.21497701],
        [0.78961081, 0.45313868, 0.21818555],
        [0.46624644, 0.08688478, 0.7301148],
        [0.96770808, 0.08399075, 0.73555792],
        [0.36462654, 0.91858302, 0.08473368],
        [0.86259572, 0.91851414, 0.08313681],
        [0.04082068, 0.72212878, 0.93107782],
        [0.54041905, 0.73155811, 0.92450101]
    ],
    "relaxed_energy": -778.79913111,
    "relaxed_forces": [
        [0.00180791, -0.00049512, 0.00031402],
        [7.49e-05, -0.00050305, 0.00018921],
        [0.0006509, -0.00127473, 0.000587],
        [-0.00089322, 0.00058206, -0.00112863],
        [0.00071271, 0.00024651, -0.00013838],
        [0.00048203, 0.00179696, 0.00063481],
        [-0.00028793, 0.00012176, 0.00099451],
        [-0.00242879, -0.00028004, -0.00104545],
        [-0.00181318, 0.00506569, 0.00066952],
        [0.00296701, -0.00206496, -0.0015719],
        [-0.00202724, 0.00316286, 0.00032316],
        [0.00028907, 0.00126087, 0.00049782],
        [-0.00206595, 0.00341154, 0.00204095],
        [-7.536e-05, -0.00032738, -0.0014365],
        [0.00250101, -0.00312218, 0.00130093],
        [-0.00231396, -0.00066157, -5.22e-06],
        [0.00271731, -0.00241826, -0.0011],
        [-0.00254382, -0.00130226, 0.00058783],
        [0.00082228, 0.00488575, -0.0013818],
        [0.00352621, 0.00218048, 0.00437717],
        [-0.00141764, -0.00072591, 0.00311383],
        [-0.00098385, -0.00290565, 0.00056909],
        [0.00390662, 0.00074716, 0.00412631],
        [0.00361164, -0.0014027, 0.00023545],
        [0.00022154, 0.00136871, -0.00193975],
        [-0.00093331, 0.00024231, 0.00075062],
        [-0.00100442, -0.00111589, 0.00381086],
        [0.00137914, 0.00175887, -0.00144281],
        [-0.00246155, -0.00489936, -0.00129069],
        [0.00161132, -0.00036614, -0.00392158],
        [-0.00219625, -0.00130204, -0.00035748],
        [0.00071486, -0.00031905, 0.00040342],
        [0.00180718, 0.00157574, -0.00040495],
        [-0.00087127, 2.735e-05, -0.00099147],
        [0.00373004, -0.00234734, -2.86e-06],
        [-0.00247328, 0.00016475, -0.00055265],
        [0.00145679, -0.00070533, -0.00345086],
        [-0.00055772, 0.00028996, -0.00034579],
        [-0.00020989, -0.00093637, -3.14e-06],
        [0.0010957, -0.00202236, -0.00419873],
        [0.0013118, 0.00146802, 0.00168411],
        [-0.00694652, 0.00307277, 0.00293951],
        [0.000463, 0.00129167, -0.00010401],
        [0.00072345, 0.00079655, -0.00029234],
        [-0.00055868, 0.00135258, 0.00222946],
        [0.00124197, -0.00102145, -0.00049976],
        [-0.00185656, 0.00138365, 0.0002933],
        [0.00144693, 0.00030409, -0.00376124],
        [0.00026039, 0.00019684, 0.00019156],
        [-0.0019315, -0.00240694, 0.00228694],
        [-1.585e-05, 0.00192674, -0.00049041],
        [7.981e-05, -0.0004167, 0.00038391],
        [0.00146121, -0.00146763, -0.00188534],
        [-0.00379815, 0.00106599, -0.00563002],
        [-0.00089018, -0.00026135, 0.00060795],
        [-0.0008469, -4.903e-05, 0.00032543],
        [0.00287331, 0.0022394, 0.00188171],
        [-0.00069845, -0.00180814, -0.00236245],
        [0.00112631, 0.00107667, 8.835e-05],
        [-0.00097878, 0.00022599, -0.00021001],
        [-0.00146651, -0.00246442, 0.00077808],
        [6.633e-05, -0.00039299, 0.00162439],
        [0.00139542, -0.00230061, -0.00379032],
        [0.00350339, -0.0029454, 0.00233536],
        [-0.00094673, 0.00159493, -0.00079981],
        [0.00127815, -0.00316773, 0.00114418],
        [0.00073526, 0.00017752, -0.00096734],
        [-0.0014871, -0.00036999, 0.00040787],
        [-0.00116958, 0.00122074, 0.0007956],
        [-0.0007518, 0.00046584, 0.00055118],
        [0.0007798, 0.0021282, -0.00037372],
        [-0.00295203, -0.00167898, -0.00174272],
        [0.00177665, 0.0023365, 0.00073755],
        [-0.00087183, 0.00015801, 0.00035],
        [-0.00088358, -0.00112298, 0.00245719]
    ],
    "relaxed_lattice": [
        [-5.07866571, -14.2507041, -8.52582586],
        [-7.5643773, -0.14501641, -4.20670059],
        [-0.19569538, -0.1832234, -8.59791488]
    ],