{
    "atom_type": [
        "Na",
        "V",
        "P",
        "O"
    ],
    "atoms_per_type": [
        4,
        8,
        12,
        48
    ],
    "coord_mode": "direct",
    "relaxed_basis": [
        [0.25290964, 0.48787592, 0.50805042],
        [0.74217262, 0.52141826, 0.49605231],
        [0.87313192, 0.09613332, 0.36370449],
        [0.16779928, 0.74609257, 0.09201186],
        [0.3233251, 0.6399631, 0.64165668],
        [0.81990581, 0.64664906, 0.64904073],
        [0.0734426, 0.15486593, 0.13921559],
        [0.56862684, 0.14228458, 0.14556922],
        [0.18207883, 0.33855804, 0.36397916],
        [0.67127989, 0.36544316, 0.35397908],
        [0.43158275, 0.85622662, 0.85790949],
        [0.92944727, 0.86149713, 0.85881463],
        [0.12381914, 0.54060787, 0.96197968],
        [0.62835434, 0.5253622, 0.96201832],
        [0.47889397, 0.24652548, 0.53623588],
        [0.97965302, 0.25402876, 0.53746537],
        [0.27183022, 0.9615428, 0.25171069],
        [0.76260901, 0.96449348, 0.25371411],
        [0.23823258, 0.03705499, 0.74751948],
        [0.73275882, 0.03535756, 0.74828877],
        [0.3737456, 0.47177577, 0.03238085],
        [0.87394329, 0.46762752, 0.04027055],
        [0.02385206, 0.74258331, 0.47689246],
        [0.51686489, 0.75282604, 0.46371516],
        [0.43369782, 0.70214613, 0.50026478],
        [0.935286, 0.71663486, 0.50877696],
        [0.25039122, 0.86656916, 0.72002547],
        [0.74643872, 0.87145665, 0.70182344],
        [0.35266671, 0.48773212, 0.87411015],
        [0.85063338, 0.49601761, 0.87916391],
        [0.48778424, 0.23185413, 0.36047287],
        [0.98770825, 0.24054456, 0.36141192],
        [0.17603817, 0.01608089, 0.23073062],
        [0.66740484, 0.98829907, 0.25821674],
        [0.11133029, 0.37299112, 0.97582498],
        [0.62950722, 0.3361188, 0.99522466],
        [0.06673335, 0.29537859, 0.49622269],
        [0.56244609, 0.30068111, 0.49085904],
        [0.25983367, 0.11175611, 0.31106031],
        [0.75491628, 0.12834205, 0.28655752],
        [0.15294092, 0.4907944, 0.12578668],
        [0.65033061, 0.51099621, 0.11998098],
        [0.01439742, 0.76009639, 0.65295365],
        [0.50569798, 0.76453743, 0.64255355],
        [0.32958995, 0.01753926, 0.75479664],
        [0.83189344, 0.00633375, 0.73228265],
        [0.36763005, 0.66320904, 0.00826875],
        [0.88802524, 0.63870615, 0.01052334],
        [0.38332287, 0.4094454, 0.58045977],
        [0.88676129, 0.42286681, 0.58048558],
        [0.287087, 0.76653456, 0.41119658],
        [0.79284667, 0.77286402, 0.40624033],
        [0.20607558, 0.58510965, 0.76967947],
        [0.70388053, 0.58392419, 0.7645749],
        [0.03171862, 0.92474839, 0.29796019],
        [0.51849087, 0.93591022, 0.29091497],
        [0.15301404, 0.04635444, 0.93695062],
        [0.65291057, 0.03519015, 0.93974866],
        [0.47221617, 0.31305629, 0.03578656],
        [0.96474952, 0.28300011, 0.06075227],
        [0.11826353, 0.58084762, 0.42551503],
        [0.61285825, 0.58806827, 0.42157405],
        [0.21332998, 0.22849807, 0.58876236],
        [0.70919586, 0.224496, 0.58386759],
        [0.29340995, 0.42021997, 0.22718057],
        [0.79311574, 0.42137463, 0.23543728],
        [0.48291301, 0.06047801, 0.70628241],
        [0.97744251, 0.07152248, 0.71028149],
        [0.35580803, 0.95852922, 0.06427803],
        [0.84192788, 0.95984466, 0.05467863],
        [0.03310094, 0.7186139, 0.96341185],
        [0.52857726, 0.68326882, 0.96368455]
    ],
    "relaxed_energy": -754.8533093,
    "relaxed_forces": [
        [-0.00096444, -0.00109669, 0.00209676],
        [0.0017228, -0.00028619, -0.00040881],
        [0.00332523, -0.00012427, 0.00158393],
        [-0.0007484, 0.00286206, 0.00332348],
        [0.00435987, -0.0020372, -0.00299173],
        [-0.00365874, 0.00249832, -0.00145185],
        [0.00102132, 0.00346995, -0.00012747],
        [0.00101751, -0.00034861, -0.00492105],
        [0.00010326, -0.00171708, -0.00057254],
        [0.00339243, -0.00068218, 6.373e-05],
        [-0.00093216, -0.00123347, 7.199e-05],
        [-0.00080114, 0.00195422, -0.00087526],
        [0.00098537, -0.00317752, 0.00233196],
        [-0.0018013, -0.00029679, 0.00141413],
        [0.00128257, -0.00036794, 0.00216436],
        [-0.0004643, -0.00022189, 0.00095857],
        [0.0015492, -0.00206621, 0.00050782],
        [0.00168893, 0.00448261, 0.00376235],
        [-0.00067683, 0.00562943, 0.00474754],
        [0.00096408, -0.00435904, 0.00259126],
        [0.00175381, -0.00038716, -0.00404163],
        [-0.00058861, 0.00111194, 0.00093288],
        [0.00148938, 0.00113636, -0.00212458],
        [0.00690476, 0.0006436, 0.00449328],
        [0.00132126, -0.00016063, 0.00356117],
        [0.00067262, -0.00173871, -7.877e-05],
        [-0.00222195, 0.00167028, -0.00177499],
        [-0.00390783, -0.00229812, -0.00249434],
        [-0.00324829, -0.00121435, 0.00687624],
        [-0.00269283, -7.171e-05, -0.00327189],
        [-0.00398166, -0.00399382, 0.00073714],
        [-0.00185413, -0.00122479, 0.00223728],
        [0.00032937, -0.00393642, -0.00088906],
        [0.00193959, -0.0015948, 0.0006349],
        [-0.00023392, -0.00059507, 0.001798],
        [-0.00116516, -0.00235334, -0.00281905],
        [-0.00407072, -0.00370288, -0.00230905],
        [-0.00429553, -0.00335618, -0.00442362],
        [0.00224547, 0.00034725, -0.00019679],
        [-0.00341895, 0.00182166, -0.0008263],
        [0.00215466, 6.74e-06, 0.00253153],
        [-0.00174091, 0.00149641, 0.00140193],
        [0.00399062, 0.00027307, -0.00179719],
        [0.00467798, 0.00501984, 0.00303058],
        [-0.00032077, -0.00138557, -0.00282783],
        [-0.00034881, -0.00016396, -0.00371964],
        [-0.00286135, 0.00206939, -0.00297673],
        [-0.00182115, 0.00134999, -0.00379586],
        [4.442e-05, 0.0041878, -0.00308994],
        [-0.00256442, 0.00399828, -0.00346309],
        [-0.00237949, 0.00039736, 0.00328844],
        [0.00375924, -0.00392809, -0.00197843],
        [0.00340858, 0.0014112, -0.00038288],
        [9.746e-05, 0.00167305, -0.0021708],
        [-0.00411936, 7.549e-05, -0.00199298],
        [-0.0034093, 0.00230594, 0.00371901],
        [-0.00134565, 0.00222892, 0.00185567],
        [-0.00032826, -0.00076754, -0.00038461],
        [-0.00217183, -0.00073918, -0.0026114],
        [0.00090509, -0.0022171, -0.00169955],
        [-0.00036165, -0.00466495, 0.00364606],
        [-0.00243834, 0.00581626, 0.00012107],
        [0.0012098, 0.0010524, 0.00042006],
        [-0.00297476, -0.00199531, -0.00027067],
        [0.002431, -0.00038624, 0.00013535],
        [0.00099937, 0.00175352, -0.00140655],
        [0.00190256, -0.0004164, 0.00032701],
        [0.00529803, 0.00051064, -6.645e-05],
        [-0.00034834, 0.00055608, -0.00167322],
        [-0.00020659, -0.00188814, 0.00160973],
        [0.00215362, -0.00076831, 0.00051795],
        [0.00036663, 0.00015377, 0.00341344]
    ],
    "relaxed_lattice": [
        [-5.18556147, -14.01349535, -8.58563239],
        [-7.57163474, -0.18976483, -4.32818483],
        [-0.28569597, -0.18691533, -8.6646339]
    ],