{
    "atom_type": [
        "Na",
        "V",
        "P",
        "O"
    ],
    "atoms_per_type": [
        10,
        8,
        12,
        48
    ],
    "coord_mode": "direct",
    "relaxed_basis": [
        [0.24974407, 0.5040102, 0.50472996],
        [0.74975264, 0.50424242, 0.50471432],
        [0.49800567, 0.99899276, 7.627e-05],
        [0.99803307, 0.9990491, 1.063e-05],
        [0.05739905, 0.37840225, 0.75060568],
        [0.55736072, 0.37843763, 0.75063165],
        [0.37541944, 0.12065142, 0.38264133],
        [0.87538697, 0.12068008, 0.3825711],
        [0.18933734, 0.75069822, 0.11866921],
        [0.68936311, 0.75091139, 0.1187193],
        [0.32016456, 0.64098661, 0.64113081],
        [0.82016713, 0.64121013, 0.64110263],
        [0.07495052, 0.14637399, 0.14541801],
        [0.57502291, 0.14634524, 0.1454135],
        [0.17741499, 0.35173867, 0.35252115],
        [0.6773955, 0.35208774, 0.35248102],
        [0.42936248, 0.8579453, 0.8609112],
        [0.92937733, 0.85801863, 0.86091305],
        [0.12419424, 0.54668984, 0.95386766],
        [0.62421834, 0.54674497, 0.95387829],
        [0.47635326, 0.24815793, 0.54682438],
        [0.97628935, 0.24825524, 0.5467681],
        [0.27383231, 0.9539279, 0.24749906],
        [0.77385986, 0.95413182, 0.24744931],
        [0.23057531, 0.03849251, 0.74877888],
        [0.73057886, 0.0386781, 0.74870107],
        [0.37577623, 0.4622014, 0.04057841],
        [0.87577696, 0.46235619, 0.04056153],
        [0.01880502, 0.74942151, 0.4627087],
        [0.51877938, 0.74942025, 0.46273171],
        [0.43576768, 0.71092536, 0.49015697],
        [0.93574825, 0.71112811, 0.49005096],
        [0.24733486, 0.87604237, 0.70061862],
        [0.74733701, 0.87640892, 0.70028018],
        [0.35626419, 0.49465438, 0.87485849],
        [0.85621298, 0.49500556, 0.87483253],
        [0.49269457, 0.20012039, 0.38467386],
        [0.99249224, 0.20027035, 0.38471441],
        [0.19321586, 0.99426689, 0.18987129],
        [0.69329192, 0.99426174, 0.18978031],
        [0.09954844, 0.38463154, 0.98222866],
        [0.59967707, 0.38459623, 0.98218123],
        [0.05814878, 0.28858285, 0.52470516],
        [0.55813209, 0.2886793, 0.5248501],
        [0.26033231, 0.1187968, 0.29325912],
        [0.76029605, 0.11910607, 0.29312957],
        [0.14923089, 0.51092661, 0.11817354],
        [0.64920386, 0.51116162, 0.11818999],
        [0.00254312, 0.79040107, 0.63000628],
        [0.50249743, 0.79042135, 0.63003634],
        [0.31350184, 0.00074065, 0.79634761],
        [0.81350113, 0.00072369, 0.79640135],
        [0.40032894, 0.62979375, 0.00246761],
        [0.90044423, 0.62981588, 0.00244047],
        [0.384109, 0.41195097, 0.56951524],
        [0.88409207, 0.41211633, 0.56957206],
        [0.28030768, 0.77069585, 0.41021684],
        [0.78032751, 0.77090944, 0.41018094],
        [0.20578784, 0.56887065, 0.77069634],
        [0.70579283, 0.56910534, 0.77070542],
        [0.03265175, 0.91525949, 0.27599129],
        [0.53261476, 0.91524417, 0.27604176],
        [0.13703889, 0.06083073, 0.91243593],
        [0.63704296, 0.06088834, 0.91241237],
        [0.45815415, 0.27403358, 0.06695239],
        [0.95810236, 0.27407282, 0.06689759],
        [0.11178383, 0.5814234, 0.44044826],
        [0.61180214, 0.58151285, 0.44048802],
        [0.22127842, 0.22656145, 0.58236933],
        [0.72128723, 0.22680604, 0.58237783],
        [0.29260073, 0.44664593, 0.2252145],
        [0.79259315, 0.44695653, 0.22519095],
        [0.46456198, 0.07664917, 0.73107373],
        [0.96450998, 0.07675532, 0.73104743],
        [0.36638125, 0.93451859, 0.0813999],
        [0.86641863, 0.93469365, 0.08137245],
        [0.04012293, 0.73129598, 0.93961769],
        [0.54007755, 0.73123846, 0.9396752]
    ],
    "relaxed_energy": -800.25730994,
    "relaxed_forces": [
        [-0.00116541, 0.00055322, 0.0005257],
        [-0.00017506, 0.00078398, 0.0005539],
        [-0.00164457, -0.0009463, 0.00096323],
        [-0.00152328, -0.00073251, 0.00137583],
        [-8.628e-05, -0.00054214, -0.00189149],
        [-0.0006119, -0.00067899, -0.00226126],
        [0.00085368, 0.00189308, 0.00330707],
        [0.00111787, 0.00202764, 0.00300784],
        [-0.00244761, -0.00042354, 0.0014285],
        [-0.00215464, -0.00041903, 0.00159111],
        [-0.00050623, -0.00136043, -0.00011911],
        [-0.00026134, 0.00093644, 0.00202951],
        [6.659e-05, -0.00082333, 0.0016846],
        [-0.00028115, -0.00181068, 0.0026236],
        [-0.00169554, -0.00320855, -0.00177547],
        [0.00314011, -0.00499178, -0.00125006],
        [0.00312097, 2.687e-05, -0.00104063],
        [0.00033813, 0.00208941, -0.00041827],
        [0.00069158, 0.00070678, -0.00361873],
        [-0.0003825, 0.00461499, 0.00023462],
        [-0.00036398, 0.00068166, -0.001525],
        [0.00444033, 0.00475191, -0.00105205],
        [-0.00149058, 0.00191358, -0.00189704],
        [-0.00013234, 5.27e-06, -0.00011066],
        [-0.00088783, -0.00610638, -2.382e-05],
        [0.00378442, -0.00585758, -0.00297281],
        [0.00456684, 0.00441351, 0.00425682],
        [0.00341663, 0.00466657, 0.00150971],
        [-0.00433287, -0.00122323, -0.00062792],
        [-0.0020235, -0.00112102, 0.00053748],
        [0.00113171, -0.00111409, 0.00269057],
        [0.0030104, 0.00031411, 0.00283963],
        [4.67e-05, -0.00041783, 0.00350757],
        [0.00134558, -0.00098891, 0.0029218],
        [-0.00151552, -0.0020796, -0.00192961],
        [0.00097429, -0.002131, -0.00341761],
        [0.0010498, -0.00331868, -0.00326916],
        [0.00110291, -0.00470261, -0.00114783],
        [0.00139616, 0.00027605, 0.00269816],
        [0.00279085, 0.00211917, 0.00291629],
        [-0.00162434, -0.00248956, -0.00079874],
        [-0.00183841, -0.00124915, -0.0007123],
        [-0.00208799, -0.00176919, -0.00230922],
        [-0.00078567, -0.00036973, -0.00064531],
        [0.00159468, 0.00419932, -0.00063021],
        [0.00234893, 0.00477821, -0.00156727],
        [-0.00392777, -0.00182159, -0.00065096],
        [-0.00306517, -0.0024289, -0.00380263],
        [0.00240739, 0.00348722, 0.00110182],
        [0.00267052, 0.00352701, 0.00101403],
        [0.00272099, 0.00055248, -0.00180512],
        [0.00363098, 0.00124055, -0.00168743],
        [-0.001309, -0.00200622, -0.00316051],
        [0.00278784, -0.00083515, -0.00183525],
        [0.00199716, -0.00232104, 0.00259336],
        [0.00219555, -0.00375339, 0.00158141],
        [-0.00266337, 0.00026574, -0.00037771],
        [-0.00095492, -0.00010377, -0.00098841],
        [-0.00068551, 0.00015329, 0.00377484],
        [-0.0008631, -0.00153299, 0.00437756],
        [0.00092755, 0.00065187, -0.00025162],
        [0.00056895, 0.00067117, 0.00028137],
        [0.00023006, 0.00334611, 6.643e-05],
        [-0.00062716, 0.00263269, -0.00025277],
        [0.00076876, -0.00231875, -0.00153264],
        [-0.00051023, 0.00031956, -0.00049826],
        [-0.00157738, 0.002962, -0.00095425],
        [-0.00072099, 0.00297238, -0.0008496],
        [-0.00035826, -0.0004137, -0.0043221],
        [-0.00297795, 0.00034245, -0.0016339],
        [-0.00031555, 0.00265342, -0.00128917],
        [0.00115304, 0.00096885, 0.00051221],
        [-0.0049314, -0.00069218, 0.00058425],
        [-0.00473265, -0.00193305, 0.00043897],
        [-0.00233886, -0.00149763, -0.00195369],
        [-0.00180946, -0.00067909, -0.00207478],
        [-0.00011228, 0.00288824, 0.00347808],
        [0.00011157, 0.00182648, 0.00392448]
    ],
    "relaxed_lattice": [
        [-4.97120257, -14.30162286, -8.37477148],
        [-7.53613501, -0.08701426, -4.18153994],
        [-0.09976691, -0.06254279, -8.67951095]
    ],