{
    "atom_type": [
        "Na",
        "V",
        "P",
        "O"
    ],
    "atoms_per_type": [
        6,
        8,
        12,
        48
    ],
    "coord_mode": "direct",
    "relaxed_basis": [
        [0.24809319, 0.47504353, 0.52611689],
        [0.74783856, 0.49910465, 0.50336665],
        [0.98617252, 0.02729991, 0.00270513],
        [0.45606152, 0.64512299, 0.25031821],
        [0.18992835, 0.74941002, 0.1173369],
        [0.67117925, 0.74497493, 0.08941983],
        [0.31893784, 0.64259174, 0.65248054],
        [0.82652124, 0.64059134, 0.6366757],
        [0.06778922, 0.14507992, 0.1551303],
        [0.57515755, 0.14249077, 0.13309771],
        [0.17748082, 0.35454425, 0.35714517],
        [0.67743263, 0.3476999, 0.36475069],
        [0.4281579, 0.86767506, 0.85075752],
        [0.92831293, 0.85883988, 0.85853523],
        [0.12535673, 0.53914106, 0.96570181],
        [0.62693391, 0.53242038, 0.95439042],
        [0.4821245, 0.25153273, 0.53610532],
        [0.97934437, 0.24902271, 0.54511564],
        [0.2665152, 0.95748518, 0.25086579],
        [0.76952849, 0.95761138, 0.25131329],
        [0.22816309, 0.03974277, 0.75559371],
        [0.73723793, 0.04069174, 0.74554069],
        [0.37929376, 0.46129063, 0.03328259],
        [0.875839, 0.46558498, 0.03337248],
        [0.0190047, 0.75026787, 0.46180454],
        [0.51755465, 0.75592058, 0.461596],
        [0.43339291, 0.71645636, 0.49021417],
        [0.93846163, 0.69772613, 0.4907526],
        [0.24232796, 0.85827576, 0.73876508],
        [0.75942154, 0.86267336, 0.71365267],
        [0.36050715, 0.48926522, 0.86328967],
        [0.86417543, 0.48425946, 0.86059669],
        [0.50609092, 0.21980643, 0.35712118],
        [0.00194442, 0.19025992, 0.38010771],
        [0.18655523, 0.96546544, 0.21371843],
        [0.68687417, 0.98991331, 0.20285304],
        [0.10582902, 0.36354149, 0.01739269],
        [0.61834087, 0.35968291, 0.96952725],
        [0.05992232, 0.30035623, 0.50668658],
        [0.56265721, 0.27994418, 0.53082354],
        [0.2449021, 0.13620205, 0.27408032],
        [0.75128749, 0.12539909, 0.29177795],
        [0.14313882, 0.53395798, 0.12322692],
        [0.63073144, 0.50927384, 0.13736532],
        [0.99564286, 0.80377271, 0.6250815],
        [0.49915038, 0.79919077, 0.62785316],
        [0.30830578, 0.00842006, 0.80571172],
        [0.81710327, 0.00914753, 0.80134373],
        [0.39209037, 0.63971329, 0.99621102],
        [0.89606227, 0.63372298, 0.99925258],
        [0.39045914, 0.42845345, 0.54659588],
        [0.88621941, 0.41936653, 0.55196435],
        [0.27917336, 0.77983849, 0.43237867],
        [0.77828511, 0.77383233, 0.42304513],
        [0.2128638, 0.54902035, 0.78083145],
        [0.71478155, 0.56848437, 0.77929708],
        [0.02859752, 0.91796061, 0.27195057],
        [0.53348722, 0.92102235, 0.27250045],
        [0.13334583, 0.06889183, 0.92583182],
        [0.64467739, 0.05152375, 0.91932128],
        [0.46710106, 0.28488726, 0.05754139],
        [0.95704885, 0.27789516, 0.07627212],
        [0.11458599, 0.58672631, 0.43973634],
        [0.6102811, 0.58506795, 0.43739405],
        [0.22154676, 0.21320317, 0.57823761],
        [0.73001349, 0.22107525, 0.57643921],
        [0.29267458, 0.44174879, 0.216024],
        [0.78335609, 0.46190494, 0.20581895],
        [0.46024013, 0.08302778, 0.71812781],
        [0.96827729, 0.08213689, 0.73121019],
        [0.36322874, 0.91527447, 0.09222848],
        [0.86412363, 0.93312367, 0.08427925],
        [0.04078258, 0.72252546, 0.92677645],
        [0.53896797, 0.71177741, 0.9292322]
    ],
    "relaxed_energy": -770.56038474,
    "relaxed_forces": [
        [0.00256302, -0.00155635, 0.00038182],
        [-6.741e-05, 0.00040903, -0.00103526],
        [0.00095726, 0.00048329, -0.00075124],
        [-0.00663474, -0.00387149, -0.00610492],
        [-0.00038327, 0.00028509, 3.468e-05],
        [0.00022615, -0.00058428, 0.00039274],
        [0.00223198, 0.00154454, -0.00171052],
        [-0.00043427, -0.00317624, 0.00038316],
        [0.00045053, -0.00022886, -9.01e-05],
        [0.0011639, -0.00575733, -0.00151082],
        [-0.00237249, 0.00436847, -0.00111009],
        [0.00059304, -0.00054539, -0.00147206],
        [0.00202861, 0.00202103, 0.00163854],
        [-0.00214861, -0.00068151, 0.00153849],
        [0.00328542, 0.00114057, 0.00098892],
        [0.00031483, 0.00148593, -0.00059263],
        [0.00081203, -0.00552112, -0.00526379],
        [0.00117257, 0.00237646, 0.00025694],
        [-0.00424578, 0.00311137, -0.00376478],
        [-0.00081656, 0.00370975, -0.00129983],
        [0.00053843, 0.000305, -0.00563772],
        [0.00154611, -0.00478727, 0.00182429],
        [0.00054178, -0.0012029, 0.00711837],
        [0.0007195, 0.00189647, -0.00053376],
        [-0.00029764, -0.00477459, -0.00077907],
        [0.00320897, -0.00470566, -0.0007032],
        [0.00071784, 0.00395967, 0.00092036],
        [0.00225498, 0.00356804, 0.0010827],
        [0.00387855, -0.00035719, -0.00369266],
        [-0.00270829, 5.249e-05, -0.00338046],
        [0.0064219, 7.714e-05, -0.00288396],
        [-0.00026495, -0.00023956, 0.00090812],
        [0.00372731, -0.00255717, 0.00576057],
        [3.881e-05, 0.00049976, 0.0015749],
        [0.00142776, 0.00250933, -0.00098083],
        [0.00080814, 0.00010234, 0.00089124],
        [-0.00329006, 0.00022675, -0.00210403],
        [0.00135371, 1.959e-05, 0.00029706],
        [-0.00183906, -0.00402047, 0.00059049],
        [0.00211482, 0.00357262, 0.00414349],
        [0.00351646, -0.00154584, 0.00542616],
        [0.00066414, 0.00202596, 0.0043287],
        [-0.00015167, -0.00067765, -0.00314204],
        [-0.00363386, 0.00231208, 0.00025468],
        [0.00060118, 0.0010233, -0.0009971],
        [-0.00604163, -0.00520559, -0.00101314],
        [-0.00147882, -0.00174071, 0.00208573],
        [0.00011051, 0.00016861, -0.00051337],
        [-0.00112654, -0.00049063, 0.00512145],
        [0.00126823, 0.00115104, 0.00032944],
        [-0.00285767, 0.00131577, 0.00251294],
        [0.000998, 0.00017167, 0.00025368],
        [-0.00419303, 0.00084561, 0.00017137],
        [0.00037648, -0.00029504, -0.00055803],
        [0.00076173, -0.00122087, 0.0005271],
        [-0.00183888, -0.00227027, -0.000777],
        [-4.88e-06, 0.00010748, 0.00108681],
        [-0.00297403, 5.447e-05, 0.00249026],
        [-0.00188632, -0.00097682, -0.00052617],
        [-2.48e-05, 0.00447516, -0.00420859],
        [-0.00219128, -0.00037318, -0.00140507],
        [0.00103644, 0.00069564, -0.00111947],
        [-0.00054092, 0.00132964, -8.632e-05],
        [-0.00099313, 0.00363002, -0.00158951],
        [-0.00182375, 0.00116971, 0.00552579],
        [-0.00177887, -0.00109606, 0.00032036],
        [0.00167596, 0.00253459, -0.00028338],
        [2.958e-05, -0.00034245, 0.00184421],
        [-0.00406775, 0.00506936, -0.00461499],
        [-0.00067702, -0.00065467, -0.00093925],
        [3.723e-05, -0.00457312, -0.00049943],
        [0.00059201, -0.00272539, 8.408e-05],
        [0.00049443, 0.00033555, -0.00021],
        [0.00652766, 0.00261527, 0.00479492]
    ],
    "relaxed_lattice": [
        [-5.10525056, -14.17058387, -8.50459884],
        [-7.55453854, -0.16196573, -4.28741145],
        [-0.18731632, -0.18063891, -8.66089985]
    ],