{
    "atom_type": [
        "Na",
        "V",
        "P",
        "O"
    ],
    "atoms_per_type": [
        6,
        8,
        12,
        48
    ],
    "coord_mode": "direct",
    "relaxed_basis": [
        [0.75310623, 0.51359194, 0.48032085],
        [0.50021627, 0.99622077, 0.00282275],
        [0.00010375, 0.99789912, 0.00320517],
        [0.12430777, 0.83897418, 0.58956597],
        [0.80468065, 0.25299877, 0.8804072],
        [0.19922976, 0.74878248, 0.13724021],
        [0.32670558, 0.62690954, 0.64673932],
        [0.82069851, 0.64996538, 0.64483161],
        [0.06708943, 0.14792238, 0.14650428],
        [0.57450598, 0.13890984, 0.14530508],
        [0.18102732, 0.35612545, 0.351169],
        [0.67466005, 0.36465727, 0.36321474],
        [0.42765959, 0.86459972, 0.84593509],
        [0.92538737, 0.85318748, 0.8640946],
        [0.12731369, 0.54186198, 0.96705873],
        [0.62229428, 0.54279153, 0.96871166],
        [0.48328626, 0.251554, 0.53980991],
        [0.97795947, 0.25426352, 0.53317874],
        [0.26917092, 0.96812524, 0.24393412],
        [0.76535457, 0.96266919, 0.25727927],
        [0.23563464, 0.02914352, 0.74740143],
        [0.72995735, 0.04600926, 0.75262405],
        [0.37772253, 0.45754078, 0.03108523],
        [0.87246575, 0.45715585, 0.03913425],
        [0.01917899, 0.74099592, 0.46185505],
        [0.52000956, 0.75342661, 0.46123427],
        [0.43899434, 0.70053324, 0.50441643],
        [0.93620379, 0.68951627, 0.50213547],
        [0.25842479, 0.83457104, 0.74337892],
        [0.75526608, 0.87396056, 0.70597603],
        [0.36323334, 0.45707228, 0.87210821],
        [0.84707321, 0.48367936, 0.87928993],
        [0.50500241, 0.20626407, 0.37212376],
        [0.98505535, 0.20102395, 0.38355361],
        [0.1823277, 0.97159746, 0.23478805],
        [0.68496066, 0.98281093, 0.21092644],
        [0.10924605, 0.36710983, 0.01897447],
        [0.61849297, 0.35665192, 0.99696424],
        [0.06357328, 0.30469631, 0.47299922],
        [0.56310577, 0.30532474, 0.50968161],
        [0.255277, 0.15628024, 0.24246257],
        [0.74001857, 0.13891888, 0.29381155],
        [0.14950347, 0.53265181, 0.12353104],
        [0.64074107, 0.52186866, 0.1337141],
        [0.00045906, 0.79097827, 0.62467999],
        [0.50241889, 0.80459781, 0.62626634],
        [0.31836821, 0.03119062, 0.76381604],
        [0.80905494, 0.03018965, 0.79557175],
        [0.38361168, 0.6495617, 0.97824434],
        [0.88494256, 0.6303839, 0.0115382],
        [0.39091514, 0.4252244, 0.55619701],
        [0.88213151, 0.41863065, 0.57028635],
        [0.28157822, 0.80528666, 0.42935947],
        [0.77776858, 0.77859856, 0.42639948],
        [0.21001525, 0.57069913, 0.77444224],
        [0.70753947, 0.57284648, 0.77990067],
        [0.0311942, 0.9045206, 0.2710498],
        [0.52725493, 0.92573097, 0.27645523],
        [0.14503444, 0.05252289, 0.92100845],
        [0.63684924, 0.05447757, 0.92519133],
        [0.46773887, 0.28793278, 0.06226912],
        [0.95967902, 0.2769273, 0.05112391],
        [0.1136133, 0.57287951, 0.44036207],
        [0.61470788, 0.58815255, 0.44210827],
        [0.21703376, 0.18954788, 0.5654119],
        [0.71455527, 0.23210202, 0.5847227],
        [0.29284159, 0.43656194, 0.21814214],
        [0.78831736, 0.42348905, 0.22934521],
        [0.47334849, 0.08213412, 0.72625103],
        [0.97432567, 0.0838082, 0.72287178],
        [0.35958378, 0.92783682, 0.07266055],
        [0.85777791, 0.9524382, 0.08428794],
        [0.04220532, 0.72681926, 0.93500492],
        [0.53379935, 0.71630624, 0.9458885]
    ],
    "relaxed_energy": -770.68830303,
    "relaxed_forces": [
        [0.0001043, 0.00080616, -5.306e-05],
        [0.0016704, 0.00077206, 0.00024643],
        [-0.000703, 0.00042275, -0.0003524],
        [0.00121337, 0.00109779, 0.00236467],
        [0.00072047, -0.00148531, -0.00010457],
        [-0.0006638, 0.00129871, 0.00527063],
        [0.00066135, -0.00017213, 0.00135735],
        [-0.00148647, -0.00085418, 0.00023525],
        [-0.00050163, 0.00240948, -0.00236385],
        [0.00024541, -0.00222666, -0.00262332],
        [-0.00173589, 0.00016424, 0.00133862],
        [0.00072608, 0.00105414, -0.00042438],
        [-0.00038371, -0.00199788, -0.00129418],
        [0.00073563, 0.00398804, -0.00074347],
        [0.00065121, 0.0019261, 0.00135604],
        [0.00179971, -0.00045106, 0.00035002],
        [0.00050145, 0.00155531, 0.00139123],
        [-0.00064118, -2.448e-05, -0.00993352],
        [0.00042341, -0.00105528, 0.0015933],
        [-0.00133982, 0.00074134, -0.00331971],
        [-0.00059938, -0.00320651, 0.00096571],
        [-0.0007052, 6.275e-05, 0.00034039],
        [-0.00036976, -0.0012085, 0.00222097],
        [0.00252941, -0.00292825, -0.00187842],
        [0.00283184, -0.00253506, 0.00239887],
        [-0.00293038, -0.00192381, -0.00161456],
        [0.00048787, 0.00215377, 0.00025715],
        [0.00084168, -0.00036656, 0.00026636],
        [0.00139402, -0.00183457, -0.00374308],
        [-0.00103422, -0.00041971, -0.0003981],
        [0.00096744, -0.00291522, 0.00124372],
        [0.00018623, -0.0005683, -0.00231389],
        [-0.00102934, 0.00149238, 0.00090196],
        [0.00400567, -0.00057478, 0.00416296],
        [0.00203899, -0.00362325, 0.00203768],
        [-0.00126246, 0.00016588, -0.00288875],
        [-0.00014824, -0.00116661, -0.00155888],
        [5.86e-06, -0.00077554, -0.00140699],
        [0.00240447, 0.00143248, -0.00206318],
        [5.077e-05, 0.00330477, 0.00154277],
        [-0.00471902, 0.00159059, 0.00654108],
        [0.00181621, 0.00181533, -0.00265869],
        [-0.00221503, 0.00269133, 0.00318161],
        [-0.00065668, 0.0001342, 0.00101148],
        [0.00300747, -0.00475778, 0.00204948],
        [-0.00276372, -0.00053817, 0.00090412],
        [-0.0006735, 0.00211263, 0.00020611],
        [-0.0012808, -0.0001149, -0.00026292],
        [0.00057655, -0.00338562, 0.00291617],
        [-0.00586047, 0.00116737, 0.00171308],
        [6.11e-06, 0.00139091, -0.00131352],
        [0.003383, -0.00047101, 0.00062863],
        [-0.00555322, 0.00363837, -0.0027657],
        [-0.00043181, 0.00127513, -0.00041546],
        [-0.00025846, 0.0005569, 3.707e-05],
        [-0.00159177, -0.00076527, -0.00127576],
        [0.00263624, -0.00124451, 0.00228184],
        [1.297e-05, 8.998e-05, 0.00016093],
        [-0.00149768, 0.00520125, -0.00133075],
        [0.00011907, -0.00268625, 0.00042314],
        [0.00032124, -0.00080823, -0.00013367],
        [-0.00446282, 0.00376599, -0.00510668],
        [0.00058659, -0.00279207, 0.00202497],
        [0.00011305, 0.00282499, 3.527e-05],
        [0.00503759, -0.00724633, 0.00344411],
        [7.99e-06, 0.00189659, -0.00144641],
        [2.855e-05, -0.0014422, 0.00084698],
        [-0.00232162, -0.00132164, -0.00150775],
        [-0.00058211, 0.00195779, 0.00109689],
        [0.00202128, 0.00357466, -0.00067534],
        [0.00296199, -0.00214214, 6.952e-05],
        [-0.00233786, 0.00016476, -0.00531417],
        [0.00352442, 0.00325429, 0.00211735],
        [-0.00061631, -0.00192141, -0.00024676]
    ],
    "relaxed_lattice": [
        [-5.11453323, -14.18485875, -8.5710217],
        [-7.54068872, -0.14565157, -4.25675581],
        [-0.23218992, -0.15241003, -8.65781835]
    ],