{
    "atom_type": [
        "Na",
        "V",
        "P",
        "O"
    ],
    "atoms_per_type": [
        10,
        8,
        12,
        48
    ],
    "coord_mode": "direct",
    "relaxed_basis": [
        [0.26088755, 0.49124036, 0.49746575],
        [0.756158, 0.47191859, 0.51622837],
        [0.49784429, 0.01517652, 0.98620482],
        [0.97440766, 0.00428174, 0.04307636],
        [0.12439235, 0.89178811, 0.61636557],
        [0.62654392, 0.88724173, 0.6100783],
        [0.05816257, 0.38326983, 0.75413051],
        [0.37579877, 0.10436121, 0.37315616],
        [0.1882529, 0.7522975, 0.11181958],
        [0.68737776, 0.75280532, 0.12235776],
        [0.32169013, 0.64405364, 0.64152253],
        [0.82168235, 0.63756671, 0.64905128],
        [0.07095651, 0.14590386, 0.14921025],
        [0.56946405, 0.15212109, 0.14197553],
        [0.17758822, 0.35836032, 0.35275756],
        [0.68136497, 0.35043269, 0.35112791],
        [0.43071881, 0.85071586, 0.85771705],
        [0.92703249, 0.85686203, 0.85696559],
        [0.1226254, 0.54698885, 0.95603154],
        [0.6244993, 0.54651145, 0.96111266],
        [0.47698234, 0.24695456, 0.53333414],
        [0.97893925, 0.25061214, 0.55072937],
        [0.2737933, 0.95834364, 0.2406929],
        [0.77055379, 0.95668004, 0.24850212],
        [0.22893901, 0.03872966, 0.74674645],
        [0.72987817, 0.03836365, 0.74669723],
        [0.376242, 0.46174445, 0.03574012],
        [0.8750235, 0.45823097, 0.04284007],
        [0.02204536, 0.75298748, 0.46448785],
        [0.52186861, 0.7484207, 0.46328992],
        [0.43023291, 0.73156079, 0.50624682],
        [0.93903609, 0.70288104, 0.51863206],
        [0.2344819, 0.88464535, 0.69988737],
        [0.73645606, 0.87038078, 0.71837975],
        [0.34326974, 0.51151107, 0.88058333],
        [0.84919755, 0.48682501, 0.88517767],
        [0.47838583, 0.20116668, 0.38209705],
        [0.00627096, 0.19556167, 0.38597414],
        [0.1931478, 0.99070017, 0.19066931],
        [0.68417439, 0.98323715, 0.22165517],
        [0.09698152, 0.38657172, 0.98796766],
        [0.59403226, 0.3838237, 0.01763586],
        [0.06142445, 0.28170655, 0.53935371],
        [0.5708637, 0.25552175, 0.4889845],
        [0.25788261, 0.12382697, 0.28768652],
        [0.76303912, 0.12838766, 0.27063481],
        [0.14741633, 0.51426345, 0.11943641],
        [0.65112404, 0.52627913, 0.1152051],
        [0.01536687, 0.80216163, 0.6194659],
        [0.51449138, 0.79805693, 0.61890085],
        [0.3152461, 0.9799208, 0.79325939],
        [0.81678105, 0.99113607, 0.78786831],
        [0.40779495, 0.62215361, 0.99310493],
        [0.90780321, 0.62483457, 0.97954309],
        [0.39189375, 0.42123259, 0.55886872],
        [0.88830081, 0.41671702, 0.56352266],
        [0.27782949, 0.77778127, 0.41429471],
        [0.77967099, 0.77858003, 0.42345712],
        [0.20339391, 0.57086169, 0.76811305],
        [0.70388074, 0.56156745, 0.77145843],
        [0.03608779, 0.91024034, 0.27196037],
        [0.53385027, 0.91302513, 0.27147459],
        [0.13669728, 0.06974665, 0.91060756],
        [0.64082015, 0.06259311, 0.91968331],
        [0.45407884, 0.27170329, 0.05911857],
        [0.95793997, 0.27449886, 0.06428237],
        [0.11511041, 0.58209544, 0.4426539],
        [0.61027165, 0.57756971, 0.43921116],
        [0.22573358, 0.22521544, 0.57704535],
        [0.7216184, 0.21870553, 0.57778493],
        [0.29307814, 0.45383229, 0.22255443],
        [0.79184076, 0.46169399, 0.22421886],
        [0.46324583, 0.07973679, 0.72408276],
        [0.96345844, 0.08033977, 0.73740148],
        [0.36684101, 0.93270394, 0.07845902],
        [0.86087359, 0.91970832, 0.08264282],
        [0.04039512, 0.73651818, 0.93570901],
        [0.54306494, 0.73782326, 0.93115582]
    ],
    "relaxed_energy": -800.93628026,
    "relaxed_forces": [
        [-0.00011975, -0.00062382, -0.00034127],
        [-3.303e-05, -0.00012575, 0.00021619],
        [-0.00054283, -0.00013031, 0.00057163],
        [0.00046781, 0.00205818, -0.00061197],
        [-0.00067626, 0.00068037, -0.00068032],
        [-7.08e-06, 0.00024374, 7.426e-05],
        [-8.829e-05, 0.00146619, 3.242e-05],
        [-0.00044407, -0.00044816, -9.884e-05],
        [-0.00022942, -0.00060959, 0.00065903],
        [-0.000249, 0.00084986, 0.00143374],
        [0.00034901, -0.00089883, -0.00159018],
        [-0.00085568, -0.00017736, 0.00130087],
        [0.00069402, -0.0003717, 0.00075265],
        [0.00051907, 0.00143918, 0.00224084],
        [0.00044928, -0.0001115, -0.00123818],
        [0.00053035, 2.052e-05, 0.00155748],
        [-0.00011201, -0.00091499, -0.00236942],
        [-0.00170556, 0.00062139, -0.0003997],
        [0.00320855, 0.00269072, -0.00324623],
        [0.00338212, -0.00082851, 0.00382744],
        [0.0009703, 0.00092009, 0.00064037],
        [-0.00049292, 0.00071636, -0.00482026],
        [-0.00331355, 0.00084362, 0.00335388],
        [-0.00046848, -0.00066484, -0.00022389],
        [-0.00072574, 0.00369896, -0.00123596],
        [0.00039462, -0.00119368, 0.00085834],
        [-0.00417141, -0.00189664, -0.00050004],
        [0.00072598, -0.0020163, 0.00171455],
        [0.00158302, 0.00104781, -0.00075748],
        [-0.00164417, 0.00398829, 0.00078924],
        [0.00225336, 0.00666404, -0.00058029],
        [0.00290829, 0.00233176, -0.00114042],
        [0.00581885, -0.00041736, 0.00290207],
        [0.00562748, -0.00210215, 0.00362209],
        [-0.00166413, 0.00175551, 0.00715426],
        [0.00118006, 0.00205962, 0.00631456],
        [-0.00044707, 0.00036283, 0.00306734],
        [0.00152446, -0.00219306, 0.00739519],
        [0.00058612, 0.00029939, 0.00037119],
        [0.00135715, 0.00423015, 0.00247386],
        [0.00101443, 0.00058362, -0.00063101],
        [0.00028204, 0.00062982, 0.00018149],
        [-0.00227913, -0.00143182, -0.0011182],
        [-0.00236299, -0.00385936, 0.00048796],
        [-0.00186615, 0.00100679, -0.0026647],
        [-0.00303169, -0.00193295, -0.00108578],
        [0.00027581, -0.00030576, -0.00303334],
        [-0.00124762, -0.00209614, -0.00178847],
        [-0.00125465, -0.00027744, -0.00478053],
        [0.00047653, -5.939e-05, -0.00289347],
        [0.0012331, -0.00381576, -0.00362196],
        [-0.00084778, -0.00557126, -0.00128707],
        [0.00131831, 0.0004906, 0.00031002],
        [-0.0053091, -0.00172853, -0.00026805],
        [-0.00805286, 0.00296499, -0.003632],
        [-0.00357461, 0.00414774, -0.00039911],
        [0.00684217, -0.0010003, -0.00713755],
        [0.00486335, -0.00072889, -0.00428763],
        [-0.00347825, -0.00834988, 0.00318385],
        [-0.00243844, -0.00403555, 0.0017994],
        [-0.0044975, 0.00010195, 0.00252992],
        [-0.00103838, -0.00030934, 0.00144858],
        [-0.00076106, 0.00223324, -0.00109033],
        [-7.831e-05, 0.00461935, -0.00423744],
        [0.00342923, -0.0041611, 0.00057527],
        [0.00287729, -0.00108186, -0.00246446],
        [0.00198974, -0.0040327, 0.00062484],
        [0.0037577, -0.00157161, 0.0010982],
        [-0.00175633, 0.00010573, 0.00130724],
        [-0.00303171, -0.00060783, 0.00267317],
        [0.00084198, 0.00281668, -0.00257989],
        [0.0005456, 0.00441617, -0.00345838],
        [0.00055461, -0.00081691, -0.00119657],
        [0.00419146, 0.00150648, -0.00191616],
        [0.00090479, -0.00258538, 0.00041516],
        [0.00029133, -0.00457741, 0.00482107],
        [-0.00287021, 0.003585, 0.00029689],
        [-0.00245214, 0.00246498, 0.00032998]
    ],
    "relaxed_lattice": [
        [-4.98347228, -14.42526959, -8.32671217],
        [-7.53484466, -0.13032101, -4.23361146],
        [-0.1080088, -0.16334603, -8.67042505]
    ],