{
    "atom_type": [
        "Na",
        "V",
        "P",
        "O"
    ],
    "atoms_per_type": [
        5,
        8,
        12,
        48
    ],
    "coord_mode": "direct",
    "relaxed_basis": [
        [0.24450734, 0.49035729, 0.51860498],
        [0.75134095, 0.50327894, 0.49876948],
        [0.50135855, 0.01621065, 0.98668426],
        [0.44306984, 0.62267471, 0.2503837],
        [0.17485949, 0.75304598, 0.09719233],
        [0.32174629, 0.63579923, 0.64708286],
        [0.82317663, 0.64733986, 0.63979135],
        [0.06436763, 0.14680725, 0.14526724],
        [0.57967432, 0.13320202, 0.13869987],
        [0.17675286, 0.34816596, 0.36136535],
        [0.67723818, 0.35764421, 0.36334103],
        [0.42629042, 0.86392138, 0.84896439],
        [0.92971553, 0.8624186, 0.86470165],
        [0.12485258, 0.53152573, 0.96347634],
        [0.6263584, 0.53553392, 0.95943572],
        [0.48462291, 0.24263485, 0.53831648],
        [0.97884143, 0.25030521, 0.54061204],
        [0.26718885, 0.95862543, 0.24851944],
        [0.77200341, 0.96305062, 0.24831812],
        [0.22846005, 0.04200484, 0.75274129],
        [0.73475998, 0.04005689, 0.74450723],
        [0.37781925, 0.45590236, 0.04047287],
        [0.87172361, 0.47420985, 0.03821779],
        [0.01879664, 0.74896363, 0.46879663],
        [0.51942314, 0.75001744, 0.4563124],
        [0.43902937, 0.70542535, 0.47547497],
        [0.93742253, 0.70706081, 0.48915498],
        [0.24738629, 0.86133689, 0.73408822],
        [0.75037052, 0.87915927, 0.6947322],
        [0.36284789, 0.48082367, 0.86985593],
        [0.85251863, 0.51335881, 0.86393956],
        [0.51138606, 0.19544611, 0.36731024],
        [0.99512234, 0.21382841, 0.37041982],
        [0.18656091, 0.98602195, 0.19978527],
        [0.69054243, 0.98627862, 0.19935215],
        [0.10388515, 0.36022382, 0.00698086],
        [0.60815686, 0.36615607, 0.98777824],
        [0.06464894, 0.29923737, 0.50027147],
        [0.56433185, 0.29578561, 0.51468132],
        [0.24794292, 0.12744279, 0.29287104],
        [0.74550847, 0.13161031, 0.29853066],
        [0.14549046, 0.51056396, 0.12725578],
        [0.6358648, 0.50983006, 0.13850884],
        [0.00185775, 0.7816953, 0.64005447],
        [0.49449575, 0.79855059, 0.62699792],
        [0.31283096, 0.01419582, 0.79861708],
        [0.81890435, 0.0031848, 0.7916705],
        [0.39284437, 0.62908049, 0.01556539],
        [0.88581925, 0.64155185, 0.0216912],
        [0.39128244, 0.41259021, 0.54454925],
        [0.88658729, 0.42065968, 0.56574284],
        [0.28091875, 0.7707897, 0.4163857],
        [0.7824281, 0.77625038, 0.41930391],
        [0.20969554, 0.55025157, 0.77938411],
        [0.71125571, 0.563753, 0.77752066],
        [0.03115823, 0.9237645, 0.28372214],
        [0.53506695, 0.91667452, 0.2684192],
        [0.13524188, 0.07201983, 0.91921452],
        [0.64112516, 0.0579123, 0.91510614],
        [0.46266086, 0.27188237, 0.07448971],
        [0.95726473, 0.29054143, 0.05959883],
        [0.11476913, 0.58475347, 0.43069558],
        [0.61285561, 0.57833063, 0.44842056],
        [0.22211621, 0.22156925, 0.57651007],
        [0.72353147, 0.22942331, 0.57780452],
        [0.28766598, 0.43946709, 0.22070484],
        [0.78422533, 0.44130055, 0.21904634],
        [0.47333633, 0.07483799, 0.72550988],
        [0.97305682, 0.07852725, 0.72109462],
        [0.36422538, 0.93586178, 0.08306465],
        [0.86320019, 0.9508595, 0.07731725],
        [0.03761482, 0.71399721, 0.93975848],
        [0.53729497, 0.7188109, 0.93684729]
    ],
    "relaxed_energy": -763.01136725,
    "relaxed_forces": [
        [0.00198142, -0.00246527, 0.00065201],
        [0.00084449, 0.00115552, 0.00194452],
        [-0.00094889, 0.00024375, -0.00099097],
        [-0.0008343, -0.00073218, -0.00123902],
        [-0.0005752, 0.00132062, -0.00024935],
        [-0.00069894, 0.00302201, 0.0003738],
        [-0.00127032, -0.00353025, -0.00332636],
        [0.00180953, 0.00047478, 0.0029839],
        [-0.00105135, -0.0009561, -0.00089628],
        [0.0012762, 0.00360427, -0.00305886],
        [-0.00214108, -0.00188201, -0.00091091],
        [-0.003013, 0.00044584, 0.00215807],
        [-0.0001945, 0.0010027, 0.00262362],
        [-0.00080956, -0.00234454, -0.00018081],
        [0.00330402, 0.00322767, 0.00260823],
        [-2.865e-05, 0.00067625, -0.00267437],
        [0.00159509, -0.00156098, -0.00399086],
        [0.00240545, -0.00383024, -0.00347486],
        [-0.00172422, -0.0009052, 0.00389119],
        [0.00054961, -0.00233013, -0.00221034],
        [-0.00114887, 0.00061681, 0.00016661],
        [-0.00040442, -0.00226918, -0.00020915],
        [-0.00133935, -0.00027022, -0.00337498],
        [-0.00109832, -0.00047371, 0.00566767],
        [0.00074847, 0.00181454, 0.00042564],
        [-0.00175188, -0.00302108, 0.00069615],
        [0.0038271, -0.00215336, 0.00322742],
        [-0.00272533, 0.00182901, -0.00429002],
        [0.00034883, -0.00151096, 3.418e-05],
        [0.0018083, -0.00039193, 0.00201688],
        [0.00180627, -0.00205547, -0.00213466],
        [-0.00024545, -0.00157072, 0.00353605],
        [-0.00047195, -0.00026149, -0.00280037],
        [0.00220861, -0.00144542, -0.00112235],
        [0.00344461, 0.00271874, 0.00207305],
        [0.00067129, -0.00131753, 0.00098076],
        [0.00010743, 0.00013218, 0.00244815],
        [-0.00311699, 7.89e-05, -0.00011135],
        [-2.041e-05, -0.00181807, -0.00356198],
        [-0.00098066, -0.00058483, -4.535e-05],
        [-0.0008571, -0.00089472, 0.00020439],
        [-0.00357145, -7.773e-05, 0.00059019],
        [0.00142439, 0.00374822, -0.00195865],
        [0.00136333, 0.0035069, 0.00076395],
        [-0.00244705, 0.00158253, -0.00048818],
        [0.00118867, 0.00052969, -7.883e-05],
        [-0.00126575, 0.00311847, -0.00442104],
        [-0.0003647, 0.00356688, -0.00217824],
        [0.00089139, 0.00041884, 0.0017261],
        [0.0037451, -0.0049033, 0.00093566],
        [0.0018631, 0.0003533, 0.00160021],
        [0.00064261, 0.00135272, 0.00149246],
        [-0.00067493, 0.00149248, 0.00051642],
        [0.0001977, 0.00107641, -0.00230847],
        [-0.00364208, -0.00060169, 3.751e-05],
        [-7.461e-05, 0.00032262, -0.00180129],
        [0.00110446, 0.00128626, -0.00038785],
        [0.00122571, -0.00103198, 0.00197476],
        [0.00047877, -0.00454312, 0.00377178],
        [0.00035042, -0.00062645, -0.00377349],
        [-0.00219302, 0.00205254, 0.00019195],
        [0.0006491, 0.00061583, -0.00278934],
        [0.00152167, -0.00214903, 0.00060498],
        [0.00050712, 0.00068264, 0.00250891],
        [-0.00217369, 0.00039849, -0.00049849],
        [-0.0009977, -0.00082918, 0.00140553],
        [0.00080631, 0.0054896, 0.00285813],
        [0.00135022, 0.00305695, 0.00138253],
        [-0.00048755, -0.00114025, 0.00187557],
        [-0.00112424, -0.0002144, 0.00155956],
        [-0.00088655, 0.00013003, -0.00457886],
        [-0.0028013, 0.00190319, 0.00171129],
        [0.00210858, -0.00235548, -0.00010382]
    ],
    "relaxed_lattice": [
        [-5.09948118, -14.02621849, -8.41785848],
        [-7.54050961, -0.11655517, -4.2298607],
        [-0.220625, -0.09553183, -8.62606071]
    ],