{
    "atom_type": [
        "Na",
        "V",
        "P",
        "O"
    ],
    "atoms_per_type": [
        8,
        8,
        12,
        48
    ],
    "coord_mode": "direct",
    "relaxed_basis": [
        [0.24315607, 0.51353555, 0.50510552],
        [0.75670164, 0.5090047, 0.47524883],
        [0.51203895, 0.96834264, 0.0029235],
        [0.99231747, 0.02492666, 0.99259557],
        [0.31065943, 0.24552961, 0.88377151],
        [0.56030951, 0.37891323, 0.74888881],
        [0.37737932, 0.12245313, 0.38654593],
        [0.19114404, 0.75463848, 0.11066235],
        [0.31920553, 0.64296734, 0.64741848],
        [0.82436114, 0.63992122, 0.63861726],
        [0.06560019, 0.15182258, 0.15246996],
        [0.57731478, 0.13432145, 0.14207047],
        [0.17133135, 0.36242045, 0.36112765],
        [0.68274459, 0.34970711, 0.3466841],
        [0.43380787, 0.85126685, 0.85464117],
        [0.92423622, 0.86454853, 0.85757566],
        [0.1198359, 0.5506683, 0.96513514],
        [0.62851561, 0.53256461, 0.95446449],
        [0.48122304, 0.24933964, 0.53938119],
        [0.97666975, 0.24927431, 0.54451723],
        [0.26766449, 0.95927433, 0.25350708],
        [0.7725615, 0.9547112, 0.25176288],
        [0.22954968, 0.04635812, 0.75697825],
        [0.73342129, 0.03861427, 0.74493625],
        [0.37331825, 0.4523749, 0.03943154],
        [0.87484196, 0.46766551, 0.03208854],
        [0.01626858, 0.75555547, 0.45981751],
        [0.52370295, 0.74414298, 0.45938536],
        [0.43769884, 0.69812191, 0.51182323],
        [0.93789668, 0.69693917, 0.49123382],
        [0.24413736, 0.86474238, 0.74405038],
        [0.75701187, 0.87118173, 0.69623962],
        [0.34924079, 0.46467145, 0.88550774],
        [0.8578116, 0.49177815, 0.86374771],
        [0.49852715, 0.19757531, 0.37707803],
        [0.9963427, 0.19259973, 0.38111378],
        [0.18584593, 0.98423875, 0.20774269],
        [0.69058052, 0.9853696, 0.21004003],
        [0.10019045, 0.37098224, 0.02663335],
        [0.60953597, 0.37234118, 0.96717073],
        [0.05944507, 0.29440841, 0.50780622],
        [0.56286521, 0.30221421, 0.50471456],
        [0.25024407, 0.13717932, 0.28093039],
        [0.75259927, 0.12102317, 0.30470211],
        [0.1390974, 0.5469683, 0.11984765],
        [0.65221209, 0.48275364, 0.12521721],
        [0.99274505, 0.80872839, 0.62433185],
        [0.51450903, 0.78699688, 0.6192634],
        [0.31352046, 0.02645344, 0.79099027],
        [0.81214303, 0.01141562, 0.80014004],
        [0.39252473, 0.62714621, 0.98627971],
        [0.89184089, 0.63793399, 0.00377685],
        [0.38566906, 0.41154219, 0.56232167],
        [0.88520675, 0.41916825, 0.55424998],
        [0.2757385, 0.78282107, 0.42723641],
        [0.7866372, 0.76982816, 0.41634129],
        [0.20646056, 0.54957339, 0.78220723],
        [0.71346418, 0.56838183, 0.77040723],
        [0.02793462, 0.92072004, 0.27039413],
        [0.52825042, 0.91326443, 0.27571642],
        [0.13585306, 0.07688428, 0.92721],
        [0.63812621, 0.05970735, 0.90952811],
        [0.45824123, 0.26805883, 0.06393341],
        [0.9600417, 0.28480901, 0.05951932],
        [0.11193802, 0.59269932, 0.43835345],
        [0.61598621, 0.57225207, 0.43364327],
        [0.22179848, 0.21998156, 0.58071494],
        [0.72096818, 0.2263753, 0.579582],
        [0.29023642, 0.43625306, 0.23094091],
        [0.7903231, 0.43958865, 0.21681173],
        [0.47211004, 0.08592088, 0.72902237],
        [0.9644655, 0.08543072, 0.73024678],
        [0.36137916, 0.93732558, 0.08524292],
        [0.86448302, 0.94478481, 0.0804118],
        [0.03610704, 0.73152674, 0.92482335],
        [0.54331611, 0.71424915, 0.94617671]
    ],
    "relaxed_energy": -786.07918908,
    "relaxed_forces": [
        [-0.0010967, 0.00099754, -0.0005178],
        [-0.00135046, -0.00076504, 0.00016646],
        [5.584e-05, 0.00242544, 0.00068273],
        [-0.00088007, -0.00181119, 0.00132293],
        [0.00075411, 0.00123347, -0.00066145],
        [0.00073548, -0.00119502, -0.00146913],
        [-0.00602114, -0.00309631, -0.00727621],
        [-0.00054488, 0.00049552, 0.00193901],
        [-0.00147176, 0.00095076, -0.0013369],
        [0.00086243, -0.0017491, 0.00129886],
        [5.929e-05, -0.00154774, 0.00226575],
        [0.00097448, -0.00015872, -0.00184057],
        [-0.0014686, -9.398e-05, 0.00229093],
        [0.00278584, 0.00066464, -0.00059139],
        [0.00174326, -0.0009911, -0.00053786],
        [-0.00211605, 0.00107039, 0.00081923],
        [-0.0012035, -0.00187295, 0.00134798],
        [0.00457042, -0.00156095, -3.043e-05],
        [0.0011202, 0.00059554, -0.00163752],
        [-0.00184407, -0.00181056, -0.00378256],
        [-0.00059042, -0.00337528, 0.00035983],
        [0.00236667, -0.00342007, -0.00064578],
        [0.00079496, -0.00242628, 0.00502992],
        [0.00029183, 0.00221671, 0.00138258],
        [-0.00191019, 0.00011563, -0.00060232],
        [-0.00229665, 0.00177789, 0.0017407],
        [0.00147175, 0.00112803, -0.00126701],
        [-0.00168982, 0.00020445, -0.00404657],
        [-0.00024344, 0.00358753, 2.864e-05],
        [0.00283986, -0.00113257, 0.00114911],
        [-0.00115317, -0.00111887, -0.00103744],
        [0.00029437, -0.00062684, -8.12e-06],
        [0.00027867, 0.00147126, 0.00042676],
        [-0.00022331, 0.00041042, 0.00046704],
        [-0.00103445, -0.00084692, 0.00147684],
        [0.00058032, 0.00071007, 0.00073931],
        [0.00408754, -0.00062268, 0.00037845],
        [0.00284806, 0.00268554, 0.00315916],
        [-0.00101051, -0.00105958, -0.00125006],
        [-0.00071287, 0.00181266, -0.00430785],
        [-0.00030709, -0.00097347, 0.00146925],
        [-0.00084427, 0.00040198, -0.00359107],
        [-0.00500924, 0.00171431, 0.00038908],
        [-0.00013681, 0.0018885, -0.000544],
        [-0.00070191, 0.00028116, -0.00282041],
        [-0.00050788, 0.00172081, -0.00253799],
        [0.00112603, -0.00103534, 0.00222735],
        [-0.00039944, 0.00147642, 0.00321849],
        [-0.0015837, -0.00309439, -0.00013387],
        [0.00087228, 0.00137377, -0.00029486],
        [0.00532664, 0.00165918, 0.00249756],
        [-0.00191476, 0.00045165, 0.00067626],
        [-0.00083183, -0.00024201, -0.00129682],
        [-0.00102328, -0.00063381, -0.00066717],
        [-0.00084017, -0.00020931, -0.00227319],
        [-0.00044601, -0.00074623, -0.00160848],
        [-0.00038877, -0.00239845, -0.00012353],
        [0.00105943, 0.00028522, 3.62e-05],
        [0.00334729, 0.00017351, 0.00241837],
        [-0.00053121, 0.00098383, -0.00216892],
        [6.243e-05, -0.00218904, 0.00398755],
        [0.00099169, 0.00182194, -0.00072767],
        [0.0018605, -0.00132239, 0.00054377],
        [0.00050314, -0.00026868, 0.00196028],
        [0.00193677, -0.00266005, 0.00167226],
        [7.97e-06, 0.00027495, -0.00125863],
        [-0.00200425, -0.00051687, 0.0054673],
        [-0.0009438, 0.0007864, -0.00061205],
        [0.00080186, 0.00136828, 0.00092849],
        [0.00129273, 0.00177511, -0.00083643],
        [-0.00161344, 0.00039183, 0.0008792],
        [-0.00058353, -0.0006515, -0.00122908],
        [0.00239815, 0.00297712, -0.00160158],
        [0.00025769, -0.00060896, -0.00063357],
        [-0.00042206, -0.00199479, 0.00152601],
        [-0.00146451, 0.00446757, -0.00056333]
    ],
    "relaxed_lattice": [
        [-5.01918861, -14.22030551, -8.4540164],
        [-7.5556986, -0.13586393, -4.22028546],
        [-0.1370607, -0.15464691, -8.65543763]
    ],