{
    "atom_type": [
        "Na",
        "V",
        "P",
        "O"
    ],
    "atoms_per_type": [
        9,
        8,
        12,
        48
    ],
    "coord_mode": "direct",
    "relaxed_basis": [
        [0.25992388, 0.49103982, 0.48297274],
        [0.74515888, 0.46896171, 0.53839671],
        [0.5006214, 0.9974856, 0.00223025],
        [0.97637299, 0.06335167, 0.9986117],
        [0.12237689, 0.86934625, 0.61082022],
        [0.30680432, 0.25093465, 0.87296784],
        [0.94183652, 0.63531631, 0.25679759],
        [0.19234292, 0.75200826, 0.10303927],
        [0.69751798, 0.75030685, 0.11194767],
        [0.33095609, 0.63884073, 0.63530141],
        [0.81883553, 0.63615056, 0.65645631],
        [0.07578829, 0.13844851, 0.14250021],
        [0.57119275, 0.14427984, 0.14954898],
        [0.17381083, 0.35904516, 0.3615141],
        [0.67673236, 0.355772, 0.35613897],
        [0.43110978, 0.85434064, 0.85230902],
        [0.92092773, 0.87016162, 0.85148724],
        [0.12764948, 0.53856094, 0.95993312],
        [0.62357968, 0.54042225, 0.96976267],
        [0.48212833, 0.24561425, 0.53913403],
        [0.98053532, 0.25046577, 0.54186321],
        [0.26909444, 0.95591994, 0.24791833],
        [0.76711855, 0.95879233, 0.25302013],
        [0.23235352, 0.04649572, 0.74337804],
        [0.72893288, 0.04597521, 0.75172745],
        [0.37524039, 0.45199024, 0.03554911],
        [0.87353722, 0.46136719, 0.04130724],
        [0.01859738, 0.75255758, 0.45589809],
        [0.52454618, 0.74710073, 0.45708785],
        [0.44641577, 0.6920177, 0.48753557],
        [0.93934851, 0.69334701, 0.49646425],
        [0.25299386, 0.87151119, 0.71163902],
        [0.74720231, 0.86037882, 0.7448081],
        [0.35723498, 0.45909596, 0.87581163],
        [0.85812357, 0.46849705, 0.87974608],
        [0.50390086, 0.1821186, 0.38049427],
        [0.01131648, 0.18705875, 0.38010282],
        [0.19183258, 0.95483016, 0.20973921],
        [0.68923672, 0.97528536, 0.20380701],
        [0.12866537, 0.3475497, 0.00076411],
        [0.60343603, 0.36455269, 0.02320584],
        [0.05928308, 0.31924871, 0.49943889],
        [0.56158915, 0.31264646, 0.48688115],
        [0.23487445, 0.13512146, 0.29075971],
        [0.74306303, 0.13337548, 0.29040081],
        [0.14223944, 0.53482044, 0.12334041],
        [0.64913898, 0.52572565, 0.12404027],
        [0.00229916, 0.80521389, 0.61619925],
        [0.50512922, 0.79655442, 0.61994959],
        [0.31217542, 0.0320194, 0.78542981],
        [0.81016071, 0.0447393, 0.77798498],
        [0.38136744, 0.63538643, 0.99794322],
        [0.87102475, 0.65063005, 0.0149106],
        [0.38714116, 0.40588717, 0.5556589],
        [0.88821091, 0.41532471, 0.54727894],
        [0.28205371, 0.77815316, 0.41985749],
        [0.78137251, 0.77741137, 0.42139907],
        [0.20830478, 0.57608085, 0.76934283],
        [0.70637385, 0.55586586, 0.78277379],
        [0.02862787, 0.91357184, 0.2654741],
        [0.53642158, 0.91244724, 0.26746598],
        [0.13862416, 0.06227786, 0.91360033],
        [0.63638749, 0.07317728, 0.92456477],
        [0.46006941, 0.27481904, 0.07086452],
        [0.96365511, 0.29865781, 0.06473285],
        [0.11590792, 0.58913614, 0.43205006],
        [0.62007959, 0.58305116, 0.4317173],
        [0.21765526, 0.22885438, 0.57437687],
        [0.71120692, 0.22004894, 0.58073338],
        [0.2876683, 0.4283021, 0.2203238],
        [0.79024171, 0.4219153, 0.23036176],
        [0.47540151, 0.08510959, 0.72695742],
        [0.97944315, 0.08327385, 0.72547647],
        [0.36023728, 0.95462869, 0.0767034],
        [0.86271463, 0.93736933, 0.08775418],
        [0.03605532, 0.70423766, 0.940961],
        [0.53675848, 0.71739664, 0.95149572]
    ],
    "relaxed_energy": -793.54388848,
    "relaxed_forces": [
        [0.00049314, 0.00011122, -0.00030374],
        [0.00150594, -0.0004267, -0.00038424],
        [-0.00040011, -0.00055874, -0.00057096],
        [-0.00025399, 0.00134501, 0.00109685],
        [-0.00115918, 0.00074532, -0.00246015],
        [-0.00148753, 9.749e-05, -0.00117856],
        [0.00044598, -0.00045315, -9.515e-05],
        [0.00034852, -0.00136357, 0.00031025],
        [0.00032706, -0.00054042, -0.00097689],
        [0.00105477, 0.00016184, 8.808e-05],
        [-0.00093961, -0.0012599, 0.00061568],
        [-0.00186157, -0.00234645, -0.00236055],
        [-0.00021978, 0.00070315, -0.00344373],
        [0.00356905, -0.00060071, 0.0029629],
        [0.00045565, -0.0020376, -0.00025312],
        [-0.00118922, 0.001969, -0.00129248],
        [-0.00097792, 0.0038609, 0.00102068],
        [-0.00535882, -0.00380118, -0.00188778],
        [-7.143e-05, 0.00167669, 0.00074268],
        [0.00166442, -0.00301088, 0.00053949],
        [-0.00137177, -0.00349629, 0.00884555],
        [-0.0008456, 0.00070012, 0.00113153],
        [0.00196683, 0.00317247, -0.00063705],
        [0.00012656, 0.00488232, -0.00834328],
        [0.00061296, -0.00038414, 0.00041339],
        [-0.00206487, -0.00103979, 0.0004391],
        [0.00089968, 0.00087881, -0.00086456],
        [0.00833617, 0.00180971, -0.00076097],
        [-0.00059816, -0.0017415, 0.00018086],
        [-0.00020353, -0.00199724, 0.00026223],
        [0.00163984, -0.00099182, 0.00027136],
        [-0.00156376, -0.0024473, 0.00086398],
        [-0.00027596, -0.00269518, -0.00169749],
        [-0.00138816, -0.00020597, -0.00414876],
        [0.00333925, -0.00058858, 0.00459056],
        [0.0003817, -0.00042981, -0.00091428],
        [-0.00089017, -0.00433143, -0.00117633],
        [0.00176207, -0.00424415, 0.00124791],
        [0.00038415, -0.00183024, -0.00025087],
        [0.00745743, 1.529e-05, 0.00321042],
        [-0.00176835, -0.00077144, -0.00096907],
        [-0.00162677, 0.00037034, -0.0042348],
        [0.00017887, 0.00272201, 0.00144115],
        [0.00158321, 0.0043047, -0.00216583],
        [-0.00094961, 0.00032064, 0.0016415],
        [0.00094644, 0.00309084, 0.00061269],
        [-0.00121349, -0.00026202, 0.00107251],
        [-0.00250445, 0.00029454, 0.0013528],
        [0.00067419, 0.00075509, 0.00205893],
        [-0.00076095, 0.00076672, -0.00237449],
        [-0.00173769, 0.00072536, -0.00358146],
        [0.00394852, 0.00273216, -0.00036209],
        [-0.00171335, -0.00083807, 0.003089],
        [-0.00190131, 0.00147622, -0.00035518],
        [-0.00341038, 0.00401486, 0.00139111],
        [-0.00010218, 0.00026849, 0.00297534],
        [-0.0028776, 0.00070428, 0.00240426],
        [-0.00113276, 0.00203943, -0.00390142],
        [-0.000922, 0.00204183, 0.00014073],
        [-0.00500734, -0.00200966, 0.00674711],
        [0.00264787, 0.00093349, -0.00117225],
        [0.00045105, -0.00646754, 0.00599045],
        [0.00153641, 0.00038342, 0.00175912],
        [-0.00287615, 0.00340573, 0.00023881],
        [0.00046441, 0.00097555, 0.00020947],
        [-0.00155048, 0.00070158, -0.00262456],
        [-0.00162758, 0.00124864, -0.00138861],
        [-0.00223368, 0.00031437, -0.00011592],
        [0.00192961, 0.00122642, 0.0003815],
        [0.00141151, -0.00097997, 0.00032715],
        [0.00141107, 0.00018844, 0.00043982],
        [-0.00304906, -0.00094254, 4.353e-05],
        [0.00535372, 0.00127784, -0.00540839],
        [-0.00087591, -0.00070209, -0.00181482],
        [0.00040071, -0.00232373, 0.00090689],
        [0.00146311, 0.00056314, 0.00088285],
        [0.0017904, -0.00185566, -0.00047038]
    ],
    "relaxed_lattice": [
        [-5.081307, -14.22677111, -8.45813904],
        [-7.64474388, -0.14051768, -4.15002386],
        [-0.26218977, -0.1077806, -8.67175502]
    ],