{
    "atom_type": [
        "Na",
        "V",
        "P",
        "O"
    ],
    "atoms_per_type": [
        6,
        8,
        12,
        48
    ],
    "coord_mode": "direct",
    "relaxed_basis": [
        [0.24979337, 0.47319128, 0.52828542],
        [0.75016535, 0.53687727, 0.46742106],
        [0.00057467, 0.99841925, 0.99872336],
        [0.80400168, 0.25233591, 0.89032936],
        [0.55187239, 0.35849393, 0.74788599],
        [0.19167367, 0.74485431, 0.12557242],
        [0.33017428, 0.63456506, 0.63229917],
        [0.81865761, 0.65238128, 0.64965883],
        [0.0688227, 0.14275703, 0.14424363],
        [0.57821962, 0.13218602, 0.15067735],
        [0.17568026, 0.34571943, 0.36101155],
        [0.67823351, 0.37044676, 0.34768287],
        [0.41967064, 0.86625249, 0.86570061],
        [0.935412, 0.85112813, 0.84820604],
        [0.12962995, 0.53524111, 0.96175546],
        [0.62083501, 0.54141392, 0.96816547],
        [0.48566446, 0.2411463, 0.54263651],
        [0.97554049, 0.25771723, 0.53786494],
        [0.26476239, 0.95017638, 0.25490599],
        [0.77171528, 0.95925845, 0.24633732],
        [0.23287533, 0.03585951, 0.74724234],
        [0.73561405, 0.04835518, 0.74913516],
        [0.37435943, 0.46789259, 0.03551824],
        [0.87467066, 0.46117288, 0.03219299],
        [0.02103716, 0.74515676, 0.46338016],
        [0.51513141, 0.75912864, 0.4607908],
        [0.43910463, 0.69809962, 0.47925137],
        [0.93766498, 0.6821631, 0.52549922],
        [0.26254743, 0.85683033, 0.70927898],
        [0.75564775, 0.87420455, 0.71474865],
        [0.37345441, 0.47600921, 0.85619979],
        [0.84586014, 0.47853796, 0.88284054],
        [0.5157971, 0.20227274, 0.36171086],
        [0.99368353, 0.21303968, 0.37459191],
        [0.18322213, 0.96430357, 0.21897774],
        [0.69161309, 0.95626402, 0.21882852],
        [0.11399022, 0.3645044, 0.99329645],
        [0.63588701, 0.34015094, 0.99255161],
        [0.05585017, 0.31505022, 0.50213802],
        [0.56385226, 0.29101718, 0.52170864],
        [0.23545409, 0.12393848, 0.30440688],
        [0.75001989, 0.14865019, 0.25433272],
        [0.14441527, 0.52181492, 0.12784542],
        [0.63121308, 0.54058795, 0.12984088],
        [0.00862068, 0.80436249, 0.6141563],
        [0.48234656, 0.79290879, 0.6420259],
        [0.31088277, 0.03180164, 0.7874273],
        [0.81891136, 0.02385295, 0.78830042],
        [0.35705549, 0.66783258, 0.01872782],
        [0.90027464, 0.63494648, 0.97221289],
        [0.39063687, 0.40873366, 0.55438889],
        [0.87815191, 0.41959498, 0.57429671],
        [0.28243903, 0.76440923, 0.42176571],
        [0.78754139, 0.78538403, 0.42184534],
        [0.21838669, 0.5607078, 0.78074766],
        [0.70151287, 0.59610433, 0.77506537],
        [0.02559437, 0.90795353, 0.27369478],
        [0.52220898, 0.935663, 0.28394183],
        [0.14040245, 0.04145014, 0.9214015],
        [0.64200237, 0.07107904, 0.92280946],
        [0.47043189, 0.32341601, 0.05525612],
        [0.96065848, 0.27824319, 0.05144824],
        [0.11689219, 0.57821079, 0.43671492],
        [0.60865975, 0.58892722, 0.45245822],
        [0.21616392, 0.21913909, 0.57857601],
        [0.71933268, 0.23276171, 0.58286338],
        [0.2916421, 0.41195832, 0.21834438],
        [0.79100794, 0.45280043, 0.22016022],
        [0.47355138, 0.06698193, 0.71972039],
        [0.96886368, 0.08618939, 0.72669472],
        [0.35579337, 0.94992756, 0.07960003],
        [0.86621214, 0.93193041, 0.07521806],
        [0.04389727, 0.72143948, 0.92844035],
        [0.5240422, 0.68491266, 0.94579783]
    ],
    "relaxed_energy": -770.66234621,
    "relaxed_forces": [
        [-0.00057875, -0.00086749, -0.00031659],
        [-0.00113021, 0.00023524, -0.0004927],
        [0.00105515, -8.331e-05, -0.0009684],
        [-0.00066944, 0.00011692, -7.329e-05],
        [0.00427109, 0.0006922, 0.00152064],
        [0.00016733, -0.00039016, -0.00016496],
        [0.00263518, 0.00359821, -0.00240266],
        [-1.099e-05, -0.00401851, -0.00212781],
        [0.00361076, 0.00124928, -0.00351655],
        [-0.00150461, 0.00022445, 0.00240203],
        [-0.00286809, 0.00076947, 0.00020194],
        [-0.00295775, -0.0002958, 0.00184132],
        [0.00341813, 0.00056713, -0.00441843],
        [-0.00029515, -0.00269826, 0.00032416],
        [0.00246538, -0.0037974, 0.00550359],
        [0.00034231, -0.00094288, -0.00066319],
        [0.00130528, -0.00378292, 0.00018105],
        [-0.0017142, 0.00388678, 0.00291801],
        [-0.00248885, 7.66e-05, 0.00198064],
        [-0.00235221, 0.00411443, -0.00319391],
        [-0.00084804, 0.00151706, 0.00116737],
        [0.00153983, 0.00130368, 0.00243338],
        [0.00077008, -0.0031768, -0.0008881],
        [-0.00202797, -0.00035171, 0.0042186],
        [-0.00303512, -0.00281959, 0.00174599],
        [0.00417426, 0.00209147, 0.00400578],
        [-0.00055227, -0.00054209, -0.00038924],
        [0.00138476, 0.00385297, -0.00234424],
        [0.00180806, -0.00153939, 0.00099299],
        [-0.00372062, 0.00093213, -0.00383856],
        [-0.00067672, -0.00056985, -0.00011969],
        [-0.00076967, 0.00104038, -0.00057253],
        [0.00172831, -0.00105289, 0.00204072],
        [0.00014065, 0.00035906, -0.00215622],
        [0.00072127, 0.00127643, -0.00091735],
        [-0.00016049, -0.00255927, -0.00224018],
        [0.00083243, 0.00190399, 0.00145024],
        [0.00077556, -0.00051391, -0.00099124],
        [0.00162537, 0.00293477, -0.00214296],
        [0.00050144, 0.00021538, 0.00187604],
        [0.00137294, -0.00161778, -0.00029051],
        [-0.00101796, -0.00249333, 0.00014399],
        [-0.00096117, 0.00145323, 0.00269004],
        [-0.00158392, 6.014e-05, 0.00214026],
        [0.00134721, -0.00211394, 0.00431103],
        [-0.00193461, 0.00170071, -0.00142813],
        [-0.00116129, 0.00025227, 0.00016681],
        [-1.261e-05, 0.00140663, 0.00147284],
        [0.00110623, -0.00182987, -0.00037038],
        [0.00252677, 0.00084455, 0.00118974],
        [-0.0006695, 0.00052854, 0.00084224],
        [0.00061199, -0.00099716, -0.00154409],
        [0.0005986, 0.00017252, -0.00080208],
        [-0.0018867, -0.00126251, 0.00043727],
        [0.00128441, 0.00287137, -0.00092404],
        [-0.00130477, -0.00252252, 0.00062943],
        [0.00105653, 0.00035588, -0.0009394],
        [-0.00064265, 0.00081886, -0.00019772],
        [-0.00011276, 0.0007468, 0.0010163],
        [-0.00109812, 0.00153848, -0.00210965],
        [0.00045236, 0.00095718, 0.00133107],
        [-0.00025268, 0.00193613, -0.0008819],
        [-0.00231547, 0.00282395, -0.00148977],
        [0.00218757, -0.00067406, -0.00058919],
        [-0.00042489, -0.00156861, -0.00013363],
        [0.00103536, -0.00090294, -0.00139683],
        [-0.00018991, -0.00128801, -5.132e-05],
        [-0.00320666, -0.00055361, 0.00046227],
        [-0.00157968, 0.00053699, -0.00042326],
        [-0.00102696, 2.24e-05, -0.00208991],
        [-0.00026214, -0.00130809, -0.00135084],
        [0.00013203, 0.00073332, -0.00171046],
        [0.00107921, -0.00281253, -0.00144621],
        [-5.821e-05, -0.00077074, 0.00147034]
    ],
    "relaxed_lattice": [
        [-5.00055605, -14.16999363, -8.47871071],
        [-7.49411606, -0.1882755, -4.29948157],
        [-0.1668818, -0.22967668, -8.70753167]
    ],