{
    "atom_type": [
        "Na",
        "V",
        "P",
        "O"
    ],
    "atoms_per_type": [
        6,
        8,
        12,
        48
    ],
    "coord_mode": "direct",
    "relaxed_basis": [
        [0.75110324, 0.52207779, 0.47858379],
        [0.51141909, 0.9729652, 0.00210682],
        [0.00440079, 0.9970827, 0.99984152],
        [0.24753953, 0.52163031, 0.48788442],
        [0.30825882, 0.25313029, 0.88906749],
        [0.80641133, 0.25729964, 0.87782414],
        [0.31962621, 0.64569093, 0.64844713],
        [0.82383134, 0.65395836, 0.63911809],
        [0.06603563, 0.14533759, 0.15260545],
        [0.57395233, 0.14100352, 0.14331929],
        [0.17919715, 0.36351396, 0.35294815],
        [0.67042871, 0.37088364, 0.36578062],
        [0.4260005, 0.86227419, 0.85061796],
        [0.92711212, 0.86023994, 0.86120847],
        [0.12057123, 0.54454481, 0.97108563],
        [0.62340309, 0.54364056, 0.96615285],
        [0.47946943, 0.25486384, 0.5406753],
        [0.97962538, 0.25497136, 0.53850242],
        [0.26546969, 0.96353982, 0.25242813],
        [0.76414547, 0.96858161, 0.25642666],
        [0.22810994, 0.04624409, 0.75531297],
        [0.73076306, 0.04972296, 0.74980414],
        [0.37489143, 0.46243931, 0.03712202],
        [0.8710494, 0.46340173, 0.04129493],
        [0.02092045, 0.75087755, 0.46134091],
        [0.51664297, 0.7600927, 0.45850808],
        [0.43617055, 0.70808042, 0.49676751],
        [0.93813858, 0.69695205, 0.49798433],
        [0.24791806, 0.86434939, 0.73866648],
        [0.7567594, 0.87645355, 0.70437497],
        [0.35677273, 0.46194827, 0.88233224],
        [0.85259013, 0.48260782, 0.87454828],
        [0.50646756, 0.20019013, 0.37429991],
        [0.99392515, 0.19684932, 0.38153675],
        [0.18304542, 0.99233903, 0.20806777],
        [0.68512483, 0.98403801, 0.20819992],
        [0.09854409, 0.37180071, 0.02209484],
        [0.61987893, 0.35748118, 0.99556861],
        [0.06317885, 0.3073566, 0.48711398],
        [0.55744235, 0.31503337, 0.51144269],
        [0.25296867, 0.14358662, 0.26794797],
        [0.73545719, 0.14598105, 0.29555657],
        [0.14968683, 0.51571432, 0.1287604],
        [0.63724171, 0.52990684, 0.13430863],
        [0.00081357, 0.79753918, 0.62678717],
        [0.49460817, 0.81994421, 0.62238175],
        [0.30852166, 0.04132883, 0.79022944],
        [0.80966971, 0.03563968, 0.79329073],
        [0.38700543, 0.64842921, 0.98111132],
        [0.88595382, 0.63458375, 0.01051689],
        [0.38320344, 0.41533205, 0.56137492],
        [0.88458334, 0.42440913, 0.55793744],
        [0.27442687, 0.78783252, 0.4273642],
        [0.77730154, 0.78483323, 0.42547039],
        [0.20665963, 0.55251396, 0.78445555],
        [0.71013702, 0.57290039, 0.77971879],
        [0.02728888, 0.92012912, 0.27411498],
        [0.52828613, 0.92671147, 0.2705695],
        [0.13279547, 0.08509683, 0.92001456],
        [0.63688543, 0.05847589, 0.92138219],
        [0.46646439, 0.29196159, 0.06334303],
        [0.95500098, 0.27691804, 0.07169988],
        [0.11457877, 0.58343238, 0.43721759],
        [0.61064468, 0.59205926, 0.44964446],
        [0.21666603, 0.21977011, 0.57290017],
        [0.71452621, 0.23545814, 0.58224477],
        [0.29314842, 0.43812977, 0.22914459],
        [0.78350309, 0.43671919, 0.22663575],
        [0.47006213, 0.08608573, 0.7312693],
        [0.968537, 0.09430031, 0.73056611],
        [0.35986749, 0.93591618, 0.07890173],
        [0.85698971, 0.96046844, 0.08443428],
        [0.03638378, 0.72800025, 0.95309662],
        [0.53528186, 0.71759306, 0.93777069]
    ],
    "relaxed_energy": -771.28081179,
    "relaxed_forces": [
        [-0.00101562, 0.00088926, -0.00026749],
        [0.00225835, -0.0006874, 0.00069495],
        [-0.0007778, 0.00019029, -0.00026289],
        [0.00285729, 0.00031625, -0.00041518],
        [5.506e-05, -0.00075551, -0.00188674],
        [0.00027427, 0.00121014, 0.00053627],
        [6.749e-05, 0.00039725, -0.00116443],
        [-0.00213341, -0.00241624, -0.00065668],
        [0.0009527, 0.00161306, 0.00037345],
        [-0.00186055, -0.00022043, 0.00313686],
        [0.00067755, -0.00063933, -0.00086596],
        [-0.00061711, -0.00023307, 0.00112778],
        [0.00147415, 0.00184223, -0.00065683],
        [-0.00025432, -0.00022759, 0.00208675],
        [0.00207086, 0.00074942, -0.00854092],
        [-0.00326374, -0.00578107, 0.00400947],
        [-0.00158791, 9.557e-05, 0.00390617],
        [0.0009847, 0.0011452, 0.00014296],
        [0.00157769, -0.00114988, -0.00057156],
        [0.00112477, 0.00022568, 0.00187464],
        [0.00254231, -0.00271367, 0.00225969],
        [0.00560977, -0.00327152, 0.00324901],
        [-0.00062223, 0.00524103, -0.00245618],
        [-0.00175781, 0.00233538, 0.00537851],
        [0.00028243, 0.00116445, 0.00066687],
        [0.00036853, 0.00083986, -0.00294458],
        [0.00038157, 0.00407981, -0.00158322],
        [0.00246492, 0.00140306, -0.00200543],
        [-0.00423853, -0.00056861, -0.00138254],
        [-0.00563173, 0.00069602, -0.00505287],
        [-0.00119269, 0.00039367, 0.00117947],
        [0.00166201, -0.00159405, -0.00574956],
        [-0.00141241, -8.109e-05, -0.00150997],
        [0.00031351, -0.00085163, -0.00133209],
        [-0.00130169, -0.00065616, 0.00178541],
        [0.00299512, -0.0011016, 0.00129291],
        [0.00115905, 0.003942, -0.00104425],
        [0.00152282, -0.00413588, 0.00033969],
        [-0.00161908, -0.00051285, -0.00277037],
        [-0.00158242, 0.00181859, -0.00034428],
        [0.00148841, -0.00156757, -0.00264957],
        [-0.00175924, 0.00149754, 0.0003665],
        [0.00183109, 0.00046479, 0.00341902],
        [-0.00239757, -0.00252506, -0.00124642],
        [-0.0002642, 0.00110291, -0.00257858],
        [0.00120811, 0.00230541, 0.00257713],
        [0.00082128, -0.00031375, 0.00226277],
        [0.00047498, -0.00161195, 0.00212729],
        [-0.00316944, 0.00439574, 0.00166167],
        [-8.078e-05, 0.00099061, 0.00380466],
        [0.00120404, -0.00037478, -0.00031984],
        [0.00062808, -0.00123234, 0.00181206],
        [0.00178449, -0.00149032, 0.00170903],
        [-0.00080337, -0.00208811, 0.00133085],
        [-0.00215043, -0.00629796, 0.00158871],
        [0.00114954, 0.00531115, -0.00153351],
        [-0.00204398, 0.00163955, 8.502e-05],
        [-0.0039745, 0.00172146, 0.00122998],
        [-3.809e-05, 0.00260573, -0.00338327],
        [0.00116636, 0.00390447, -0.00217529],
        [-0.00108966, -0.00381391, -0.00114707],
        [0.00176727, -0.0014066, 0.0006237],
        [0.00010006, -0.00241692, 0.00030959],
        [0.00092419, -0.00079524, 0.00030674],
        [-0.00138644, -0.00050169, -0.00120031],
        [-0.00014338, 4.377e-05, 0.00367528],
        [-0.00132419, -0.00371512, 0.00319896],
        [0.00078169, 0.00114753, 0.00028023],
        [0.00061547, -0.00220359, -0.00171783],
        [0.00034343, 0.00044353, -0.00194952],
        [9.607e-05, -0.0014849, -0.00125471],
        [0.0012886, 0.00084871, -0.00027344],
        [-0.0011843, 0.00173508, -0.00266552],
        [0.00132858, 0.0006912, 0.00114882]
    ],
    "relaxed_lattice": [
        [-5.04317597, -14.2225336, -8.34169923],
        [-7.53753852, -0.1892734, -4.24806159],
        [-0.18574987, -0.24778531, -8.6156179]
    ],