{
    "atom_type": [
        "Na",
        "V",
        "P",
        "O"
    ],
    "atoms_per_type": [
        7,
        8,
        12,
        48
    ],
    "coord_mode": "direct",
    "relaxed_basis": [
        [0.26153993, 0.49794999, 0.47937496],
        [0.73957899, 0.50080667, 0.51953152],
        [0.49945032, 0.00058824, 0.00112527],
        [0.82532169, 0.25061201, 0.90566166],
        [0.94406869, 0.62759302, 0.24839332],
        [0.06080193, 0.36692451, 0.75418862],
        [0.17221448, 0.75092513, 0.1001464],
        [0.32684771, 0.64225318, 0.63548831],
        [0.81818743, 0.65283089, 0.6458999],
        [0.07799713, 0.13994043, 0.1417918],
        [0.56874321, 0.14074642, 0.14728201],
        [0.17984181, 0.34625077, 0.35688385],
        [0.67420256, 0.3590298, 0.36185431],
        [0.43026858, 0.85969913, 0.85441966],
        [0.92247848, 0.86021344, 0.85581941],
        [0.12744041, 0.53537968, 0.95134302],
        [0.62255487, 0.5356511, 0.96975432],
        [0.48095975, 0.24656178, 0.54035873],
        [0.98383083, 0.24877041, 0.54163352],
        [0.27366302, 0.9506511, 0.24585669],
        [0.76317303, 0.95868225, 0.25370633],
        [0.23844283, 0.04124177, 0.74189602],
        [0.72581871, 0.04880381, 0.75394623],
        [0.37636864, 0.46590806, 0.03119443],
        [0.87171304, 0.46682023, 0.0476324],
        [0.0147734, 0.7513803, 0.46064219],
        [0.51987953, 0.75085173, 0.46030849],
        [0.43940928, 0.69685931, 0.49219046],
        [0.93754948, 0.70868363, 0.46665286],
        [0.26176454, 0.86959262, 0.6994716],
        [0.7495193, 0.87762854, 0.71104597],
        [0.36188022, 0.49033777, 0.86125137],
        [0.86142022, 0.48936837, 0.87403691],
        [0.49916089, 0.19928255, 0.37703273],
        [0.01116137, 0.23581821, 0.35430518],
        [0.19568195, 0.96482507, 0.20008601],
        [0.68161722, 0.99094513, 0.20352767],
        [0.12514741, 0.3564977, 0.96180882],
        [0.60050372, 0.36800121, 0.00609425],
        [0.06075805, 0.28551217, 0.54395875],
        [0.56375735, 0.29927023, 0.50170953],
        [0.24800721, 0.12207055, 0.29103287],
        [0.74419016, 0.1334383, 0.2859679],
        [0.1328746, 0.51375168, 0.13056094],
        [0.64030861, 0.5118343, 0.13566927],
        [0.98583363, 0.77248376, 0.64752767],
        [0.50048105, 0.79647943, 0.62546223],
        [0.31975884, 0.00903715, 0.79433655],
        [0.80498391, 0.03091066, 0.80052289],
        [0.3977482, 0.6324602, 0.99954863],
        [0.87587911, 0.64977616, 0.02783378],
        [0.38792441, 0.41489585, 0.56186298],
        [0.88744957, 0.41355315, 0.57026745],
        [0.2884842, 0.76614455, 0.41440351],
        [0.77481803, 0.77331148, 0.41872991],
        [0.21227041, 0.58194183, 0.77338932],
        [0.71311335, 0.54070379, 0.79311115],
        [0.0310887, 0.92491067, 0.28792776],
        [0.52723984, 0.92070283, 0.27581444],
        [0.14466694, 0.05523449, 0.90982388],
        [0.63165101, 0.06669822, 0.92206705],
        [0.4569996, 0.27667424, 0.07318986],
        [0.96384635, 0.30161087, 0.06363168],
        [0.11001988, 0.58266321, 0.44142816],
        [0.61334231, 0.5825955, 0.43921581],
        [0.22758148, 0.2276424, 0.57739755],
        [0.71356144, 0.23157913, 0.5835337],
        [0.28436984, 0.46111617, 0.20481318],
        [0.78749448, 0.42512202, 0.22943269],
        [0.47496436, 0.07730496, 0.72447576],
        [0.96694937, 0.07006847, 0.71346625],
        [0.36777673, 0.93750342, 0.07669057],
        [0.85797262, 0.93829289, 0.08445249],
        [0.03526766, 0.70367978, 0.93212906],
        [0.5414711, 0.72389353, 0.93075159]
    ],
    "relaxed_energy": -778.39448476,
    "relaxed_forces": [
        [-0.00030378, -0.00333633, 0.00180765],
        [-0.00269413, -0.0003986, 0.00056131],
        [-0.00062014, -0.00094242, 0.00024221],
        [0.00070859, -0.00032982, 0.00254528],
        [0.00024327, -0.00102473, 0.00103471],
        [-0.00055724, -0.00053293, -0.00058257],
        [0.00040247, 0.00180294, -0.00198924],
        [0.00105721, -0.00126007, 0.00108986],
        [0.00067986, 0.00247862, 0.00333598],
        [9.646e-05, 0.00073368, 0.00063429],
        [0.00068193, 0.00103126, -0.00059163],
        [0.00559397, 0.00134969, -0.00080939],
        [0.00238969, -0.00092069, -0.00059712],
        [-0.00064428, 0.00083148, -0.001084],
        [0.00041241, -0.00232687, -0.00153234],
        [-0.00462934, -0.00273318, 0.00613414],
        [-0.00106258, 0.0049498, -0.0025738],
        [0.00127979, 0.00295086, -0.00094618],
        [0.00246858, 0.00031704, 0.00509197],
        [-0.00358125, 0.00176491, -0.00164578],
        [-0.00268298, 0.00135503, 0.00273807],
        [0.00761495, -0.00110282, -0.00285261],
        [-0.00186296, 0.00012494, -0.0042953],
        [-0.00187037, -0.00104819, 0.00239304],
        [0.00079827, -0.00317085, -0.00387499],
        [-0.00131935, -0.0083438, 0.00089217],
        [0.000901, 0.00342834, 0.00038195],
        [-0.00113899, -0.00387392, 0.00079919],
        [0.00380025, 0.0027468, 0.00272215],
        [-0.00509261, -0.00046591, 0.00096926],
        [0.00104123, 0.00031684, -0.00162202],
        [-0.0028234, 0.00160433, 0.00071225],
        [-0.00087064, 0.00349723, 0.00288521],
        [0.00374308, -0.00010009, 0.00224006],
        [-0.00346285, 0.00131732, -0.0015799],
        [-0.00164033, 0.00029181, -0.00086227],
        [-0.00200831, -0.0035085, -0.0019397],
        [6.836e-05, -0.0006995, 0.00089948],
        [-0.00161399, 0.00301542, -0.00117373],
        [-0.00243018, 0.00167279, -0.0013811],
        [-0.00060121, -0.00354932, -0.00030357],
        [0.00404602, -0.00067048, 0.00198095],
        [0.00183339, -0.00066083, -0.00226507],
        [0.00029875, -0.0024055, -0.00261834],
        [0.00167054, -0.00270696, -0.00092333],
        [0.00239823, 0.00303355, -0.00234055],
        [0.00061076, 0.00166921, 0.00035706],
        [0.00172262, 0.00142602, -0.00082875],
        [0.00155005, 0.00115411, -0.00076359],
        [0.00198586, 0.00058818, -0.00234154],
        [0.00085535, 0.00011707, -0.00014851],
        [0.00061904, -0.00220227, 0.00072957],
        [0.00089339, 0.00385659, -0.00255732],
        [0.00178028, -0.00323506, 0.00151347],
        [0.00388938, -0.00183594, -0.00062727],
        [0.00168908, 0.00099788, -0.00035202],
        [-0.0003493, -0.00256317, 0.00173789],
        [-0.0010263, 0.00149103, -0.00051878],
        [-0.00192366, -0.00073849, 0.00089009],
        [0.00015055, -0.00043277, 0.00161929],
        [0.00025328, 0.00046136, -0.00057436],
        [0.00177382, 0.00095827, -0.00037909],
        [0.0004593, 0.00173899, 0.00262375],
        [-0.00372166, 0.00459031, 0.00010954],
        [0.00122761, -0.00353072, -0.00017142],
        [-0.0058882, 0.00096308, 0.00212014],
        [-0.00040658, 0.00165113, -0.00178741],
        [9.391e-05, 0.0025421, -0.00141449],
        [-0.00182903, 0.00087072, -0.00118001],
        [0.00011958, -0.00075033, -0.00158995],
        [-0.00034641, -0.00072325, 0.0022406],
        [-0.00178954, -0.00113591, 0.00099659],
        [-0.00033014, -0.00025949, -0.00075175],
        [-0.00205112, -0.00023195, 2.088e-05],
        [-0.00072929, -0.00193911, -0.00067925]
    ],
    "relaxed_lattice": [
        [-5.04897836, -14.1384424, -8.57102896],
        [-7.53168613, -0.13529345, -4.2834821],
        [-0.16374468, -0.13370214, -8.72622118]
    ],