{
    "atom_type": [
        "Na",
        "V",
        "P",
        "O"
    ],
    "atoms_per_type": [
        11,
        8,
        12,
        48
    ],
    "coord_mode": "direct",
    "relaxed_basis": [
        [0.24000646, 0.49726994, 0.51757786],
        [0.74569386, 0.48017841, 0.53080476],
        [0.49733524, 0.01408494, 0.00309489],
        [0.00129961, 0.02230502, 0.97113702],
        [0.62364189, 0.88739291, 0.61381475],
        [0.30916456, 0.25149071, 0.88565122],
        [0.44107069, 0.61718907, 0.2509616],
        [0.93952572, 0.62315317, 0.24871213],
        [0.87529787, 0.11164784, 0.37454138],
        [0.19360448, 0.75021732, 0.10839053],
        [0.69516221, 0.75432677, 0.11991307],
        [0.32483066, 0.64278954, 0.64505833],
        [0.82096422, 0.64104254, 0.64729],
        [0.07234884, 0.14191468, 0.14022369],
        [0.57012324, 0.14591036, 0.14829641],
        [0.17590975, 0.35280828, 0.35607507],
        [0.67766973, 0.3622367, 0.35718204],
        [0.42509361, 0.86210903, 0.85186877],
        [0.93112102, 0.85677991, 0.84976811],
        [0.12726047, 0.54510081, 0.95848687],
        [0.62391787, 0.54936594, 0.96489809],
        [0.47898926, 0.24906567, 0.54259548],
        [0.97754547, 0.24570812, 0.53496178],
        [0.26753507, 0.9550172, 0.25256376],
        [0.77313301, 0.96124323, 0.24486471],
        [0.23092539, 0.04675629, 0.74629305],
        [0.72673785, 0.03961189, 0.75026196],
        [0.37348604, 0.45158506, 0.04714091],
        [0.87920179, 0.46075269, 0.04051293],
        [0.02082076, 0.74418787, 0.45350504],
        [0.52326576, 0.74685093, 0.4584286],
        [0.44516642, 0.68818736, 0.49005809],
        [0.93862108, 0.69984364, 0.48033246],
        [0.25707095, 0.86473059, 0.72240553],
        [0.73374476, 0.88369409, 0.70468848],
        [0.35254654, 0.47217447, 0.88534003],
        [0.85202093, 0.51153659, 0.87607387],
        [0.49767556, 0.18355835, 0.39158144],
        [0.99006051, 0.19416904, 0.37766427],
        [0.18926258, 0.9687591, 0.20752401],
        [0.69120282, 0.98750246, 0.20130989],
        [0.10770234, 0.37118206, 0.00946092],
        [0.5958927, 0.38548982, 0.02306193],
        [0.06270217, 0.30346027, 0.47721115],
        [0.56062448, 0.30259092, 0.49813918],
        [0.24501818, 0.13371569, 0.28213297],
        [0.75552364, 0.12325823, 0.29529046],
        [0.15130716, 0.52404003, 0.11889431],
        [0.64927017, 0.53697633, 0.1174906],
        [0.00342777, 0.79202199, 0.61402841],
        [0.50304886, 0.80195086, 0.62056543],
        [0.30903371, 0.04245361, 0.78731138],
        [0.81259902, 0.98317192, 0.79910346],
        [0.38423166, 0.62889566, 0.01916466],
        [0.90586808, 0.61563107, 0.01878017],
        [0.38553386, 0.41412528, 0.55595499],
        [0.8882376, 0.41511646, 0.55117567],
        [0.28487809, 0.77441926, 0.41623089],
        [0.78053591, 0.77454863, 0.4150825],
        [0.21152678, 0.55695061, 0.77584743],
        [0.70380096, 0.57002419, 0.77439597],
        [0.03155892, 0.90799307, 0.26439817],
        [0.53580484, 0.90562483, 0.26953086],
        [0.13901855, 0.06046594, 0.91493253],
        [0.63618124, 0.06593137, 0.91770157],
        [0.45627888, 0.27378837, 0.07493895],
        [0.95802766, 0.27039122, 0.06200969],
        [0.11399492, 0.57868001, 0.42988856],
        [0.61820791, 0.58589715, 0.4410295],
        [0.21367136, 0.2234086, 0.5777603],
        [0.72583422, 0.22021762, 0.57923034],
        [0.28689091, 0.42944799, 0.23150228],
        [0.79591813, 0.44034014, 0.22723318],
        [0.46926723, 0.09000252, 0.73419092],
        [0.97255756, 0.08301205, 0.71860991],
        [0.36095349, 0.94100478, 0.08432288],
        [0.867649, 0.93294269, 0.08710146],
        [0.04351014, 0.72564383, 0.94108752],
        [0.53884437, 0.73388138, 0.93969704]
    ],
    "relaxed_energy": -808.43105028,
    "relaxed_forces": [
        [-0.00032172, -0.00023923, 0.00045001],
        [-0.0012522, 2.318e-05, -0.00053072],
        [0.00069114, -0.00089393, 2.767e-05],
        [-0.00016274, 0.00100379, 0.00138485],
        [-0.00112252, -0.0001089, -0.00216862],
        [0.00108989, -0.00045664, -0.00067144],
        [0.00066205, -0.0020948, 0.00094226],
        [-0.00022558, 0.00125627, 0.00026662],
        [-0.00055602, 0.0018864, -0.00133601],
        [0.00036922, -2.1e-06, 0.0022483],
        [-0.00195399, -0.00046719, -0.00218404],
        [0.00131691, 0.00081723, 0.00034567],
        [0.00155749, -0.00132348, -9.626e-05],
        [0.00121815, 0.00085943, -0.00074662],
        [-0.00121443, -0.00026591, -0.00092995],
        [0.00130982, 0.00117835, 0.00104651],
        [-0.00064865, -0.00163352, 0.00106245],
        [-0.00142611, -0.00031949, -0.0011378],
        [0.00210258, -0.00137352, -0.00037735],
        [-0.00332446, 0.00178924, -0.00069245],
        [0.00202605, -0.00078747, -0.00024806],
        [0.00139363, 0.002443, 0.00021896],
        [-0.00234771, -0.0018755, -0.00135272],
        [0.00028459, 0.00010366, 0.0028152],
        [0.00238618, 0.00021139, -0.0008564],
        [0.00166018, 0.00155882, 0.00263265],
        [0.00030314, -0.00206431, 0.00033764],
        [-0.00195816, -0.00041962, -0.00308304],
        [0.00197717, -0.00024575, 0.00352377],
        [0.00234455, 0.00087992, -0.00227015],
        [-0.00019496, 0.00133816, 0.00065965],
        [-0.0011411, -0.00209389, 0.00088384],
        [0.00052676, -0.00223346, -0.00030421],
        [-0.00045012, 0.00081511, -0.00547277],
        [0.00130721, -0.00091759, -0.00067254],
        [0.00167137, -0.00130227, -8.003e-05],
        [0.00317168, -0.00271948, -0.0028142],
        [0.0031889, 0.00436142, 0.00138453],
        [0.00094212, -0.00170429, -0.00012332],
        [-0.00030567, 0.00145595, 0.00060145],
        [-0.00131795, -0.00059761, -0.0013494],
        [0.00317914, 0.00107578, 0.0001913],
        [-0.00320871, 0.00221465, -0.00471585],
        [0.00304525, 0.00266364, 0.00304725],
        [-0.00308931, -0.00093298, 0.00304522],
        [-0.00071103, 2.9e-06, 0.00317163],
        [-0.0025826, -2.764e-05, -0.00229564],
        [-0.00138554, 0.00084476, 0.00040647],
        [-0.00169739, -0.000292, -0.00062853],
        [0.00094462, 0.00124341, 0.00421178],
        [-0.00071092, -0.00202489, 0.00167051],
        [-0.00228703, 0.00102077, -0.00161601],
        [-0.00404936, 0.00193063, -0.00050559],
        [0.00129978, 0.00038069, 0.00213779],
        [0.00114857, 0.00267002, -0.00061439],
        [-0.0005755, 0.00029435, -0.00055225],
        [-0.00154883, -0.0021789, 0.00071281],
        [-0.00145592, 0.00230108, 0.00066787],
        [-0.00158535, 0.00011618, 0.00019738],
        [0.00017368, 0.0018183, -0.00102573],
        [0.00246201, 0.00077273, 0.00117559],
        [0.00098953, -0.00088843, 0.00072413],
        [0.00143401, -9.285e-05, 5.505e-05],
        [-0.00148361, 0.0007114, -0.00033484],
        [-0.00041531, 0.0001956, 0.00034705],
        [-0.00022742, -0.00036346, 0.00066491],
        [0.00094673, -0.00113568, -0.00130158],
        [0.00014378, -0.00086758, -0.00028378],
        [0.00157444, -0.00030844, 0.00073779],
        [0.00241784, -0.00170111, 0.00192225],
        [0.00166953, 0.00030955, 0.00107297],
        [-0.00236272, -0.00133933, 0.00286808],
        [0.00176248, 0.00023911, -2.515e-05],
        [-0.00221084, 2.452e-05, 0.00064941],
        [-0.00205609, -0.00173917, -0.00332337],
        [-0.0004146, -0.00074547, -0.00107362],
        [-0.00020403, -5.128e-05, -0.00020128],
        [0.0004626, -0.00150779, -0.00094936],
        [-0.00296851, -0.00047444, -0.00156423]
    ],
    "relaxed_lattice": [
        [-4.96270703, -14.262417, -8.44273151],
        [-7.60258035, -0.05882161, -4.22675265],
        [-0.11081274, -0.04794782, -8.68639466]
    ],