{
    "atom_type": [
        "Na",
        "V",
        "P",
        "O"
    ],
    "atoms_per_type": [
        8,
        8,
        12,
        48
    ],
    "coord_mode": "direct",
    "relaxed_basis": [
        [0.24253461, 0.51318021, 0.50380089],
        [0.74704271, 0.52703438, 0.47743132],
        [0.50395755, 0.98564461, 0.00490698],
        [0.01642013, 0.98335699, 0.98492034],
        [0.80938481, 0.25101864, 0.88267736],
        [0.55768797, 0.3747593, 0.74943765],
        [0.37418841, 0.12657089, 0.3790589],
        [0.87643267, 0.11521102, 0.38249606],
        [0.31600876, 0.64652283, 0.64730629],
        [0.82254009, 0.64335155, 0.63850132],
        [0.07569357, 0.14475674, 0.14085336],
        [0.57094173, 0.1481918, 0.14483856],
        [0.17651535, 0.36001016, 0.35900907],
        [0.67942123, 0.35451869, 0.34942909],
        [0.42966713, 0.85284904, 0.86183989],
        [0.93127529, 0.85071853, 0.85403218],
        [0.12492503, 0.53949452, 0.96140401],
        [0.62230227, 0.54134719, 0.95107426],
        [0.47636652, 0.25089411, 0.54707407],
        [0.98010327, 0.24673402, 0.53734792],
        [0.27161921, 0.961322, 0.25257017],
        [0.77443856, 0.95959973, 0.2492978],
        [0.23083338, 0.03449528, 0.75347722],
        [0.73000378, 0.03791419, 0.7563051],
        [0.37113117, 0.46700871, 0.04287345],
        [0.87763697, 0.45542781, 0.03452585],
        [0.02140461, 0.75081351, 0.45801029],
        [0.51734531, 0.75020653, 0.46551087],
        [0.42983814, 0.71590544, 0.50548903],
        [0.93608545, 0.72519042, 0.48252929],
        [0.24161038, 0.872476, 0.70638203],
        [0.75087726, 0.87133241, 0.7101639],
        [0.3454055, 0.51082647, 0.87744483],
        [0.85426446, 0.47484373, 0.87606732],
        [0.4857118, 0.21721377, 0.38045885],
        [0.992225, 0.19588308, 0.37713759],
        [0.18585117, 0.00833322, 0.20772248],
        [0.68986332, 0.02271903, 0.19690864],
        [0.10004635, 0.37137089, 0.00151955],
        [0.5925706, 0.38960756, 0.97320681],
        [0.06402972, 0.28607323, 0.4987908],
        [0.56063358, 0.28085772, 0.52426722],
        [0.26383132, 0.12183866, 0.2932787],
        [0.77062204, 0.11871961, 0.28905063],
        [0.14783693, 0.51029707, 0.12297068],
        [0.64835957, 0.48339191, 0.12123587],
        [0.9981667, 0.81092993, 0.62306956],
        [0.50671331, 0.78539862, 0.63355037],
        [0.31807797, 0.98570444, 0.7920676],
        [0.81125659, 0.01488365, 0.80149677],
        [0.40253849, 0.62536674, 0.00193631],
        [0.9019848, 0.62510483, 0.98625307],
        [0.38531457, 0.42458206, 0.57533665],
        [0.88587663, 0.4113654, 0.56209766],
        [0.27759088, 0.77554894, 0.4228079],
        [0.7811006, 0.77445125, 0.41456474],
        [0.20764038, 0.55746425, 0.77403961],
        [0.70804164, 0.5521444, 0.7701013],
        [0.03712109, 0.91903915, 0.27075707],
        [0.5251043, 0.92263019, 0.28417723],
        [0.140416, 0.05816438, 0.92221809],
        [0.6351038, 0.06539405, 0.91751987],
        [0.45402722, 0.27644863, 0.05586184],
        [0.96195883, 0.26740633, 0.06336038],
        [0.11074171, 0.57940861, 0.45337874],
        [0.60730012, 0.57759431, 0.442765],
        [0.22523041, 0.2182271, 0.58313938],
        [0.72085013, 0.22547932, 0.58447011],
        [0.29187463, 0.44546128, 0.2328035],
        [0.79610102, 0.43795771, 0.22332987],
        [0.46057159, 0.0806108, 0.73176259],
        [0.96663365, 0.08183437, 0.72910723],
        [0.36347205, 0.9284393, 0.0855011],
        [0.86640199, 0.9337257, 0.07565614],
        [0.04095856, 0.72383378, 0.93402175],
        [0.54082967, 0.73192332, 0.9381961]
    ],
    "relaxed_energy": -786.07608782,
    "relaxed_forces": [
        [-0.00042394, -4.963e-05, -0.00026164],
        [-0.00067339, -0.00057917, 0.00312111],
        [0.00039844, 0.00172559, 0.00099378],
        [-0.00357752, -0.00065267, 0.00162562],
        [-0.00032836, 0.00100122, 0.00252893],
        [0.00061489, -0.00054244, -0.00025093],
        [-0.00012885, -0.00015633, -0.00148493],
        [-0.00170287, 0.00142136, 0.00032256],
        [-0.0008062, 0.00076398, -0.00021723],
        [-0.00238042, 0.0015637, -0.0003337],
        [-0.00075893, -0.00173878, -0.00293722],
        [0.00177044, -0.00094772, 0.00108857],
        [0.00095819, -0.00015054, 0.00037044],
        [-0.00214766, 2.741e-05, 0.00180343],
        [-0.00019774, 0.00133396, -0.00061961],
        [0.00180728, -0.00221204, 0.00147571],
        [0.00216429, -0.00291976, -0.00899908],
        [-0.00152422, -0.00105522, 0.00291415],
        [0.00122769, 0.00320812, -0.00066709],
        [0.00227387, -0.00731935, 0.00118217],
        [-0.00501266, -0.00281204, 0.00068865],
        [0.00652259, -0.0012113, 0.00521629],
        [0.00028563, -0.00462253, 0.00077632],
        [0.00266327, 0.00071044, 5.214e-05],
        [-0.00039462, 0.00294059, -0.00210575],
        [-0.00176544, -0.00430032, -0.00697358],
        [-0.00022046, -0.00322141, -0.00639951],
        [-0.00266498, 0.00151151, -0.00248965],
        [0.00179309, -0.00083853, 0.00095514],
        [-0.00237305, 0.00152638, -0.00016892],
        [-5.239e-05, -0.00059466, -0.00105723],
        [-0.00104983, 0.00023322, -0.00253867],
        [0.00091829, -0.00052862, 0.00037869],
        [0.00014791, -0.00100537, 0.00402376],
        [0.00138485, -0.00082259, -0.00088427],
        [-0.00139982, 0.00015768, -0.00198235],
        [-0.00092829, 0.00307938, -0.00113694],
        [0.00228546, 0.00103356, 0.00199464],
        [-0.00139728, 0.00024006, 0.00060263],
        [0.00041904, -0.00173204, 0.00035559],
        [0.00266548, 0.00307817, 0.00099014],
        [-0.00164092, -0.00127265, -0.00234323],
        [0.00065563, -0.00162992, 0.00035288],
        [-0.00087902, 0.00056288, -0.00136079],
        [-0.00214469, 0.00163534, 0.00698365],
        [0.00163842, -0.00095568, -0.0022275],
        [0.00132015, 0.00239603, 0.00050637],
        [-3.053e-05, -0.00050536, 0.002776],
        [-0.00184791, 0.00232539, 0.00014344],
        [0.00129199, 0.00020112, -0.00059988],
        [0.00038306, -0.00116425, -0.00042454],
        [0.00265901, -0.0013462, 0.00183815],
        [-0.00024904, -0.0016907, 0.00066117],
        [-0.00288254, 0.00487041, 0.00176324],
        [0.00346875, 0.00111747, -0.00230021],
        [-0.00294323, 0.00173315, 0.0007443],
        [-0.00049356, -0.0012114, 0.00161209],
        [0.00191321, 0.0022789, -0.00071025],
        [-0.00095868, 3.506e-05, -0.00192883],
        [0.00162536, 0.00016261, 0.00159063],
        [0.00035961, -0.00031896, 0.00051444],
        [0.00012426, 0.00267302, 0.00065666],
        [0.00124508, -0.00040771, 0.00034127],
        [0.00103898, 0.00216842, 0.00099785],
        [-0.00266003, 0.0013307, -0.00183224],
        [0.00203697, -0.00204829, -0.00012164],
        [-0.00305782, 0.00149066, 0.00149743],
        [0.00164975, -0.00188907, -0.00010443],
        [-0.00129344, -0.00207589, -0.00041354],
        [0.0014694, 0.00082619, 0.00141586],
        [-0.00267008, -0.00155687, -0.00067344],
        [0.00166888, 0.00240934, 0.00031444],
        [0.00115822, 0.00432792, -0.00127264],
        [0.00147884, 0.00155186, -0.0006328],
        [-0.00372218, -0.0004006, -0.00112653],
        [0.00189635, -0.00116619, 0.00141048]
    ],
    "relaxed_lattice": [
        [-5.0953919, -14.31874702, -8.38508216],
        [-7.55115158, -0.14641549, -4.17642388],
        [-0.18949524, -0.13372093, -8.62444979]
    ],