{
    "atom_type": [
        "Na",
        "V",
        "P",
        "O"
    ],
    "atoms_per_type": [
        5,
        8,
        12,
        48
    ],
    "coord_mode": "direct",
    "relaxed_basis": [
        [0.50149971, 0.99962772, 0.00099456],
        [0.9967621, 0.00822432, 0.00205233],
        [0.24097584, 0.52432949, 0.49475542],
        [0.30489832, 0.25445236, 0.88784357],
        [0.6997297, 0.7538477, 0.12468865],
        [0.31851656, 0.6491795, 0.64630638],
        [0.82068454, 0.63702473, 0.64958833],
        [0.06991052, 0.1397225, 0.15110467],
        [0.56933851, 0.15292096, 0.14773186],
        [0.17379271, 0.36794442, 0.35549756],
        [0.67812114, 0.3630628, 0.35682109],
        [0.42992399, 0.85686613, 0.84981562],
        [0.92480358, 0.87025161, 0.85518196],
        [0.11741844, 0.54868237, 0.97125117],
        [0.6240708, 0.54895418, 0.96861057],
        [0.47895151, 0.25587368, 0.54136036],
        [0.9790027, 0.25507797, 0.53824864],
        [0.26678921, 0.96475583, 0.24829316],
        [0.76413532, 0.97182513, 0.25184003],
        [0.23084082, 0.04741542, 0.75075364],
        [0.73241736, 0.03776848, 0.75242085],
        [0.37218574, 0.46165155, 0.03899953],
        [0.87836395, 0.45847788, 0.02922943],
        [0.01499293, 0.75662553, 0.46784672],
        [0.51916844, 0.7520685, 0.45772168],
        [0.43660919, 0.71305496, 0.49048095],
        [0.92644116, 0.72130804, 0.51329821],
        [0.2482848, 0.86634219, 0.73142627],
        [0.74811061, 0.8382927, 0.77187091],
        [0.35495583, 0.47023196, 0.87812461],
        [0.86870014, 0.46489589, 0.85961261],
        [0.50057153, 0.1942294, 0.37957749],
        [0.99974705, 0.18836839, 0.38262525],
        [0.18756182, 0.98525478, 0.20188824],
        [0.68636138, 0.98025976, 0.20865627],
        [0.09838008, 0.3711134, 0.02361673],
        [0.6044708, 0.37311305, 0.01761575],
        [0.06835474, 0.2887511, 0.49675342],
        [0.56007586, 0.30508881, 0.50483729],
        [0.25024441, 0.15332867, 0.2568443],
        [0.73743004, 0.17088729, 0.25639524],
        [0.13654847, 0.53613765, 0.13289238],
        [0.63598748, 0.54749537, 0.132523],
        [0.0015496, 0.81345887, 0.62342441],
        [0.49961874, 0.80844433, 0.62155349],
        [0.31183229, 0.0301687, 0.79236345],
        [0.81270893, 0.02362346, 0.79360109],
        [0.39274181, 0.63624128, 0.99071908],
        [0.89112139, 0.64127548, 0.98752375],
        [0.3827221, 0.41972319, 0.55963795],
        [0.89399638, 0.43988008, 0.53268962],
        [0.27290448, 0.79257047, 0.42851209],
        [0.7696118, 0.81809467, 0.44170492],
        [0.20432474, 0.55529054, 0.78634315],
        [0.71510143, 0.55681252, 0.78885645],
        [0.02961246, 0.91674969, 0.27358411],
        [0.53822373, 0.91502294, 0.26522303],
        [0.13553984, 0.08189608, 0.91843232],
        [0.63625416, 0.08613625, 0.91608224],
        [0.4562969, 0.27661438, 0.07708266],
        [0.96068486, 0.27465391, 0.07225258],
        [0.10420079, 0.57594676, 0.45984258],
        [0.61294198, 0.57823925, 0.44340216],
        [0.22118634, 0.22419194, 0.57202023],
        [0.72802597, 0.19231813, 0.56242859],
        [0.28344391, 0.45086152, 0.2240529],
        [0.78875444, 0.44635342, 0.2094707],
        [0.46597992, 0.0891973, 0.73276351],
        [0.96270746, 0.09678675, 0.73368764],
        [0.36284403, 0.93340239, 0.07905745],
        [0.86000161, 0.93872489, 0.08915722],
        [0.03228346, 0.73291805, 0.93979855],
        [0.5415456, 0.73280862, 0.92309138]
    ],
    "relaxed_energy": -763.01962084,
    "relaxed_forces": [
        [-0.00330771, -0.00041108, -0.00094168],
        [0.00226071, 0.00183974, 0.00109378],
        [0.00299993, 0.00439988, -0.00234384],
        [0.00134664, 0.0025899, 0.0013164],
        [0.00029404, -0.00113689, 3.58e-05],
        [0.00383055, -0.00018294, -0.00361314],
        [0.00101523, 0.00238668, -0.00257411],
        [0.00167803, -0.00068852, 0.00192141],
        [0.00064191, -0.00135784, 0.00347994],
        [0.00136461, -0.00205569, -0.00059409],
        [-0.00473246, -0.00208113, -0.00057029],
        [-4.872e-05, 0.00084243, -0.00232755],
        [-0.00209522, -0.00086885, -0.0001121],
        [0.00163723, -0.00027279, 0.00120328],
        [0.00077645, -0.00019685, 0.00093827],
        [-0.00064196, -0.00092164, -0.00191029],
        [0.00109408, 0.00119002, -0.00337695],
        [-0.00019972, 0.00089348, -0.00596582],
        [0.00304017, -0.00244985, -0.00285385],
        [-0.00388379, 0.00290952, -0.00107637],
        [0.00207134, 0.00076387, -0.00173634],
        [0.00254755, -0.00247329, -0.00270104],
        [0.00151166, -0.00062811, 0.00272837],
        [-0.0004246, 0.00267337, 0.00080278],
        [-0.00134107, 0.00200681, 0.00260452],
        [-0.000532, -0.00365863, -0.00098642],
        [0.00311314, 0.00080734, 0.00247655],
        [0.00169616, -0.00053554, 0.00381657],
        [-0.00190929, -0.00134775, 0.00074826],
        [0.00017144, 0.00094402, 0.00519656],
        [0.00238517, 0.0018786, 0.00135642],
        [0.00070047, 0.00038191, 0.00342857],
        [-0.00054547, -0.0003021, 0.00059081],
        [0.00291763, 0.00330921, 0.00097892],
        [-0.00313315, 0.0015122, 3.917e-05],
        [-0.00209196, -0.00310447, 0.0031935],
        [-0.00471019, -0.00035522, 0.00080018],
        [0.00021261, 6.902e-05, -0.00182326],
        [-0.0013956, -0.00087367, 0.00084768],
        [0.00214746, -0.00054196, -0.00072703],
        [0.00059007, 0.00115501, 0.00169883],
        [-0.00017581, -3.484e-05, -0.00057498],
        [-0.00269264, -0.00221944, 0.00046067],
        [-0.00160365, -0.00044248, -3.268e-05],
        [6.724e-05, -0.00280172, -0.00228983],
        [0.00072728, -0.00104584, -0.00036226],
        [-0.00145534, -0.00266026, -0.00098983],
        [-0.00193666, -9.742e-05, 0.00043865],
        [-0.00368725, 0.00241679, -0.00146639],
        [-0.0013591, 0.00286564, 0.00112826],
        [0.00088218, -0.00083431, -0.00140444],
        [0.00046392, -0.00034283, 0.00320057],
        [0.00057732, -0.00135553, 0.00261696],
        [0.00083941, 5.211e-05, -0.00230978],
        [-0.00154297, 0.0043886, -5.77e-05],
        [-0.00344135, -0.00034789, 0.00150354],
        [0.00500908, -0.00147305, 0.000753],
        [0.00426191, -0.00022045, -0.00265057],
        [-0.00325932, -0.00150486, -0.00136166],
        [0.00252056, -0.00142989, 0.00097206],
        [-0.00031503, -0.00174532, 0.00187829],
        [-0.00181908, -0.00271489, -0.00073314],
        [-0.0025195, 3.071e-05, 0.00084648],
        [0.0006266, 0.00257159, -0.00141644],
        [0.00250818, 0.00308273, -0.00124598],
        [-0.00190462, 0.00149246, -0.0004676],
        [0.00177507, 0.00242681, -0.00095185],
        [-0.00056444, 0.00208455, -0.00066792],
        [-0.00204475, -0.00500765, -0.00053364],
        [-0.0028009, -0.00188209, 0.00420625],
        [5.182e-05, 0.00078601, 0.00278455],
        [0.0032919, -0.00405481, -0.0036063],
        [-0.00153143, 0.0039094, -0.00272869]
    ],
    "relaxed_lattice": [
        [-5.28450353, -14.25286654, -8.30449345],
        [-7.5799617, -0.18840085, -4.06655335],
        [-0.37264876, -0.27378773, -8.60328837]
    ],