{
    "atom_type": [
        "Na",
        "V",
        "P",
        "O"
    ],
    "atoms_per_type": [
        12,
        8,
        12,
        48
    ],
    "coord_mode": "direct",
    "relaxed_basis": [
        [0.26921573, 0.48448369, 0.47266042],
        [0.74793315, 0.50584567, 0.50036109],
        [0.49629013, 0.99100291, 0.01221306],
        [0.99270801, 0.00788005, 0.01149798],
        [0.12591196, 0.88243294, 0.61708343],
        [0.30894962, 0.25113808, 0.87543211],
        [0.80350602, 0.25185336, 0.90000447],
        [0.94458092, 0.62292518, 0.25273759],
        [0.06220415, 0.38600874, 0.75213337],
        [0.55896304, 0.38214381, 0.7502966],
        [0.19410705, 0.74777106, 0.10487895],
        [0.6905045, 0.74892302, 0.10961069],
        [0.32715649, 0.6422905, 0.63218246],
        [0.82104008, 0.64395192, 0.64988473],
        [0.07242681, 0.13715886, 0.14900961],
        [0.57174223, 0.1405043, 0.15188051],
        [0.17775821, 0.35311726, 0.35720859],
        [0.67554404, 0.3556048, 0.35855323],
        [0.42928391, 0.85601204, 0.85334182],
        [0.92419806, 0.8648539, 0.85170014],
        [0.12398642, 0.54533148, 0.95325118],
        [0.62297024, 0.54521589, 0.96163919],
        [0.4814779, 0.24776088, 0.54788866],
        [0.98066801, 0.25267136, 0.548585],
        [0.26814091, 0.95171973, 0.24691775],
        [0.76870862, 0.95023494, 0.25334432],
        [0.23033583, 0.04522262, 0.7459534],
        [0.73121435, 0.04880873, 0.75133873],
        [0.37366608, 0.45481502, 0.03562315],
        [0.87481653, 0.45325318, 0.04535051],
        [0.02166043, 0.75093119, 0.45472411],
        [0.52096509, 0.7549684, 0.45478588],
        [0.44205772, 0.70154589, 0.4886967],
        [0.94353698, 0.69004183, 0.49396733],
        [0.24667911, 0.87773309, 0.70402187],
        [0.75689675, 0.86549002, 0.72890546],
        [0.35029961, 0.47570805, 0.87583105],
        [0.85800302, 0.46819767, 0.88003279],
        [0.50609859, 0.19589854, 0.38186071],
        [0.01242363, 0.19272392, 0.38288432],
        [0.19150399, 0.96414252, 0.19667887],
        [0.69537209, 0.95685148, 0.20260041],
        [0.10469562, 0.3775028, 0.9850144],
        [0.60773102, 0.37090554, 0.99414076],
        [0.05603319, 0.30967836, 0.52973538],
        [0.557093, 0.30702166, 0.5243352],
        [0.23460757, 0.12420875, 0.2986888],
        [0.74418889, 0.13136408, 0.27892064],
        [0.13957813, 0.52409889, 0.12174903],
        [0.64530814, 0.52367177, 0.12199865],
        [0.00293983, 0.80939171, 0.61385166],
        [0.50092098, 0.80892123, 0.61607161],
        [0.30757089, 0.01868845, 0.80065408],
        [0.80807774, 0.04013011, 0.79806478],
        [0.38673193, 0.6317384, 0.9971876],
        [0.89469976, 0.62427499, 0.00409553],
        [0.38673751, 0.41022018, 0.56315623],
        [0.8871311, 0.41415891, 0.55484848],
        [0.27755106, 0.77376183, 0.41562161],
        [0.78674886, 0.77174383, 0.4179323],
        [0.20678962, 0.56682913, 0.7689285],
        [0.70977799, 0.55811711, 0.77957921],
        [0.03370198, 0.90568216, 0.26571321],
        [0.53581043, 0.91140182, 0.26514336],
        [0.13513793, 0.06329192, 0.91246389],
        [0.63644721, 0.07025654, 0.91421668],
        [0.45955424, 0.280229, 0.05233383],
        [0.95958424, 0.27419834, 0.06886237],
        [0.11552332, 0.58569552, 0.44210068],
        [0.61408173, 0.58729138, 0.44309859],
        [0.21707706, 0.23027363, 0.58642123],
        [0.7174621, 0.22583012, 0.5845444],
        [0.28910329, 0.43429548, 0.2192107],
        [0.78936917, 0.44192579, 0.22447891],
        [0.46631139, 0.0907849, 0.73534616],
        [0.9691007, 0.09098276, 0.73472624],
        [0.35943311, 0.9491903, 0.0812266],
        [0.86501345, 0.93102542, 0.08852871],
        [0.04026784, 0.72939383, 0.92897048],
        [0.53976797, 0.72322781, 0.93683028]
    ],
    "relaxed_energy": -815.82219587,
    "relaxed_forces": [
        [0.00144322, 0.00146725, 0.00080331],
        [0.0009807, 0.00043782, 0.00010811],
        [-0.00047147, -0.00043469, 0.0006009],
        [-0.00035232, 0.00039402, -0.00102847],
        [-0.00124437, -0.00013153, 0.00015871],
        [-0.00047755, 0.00070348, -0.00010692],
        [-0.00110993, -0.0018332, -8.38e-05],
        [0.00133673, 0.00224641, 0.00216922],
        [0.00169754, 0.00049726, -1.195e-05],
        [-0.00167559, -0.00058621, -0.00070252],
        [0.00054952, 0.00040923, -0.00153317],
        [-0.00159304, -0.00103189, -0.00290427],
        [0.00108402, -7.134e-05, 0.00097862],
        [5.314e-05, -0.00032625, 0.00077267],
        [0.00030658, 0.00187238, 0.0001391],
        [0.00065416, -0.00013313, 0.00089518],
        [-0.00089342, -0.00028216, -0.0007792],
        [0.00114306, -0.001102, 0.00022104],
        [0.00041091, 0.00101323, 0.00014067],
        [0.00121248, -0.0007566, -0.00038361],
        [-0.0016695, -0.00352712, -0.00015836],
        [0.00224304, -5.295e-05, 0.00148506],
        [-0.00328861, 0.00181015, 0.00012387],
        [-0.00026075, 0.00100671, 0.00160689],
        [0.00088343, -0.00409116, -0.00012815],
        [3.791e-05, -0.00073595, -0.00047199],
        [0.0010153, 0.00128319, 0.00395487],
        [-0.00125273, -9.403e-05, -0.00110833],
        [0.00054474, 0.00135244, 0.00216415],
        [0.00081882, 0.00122, -0.00077638],
        [0.00053714, -0.00025422, -0.00237223],
        [-0.0014874, 0.00228284, 0.00063541],
        [-0.00389492, -0.00151893, 0.00158055],
        [-0.00125773, -9.169e-05, 0.00148027],
        [-0.0008267, 0.00070772, -0.00055437],
        [-0.00197247, 0.0012594, 0.00156622],
        [-0.00175808, -0.00034992, -0.00113372],
        [0.00115286, 0.00019016, -0.00185955],
        [0.00035714, -0.00094975, 0.00195516],
        [-0.00135886, 0.00194807, -0.0005989],
        [0.00071115, 0.00031274, 0.00225456],
        [-0.00237057, -0.00101874, -0.00214255],
        [0.00052695, -0.00299207, 0.00036569],
        [-0.00157445, 0.00130233, 0.00237455],
        [0.00017627, -0.00077201, -0.00145918],
        [0.0017419, 0.00160636, -0.00151175],
        [0.00059319, 0.00100807, -0.00160995],
        [0.00231347, -0.00253373, -0.00223988],
        [0.00011042, -0.0008539, 0.00020101],
        [5.555e-05, -0.00115432, -0.00165685],
        [0.00152458, -0.00192847, 0.00225573],
        [0.00286845, -0.00034427, 0.00026275],
        [0.00059882, -0.00130184, 0.0016691],
        [0.00082908, -0.00038739, -0.00141483],
        [-0.00010573, 0.00010341, -0.00183746],
        [0.00046728, 0.00058961, -0.00156639],
        [-0.00036909, -0.00114836, -0.00063785],
        [0.00235872, -0.00118625, -0.00097733],
        [-0.00073412, -0.00080418, 0.00027911],
        [0.00110014, 0.00086757, 0.00133716],
        [0.00300668, 0.00135748, 1.516e-05],
        [-0.00110533, 0.0021353, 0.00143728],
        [-0.00107859, -0.0001439, -0.00028524],
        [-0.00158286, 0.00081672, -0.00090183],
        [0.0014293, 0.00108602, -0.00073147],
        [0.00160916, 0.00119338, 0.00162965],
        [-4.563e-05, 0.00023634, 0.00083352],
        [-0.00082035, 0.00116577, 0.00024153],
        [-0.00150887, 0.00072732, 0.00101406],
        [-0.00013168, -0.00041924, 0.00118231],
        [0.00158422, -0.00178743, 0.00026288],
        [-0.00120052, 0.00130934, -0.00249816],
        [0.00025913, 0.00058203, -0.00033619],
        [0.00013002, -0.00150133, 8.993e-05],
        [0.00106038, -0.00041073, -0.00161094],
        [-0.00027092, 0.00070202, 0.00011965],
        [-0.00148708, 0.00148502, -0.00233479],
        [-0.00097775, -0.00045549, -0.00019528],
        [0.00015871, 0.00026236, 0.00256441],
        [-0.00146702, -0.00145259, -0.00128617]
    ],
    "relaxed_lattice": [
        [-4.41482863, -14.47012652, -8.65777558],
        [-7.27719092, -0.12027134, -4.74756724],
        [0.59357854, -0.21328316, -8.65811071]
    ],