{
    "atom_type": [
        "Na",
        "V",
        "P",
        "O"
    ],
    "atoms_per_type": [
        4,
        8,
        12,
        48
    ],
    "coord_mode": "direct",
    "relaxed_basis": [
        [0.2573999, 0.48882556, 0.50100954],
        [0.00113475, 0.99750926, 0.00434661],
        [0.62380739, 0.9059327, 0.66400261],
        [0.75079448, 0.49527403, 0.50708553],
        [0.31697257, 0.64854786, 0.65247172],
        [0.82706085, 0.63062428, 0.65262132],
        [0.0695762, 0.13840956, 0.15363018],
        [0.57009699, 0.13745433, 0.14182097],
        [0.18248887, 0.35399541, 0.35569552],
        [0.68011561, 0.34935979, 0.36254397],
        [0.42762864, 0.85167365, 0.86751978],
        [0.93317474, 0.85303033, 0.85738567],
        [0.12712426, 0.53283141, 0.96710019],
        [0.6242829, 0.52975305, 0.96850395],
        [0.47942074, 0.25196787, 0.5302882],
        [0.9825779, 0.24660339, 0.54138766],
        [0.26743165, 0.95925103, 0.25488578],
        [0.77166172, 0.96223805, 0.25436009],
        [0.22805371, 0.03315324, 0.75613188],
        [0.73663176, 0.03562495, 0.7525824],
        [0.37872604, 0.45499794, 0.03927307],
        [0.87349599, 0.45998687, 0.04775852],
        [0.0231266, 0.74201554, 0.46664578],
        [0.51717472, 0.74801777, 0.47543532],
        [0.42389388, 0.738355, 0.51242211],
        [0.94012426, 0.6888585, 0.5096569],
        [0.23009894, 0.87307018, 0.72203303],
        [0.75280443, 0.87029302, 0.70537163],
        [0.34870334, 0.50814434, 0.87380132],
        [0.84971112, 0.48934052, 0.88201638],
        [0.48707758, 0.2316786, 0.35762767],
        [0.99523053, 0.20025404, 0.37823382],
        [0.18083078, 0.98414475, 0.22705334],
        [0.68166738, 0.00709346, 0.22705558],
        [0.10267241, 0.3645138, 0.01272489],
        [0.60536629, 0.36277797, 0.99194665],
        [0.06518958, 0.29788046, 0.49789404],
        [0.57343553, 0.25098841, 0.51019227],
        [0.25010897, 0.13093534, 0.29504958],
        [0.76129829, 0.12565317, 0.29978261],
        [0.15067492, 0.5110014, 0.12637738],
        [0.64882651, 0.48486724, 0.13565701],
        [0.01014607, 0.78260629, 0.63188542],
        [0.51717037, 0.76866274, 0.64035165],
        [0.31674893, 0.97958082, 0.79379937],
        [0.82484924, 0.00115845, 0.78491926],
        [0.40044196, 0.62298592, 0.00822483],
        [0.89707582, 0.62833717, 0.00465474],
        [0.39305277, 0.42851319, 0.56303985],
        [0.88693623, 0.41449827, 0.56705611],
        [0.28192356, 0.77395043, 0.42770508],
        [0.78051124, 0.7762294, 0.43095266],
        [0.2120673, 0.5476971, 0.7783198],
        [0.70808043, 0.56611521, 0.77799101],
        [0.02680609, 0.91657132, 0.28212514],
        [0.53650421, 0.91840168, 0.2899194],
        [0.13642404, 0.06601322, 0.93043457],
        [0.64797871, 0.04590028, 0.92957461],
        [0.46648054, 0.27363129, 0.04121648],
        [0.95734888, 0.27128385, 0.06960251],
        [0.11800539, 0.57423205, 0.43596582],
        [0.60288612, 0.56503577, 0.44366319],
        [0.22055908, 0.21978004, 0.5837368],
        [0.72238972, 0.22511606, 0.58565206],
        [0.29630082, 0.42666813, 0.23010196],
        [0.7867189, 0.44663414, 0.23245498],
        [0.46345792, 0.07391235, 0.71200451],
        [0.9746882, 0.07548831, 0.7289214],
        [0.35736439, 0.93973993, 0.08088726],
        [0.86313863, 0.93900945, 0.08216835],
        [0.04052445, 0.72035544, 0.94297357],
        [0.53893828, 0.71815163, 0.95008613]
    ],
    "relaxed_energy": -755.69186265,
    "relaxed_forces": [
        [0.00056948, 0.00038455, -0.00013502],
        [-5.474e-05, -0.00077461, 0.00032624],
        [-0.00119701, 0.00039445, -0.00558409],
        [-0.00075266, -0.00073363, -0.00065877],
        [0.00363531, -0.00067939, -0.0013182],
        [0.00201866, -0.0025385, 0.00319505],
        [0.00359969, -0.00244985, -0.00329493],
        [-0.00545317, 0.00153134, 0.00174412],
        [0.00315168, -0.00357747, -0.00327656],
        [0.00022552, 0.00299737, 0.00131143],
        [0.00058567, -0.00207011, 0.00021775],
        [-0.00086307, 0.00424285, -0.00080039],
        [0.00027031, -0.00437938, 0.00022843],
        [0.00287538, 0.00018709, 0.00417474],
        [-0.00050328, 0.00078549, 0.00217692],
        [-0.00373036, -0.00186715, 0.00166408],
        [-0.00066696, -0.0004912, 0.00132012],
        [-0.00105113, 0.00032677, 0.00352724],
        [-0.00136019, -0.00156773, 0.00189319],
        [0.0012305, 0.00307924, -0.00341718],
        [0.00135485, 0.0032745, -0.00180775],
        [-0.00080383, -0.00253746, -0.00116232],
        [-0.00103333, -0.00091841, -0.00064395],
        [-0.00072629, 0.00229465, 0.00034095],
        [0.00027894, -0.0001244, 0.00239682],
        [0.00064202, 0.00234237, 0.00302006],
        [0.00037728, 0.00164049, 0.00274415],
        [0.00020753, -0.00173424, 0.00018828],
        [-0.00469757, 0.00133396, -0.00314141],
        [-0.00064044, 5.291e-05, 0.00045559],
        [-0.00668445, -0.00264843, 0.00112636],
        [-0.00175696, -0.00187471, -0.00203608],
        [-0.00031091, 0.00033716, 0.00168479],
        [-0.00298447, -0.0051681, -0.0020094],
        [0.00391571, -0.00011073, 0.00192544],
        [0.00434221, 0.00129463, 0.00241319],
        [-4.201e-05, 0.00063989, 9.269e-05],
        [0.00165155, -0.00125944, -0.00332304],
        [0.00107874, -0.00039136, -0.00028728],
        [0.00158727, 0.00053956, -0.00150627],
        [0.00145133, 0.00155659, 0.00254824],
        [0.00019869, 0.00023889, 0.00424146],
        [0.00102887, 0.0034504, -0.00050959],
        [0.00876797, 0.00174971, 0.00053756],
        [0.00408092, -0.00076657, 0.00029077],
        [-0.00130806, 0.00053996, -0.00215988],
        [0.0012165, 0.0003389, -0.00544794],
        [-0.00170742, -0.00018884, -0.00036065],
        [0.0011006, 0.00013553, -0.00634053],
        [-0.00129869, -0.00073332, 0.00077255],
        [-0.00067154, -0.00219953, 0.00185003],
        [-0.00042272, 0.00432949, -0.00063236],
        [-0.00231463, -0.00214573, 0.00010399],
        [-0.00288434, -0.00154402, -0.00321327],
        [-0.00148771, -0.00027817, 0.00079867],
        [-0.0034648, 0.00106242, -0.00552569],
        [0.00021405, -0.00043382, 0.00196512],
        [-0.00221419, 0.00378178, 0.00056454],
        [-0.00149023, 0.00152196, -0.00082602],
        [0.00107476, -0.00091948, 0.00070297],
        [-0.00217805, 0.00332663, -0.0002693],
        [0.00020717, -0.00131669, 0.00525843],
        [-0.00096922, 0.00037283, -0.00034053],
        [0.00011949, -0.00188894, -0.00150328],
        [0.00074045, 0.00326103, -0.00083626],
        [0.00039548, 0.00178132, 0.00122403],
        [0.00094129, -0.00175005, 0.00406364],
        [0.00466188, 0.0012486, -0.00092827],
        [-0.00251136, -0.00028381, 0.00174092],
        [0.00081075, -0.00234151, 0.00264589],
        [0.00017525, 0.00189999, -0.00099189],
        [-0.00054793, -0.00358853, -0.00318834]
    ],
    "relaxed_lattice": [
        [-4.99365901, -14.15369384, -8.45164835],
        [-7.4535211, -0.20021131, -4.28069954],
        [-0.17378283, -0.18838371, -8.61252932]
    ],