{
    "atom_type": [
        "Na",
        "V",
        "P",
        "O"
    ],
    "atoms_per_type": [
        9,
        8,
        12,
        48
    ],
    "coord_mode": "direct",
    "relaxed_basis": [
        [0.25204023, 0.50101065, 0.50200975],
        [0.76000281, 0.48376446, 0.49802638],
        [0.49993495, 0.99939336, 0.99252835],
        [0.99103238, 0.99910678, 0.01494026],
        [0.06372755, 0.37982517, 0.75259779],
        [0.56056767, 0.38228381, 0.7478297],
        [0.37380098, 0.1180776, 0.37647226],
        [0.19062245, 0.74984223, 0.12188373],
        [0.68849451, 0.74862055, 0.11852158],
        [0.32096316, 0.64280477, 0.63840319],
        [0.82098541, 0.639788, 0.64247827],
        [0.07201701, 0.14498527, 0.14838521],
        [0.57279033, 0.1470911, 0.1457991],
        [0.17376715, 0.35344408, 0.36060824],
        [0.6809068, 0.3507322, 0.34991233],
        [0.42861378, 0.85886676, 0.86276531],
        [0.9294843, 0.86012497, 0.85633059],
        [0.12430458, 0.54706022, 0.95445461],
        [0.62660054, 0.54546677, 0.95326716],
        [0.47849444, 0.25245602, 0.54384278],
        [0.97912319, 0.25013097, 0.55118338],
        [0.27109961, 0.95489174, 0.25112978],
        [0.77113346, 0.94839575, 0.25110913],
        [0.23141367, 0.038036, 0.75147424],
        [0.73284862, 0.03797573, 0.74663338],
        [0.37322254, 0.46225804, 0.03898066],
        [0.87624981, 0.46103483, 0.03529094],
        [0.01696758, 0.75531596, 0.46181131],
        [0.51905271, 0.74906201, 0.46004918],
        [0.43777823, 0.70183667, 0.48825132],
        [0.93720689, 0.69962594, 0.50043159],
        [0.25402837, 0.87346874, 0.69440637],
        [0.74935902, 0.86756085, 0.70759932],
        [0.35101531, 0.50196537, 0.8699674],
        [0.85212766, 0.49635809, 0.869134],
        [0.49006309, 0.20934967, 0.37908533],
        [0.00236291, 0.20929634, 0.37935449],
        [0.19191837, 0.98176628, 0.19827902],
        [0.69102463, 0.96353202, 0.21175659],
        [0.1046526, 0.38111902, 0.97849486],
        [0.60277912, 0.37999474, 0.98652026],
        [0.0574063, 0.29715266, 0.53710088],
        [0.55959338, 0.3065921, 0.504426],
        [0.24926973, 0.11808607, 0.3081856],
        [0.75400603, 0.11952872, 0.28498396],
        [0.14243265, 0.52262746, 0.12141084],
        [0.65110181, 0.51720922, 0.11444044],
        [0.99863806, 0.80470524, 0.62776011],
        [0.49794534, 0.79527827, 0.62745153],
        [0.31119653, 0.00430463, 0.80281543],
        [0.81311964, 0.00513692, 0.79776855],
        [0.39152636, 0.62568791, 0.01800979],
        [0.90002769, 0.62857025, 0.99326606],
        [0.38527102, 0.42306807, 0.56523973],
        [0.88557286, 0.41599676, 0.57145689],
        [0.28014399, 0.77029234, 0.41889174],
        [0.78643547, 0.76666808, 0.42080125],
        [0.2083618, 0.57208257, 0.76902272],
        [0.71093943, 0.56148466, 0.76676516],
        [0.03090793, 0.91529074, 0.27425001],
        [0.52818547, 0.9179892, 0.27370693],
        [0.13681658, 0.05230614, 0.91552538],
        [0.63850139, 0.0588121, 0.91548577],
        [0.45687564, 0.27553131, 0.05526846],
        [0.96097272, 0.27889005, 0.04963942],
        [0.11114793, 0.58691995, 0.44696802],
        [0.6136119, 0.58554597, 0.43801833],
        [0.22158579, 0.22540555, 0.58694142],
        [0.71833224, 0.22382715, 0.58415453],
        [0.28936369, 0.43321966, 0.22635462],
        [0.79173363, 0.44830378, 0.21833602],
        [0.46896602, 0.09025696, 0.7271279],
        [0.96587538, 0.08276937, 0.73473701],
        [0.36449242, 0.94133715, 0.08773332],
        [0.86454086, 0.92137512, 0.08289507],
        [0.04108994, 0.73326601, 0.92668245],
        [0.54431496, 0.72993332, 0.93073755]
    ],
    "relaxed_energy": -793.18050814,
    "relaxed_forces": [
        [0.0002455, -0.00025858, -0.00026563],
        [0.00037758, -0.00095754, -0.00032082],
        [-0.00012283, -0.00098661, 0.00053071],
        [0.0007259, 0.0004042, -0.00067356],
        [-0.00178552, -0.00134316, -0.00038898],
        [-0.0004232, -9.281e-05, 0.00083225],
        [0.00174188, -0.00052247, 0.00159479],
        [0.00149583, 0.00153549, -0.00015621],
        [-0.00091331, 0.00024781, 0.00068146],
        [-0.00240075, 0.00096527, -0.00088845],
        [0.00032407, -0.00255096, -0.00112273],
        [0.00456076, 0.00074556, -0.00348156],
        [6.432e-05, -0.0004409, -0.00014824],
        [-0.00245111, 0.00433887, -0.00116016],
        [0.00119515, -0.00027137, -0.00096179],
        [0.00310497, 0.00115143, 0.00112286],
        [-0.00096958, 0.00304502, 0.00556486],
        [-0.00099132, 0.00225516, -0.00044244],
        [-0.00109425, 0.0005201, 0.00258771],
        [-0.00012552, -0.00220634, 0.00011823],
        [0.00288123, -0.00043334, -0.00418863],
        [-0.00027179, -0.00062126, 0.00049601],
        [-0.00083411, -0.00167547, 0.00264627],
        [-0.00152533, 0.00035354, -0.00038167],
        [0.00124212, -0.0036982, -0.00580975],
        [-0.00070092, -0.0009879, -0.00243099],
        [-0.0063319, 0.00040119, -0.00186915],
        [-0.00119498, -0.00010627, -0.00050071],
        [0.0016714, -0.00085947, -0.00023729],
        [0.00272062, 0.00362278, 0.00078414],
        [-0.00152345, -0.00045439, -0.00120074],
        [0.00377572, -0.00178873, 0.00270161],
        [-0.00013532, 0.0018694, -0.00025954],
        [-0.002725, 0.00013196, 0.00491507],
        [-0.0003654, 0.00321034, 0.00582254],
        [0.00102962, 0.00171685, -0.00080695],
        [-0.00107206, -0.00342749, 0.00094251],
        [0.00171456, -0.00269607, 0.0020851],
        [0.00070299, 0.00123663, -0.00240616],
        [-0.00041732, -0.00039958, -0.00191883],
        [-0.00028215, 0.00121544, 0.00039289],
        [-0.00373285, -0.00049907, -6.403e-05],
        [0.0011617, 0.00088435, -0.00016746],
        [0.00325046, 0.00125337, 0.00079908],
        [-1.57e-05, 0.001269, 0.00112155],
        [0.00025246, 0.00123265, 0.0016008],
        [-0.00167869, 0.00032467, -0.00010228],
        [-0.00160081, -0.00346252, 0.0020999],
        [0.00291683, 0.00075912, 0.00439188],
        [0.00011629, 0.0023531, -0.00099285],
        [-0.00109774, 0.00245519, 0.00103062],
        [0.00150399, 0.00346581, -0.00027802],
        [0.00720411, 0.00201835, 0.00260966],
        [-0.00026535, 0.0031536, -0.00175301],
        [0.00338361, 0.00139069, 0.00656319],
        [0.00125716, -0.00181053, -0.00717965],
        [0.00074535, -0.00412268, -0.00384919],
        [-0.00305158, -0.00699844, -0.00128688],
        [-0.00087211, -0.00268914, -0.00370135],
        [0.00100943, -0.00045357, -0.00094605],
        [-0.00046626, 0.00020416, 0.00023458],
        [0.00066796, -0.00127478, 0.00092282],
        [-0.00082597, -0.00125189, -0.00052543],
        [0.00106361, 0.00032689, 0.00018562],
        [-0.00132313, 0.00052192, -7.366e-05],
        [-0.00347973, 0.00080005, -0.00305054],
        [-0.00094, 0.00075022, -0.00112401],
        [-4.078e-05, 0.00024101, 0.00092384],
        [-0.00129117, -0.00083398, 0.00081671],
        [0.00117183, -0.00077291, 0.00278178],
        [0.00082147, 0.00012142, 0.00238904],
        [-0.00511559, -0.00093333, 0.00245661],
        [-0.00501932, -0.00024577, 0.00179566],
        [-0.00029221, 0.00099094, -0.00313859],
        [-0.00110236, 0.00157314, -0.00522449],
        [0.00427548, -0.00088295, -0.00095784],
        [0.00049249, -0.00204617, -0.00010606]
    ],
    "relaxed_lattice": [
        [-5.024326, -14.32027143, -8.33491976],
        [-7.56644721, -0.12801982, -4.15466213],
        [-0.12350872, -0.14909637, -8.62625214]
    ],