{
    "atom_type": [
        "Na",
        "V",
        "P",
        "O"
    ],
    "atoms_per_type": [
        10,
        8,
        12,
        48
    ],
    "coord_mode": "direct",
    "relaxed_basis": [
        [0.24365567, 0.51352494, 0.50125454],
        [0.73649841, 0.49038243, 0.54125555],
        [0.5080281, 0.99619097, 0.98636488],
        [0.00442455, 0.02088178, 0.96988517],
        [0.30758169, 0.24628816, 0.88902533],
        [0.94111362, 0.61232978, 0.24802026],
        [0.3778179, 0.12356598, 0.37784052],
        [0.87181045, 0.11499355, 0.37288157],
        [0.19374022, 0.75175664, 0.11258123],
        [0.69276307, 0.74919582, 0.13241025],
        [0.32220016, 0.6369579, 0.64698681],
        [0.81991229, 0.64496087, 0.64663073],
        [0.06861078, 0.14833029, 0.14847898],
        [0.57514349, 0.14421023, 0.14162976],
        [0.17806099, 0.35624174, 0.35109547],
        [0.67175598, 0.36109385, 0.36075708],
        [0.43257591, 0.85396145, 0.85095982],
        [0.92914005, 0.86121096, 0.85420504],
        [0.1256708, 0.54934715, 0.96152787],
        [0.62506165, 0.54745799, 0.9642596],
        [0.47658997, 0.24909617, 0.53995488],
        [0.97453276, 0.24980226, 0.53998039],
        [0.27135691, 0.95129506, 0.25084117],
        [0.77146413, 0.95571909, 0.25177931],
        [0.23162968, 0.04015301, 0.75370457],
        [0.73122109, 0.04178123, 0.74645575],
        [0.37875335, 0.45329061, 0.03275299],
        [0.87541958, 0.46134636, 0.04012047],
        [0.02012038, 0.74362596, 0.45905602],
        [0.51995536, 0.74898914, 0.46302554],
        [0.4381509, 0.6980646, 0.50849988],
        [0.93988109, 0.6948065, 0.48225089],
        [0.24969304, 0.85616091, 0.7406895],
        [0.75544568, 0.87547461, 0.68811819],
        [0.35300057, 0.46276183, 0.88320403],
        [0.85001488, 0.51161692, 0.87123862],
        [0.49262139, 0.1905043, 0.38408575],
        [0.97659005, 0.20723028, 0.3850039],
        [0.18940091, 0.97654311, 0.21125079],
        [0.69184318, 0.97612097, 0.206674],
        [0.09802904, 0.37811836, 0.02966403],
        [0.61015149, 0.37271774, 0.00272679],
        [0.05879007, 0.30543611, 0.47206669],
        [0.55648308, 0.30574519, 0.49754134],
        [0.26189431, 0.12876521, 0.26755499],
        [0.75414534, 0.11978922, 0.29740675],
        [0.15609807, 0.53004361, 0.11081934],
        [0.64444505, 0.53748091, 0.12340133],
        [0.99809324, 0.79237807, 0.6242068],
        [0.49875671, 0.81495592, 0.62165571],
        [0.31384266, 0.02576398, 0.78954294],
        [0.81271726, 0.01352634, 0.78643168],
        [0.39697376, 0.63287506, 0.97600055],
        [0.89842314, 0.62170812, 0.01786973],
        [0.38163197, 0.40630072, 0.56707711],
        [0.88278206, 0.42079406, 0.56872897],
        [0.28327042, 0.77605591, 0.42152986],
        [0.78441045, 0.76624855, 0.41889923],
        [0.2085762, 0.54838421, 0.7761162],
        [0.70838149, 0.57492304, 0.77702161],
        [0.02870705, 0.91385466, 0.27223582],
        [0.52846223, 0.91371682, 0.27450078],
        [0.13902716, 0.07171814, 0.9187017],
        [0.64161008, 0.04146202, 0.9195592],
        [0.46173659, 0.27195862, 0.06204704],
        [0.95438714, 0.2733389, 0.06024924],
        [0.11464886, 0.58461872, 0.43185662],
        [0.61376847, 0.59147656, 0.44607319],
        [0.22460805, 0.21041643, 0.57358918],
        [0.71768275, 0.22512538, 0.58100499],
        [0.2967769, 0.44040798, 0.22412849],
        [0.78998118, 0.44161453, 0.2252689],
        [0.46777872, 0.08424488, 0.73157318],
        [0.96960296, 0.08590358, 0.72418635],
        [0.36347345, 0.92533951, 0.07692985],
        [0.86659094, 0.92747577, 0.09036127],
        [0.04276719, 0.73046913, 0.94469149],
        [0.5405318, 0.72712963, 0.93319593]
    ],
    "relaxed_energy": -801.01571462,
    "relaxed_forces": [
        [0.00065226, 0.00036305, -0.0001347],
        [-0.00120145, -0.00055409, 0.00177077],
        [-0.00016042, 5.327e-05, -0.00030567],
        [-0.00209351, -0.00102536, 0.00054323],
        [0.00080617, 0.00013744, -0.0006108],
        [-0.00283866, -0.0016456, -0.00263556],
        [0.00131757, 0.00065131, 0.00025707],
        [-3.001e-05, 0.00090435, 0.00441584],
        [0.00054715, -7.625e-05, -0.00199284],
        [0.00126489, 0.00141053, 0.00248814],
        [-0.00098741, -0.0010192, 0.00304532],
        [-0.00325854, -0.00022955, -0.00270174],
        [-0.00043384, 0.0025221, -0.00222245],
        [0.00121901, 0.0004986, -0.00062314],
        [0.00174324, 0.00066064, 0.00634827],
        [0.00654932, -0.00144145, -0.00605385],
        [0.00305254, 0.00022709, -0.00226459],
        [-0.00166765, 8.05e-06, 0.00290115],
        [0.00084048, -0.00122084, -0.00466766],
        [0.00435611, -0.00026209, -0.00327775],
        [-0.00232373, -0.00536512, 0.00092363],
        [-0.00177964, 0.00034309, 0.00063512],
        [0.00049108, 0.00122696, -0.00051368],
        [-0.00179204, -0.00080747, 0.00237281],
        [-0.00330309, 0.0018549, -0.00273266],
        [-0.004222, 0.00222665, 0.00433234],
        [0.00258396, 0.00102558, -0.00322768],
        [-0.00142863, 0.00103564, -0.00240652],
        [-0.00499884, -0.00056059, 0.00194682],
        [-0.00076229, -0.00072595, 0.00179183],
        [0.00194029, 0.00138693, 0.00098258],
        [0.00039405, 7.91e-05, -0.00124045],
        [0.00323662, 0.00153778, 0.0015731],
        [0.00310674, 0.00175229, 0.00163101],
        [0.00057619, 0.00087551, 0.00038474],
        [-0.00631611, 0.00016893, 0.00383878],
        [-0.00015374, 0.00040291, -0.0021319],
        [-0.00142548, 0.00140063, 0.00027378],
        [-0.00074518, 0.00102296, 0.00014349],
        [-0.00083845, 0.00204559, -0.00151705],
        [0.00281942, 0.00218574, 0.0040122],
        [-0.00132986, -0.00040532, -0.00038402],
        [-0.00080324, -0.00244591, 0.00089892],
        [0.00294287, 0.00094239, 0.00129154],
        [-0.00037469, -0.00236188, -0.00164711],
        [0.00113048, 0.00400762, 0.0025959],
        [1.763e-05, -0.00027127, -0.00032466],
        [-0.00063703, 0.00161978, 0.00308548],
        [0.00159355, -0.0020895, -0.00256484],
        [-0.00016729, 0.00105926, -0.00665955],
        [0.00176823, -0.00363059, -0.0026535],
        [0.00458966, 0.0006602, 0.00166323],
        [-0.00500919, -0.00130917, -0.00075834],
        [0.00185533, -0.00315324, -0.00222156],
        [0.00104651, 0.00067073, -0.00046558],
        [-0.00068262, -0.00023641, -0.00072229],
        [0.00209132, -0.00072609, -0.00283661],
        [0.00185123, 0.00088369, -0.00314739],
        [0.00208139, -0.00095111, -0.00057159],
        [0.00054294, -0.00440513, 0.00221078],
        [-0.00375849, -0.0013197, -0.00121856],
        [-0.00119161, -0.00128586, 0.000621],
        [0.00078227, 0.00131866, -0.00182796],
        [-0.00117276, -0.00320027, 0.00246968],
        [0.00322714, -0.00182723, 0.00019016],
        [4.048e-05, -2.023e-05, 0.00249019],
        [0.00011832, 0.00124573, 0.00019397],
        [-0.00094382, 0.0015173, -0.00104356],
        [0.00160889, 0.00121377, -0.00104266],
        [-0.00086803, -0.00025411, 0.00137208],
        [-0.00021511, 0.00067021, 0.0002295],
        [-0.00185545, -0.00093935, 0.00076823],
        [0.00279827, 0.00196227, -0.00038974],
        [-0.00109441, 0.00043187, 0.00032317],
        [0.00092072, -0.00156251, 0.00165029],
        [-0.00176667, -0.00359958, 0.00072843],
        [-0.00171013, -0.00104973, -0.00170206],
        [-0.00216317, 0.00576668, 0.00404771]
    ],
    "relaxed_lattice": [
        [-4.97893019, -14.37573082, -8.42437599],
        [-7.57216234, -0.10254129, -4.18918322],
        [-0.13841545, -0.1459528, -8.66118087]
    ],