{
    "atom_type": [
        "Na",
        "V",
        "P",
        "O"
    ],
    "atoms_per_type": [
        10,
        8,
        12,
        48
    ],
    "coord_mode": "direct",
    "relaxed_basis": [
        [0.2446003, 0.49555983, 0.51169187],
        [0.74953629, 0.47498171, 0.52154461],
        [0.4958419, 0.01329668, 0.0049947],
        [0.98802343, 0.03993665, 0.98244347],
        [0.62535963, 0.88269253, 0.61271633],
        [0.31127349, 0.2496379, 0.89311598],
        [0.44359556, 0.6198706, 0.25334023],
        [0.94244036, 0.62420564, 0.24558985],
        [0.19149572, 0.74994271, 0.10609602],
        [0.69046243, 0.74950858, 0.12022978],
        [0.3224101, 0.64495162, 0.65113599],
        [0.8250681, 0.63599282, 0.6406702],
        [0.07154305, 0.14136468, 0.14604967],
        [0.570481, 0.14293875, 0.145529],
        [0.17495886, 0.35717991, 0.36021068],
        [0.68003386, 0.35566718, 0.35757187],
        [0.42790295, 0.85917896, 0.85221632],
        [0.92586491, 0.85915441, 0.84693931],
        [0.12297503, 0.54586209, 0.95982219],
        [0.62760501, 0.54149682, 0.96097385],
        [0.48050781, 0.25084452, 0.54308136],
        [0.98074952, 0.24246861, 0.54087587],
        [0.26675107, 0.95750291, 0.25203295],
        [0.7706587, 0.95660353, 0.24161679],
        [0.23140742, 0.04920915, 0.7525247],
        [0.72858888, 0.03736363, 0.74557667],
        [0.37439837, 0.45439035, 0.04603983],
        [0.87928899, 0.45924306, 0.03915923],
        [0.0186515, 0.75231037, 0.45172956],
        [0.52271678, 0.74792897, 0.45877448],
        [0.4419715, 0.69343379, 0.49738439],
        [0.9408651, 0.70322096, 0.46997361],
        [0.25001824, 0.8630563, 0.74565056],
        [0.74369278, 0.87358025, 0.70159724],
        [0.35321398, 0.47306637, 0.88371522],
        [0.86150531, 0.49408129, 0.86819399],
        [0.5024708, 0.186264, 0.38789165],
        [0.00681276, 0.18612598, 0.37248608],
        [0.19038733, 0.96675835, 0.20285917],
        [0.692073, 0.97408245, 0.19462309],
        [0.10392584, 0.36908563, 0.01429384],
        [0.60240761, 0.37754764, 0.0104766],
        [0.05988787, 0.2912724, 0.51324178],
        [0.56062524, 0.30572679, 0.50303147],
        [0.24361715, 0.14414475, 0.26388051],
        [0.74827982, 0.12161319, 0.2889571],
        [0.13471079, 0.53995752, 0.12704914],
        [0.65031063, 0.5269107, 0.11887367],
        [0.9922028, 0.80664831, 0.61885553],
        [0.50502686, 0.80796618, 0.61612167],
        [0.30867686, 0.03863202, 0.79906352],
        [0.81159054, 0.98624295, 0.8065059],
        [0.39224913, 0.6261105, 0.00852272],
        [0.90200927, 0.62337185, 0.01128072],
        [0.38646955, 0.41656199, 0.55484422],
        [0.8906507, 0.41370619, 0.53965427],
        [0.27954436, 0.78290354, 0.42541226],
        [0.78178332, 0.77007126, 0.41000767],
        [0.21050916, 0.55020752, 0.78300625],
        [0.70853066, 0.56559448, 0.77023489],
        [0.03296061, 0.916949, 0.26329322],
        [0.53374755, 0.90608969, 0.26774825],
        [0.13605094, 0.0777221, 0.9203343],
        [0.63735532, 0.05760144, 0.91382112],
        [0.45626609, 0.27190245, 0.07501953],
        [0.96108783, 0.27434213, 0.06916705],
        [0.11239648, 0.59047719, 0.43911309],
        [0.61732099, 0.58567258, 0.4407084],
        [0.22003095, 0.21952633, 0.57888564],
        [0.72625937, 0.21755181, 0.57830413],
        [0.28635832, 0.44571948, 0.22586012],
        [0.79310275, 0.44840358, 0.21920975],
        [0.47017609, 0.09043914, 0.73500334],
        [0.9638302, 0.08101835, 0.72536632],
        [0.36356869, 0.92850668, 0.09096016],
        [0.86633528, 0.93013542, 0.07853491],
        [0.03912309, 0.72682068, 0.9226303],
        [0.54280544, 0.7282516, 0.93700132]
    ],
    "relaxed_energy": -800.95015651,
    "relaxed_forces": [
        [-0.00234495, 0.0007542, 0.00105081],
        [-0.00097431, -0.00211028, 0.00331887],
        [-0.00202767, -0.00025651, 0.00131929],
        [-0.00137032, -1.321e-05, 0.00041892],
        [-0.00149862, 9.227e-05, -0.00237968],
        [0.00137203, 0.00496857, 0.00093968],
        [-0.00449988, -0.00521711, -0.00702065],
        [-0.00264501, 0.00177273, -0.00056487],
        [-0.00016879, -0.00011519, 0.00183112],
        [-0.00052665, -0.00056655, 0.00144853],
        [0.00040184, 0.00071039, -0.00289692],
        [0.00304391, 0.00285517, -0.00235379],
        [-0.00138895, -0.00363511, 0.00106291],
        [0.00093156, -0.00044375, -0.00255183],
        [0.00209757, 0.003071, 0.00298776],
        [0.00600239, 0.00634718, -0.00452974],
        [-0.00162651, -0.00070806, 0.00298663],
        [-0.00275074, 0.00388434, -0.0039821],
        [-0.00086606, -0.00066017, -0.00214772],
        [-0.00118335, -0.00185421, -0.00087624],
        [0.000648, -0.00084425, 0.00020101],
        [-0.00210114, 3.807e-05, -0.00223741],
        [-0.00149885, -0.00215855, -0.00016005],
        [0.00506999, 0.00163466, 0.00137275],
        [-0.00126925, -0.00297324, 0.00312719],
        [-0.00189851, -0.00043185, -0.00193504],
        [-0.00064841, -0.00031157, 0.00405942],
        [0.00081466, 0.00309469, -3.927e-05],
        [0.00065894, -0.00055092, 0.00415583],
        [0.00233753, -0.00167004, 0.00149497],
        [0.00061028, -0.00109699, 0.0011135],
        [0.00113216, -0.00039981, 0.00045064],
        [0.00068995, -0.00446215, 0.0015985],
        [0.00343235, -0.0001344, -0.00475415],
        [0.00194147, -0.00208832, 0.00073276],
        [0.00238925, 0.00033716, 0.0002715],
        [0.00348787, 0.00212196, 0.00183451],
        [-0.00050907, -0.0021129, -0.0013576],
        [0.00267753, -0.00370017, 0.00024128],
        [-0.00138264, 0.00339754, -0.0014884],
        [-0.00142613, -0.00205629, -0.00113268],
        [0.00054041, 0.00272471, -0.00020606],
        [-0.00100749, -0.00145934, -0.00081853],
        [0.00264901, -2.268e-05, 0.0006582],
        [-0.00053574, -0.00223139, 0.00203985],
        [-0.00236533, 0.003491, -0.00143973],
        [-0.00124664, -0.00147608, 0.00014133],
        [0.00141967, -0.00139592, -0.00055701],
        [-0.00065396, 0.00048927, 0.00034771],
        [0.00261308, -0.00276116, -0.00154688],
        [-0.001372, -0.00085989, 0.00272566],
        [-0.00369424, 0.0049277, -0.00076197],
        [-0.00218921, -0.00074823, 0.00516635],
        [0.00056607, 0.00434657, 0.00103385],
        [0.00086364, 0.00155098, 0.00010315],
        [-0.00108958, -0.00118987, 0.0008866],
        [-0.00117331, -0.00136192, -0.00106305],
        [-0.00202049, 0.00154962, -0.00261822],
        [-0.00211429, -0.00020031, -0.00145037],
        [0.00158716, -0.00035375, 0.0003763],
        [0.00590408, 0.0003037, 0.00197181],
        [-0.00096026, -0.00281038, 0.00208054],
        [-0.00048392, -0.00067432, 0.00148834],
        [-0.00139637, 0.0002586, -0.00119194],
        [0.00067222, -0.00293818, -0.0006188],
        [0.000558, 0.00257576, -0.00164748],
        [0.00174769, 0.00031364, 0.00137572],
        [0.00172872, 0.00237168, 0.00292525],
        [0.00189812, -0.00426806, 0.00088765],
        [0.00117385, 0.00146795, 0.00110725],
        [-0.00298417, -0.00187411, 0.00086795],
        [0.0006258, 0.00259781, -0.00047542],
        [0.00167233, 0.00506609, 0.00028305],
        [-0.00300666, -0.00019562, -0.00058125],
        [0.00124174, -0.00225641, -0.00102153],
        [-0.00214928, 0.00214128, -0.00217363],
        [-0.00098151, 2.982e-05, -0.00179098],
        [-0.00117064, -0.00163682, -0.00211396]
    ],
    "relaxed_lattice": [
        [-5.09361247, -14.29237561, -8.41339989],
        [-7.63647749, -0.10760679, -4.1946706],
        [-0.17156347, -0.10792502, -8.64968896]
    ],