{
    "atom_type": [
        "Na",
        "V",
        "P",
        "O"
    ],
    "atoms_per_type": [
        12,
        8,
        12,
        48
    ],
    "coord_mode": "direct",
    "relaxed_basis": [
        [0.24992303, 0.5176407, 0.48083646],
        [0.74787638, 0.51327388, 0.48850118],
        [0.49961536, 0.97538782, 0.02531042],
        [0.0114817, 0.00175349, 0.98310818],
        [0.12470165, 0.88262336, 0.60303817],
        [0.62592936, 0.89325287, 0.62532972],
        [0.30668985, 0.24796824, 0.8763737],
        [0.80919227, 0.25121111, 0.88441824],
        [0.94432682, 0.61861235, 0.25079211],
        [0.55508843, 0.38221555, 0.75041137],
        [0.37423076, 0.12275456, 0.39052146],
        [0.87464151, 0.11211388, 0.38346199],
        [0.32051471, 0.64528812, 0.65086344],
        [0.82313309, 0.64296614, 0.64694512],
        [0.07088217, 0.14088937, 0.14348921],
        [0.57112849, 0.14769225, 0.14365929],
        [0.17900791, 0.36102864, 0.34932982],
        [0.67917822, 0.35981486, 0.35375182],
        [0.43069025, 0.84959877, 0.85419006],
        [0.92664765, 0.8509183, 0.85695355],
        [0.12405571, 0.54259754, 0.95694046],
        [0.62409461, 0.53994116, 0.95555462],
        [0.47748835, 0.25588078, 0.54231068],
        [0.97652378, 0.24522454, 0.53550519],
        [0.27235758, 0.96133265, 0.25112588],
        [0.77312376, 0.96207503, 0.25361797],
        [0.22758518, 0.04290911, 0.74879538],
        [0.72608167, 0.04374625, 0.75717917],
        [0.37345926, 0.45334584, 0.03999676],
        [0.87521643, 0.4536486, 0.04344834],
        [0.02359437, 0.7442038, 0.45437977],
        [0.52443752, 0.75378928, 0.46539134],
        [0.43700643, 0.71018779, 0.530386],
        [0.94063315, 0.69545724, 0.49000919],
        [0.23581087, 0.8783972, 0.71197456],
        [0.74295594, 0.88675465, 0.7013664],
        [0.34347277, 0.47299709, 0.89040538],
        [0.84821227, 0.49024288, 0.88245138],
        [0.49181886, 0.21033619, 0.37972225],
        [0.98168922, 0.19723265, 0.38265191],
        [0.18131486, 0.99999064, 0.23421188],
        [0.68844734, 0.01379542, 0.20813467],
        [0.0952278, 0.38024393, 0.00743132],
        [0.59722032, 0.38689852, 0.97199736],
        [0.06315876, 0.28401379, 0.48316699],
        [0.56159515, 0.29351563, 0.51446925],
        [0.26760865, 0.12657927, 0.28160992],
        [0.76286679, 0.11348975, 0.31088604],
        [0.15119822, 0.5135279, 0.11304478],
        [0.65502188, 0.47692548, 0.11778582],
        [0.00675448, 0.79591898, 0.61464758],
        [0.52280504, 0.80051167, 0.61649272],
        [0.31614021, 0.01245166, 0.77203753],
        [0.80777077, 0.00885093, 0.8068842],
        [0.40632627, 0.61584747, 0.97369787],
        [0.90033883, 0.61506807, 0.01406843],
        [0.38523137, 0.4171411, 0.57006197],
        [0.88537724, 0.41142387, 0.56180369],
        [0.2844549, 0.77913491, 0.4186947],
        [0.78215816, 0.77181395, 0.41615726],
        [0.20382732, 0.55961141, 0.76751384],
        [0.70799283, 0.56210461, 0.76906194],
        [0.02722331, 0.91416157, 0.27166669],
        [0.52732265, 0.92185285, 0.28223919],
        [0.13994285, 0.0675188, 0.91818581],
        [0.63281916, 0.06707709, 0.91780778],
        [0.45596575, 0.26650482, 0.05925734],
        [0.9541104, 0.26608837, 0.06448323],
        [0.11462438, 0.58194281, 0.43154198],
        [0.6128528, 0.58422307, 0.44001123],
        [0.21865879, 0.22347186, 0.57730697],
        [0.71789978, 0.23252231, 0.59271571],
        [0.2972825, 0.43790374, 0.23059167],
        [0.79387099, 0.43283543, 0.23089876],
        [0.46821252, 0.08711487, 0.72833305],
        [0.96709329, 0.08155614, 0.72573094],
        [0.35806287, 0.94003144, 0.07514989],
        [0.86505743, 0.93986093, 0.08836479],
        [0.04176752, 0.72985048, 0.93571074],
        [0.54637645, 0.72905895, 0.93819858]
    ],
    "relaxed_energy": -815.82908606,
    "relaxed_forces": [
        [-0.00138982, 0.00204918, -0.00124568],
        [0.00170335, 0.00199618, 0.00089082],
        [0.00137727, 0.00141758, 0.00014957],
        [-0.00068924, -0.00131482, -0.00262105],
        [-0.0033292, -0.00167053, -0.00173321],
        [-0.00117311, 0.00126926, -0.00271464],
        [-4.346e-05, 0.0010248, 0.00070319],
        [-0.00171877, -0.00090579, -5.865e-05],
        [0.00160512, 0.00101025, 0.00189195],
        [-0.00221241, 0.00011452, 0.00130319],
        [-0.0010026, -0.0020683, -0.00185273],
        [5.211e-05, -0.00042858, -0.00110078],
        [-0.00271467, 0.00128364, 0.00367887],
        [-0.00082991, -0.0023217, 0.00062893],
        [0.00256842, -0.00141196, 0.00191183],
        [-0.00423471, -0.00053218, -0.00059839],
        [0.00181589, -0.00104584, 0.0028447],
        [0.00099135, 0.00216857, -0.00240363],
        [-0.00016724, -0.00436715, 0.0066714],
        [5.685e-05, 0.00083457, 0.00178435],
        [-0.00106117, -0.00144792, -0.00026993],
        [-0.00212205, -0.00365887, -0.00220079],
        [0.0013489, 0.00047531, 0.00257031],
        [0.00084744, -0.00057978, -0.00097129],
        [-0.00023332, -0.00291268, -0.00018361],
        [0.00179475, 0.00314105, 0.00155655],
        [-0.00025456, 0.00202117, -0.00241965],
        [0.0017639, 0.00189827, -0.00120334],
        [0.00105718, -0.00139484, -0.00081979],
        [0.00023316, -0.0004111, -0.00037174],
        [3.668e-05, 0.00149876, -0.00147534],
        [0.00539653, -0.00157684, -0.00042892],
        [-0.00019734, 0.00044003, -0.00186456],
        [-0.00036035, 0.0001523, -0.00098324],
        [-0.00039555, 0.00033328, -0.00078403],
        [0.00126862, 0.0002652, -0.00021592],
        [-0.00039288, 0.00160863, 0.00038798],
        [0.00052137, 0.00050539, 0.00021838],
        [-0.0020478, 0.00245461, -0.00330904],
        [-7.167e-05, 0.00035141, 0.00036341],
        [-0.00134164, -0.00185412, -0.00023358],
        [0.00065649, -0.00335781, -0.00364841],
        [-0.00013959, 0.00126013, -0.00208992],
        [0.00537678, 0.00167155, 0.00268025],
        [-0.0006759, -0.00036466, 0.0012496],
        [-0.00105709, 0.00067594, 0.00096379],
        [-7.664e-05, -0.00119927, 0.00079863],
        [0.00042535, -2.439e-05, -0.00029678],
        [-0.0008723, 0.00033424, -0.00015867],
        [-8.901e-05, 0.00080378, 0.00273908],
        [-0.00029125, -0.00013282, -0.00136135],
        [-5.963e-05, -0.00082863, 0.00128254],
        [0.00013569, 7.316e-05, 0.00261987],
        [-0.00032783, -0.00123193, -0.00129257],
        [-0.00042064, -0.00089222, -0.00057919],
        [0.0003739, 0.00111426, 0.00050433],
        [-0.00269797, 0.00179315, -0.00274296],
        [8.914e-05, -0.00082434, -0.00040294],
        [0.00019477, -0.00070357, 0.00019978],
        [0.00214453, 7.255e-05, -0.0003966],
        [0.00016504, 0.00087094, 0.00313141],
        [7.114e-05, -0.00023197, -0.00024156],
        [5.84e-05, -3.896e-05, 3.078e-05],
        [-0.00333499, -0.00030194, -0.00023227],
        [0.00036754, 0.0013596, -0.00082357],
        [0.00013199, -0.00276747, 0.00231189],
        [-0.00122202, 0.00169637, 0.00171325],
        [0.00060713, -0.00130063, -0.00044549],
        [0.00041803, 0.00150601, 0.00017344],
        [-0.00096297, 0.00132343, 0.00030891],
        [0.00150579, 8.63e-05, -4.919e-05],
        [0.00023299, 0.00093936, -8.24e-06],
        [-0.00050565, 0.00036984, -0.00051339],
        [0.00057614, 0.00030916, 8.939e-05],
        [0.00089561, 0.00051716, -0.00066046],
        [-0.00032718, 0.00014749, -0.00107488],
        [0.0007945, -0.00059485, 0.00258094],
        [0.00040246, -2.305e-05, 0.00154589],
        [0.00082202, 0.00092158, -0.00162258],
        [0.00015978, -0.00143849, -0.00177469]
    ],
    "relaxed_lattice": [
        [-4.99284248, -14.35720199, -8.42856117],
        [-7.60923956, -0.05421186, -4.16551487],
        [-0.16606236, -0.02347759, -8.69496173]
    ],