{
    "atom_type": [
        "Na",
        "V",
        "P",
        "O"
    ],
    "atoms_per_type": [
        10,
        8,
        12,
        48
    ],
    "coord_mode": "direct",
    "relaxed_basis": [
        [0.25378332, 0.51065223, 0.48151313],
        [0.74414409, 0.50127607, 0.50139388],
        [0.5041974, 0.98693058, 0.00683492],
        [0.00326084, 0.00297707, 0.9992999],
        [0.12366943, 0.88547748, 0.61902788],
        [0.62661285, 0.884264, 0.62164841],
        [0.31111895, 0.24722297, 0.87543278],
        [0.81000013, 0.24975885, 0.88196947],
        [0.94165477, 0.62130799, 0.24902067],
        [0.37480401, 0.11168316, 0.38447592],
        [0.32038436, 0.64562344, 0.64846626],
        [0.82486298, 0.64469399, 0.64892448],
        [0.06979218, 0.14589909, 0.14222391],
        [0.57003086, 0.14181774, 0.14214435],
        [0.1794643, 0.36322087, 0.35500076],
        [0.67904837, 0.35723237, 0.35313681],
        [0.43212612, 0.84372535, 0.85660786],
        [0.92478193, 0.85699888, 0.85056697],
        [0.12146795, 0.54193062, 0.95874792],
        [0.62563763, 0.53723865, 0.96285181],
        [0.47811709, 0.25166259, 0.53409522],
        [0.98133494, 0.25031664, 0.53831629],
        [0.27165254, 0.96455583, 0.24734607],
        [0.76996172, 0.96000576, 0.25337014],
        [0.22710602, 0.04380175, 0.75349918],
        [0.72608033, 0.04570651, 0.74922054],
        [0.3750335, 0.4515808, 0.03751413],
        [0.87443207, 0.45229128, 0.05072649],
        [0.02465189, 0.75157027, 0.45272089],
        [0.52346598, 0.74710179, 0.46373929],
        [0.43202014, 0.72007795, 0.52100594],
        [0.94368187, 0.71083982, 0.47396151],
        [0.23369248, 0.88192235, 0.71445773],
        [0.74392761, 0.87848644, 0.70388014],
        [0.3423008, 0.4786122, 0.88795068],
        [0.85162741, 0.48375604, 0.88513819],
        [0.48465753, 0.20150381, 0.38121962],
        [0.99477124, 0.20546226, 0.37521523],
        [0.18456081, 0.01679194, 0.20429244],
        [0.6847735, 0.99524032, 0.21932838],
        [0.09299351, 0.37822261, 0.00293155],
        [0.60031648, 0.37495551, 0.00177865],
        [0.06642628, 0.28641426, 0.50316821],
        [0.56717192, 0.28646637, 0.48323254],
        [0.26337289, 0.12653778, 0.28789726],
        [0.75800474, 0.12386703, 0.29538242],
        [0.14195646, 0.51049738, 0.12348548],
        [0.65631216, 0.49284926, 0.12459578],
        [0.00545458, 0.80409869, 0.61610927],
        [0.52195138, 0.79272721, 0.61612975],
        [0.31250249, 0.0035396, 0.79314232],
        [0.80862419, 0.02385618, 0.78834041],
        [0.40562088, 0.61287372, 0.98465977],
        [0.89723667, 0.61546903, 0.02066643],
        [0.38709838, 0.41786117, 0.56470788],
        [0.88952235, 0.41986501, 0.55806757],
        [0.27486523, 0.78409747, 0.41961187],
        [0.7831729, 0.77216277, 0.41866206],
        [0.20368866, 0.55472358, 0.77194541],
        [0.71019147, 0.55179804, 0.77722868],
        [0.03908146, 0.92030241, 0.26751402],
        [0.52910531, 0.91362812, 0.27744809],
        [0.13437043, 0.07678754, 0.91776226],
        [0.63596887, 0.06199766, 0.91712002],
        [0.45386806, 0.26097022, 0.06380784],
        [0.95713167, 0.26636916, 0.07110916],
        [0.11615039, 0.58601575, 0.43679763],
        [0.61196024, 0.57668584, 0.4338123],
        [0.22378899, 0.22457595, 0.58141912],
        [0.71218253, 0.22908504, 0.58059799],
        [0.29480165, 0.43735953, 0.22855436],
        [0.79008554, 0.43308152, 0.23404925],
        [0.4706821, 0.08521194, 0.72372804],
        [0.96797335, 0.08778649, 0.7269729],
        [0.36185914, 0.93867313, 0.07836047],
        [0.86164943, 0.93954257, 0.08273065],
        [0.03948265, 0.73042555, 0.93294604],
        [0.54786669, 0.72715716, 0.94039231]
    ],
    "relaxed_energy": -800.75636514,
    "relaxed_forces": [
        [0.00014602, -0.00158797, -0.00032161],
        [0.00134553, -0.00082989, 0.0014515],
        [-0.00057516, -0.00177426, -0.00018925],
        [0.00051201, -0.00034935, 0.00054025],
        [-0.00043877, 0.00069621, 2.881e-05],
        [0.00239086, 0.00162453, 0.00113126],
        [0.00015345, -8.156e-05, -0.00119398],
        [-0.00337342, -0.00244629, -0.00273175],
        [0.00066274, 0.00097463, 0.00206095],
        [0.00245569, -6.234e-05, 0.0013986],
        [-0.00430006, 5.962e-05, 0.00167171],
        [0.00220337, 0.00202601, -0.00530439],
        [-0.00377559, 0.00256386, -0.00057771],
        [0.00087001, -0.00108333, -0.00089718],
        [-0.00140916, -0.00083099, 0.00223869],
        [0.00221076, 0.00067816, -0.00325194],
        [-0.00145977, -0.00165393, -0.00047302],
        [0.00554669, -0.00429717, 0.00152984],
        [0.00267138, -0.00079033, -0.00026061],
        [-0.00143887, -0.00539864, 0.00083526],
        [-0.00052096, 0.00075228, 0.00291371],
        [0.00333685, -0.0009471, -0.00027082],
        [-0.00105623, -0.00014141, 0.00266076],
        [-0.00043335, 0.00544938, 0.00373541],
        [0.00056101, -0.00373297, 0.0042631],
        [-0.00819673, 0.00167009, 0.00483134],
        [0.00193069, -0.00297801, -0.00327854],
        [0.00603711, -0.00440784, 0.00574542],
        [0.00281527, -0.002885, -0.00719847],
        [0.00233664, -0.0024646, -0.00197982],
        [-0.00147359, 0.00305319, 0.0004227],
        [-0.00019082, -0.00153147, 0.00422729],
        [0.00031354, -4.225e-05, -0.00062788],
        [0.00415267, -0.00051252, 0.00260774],
        [9.061e-05, 0.00109328, -0.0017033],
        [-0.00791904, -0.00125185, -0.0019549],
        [3.091e-05, -0.00074232, -0.00069562],
        [-0.00330207, 0.00010703, 0.0025782],
        [0.00086437, -0.00010153, 0.00088675],
        [0.0004614, -0.00039379, -0.00152118],
        [-0.0012587, 0.00096579, -0.00044469],
        [0.00109518, 0.00362079, -0.00075752],
        [-0.00553548, -0.0003831, -0.00108634],
        [0.00015471, 0.0002071, -0.00035507],
        [-0.0010724, 0.00207284, 0.00115453],
        [-0.00250111, -0.00144497, -0.00158908],
        [0.00044511, 0.00345275, -8.587e-05],
        [0.0012799, 0.00025179, -0.00064171],
        [0.00111859, 0.0025895, 0.00225809],
        [0.00079535, 0.00225201, 0.00017138],
        [0.00189693, 0.00246311, -0.0009336],
        [0.00076037, -0.00572235, -0.00420078],
        [0.00333756, 0.00103724, -0.00111121],
        [-0.00157067, -0.00110212, -0.00445816],
        [-0.00059924, 0.00032727, -0.00105896],
        [-0.00528027, 0.002268, 0.00153273],
        [0.0023734, 0.00020449, -0.00189356],
        [-0.00107504, -0.00131335, 0.00047446],
        [0.00113787, -0.00094394, 0.00199119],
        [0.00086675, 0.00210394, 0.00182353],
        [-0.00417915, -0.00190807, 0.00185437],
        [-0.00174279, -0.00105724, 0.00123535],
        [0.00098141, 0.00145149, 0.00146683],
        [0.00203997, 0.00279708, -0.00462635],
        [-0.00200732, 0.00169962, 0.00206926],
        [-0.00222375, 0.00229076, 0.00144729],
        [-0.00090806, 0.0007164, -0.00250489],
        [0.00073071, 0.00220573, -0.00062629],
        [0.0010563, 0.00077889, 0.00058347],
        [0.00361143, -0.00233507, 0.00074749],
        [0.00029281, -0.00309891, 0.00019647],
        [-0.00159424, 0.00069467, 0.00074816],
        [0.00046951, -7.79e-06, -0.00184207],
        [0.00366182, 0.00216043, -0.00315665],
        [0.00060188, 0.00167001, -0.00072897],
        [-0.00018913, -0.002095, -0.00044153],
        [-0.00081596, 0.00125247, 0.00010257],
        [-0.00039027, 0.00244819, -0.00064118]
    ],
    "relaxed_lattice": [
        [-5.00029798, -14.37254433, -8.33585771],
        [-7.5642481, -0.10983804, -4.1959775],
        [-0.12499627, -0.13154701, -8.65407449]
    ],