{
    "atom_type": [
        "Na",
        "V",
        "P",
        "O"
    ],
    "atoms_per_type": [
        9,
        8,
        12,
        48
    ],
    "coord_mode": "direct",
    "relaxed_basis": [
        [0.2497984, 0.49664471, 0.50086004],
        [0.74308159, 0.51460687, 0.50355288],
        [0.49958134, 0.01507114, 0.98073329],
        [0.00768994, 0.98438041, 0.0036709],
        [0.12504794, 0.8888528, 0.60967973],
        [0.80550544, 0.24660023, 0.88838734],
        [0.37527247, 0.1206271, 0.37942041],
        [0.87277209, 0.1190017, 0.38069439],
        [0.69075817, 0.75280513, 0.12411815],
        [0.32090211, 0.63540666, 0.65140507],
        [0.82415955, 0.6429779, 0.64481228],
        [0.07106695, 0.14452149, 0.14501329],
        [0.57029096, 0.14918549, 0.14439356],
        [0.18173167, 0.35681908, 0.34895714],
        [0.67177701, 0.36296816, 0.35635241],
        [0.42963848, 0.85857689, 0.85135569],
        [0.93088923, 0.84921682, 0.85812319],
        [0.1263506, 0.53816625, 0.96094479],
        [0.62442723, 0.55469369, 0.95861859],
        [0.47417566, 0.25402999, 0.53813474],
        [0.97727342, 0.25148238, 0.53577692],
        [0.27397609, 0.96017284, 0.25008637],
        [0.77053088, 0.95563324, 0.25289447],
        [0.22863976, 0.0319542, 0.75541594],
        [0.73028731, 0.04375259, 0.74994402],
        [0.3776848, 0.46280698, 0.0350205],
        [0.87403015, 0.45178665, 0.03799458],
        [0.02503879, 0.74099949, 0.46495159],
        [0.51824302, 0.75146175, 0.46542898],
        [0.43284944, 0.70602953, 0.51395001],
        [0.93717229, 0.69136216, 0.52389465],
        [0.23837807, 0.87179934, 0.70908485],
        [0.75375428, 0.86589775, 0.71514053],
        [0.34706913, 0.50083987, 0.87564092],
        [0.84496591, 0.4728675, 0.88533863],
        [0.48309542, 0.20741736, 0.380102],
        [0.98092364, 0.20315853, 0.38437135],
        [0.1817836, 0.99855424, 0.2379599],
        [0.68740405, 0.97454069, 0.21779262],
        [0.09794755, 0.3790066, 0.00034399],
        [0.61239535, 0.37284205, 0.00493051],
        [0.06574944, 0.28482657, 0.48379881],
        [0.55859408, 0.30079295, 0.48992452],
        [0.27098297, 0.11868846, 0.28680968],
        [0.75649675, 0.13139565, 0.27624156],
        [0.15786366, 0.50177464, 0.11414742],
        [0.64620701, 0.54363399, 0.11543081],
        [0.01465411, 0.7935777, 0.61984856],
        [0.50312771, 0.81079048, 0.62084898],
        [0.31721597, 0.98750292, 0.78976039],
        [0.81269169, 0.02933896, 0.78237531],
        [0.40729114, 0.62356856, 0.9877919],
        [0.89435303, 0.62636349, 0.98401716],
        [0.38255762, 0.42100907, 0.56629875],
        [0.88471427, 0.41795422, 0.56899347],
        [0.28562748, 0.77425227, 0.42273906],
        [0.78595064, 0.77421927, 0.42246791],
        [0.20829078, 0.56170565, 0.76730135],
        [0.71014673, 0.57052908, 0.77113764],
        [0.02392057, 0.91308706, 0.28287585],
        [0.52493399, 0.91791346, 0.27542804],
        [0.13966542, 0.0549396, 0.92590782],
        [0.63985236, 0.05352927, 0.92222036],
        [0.46040059, 0.2762552, 0.04949974],
        [0.95368929, 0.26477979, 0.06640897],
        [0.1148549, 0.57533875, 0.43794879],
        [0.61138452, 0.59093994, 0.44236301],
        [0.22393489, 0.2143348, 0.5821818],
        [0.71762701, 0.22232893, 0.57708753],
        [0.298721, 0.43884456, 0.22601455],
        [0.78980472, 0.44257768, 0.22764253],
        [0.46494005, 0.08742533, 0.72598308],
        [0.96923732, 0.08446895, 0.72712494],
        [0.36138209, 0.93040886, 0.07570417],
        [0.86187156, 0.93396553, 0.08109172],
        [0.04647691, 0.7279506, 0.93606854],
        [0.54131899, 0.73582752, 0.92637408]
    ],
    "relaxed_energy": -793.62462058,
    "relaxed_forces": [
        [-0.00222881, 0.0003877, 0.00065084],
        [-0.00220432, -5.102e-05, 0.0008841],
        [-0.00131807, 0.00050154, 0.00086858],
        [-0.00057061, -0.00335259, 0.00046716],
        [0.00045278, 0.00082818, 0.00212332],
        [0.00068658, -0.00025361, -0.0005103],
        [0.00081853, 0.00078598, -0.00205828],
        [0.00059954, 0.0003821, 0.00218813],
        [0.00045172, 0.00033232, 0.00322672],
        [0.00164419, -0.00052427, 0.00282635],
        [-0.00046686, -0.00020795, -0.00484024],
        [-0.00156942, 0.00104797, 0.00216133],
        [-0.00112053, 0.00217896, -0.00043803],
        [-0.00017873, 9.561e-05, 0.00141307],
        [-0.0051044, 0.00304408, 0.00022603],
        [-0.00291735, -0.00087045, 0.00070971],
        [-0.00287564, -0.00134508, 0.00344761],
        [-0.00888188, -0.00022058, -0.00406999],
        [-0.00437249, 0.00017596, -0.00162355],
        [-0.00038179, 0.00386165, -0.00540694],
        [0.00313035, -0.00190063, 0.00700736],
        [-0.00220646, 0.00179234, -0.00063888],
        [-0.00144395, 0.00809618, 0.00492086],
        [0.00242674, 0.00251525, -0.00052095],
        [-0.00558261, -0.00334915, -0.00241753],
        [0.00343437, -0.00368613, -0.00220863],
        [0.0006157, -0.00334969, 0.00033694],
        [0.00518053, -0.001759, -0.00176479],
        [0.00315677, -0.00189706, -0.00260571],
        [0.00062165, 0.00014769, -0.00384077],
        [-0.00340069, -0.00472199, -0.00304868],
        [0.00014498, 0.00128279, -0.00055168],
        [0.0059319, 0.00079543, -0.00293775],
        [0.0027695, 0.00096036, 0.00197926],
        [0.00499402, -0.00110686, -0.00177424],
        [0.00088131, 0.00095438, -0.00182698],
        [-0.00202835, 0.00179913, -0.00174849],
        [0.0010717, 0.00040659, -0.00475036],
        [-0.00021617, -0.00099028, 0.00046431],
        [0.00895294, 0.00192777, -0.00069414],
        [0.00573656, 6.18e-05, -0.00100859],
        [-0.00278466, -0.00235923, 0.00079454],
        [-0.00110203, -0.00389281, 0.00536706],
        [-0.00125878, -0.0019347, -0.00094749],
        [-0.00130599, 0.00157721, 0.00043947],
        [-0.00011586, -0.00112126, -0.00048996],
        [-0.00044363, -0.00296362, -0.0011985],
        [0.00097197, -6.166e-05, -0.00183179],
        [0.001048, -0.00571062, -0.00058375],
        [-0.00162481, -0.00454267, 0.00566223],
        [0.00327985, 0.00021609, 0.00243166],
        [-0.00200772, -0.00070571, 0.00174646],
        [-0.00159916, 0.00077846, -4.563e-05],
        [0.00028281, 0.00122752, -0.00277567],
        [-0.00252464, -0.00041205, -7.348e-05],
        [0.00107962, -0.0021054, -0.00210127],
        [-0.00080422, 0.00464509, -0.00110904],
        [-0.0001349, 0.00247243, -0.00043571],
        [0.00218319, 0.00576748, -0.00162838],
        [-0.0038815, 0.00146748, 0.00227403],
        [-0.00098726, -0.00153534, 7.878e-05],
        [-0.00042452, -0.00521759, -0.0028018],
        [0.00063828, 0.00253567, 0.00128573],
        [-0.00448056, 0.0014593, -0.00320292],
        [-0.00082887, 0.00038296, 0.00272183],
        [0.00306001, 0.00140688, 0.00153741],
        [-0.00122974, -7.866e-05, 0.0015337],
        [-0.00018765, 0.00318006, 0.00273716],
        [0.00326136, -0.00257684, 0.00568201],
        [0.00294215, 0.00271467, -0.00215963],
        [0.00109861, 0.00013583, 0.0003502],
        [-0.00104538, -6.056e-05, 0.00110382],
        [-0.00018797, 0.00218405, -0.0023592],
        [0.00065198, 0.00224561, 0.00344986],
        [0.00227299, -0.00169568, 0.00161824],
        [0.00255739, -0.00264088, -0.00043539],
        [-0.00100157, 0.00044304, -0.00125078]
    ],
    "relaxed_lattice": [
        [-5.02253506, -14.28506987, -8.42553585],
        [-7.56524034, -0.08304949, -4.22257141],
        [-0.18058856, -0.11402675, -8.65627598]
    ],