{
    "atom_type": [
        "Na",
        "V",
        "P",
        "O"
    ],
    "atoms_per_type": [
        7,
        8,
        12,
        48
    ],
    "coord_mode": "direct",
    "relaxed_basis": [
        [0.24745342, 0.50812344, 0.49802026],
        [0.74891013, 0.5212356, 0.48288297],
        [0.01545082, 0.98351249, 0.99012905],
        [0.31831245, 0.24618535, 0.90059086],
        [0.80823363, 0.24828954, 0.89462608],
        [0.5448353, 0.3172159, 0.75001401],
        [0.37571095, 0.09035478, 0.34599318],
        [0.31966958, 0.64851777, 0.64555484],
        [0.82338562, 0.64543231, 0.64612047],
        [0.06662246, 0.14645381, 0.14913484],
        [0.57721443, 0.13583649, 0.14528946],
        [0.17394787, 0.36527752, 0.35620747],
        [0.68166632, 0.36185231, 0.34432146],
        [0.42897756, 0.8589472, 0.85940782],
        [0.93235641, 0.85414427, 0.84927268],
        [0.1223746, 0.54053656, 0.96720762],
        [0.62318039, 0.54613776, 0.96325849],
        [0.47973998, 0.24967872, 0.53272568],
        [0.97838503, 0.2513595, 0.54011561],
        [0.26297925, 0.95785193, 0.25538561],
        [0.77297714, 0.95881704, 0.24810982],
        [0.23050918, 0.04125883, 0.75728393],
        [0.73585025, 0.0395109, 0.75020883],
        [0.37747361, 0.45971371, 0.03753166],
        [0.87523738, 0.45928604, 0.03499762],
        [0.02036966, 0.75320936, 0.46007235],
        [0.51954655, 0.75314489, 0.46678762],
        [0.43064332, 0.74474758, 0.48460393],
        [0.93802347, 0.70255834, 0.50127621],
        [0.24540491, 0.85986089, 0.74102397],
        [0.75742244, 0.85689603, 0.72457755],
        [0.36609262, 0.47126861, 0.86756219],
        [0.85325358, 0.4733345, 0.87647368],
        [0.49139707, 0.19898691, 0.37591472],
        [0.98846465, 0.20090941, 0.38543963],
        [0.17878267, 0.99408772, 0.21535098],
        [0.68989142, 0.98503804, 0.21120129],
        [0.0934107, 0.37147842, 0.02616555],
        [0.6085406, 0.36099041, 0.01048571],
        [0.06194733, 0.29475551, 0.4987132],
        [0.56652505, 0.28616831, 0.49020208],
        [0.25704539, 0.1369363, 0.26131302],
        [0.76423498, 0.14352488, 0.24481908],
        [0.13905673, 0.52877031, 0.12872521],
        [0.64264924, 0.52636069, 0.12390214],
        [0.99763844, 0.81925034, 0.61854209],
        [0.49717821, 0.81149382, 0.62991392],
        [0.31156404, 0.02352711, 0.79611266],
        [0.81483134, 0.02588644, 0.79102083],
        [0.39705526, 0.63201816, 0.9916459],
        [0.90157529, 0.62975511, 0.97450801],
        [0.38876009, 0.42239866, 0.55620011],
        [0.88461066, 0.42314251, 0.56610601],
        [0.2696911, 0.784515, 0.43387473],
        [0.77985855, 0.78787898, 0.43010031],
        [0.21241031, 0.52908325, 0.79193826],
        [0.71043503, 0.55610694, 0.77744275],
        [0.03047904, 0.92061159, 0.27114787],
        [0.54272653, 0.91523095, 0.27658328],
        [0.13467809, 0.084063, 0.91633687],
        [0.64143675, 0.07062335, 0.91496624],
        [0.46398004, 0.27608969, 0.06518746],
        [0.95771807, 0.27306387, 0.06560508],
        [0.11135309, 0.58532319, 0.45357259],
        [0.60325977, 0.56876127, 0.47549233],
        [0.22764024, 0.20965808, 0.56984547],
        [0.72123245, 0.21450928, 0.57517565],
        [0.29326202, 0.43433231, 0.22207555],
        [0.78855914, 0.45846769, 0.21800454],
        [0.46490226, 0.08901913, 0.72804798],
        [0.96416143, 0.08995771, 0.7351774],
        [0.35599301, 0.92083862, 0.08491708],
        [0.86619209, 0.91443362, 0.08070119],
        [0.04360757, 0.72922023, 0.91987508],
        [0.53883096, 0.72195721, 0.93086532]
    ],
    "relaxed_energy": -778.24574053,
    "relaxed_forces": [
        [-0.0014909, 0.00070859, -0.00111781],
        [-4.601e-05, 0.00060373, -0.00089981],
        [-0.00147671, -0.0003409, -0.00110825],
        [-8.978e-05, 0.00155776, 0.00155673],
        [0.00010053, -0.00014067, 0.00197482],
        [0.00466142, 0.00261818, 0.00262629],
        [-0.00123712, -0.00118664, -0.00311446],
        [-0.00164483, -0.00050391, -0.00029996],
        [-0.00201457, 0.00152352, -0.00157759],
        [0.00275516, -0.0016452, -0.00129974],
        [-0.00088175, 0.00142904, -0.00258804],
        [0.00063388, 0.00158048, 0.00229013],
        [-0.00194622, 0.00037079, 0.00208016],
        [-0.00206429, -0.00577033, -0.00098543],
        [-0.00100871, 0.00185608, 0.00159838],
        [-0.00336288, -0.00277606, -0.00189205],
        [-0.00577263, -0.00416608, 0.00287853],
        [0.00045532, 0.00058585, 0.00146164],
        [0.00193404, 0.00540753, 0.00382732],
        [0.00094593, 0.00201834, 0.00221127],
        [0.00685251, 0.00577909, 0.00081648],
        [-0.00351684, 0.00222264, -0.0045795],
        [0.00587344, -0.00099616, 0.00461077],
        [0.00087756, -0.00418033, -0.00209264],
        [0.00251129, -0.00194364, -0.00047175],
        [0.00322202, 0.0048895, 0.00148791],
        [0.00088783, 0.00191924, -0.00274545],
        [0.00060667, -0.00139223, -0.00216274],
        [0.00267765, 0.00499828, -0.0038896],
        [-0.00128683, -0.00079375, -0.00010212],
        [0.00228833, -0.00018466, -0.00251001],
        [0.0001015, 0.00129336, -3.792e-05],
        [-0.00178329, 0.00264248, 0.00758902],
        [0.00189177, 0.00369869, -8.72e-05],
        [0.00144783, 0.0003788, -0.00303048],
        [-0.00369413, -0.0018532, -0.00161862],
        [0.00241386, -0.00180552, -0.002819],
        [-0.00226201, 0.00200121, 0.00176416],
        [-0.00020913, 0.00188129, -0.00372235],
        [0.00192123, 0.0038943, -0.00055483],
        [0.00039666, 0.00171785, 0.00471418],
        [0.00197519, -0.00442347, 0.002538],
        [0.00028687, -0.0020724, 0.00271478],
        [-0.00335916, 0.0015466, 0.00159192],
        [-0.00187265, -0.00167233, 0.00372997],
        [0.00049464, 0.00111068, -0.00405288],
        [0.00015853, -0.00071358, -0.00099694],
        [-0.00096701, -0.00474158, -0.00197064],
        [0.00151593, -0.00329108, -0.00056645],
        [-0.00124551, -0.00033815, 0.0020583],
        [0.00157116, 0.00149009, 0.00152127],
        [-0.00012464, 0.00278987, 0.00074073],
        [-0.00383759, 0.00019447, -0.00346002],
        [-0.00108685, -0.00011593, 0.00072861],
        [0.0011423, -0.00347217, -0.00414511],
        [-0.00380873, 0.00240114, 0.00018981],
        [-0.00227235, -0.00649704, -0.0010203],
        [0.00435225, 8.106e-05, -0.00065021],
        [0.00222308, -0.00062637, 0.00248214],
        [0.00164492, -0.0012084, -0.00056269],
        [-0.00030972, -0.00584874, 0.00346522],
        [-0.00087076, -0.00208795, 0.00139413],
        [-0.00249021, 0.00178632, -0.00124818],
        [-0.00477829, 0.00570727, -0.00528464],
        [-0.00055986, -0.00011656, -0.0019252],
        [0.00319502, -0.00273833, -0.00329519],
        [0.00463646, 0.0013331, -0.0011435],
        [-0.00366641, -0.00156246, -0.00173197],
        [-0.00311697, -0.00806556, 0.00441058],
        [-0.00225261, -0.0014451, 0.00088485],
        [0.00334469, -8.027e-05, 0.00051231],
        [-0.00056754, -0.00145908, 0.00263715],
        [0.0015464, 0.00264001, 0.00207978],
        [-0.00240231, 0.00486924, 0.00061215],
        [0.00183393, -0.00127067, -0.00041822]
    ],
    "relaxed_lattice": [
        [-5.13054674, -14.28157572, -8.55582409],
        [-7.55210708, -0.13960856, -4.21158338],
        [-0.24973163, -0.18106052, -8.67984635]
    ],