{
    "atom_type": [
        "Na",
        "V",
        "P",
        "O"
    ],
    "atoms_per_type": [
        12,
        8,
        12,
        48
    ],
    "coord_mode": "direct",
    "relaxed_basis": [
        [0.25446001, 0.48521739, 0.50946601],
        [0.73756119, 0.50106094, 0.51770742],
        [0.50532389, 0.02805262, 0.95610507],
        [0.9920847, 0.00049827, 0.02033374],
        [0.12388216, 0.88434704, 0.61433625],
        [0.80733425, 0.24810039, 0.90031093],
        [0.44614135, 0.61982723, 0.24714242],
        [0.93884221, 0.61518782, 0.24907002],
        [0.05752658, 0.38348083, 0.75672191],
        [0.37648569, 0.10994885, 0.37098503],
        [0.19930029, 0.75254917, 0.10757491],
        [0.68883278, 0.75142194, 0.11589613],
        [0.32125093, 0.64320394, 0.64196953],
        [0.82265042, 0.64533678, 0.64830813],
        [0.07304955, 0.14343947, 0.14566222],
        [0.57111568, 0.14549688, 0.14299743],
        [0.17961821, 0.35382399, 0.35629962],
        [0.67554228, 0.35362559, 0.35929709],
        [0.42923799, 0.85386323, 0.85458236],
        [0.92490356, 0.86309529, 0.85263308],
        [0.12377742, 0.54457933, 0.95618016],
        [0.6272356, 0.54629938, 0.95957371],
        [0.47489571, 0.24759933, 0.5375195],
        [0.98241336, 0.25168011, 0.54978857],
        [0.27352042, 0.95773518, 0.24088904],
        [0.76791567, 0.95246515, 0.25412582],
        [0.22654142, 0.03641574, 0.74933013],
        [0.73124768, 0.04706579, 0.75049832],
        [0.3773946, 0.46132447, 0.04046019],
        [0.87415218, 0.45189899, 0.04969049],
        [0.02427197, 0.75021712, 0.45592362],
        [0.51880247, 0.74889684, 0.45467703],
        [0.43711218, 0.7103142, 0.47151915],
        [0.94507289, 0.69621835, 0.48912474],
        [0.23557363, 0.8874482, 0.68935939],
        [0.75559626, 0.8604039, 0.73454329],
        [0.34688078, 0.52513348, 0.87770416],
        [0.85878168, 0.46857267, 0.8815755],
        [0.48304508, 0.20398489, 0.37734193],
        [0.01354215, 0.19227901, 0.38570918],
        [0.19543707, 0.99135899, 0.18250676],
        [0.69073035, 0.9638699, 0.20997818],
        [0.0986142, 0.38435194, 0.98555291],
        [0.60497037, 0.37323789, 0.01417242],
        [0.06100359, 0.30104267, 0.53166213],
        [0.55860119, 0.29625645, 0.48790842],
        [0.25177941, 0.1184711, 0.30031571],
        [0.75053483, 0.13335781, 0.27022975],
        [0.14171663, 0.51712554, 0.12399499],
        [0.64903961, 0.52948498, 0.11906153],
        [0.00651905, 0.80437902, 0.6163897],
        [0.49462422, 0.79988286, 0.61970298],
        [0.30550646, 0.9709078, 0.81676592],
        [0.80976366, 0.03874482, 0.79308455],
        [0.40255939, 0.61262911, 0.03080477],
        [0.89770345, 0.62025662, 0.00498381],
        [0.38565792, 0.4212347, 0.55436477],
        [0.8904841, 0.41686174, 0.55417733],
        [0.27708163, 0.77362314, 0.40907268],
        [0.78447813, 0.77398046, 0.42128425],
        [0.20415309, 0.57097037, 0.76954915],
        [0.71363535, 0.54850457, 0.77969901],
        [0.04103098, 0.90532627, 0.2664171],
        [0.53034257, 0.91565165, 0.26786076],
        [0.13080609, 0.06751588, 0.90758759],
        [0.63885213, 0.0658867, 0.91703958],
        [0.4547385, 0.27201955, 0.05921539],
        [0.95725249, 0.26987451, 0.07652825],
        [0.11689995, 0.58145769, 0.44540145],
        [0.61122769, 0.58764584, 0.43504471],
        [0.22627438, 0.22178404, 0.58443417],
        [0.71844057, 0.21843766, 0.57931266],
        [0.29211609, 0.43702227, 0.22722922],
        [0.78828609, 0.44673574, 0.22728079],
        [0.462703, 0.08696612, 0.72183892],
        [0.96832776, 0.0915277, 0.73791553],
        [0.3694078, 0.93198012, 0.08771598],
        [0.86349439, 0.92595195, 0.08920779],
        [0.03998125, 0.7300511, 0.9353007],
        [0.54558776, 0.72786594, 0.93281747]
    ],
    "relaxed_energy": -815.87479435,
    "relaxed_forces": [
        [-0.00089917, -0.00121869, -0.00212227],
        [0.00153839, -0.00028966, 0.00021262],
        [-0.00116044, -0.00065647, -0.00157131],
        [3.945e-05, -1.158e-05, -0.00112689],
        [0.00023146, -0.00159437, -0.00155644],
        [-0.00220483, 0.00066126, 0.00078701],
        [-0.00212766, 9.65e-05, 0.00151249],
        [0.00172032, 5.271e-05, 0.00175592],
        [0.00042562, -0.00238128, 0.00047814],
        [-1.55e-06, -0.00106256, 0.00042073],
        [0.00173454, 0.00142733, 0.00046294],
        [-0.00066111, -0.00046767, -0.00161773],
        [0.00015759, -0.00020044, 0.00050615],
        [-0.00142335, 0.00104832, 0.00111293],
        [0.00027764, -0.00119833, -0.00103434],
        [-3.97e-05, 0.00176609, -0.00027609],
        [-0.0010456, -8.399e-05, -0.00069358],
        [0.00110196, 0.00110639, 0.00140093],
        [0.00013785, 0.00113782, -8.269e-05],
        [-0.00010759, -0.00168811, 0.00075065],
        [-0.00101162, -0.00108783, 0.00153618],
        [0.00026335, -0.00059783, 0.00256449],
        [0.00029342, 0.00092875, 0.00044883],
        [0.00231429, -0.00139934, -0.00283021],
        [0.00014882, -0.00120832, 0.00043479],
        [-0.00253316, 0.00196806, -0.00232024],
        [0.00070703, -0.00029078, 6.506e-05],
        [-0.00240785, -9.215e-05, -0.00073642],
        [0.00076179, 0.00141948, 0.0002246],
        [0.0004355, -4.86e-05, 0.00078886],
        [0.00031293, 0.00299984, 0.00207369],
        [0.00096737, -0.0008368, 0.00012017],
        [0.00166584, 0.00245104, 0.00010086],
        [-0.00167605, -0.00298462, -0.00250086],
        [0.0007715, -0.0006695, 0.00039016],
        [0.00418763, -0.00240574, 0.00270267],
        [0.00026043, -1.587e-05, 0.00017296],
        [0.00103807, -0.0005832, -0.00309217],
        [-0.00087051, -0.00030107, -0.00224801],
        [-0.00084659, 0.00051365, -0.00013084],
        [-0.00049378, -0.00017009, 5.28e-06],
        [2.39e-06, 0.00213503, 0.00175566],
        [-0.00112356, -0.00117952, -0.00028486],
        [0.00025836, 0.00028883, 8.737e-05],
        [-0.00038511, 0.00119346, 0.00066273],
        [-0.00325158, -0.00515363, -0.00143828],
        [-1.219e-05, 0.00025822, 0.00104798],
        [0.00347081, -0.00220339, 0.0030881],
        [-1.968e-05, -0.0002934, 0.00056252],
        [-0.00013154, -0.00058701, 0.00067042],
        [-0.00032522, 0.00031101, -0.0016617],
        [-0.0002507, 0.00048597, 0.00046378],
        [-0.00154278, 0.000331, 0.000937],
        [0.00048926, 0.00056338, 0.00127607],
        [0.00112272, 0.00041156, 0.00054174],
        [0.00046712, 0.00046344, 0.00067711],
        [-0.00015565, -0.00021683, -0.00052224],
        [0.00044334, -0.00047086, -0.00102696],
        [0.0001029, 0.00047435, -9.32e-05],
        [0.00118854, -0.00049121, -0.00070921],
        [-0.00075212, -0.00156081, -2.387e-05],
        [0.00201189, 0.00265768, -0.00073779],
        [-0.00056845, 0.00030875, 0.00024326],
        [-0.00112955, 0.00063149, -0.00064883],
        [-0.00086728, 0.00011356, -0.00010016],
        [-0.00021745, -0.0011887, 0.0012079],
        [0.00052044, -0.00134144, -0.00101925],
        [-0.00030575, 0.00064026, 0.00095334],
        [0.00035965, 0.0002103, 7.287e-05],
        [-0.00267073, 0.00279463, -0.00105749],
        [-0.00019047, 0.00050353, -0.0007333],
        [0.00302275, -0.00134717, -0.00166327],
        [-0.00016075, -0.00010642, -0.00063283],
        [0.00192432, 0.00261641, -0.00116456],
        [-0.00188904, -0.00023766, 0.0012717],
        [0.00082179, 0.00057401, -0.0006615],
        [-0.00010447, 0.00032428, 0.00110273],
        [0.00019733, 0.00103122, 0.00046638],
        [-0.00070813, 0.00037224, 0.00012806],
        [-0.0016237, 0.00265107, -0.00012645]
    ],
    "relaxed_lattice": [
        [-4.91812303, -14.51064335, -8.24401539],
        [-7.58506035, -0.15512838, -4.22778679],
        [-0.05350765, -0.22361091, -8.68933321]
    ],