{
    "atom_type": [
        "Na",
        "V",
        "P",
        "O"
    ],
    "atoms_per_type": [
        4,
        8,
        12,
        48
    ],
    "coord_mode": "direct",
    "relaxed_basis": [
        [0.25163081, 0.47901377, 0.51778434],
        [0.8073091, 0.25134506, 0.88333537],
        [0.18499664, 0.74740246, 0.10591762],
        [0.69061969, 0.75339486, 0.12050461],
        [0.3256915, 0.63749872, 0.63993548],
        [0.82161745, 0.64264466, 0.64734722],
        [0.07188241, 0.14237527, 0.14113969],
        [0.57184903, 0.14733624, 0.14357487],
        [0.17680243, 0.34924674, 0.35872654],
        [0.67597524, 0.36195931, 0.35766076],
        [0.42299107, 0.86734017, 0.85648689],
        [0.93057496, 0.8588653, 0.85643914],
        [0.12747524, 0.53140781, 0.96522148],
        [0.62160493, 0.54200184, 0.97548736],
        [0.48239987, 0.24444388, 0.54071454],
        [0.97977016, 0.25212402, 0.53789318],
        [0.26515924, 0.95255609, 0.25244144],
        [0.76346862, 0.96238915, 0.25549464],
        [0.23528086, 0.04358041, 0.74272782],
        [0.73741846, 0.04118483, 0.74695816],
        [0.37423963, 0.47103146, 0.0276328],
        [0.87626756, 0.46017548, 0.0289517],
        [0.01983229, 0.75090551, 0.46538583],
        [0.51646347, 0.75146944, 0.46232867],
        [0.43756122, 0.69569419, 0.48893675],
        [0.93624799, 0.69505872, 0.51696076],
        [0.25930477, 0.86271645, 0.71264709],
        [0.75747134, 0.84295489, 0.75816827],
        [0.36009227, 0.47760835, 0.86465265],
        [0.86439593, 0.45391119, 0.87082319],
        [0.50354893, 0.20831483, 0.36399759],
        [0.00323996, 0.20383121, 0.37100172],
        [0.18206644, 0.96673842, 0.22005744],
        [0.68156044, 0.95870067, 0.23617668],
        [0.12499091, 0.34328863, 0.99799053],
        [0.63305396, 0.33892793, 0.01461503],
        [0.06174906, 0.30937489, 0.49803791],
        [0.56450494, 0.30328215, 0.49390965],
        [0.24162484, 0.12633375, 0.29178873],
        [0.7444942, 0.15891851, 0.24637213],
        [0.14568019, 0.51999081, 0.12560982],
        [0.63458878, 0.54677855, 0.13418122],
        [0.00156789, 0.79622441, 0.63302566],
        [0.48829946, 0.78942647, 0.64115472],
        [0.31742595, 0.04484622, 0.76289654],
        [0.81950476, 0.04300295, 0.76751044],
        [0.35963484, 0.6727097, 7.104e-05],
        [0.87697231, 0.65350236, 0.98451804],
        [0.38745619, 0.40973544, 0.56460133],
        [0.88603314, 0.42063134, 0.56256053],
        [0.28423531, 0.76739674, 0.41684076],
        [0.78193127, 0.80355121, 0.43297432],
        [0.21074095, 0.57346806, 0.77378859],
        [0.70956024, 0.57964917, 0.78853311],
        [0.02757912, 0.92033548, 0.27978367],
        [0.52554933, 0.92641248, 0.28205869],
        [0.14427691, 0.05175092, 0.92370317],
        [0.64523998, 0.0714395, 0.92649455],
        [0.46979022, 0.32363326, 0.04357322],
        [0.96736137, 0.29713377, 0.06254509],
        [0.1159197, 0.58627858, 0.43418995],
        [0.61155454, 0.5841872, 0.44087566],
        [0.21404521, 0.22556762, 0.57632444],
        [0.71958949, 0.20003546, 0.56910121],
        [0.29106243, 0.42033057, 0.21941106],
        [0.78841497, 0.43099817, 0.21472994],
        [0.48234892, 0.06390128, 0.71264464],
        [0.97313127, 0.08046327, 0.72346523],
        [0.3557078, 0.94350074, 0.06963351],
        [0.85540148, 0.93013919, 0.07613227],
        [0.035085, 0.69641896, 0.9479733],
        [0.52867313, 0.68900785, 0.94922499]
    ],
    "relaxed_energy": -754.59316378,
    "relaxed_forces": [
        [-0.00108981, 0.00378113, 0.00076689],
        [-0.00265076, 0.00294384, -0.00056126],
        [-0.00266118, 0.00033516, -0.00176168],
        [0.0019946, -0.00162071, -0.00268536],
        [0.00137302, -0.00214031, -5.67e-06],
        [0.00162911, 0.00448129, 0.00122315],
        [-0.00098809, -0.00079366, -0.00590454],
        [0.00155172, -0.00047496, 0.00171315],
        [0.00383655, -0.00166497, -0.00226894],
        [0.00618355, 0.00043556, 0.00136201],
        [-0.00111594, 0.00203511, 0.00562577],
        [0.00078122, 0.00096133, 0.00038386],
        [0.00144826, 0.00012531, -0.00077708],
        [0.00459641, 0.00682071, -0.00274615],
        [-0.00046393, -0.00099231, 0.00040557],
        [-0.00400093, -0.00304766, -0.00206264],
        [0.00357472, -0.00210963, 1.325e-05],
        [0.00125825, -0.00111241, 0.0022815],
        [-0.00103368, 0.00123815, -1.524e-05],
        [-0.00221853, 0.00135771, 0.00183945],
        [0.00100967, 0.0036433, -0.00267766],
        [0.00156871, -0.00209889, -0.00236578],
        [0.0024799, 0.00050432, 0.00072217],
        [0.00029603, -0.00043358, 0.00156916],
        [-0.00191999, -0.00277947, 0.002351],
        [-0.00236926, 0.00230711, 0.00313651],
        [-0.00456861, 0.00068294, 9.959e-05],
        [-0.00309902, -0.00449147, 0.0008718],
        [-0.00127563, -0.00137608, -0.00151339],
        [-0.00401756, -0.00044248, -0.00022574],
        [0.00320033, -0.00043574, 0.0024285],
        [-0.00365124, -0.00199753, -0.00358604],
        [0.00031002, 0.00197149, -0.00534039],
        [0.00450158, -0.00528976, 0.00592772],
        [0.00468788, -0.00257337, -0.00410003],
        [0.00105571, -0.00396884, 0.00675134],
        [-0.0006065, -0.00033921, -0.00596019],
        [0.00202516, 0.00040243, 0.00142275],
        [0.00085867, 0.00047295, -0.00479187],
        [0.00297535, 0.00776279, 0.00231593],
        [-0.00332059, -0.00066407, -0.00241886],
        [0.002836, -0.00017329, 0.00313802],
        [-0.0022852, -0.00143543, -0.00217501],
        [0.00227611, 0.00210302, 0.00767797],
        [-0.00516539, -0.00067947, 0.00558391],
        [-0.00088992, 0.00134513, -0.00375814],
        [-0.00236167, 0.00293992, 0.00195547],
        [-0.00019653, 0.00462801, 0.00060305],
        [-4.434e-05, -0.00199057, -0.00019646],
        [-0.00012666, 0.00443171, -0.00423036],
        [0.00164615, 0.00029789, 0.00165955],
        [-2.742e-05, 0.00171734, 3.249e-05],
        [-0.00383113, -0.00223867, 0.00367031],
        [0.00200429, -0.00107659, -0.00239643],
        [0.00360154, 0.00272899, -0.0041599],
        [-0.00020175, -0.00017933, 0.00192325],
        [-0.00112827, 0.00255671, 3.044e-05],
        [0.0018377, 0.00066964, 0.00521676],
        [-0.00228206, -0.00281855, -0.00389374],
        [-0.00338642, -0.00138435, 0.00287354],
        [-0.00270178, -0.00204934, -0.00392995],
        [-0.00101875, -0.00188763, 0.00248903],
        [-0.00162967, -0.00207147, -0.00282808],
        [-0.00258785, -0.0016864, -0.0007471],
        [0.00211712, -0.00213298, -0.00176603],
        [-0.00283626, -0.00220983, 0.00213804],
        [-1.963e-05, -0.00085391, 0.00531782],
        [0.00160672, -0.0047355, -0.00295557],
        [-0.00262954, 0.00036238, 0.00160169],
        [-0.00193367, -0.00040774, -0.00357624],
        [0.00715171, 0.00403652, 0.00225054],
        [6.14e-05, 0.00077824, -0.00299147]
    ],
    "relaxed_lattice": [
        [-5.03526036, -14.09408823, -8.62465444],
        [-7.5154673, -0.16285019, -4.27737438],
        [-0.20015578, -0.2236701, -8.68030336]
    ],