{
    "atom_type": [
        "Na",
        "V",
        "P",
        "O"
    ],
    "atoms_per_type": [
        4,
        8,
        12,
        48
    ],
    "coord_mode": "direct",
    "relaxed_basis": [
        [0.24728432, 0.49854244, 0.50722967],
        [0.49216856, 0.01651002, 0.00150276],
        [0.17373812, 0.75046404, 0.09950563],
        [0.70019308, 0.74585593, 0.13214025],
        [0.32498904, 0.63920318, 0.63784383],
        [0.82036048, 0.63595887, 0.64711337],
        [0.07200101, 0.14588798, 0.13756235],
        [0.56878849, 0.14495686, 0.15334538],
        [0.17264841, 0.35319472, 0.36634935],
        [0.68091243, 0.35295431, 0.35529641],
        [0.42878034, 0.85934993, 0.85650609],
        [0.92883183, 0.86525998, 0.85594517],
        [0.12678953, 0.5324713, 0.96189443],
        [0.62488703, 0.5405341, 0.96929219],
        [0.47979572, 0.24742583, 0.53993191],
        [0.97950633, 0.25350773, 0.54031942],
        [0.26705489, 0.96033759, 0.24948598],
        [0.76595098, 0.96775046, 0.24902935],
        [0.23622926, 0.04121807, 0.74343297],
        [0.7340611, 0.03074065, 0.75436321],
        [0.37455368, 0.46297426, 0.03639214],
        [0.87727626, 0.46260671, 0.02675184],
        [0.0157717, 0.75594798, 0.46534328],
        [0.52071313, 0.74267037, 0.46257342],
        [0.43732674, 0.69699716, 0.49389661],
        [0.93329289, 0.71089517, 0.5021461],
        [0.25768289, 0.86415156, 0.71185827],
        [0.74755959, 0.83599457, 0.76914773],
        [0.35915222, 0.48338837, 0.8668744],
        [0.86374742, 0.46976456, 0.86101814],
        [0.49476937, 0.18741632, 0.38250925],
        [0.00747462, 0.21247276, 0.36400736],
        [0.18636018, 0.9780942, 0.20703395],
        [0.68356165, 0.97044261, 0.22355984],
        [0.12425194, 0.3497889, 0.98437027],
        [0.60330856, 0.36430294, 0.02911919],
        [0.06246464, 0.30205404, 0.51394159],
        [0.56311287, 0.29959327, 0.48724159],
        [0.24314594, 0.13145399, 0.29498505],
        [0.74879102, 0.16065825, 0.24068129],
        [0.14285633, 0.51217917, 0.13165695],
        [0.64168196, 0.53474565, 0.13130723],
        [0.99910199, 0.8001782, 0.63326282],
        [0.49985821, 0.79217372, 0.62783189],
        [0.31957869, 0.01551197, 0.78531688],
        [0.81578616, 0.03198916, 0.77373895],
        [0.38967748, 0.63749455, 0.00382222],
        [0.8801676, 0.65198329, 0.98564483],
        [0.38613746, 0.41745733, 0.5538796],
        [0.8884842, 0.42713239, 0.55380273],
        [0.28159184, 0.77376635, 0.4189897],
        [0.7747817, 0.81256551, 0.44182161],
        [0.21254792, 0.57282113, 0.77553412],
        [0.71008942, 0.55518388, 0.7837506],
        [0.03081292, 0.92379753, 0.27653014],
        [0.53296599, 0.91043232, 0.26999083],
        [0.14428647, 0.05562337, 0.91810273],
        [0.63890136, 0.0770058, 0.92151237],
        [0.45899327, 0.2779209, 0.06961383],
        [0.96929113, 0.2956158, 0.0543361],
        [0.11149288, 0.58675139, 0.43959947],
        [0.61456396, 0.57365486, 0.43999667],
        [0.22453536, 0.22539214, 0.57205445],
        [0.71994451, 0.18575548, 0.56417409],
        [0.28409893, 0.44868673, 0.21758608],
        [0.7927758, 0.43104791, 0.21453356],
        [0.47231707, 0.07897694, 0.72869849],
        [0.97236559, 0.08040707, 0.7226287],
        [0.36100692, 0.94729654, 0.07729154],
        [0.859167, 0.91669385, 0.08528737],
        [0.03760258, 0.70414903, 0.940458],
        [0.53654508, 0.72161006, 0.93866239]
    ],
    "relaxed_energy": -754.92756477,
    "relaxed_forces": [
        [-0.00128924, 0.00026636, 0.00020275],
        [0.00156279, 0.00059981, -9.866e-05],
        [-0.00111481, 0.00280161, -0.00111562],
        [0.00031617, -0.00133316, -0.00166843],
        [-0.00055859, 0.0012467, 0.00246992],
        [0.00178438, -0.00288591, -0.00103776],
        [0.00088351, -0.00249684, -0.00121801],
        [0.00065124, -0.00035641, -0.00017996],
        [0.00088027, 0.00603777, -0.00067278],
        [-0.00849058, -0.00135069, 0.00459233],
        [0.00272364, -0.00047866, -0.00296278],
        [0.0007367, 0.00227796, -0.00073656],
        [-0.00115657, -0.00077149, 0.0006574],
        [0.00096753, -0.00440759, -0.00377047],
        [-0.0025138, 0.00040788, 0.00011664],
        [-0.00217737, -0.00114288, 0.00108171],
        [-0.00041744, 0.00333425, -0.00148542],
        [0.00083791, -0.00101926, -2.127e-05],
        [-0.00109764, 0.00094262, 0.00204131],
        [-0.00104119, -0.00194669, 0.00103938],
        [0.00113637, 0.00344458, -0.0003907],
        [0.00023055, -0.00176338, -0.00035753],
        [-0.00085558, 5.791e-05, -0.00053416],
        [0.00106932, -0.00187033, 0.00321023],
        [-0.00188723, -0.00255286, -0.00136591],
        [-0.00060423, 0.00275017, -0.00015874],
        [-6.936e-05, -0.00122162, 0.00042507],
        [0.00155933, 0.00102085, -0.00036936],
        [0.00078651, -0.00114534, -0.0010993],
        [-0.0007925, 0.00010999, 0.00059674],
        [0.00233354, -0.00067382, 0.00023445],
        [0.00212668, 0.00166226, -0.00200116],
        [-0.00055456, -0.00067109, -0.00160145],
        [0.00217483, 0.00234571, -0.00050169],
        [-0.00249675, -0.0001686, 0.00025991],
        [0.00052729, 0.00058852, 0.00084314],
        [0.00292507, 0.00068516, 0.00364601],
        [0.00236296, 0.00013028, -6.289e-05],
        [0.00091546, -0.00137117, 0.00183292],
        [0.00034495, 0.00016614, -0.00027495],
        [-0.00224706, 0.00263992, 0.00096938],
        [-0.00033467, 0.00027123, -3.34e-05],
        [-0.00130985, 0.00020646, 0.00241082],
        [0.00018792, -0.00134999, -0.00053768],
        [-0.00015481, -0.00370133, 0.00251619],
        [0.00053716, 0.00080623, -0.00151673],
        [-0.00280411, -1.214e-05, -0.00157579],
        [0.00110024, -0.00152465, 0.00072888],
        [0.00058048, -0.00209526, 0.00150939],
        [-8.849e-05, -0.00012837, 0.00107264],
        [-0.00107253, -0.00334899, -0.00060561],
        [-0.00340368, 0.00232803, -0.00098374],
        [-0.00239438, -0.00211276, -0.00062591],
        [0.00346567, 0.00279845, -0.00204993],
        [0.00014453, -0.00082943, 0.00045913],
        [-0.00019091, -0.00078542, -0.00029084],
        [-0.00131032, -0.00390732, -0.00052464],
        [-0.00042283, 0.00485001, -0.0019823],
        [0.00016409, 0.001965, -0.0013007],
        [-0.00349443, 0.00488214, 0.0044684],
        [0.00012536, 0.00187014, -0.00190442],
        [0.00295464, -0.0018886, 2.666e-05],
        [0.00090249, -0.00248778, 5.322e-05],
        [0.00773722, -0.00263367, -0.0046202],
        [-0.00119359, -0.00074431, 0.00178585],
        [0.0024942, 0.00134535, -0.00067656],
        [0.00151003, -0.00104356, 0.00058933],
        [-0.00163688, 0.0019248, 0.00134894],
        [-0.00025483, -0.00110878, 0.00238824],
        [0.00299941, 0.0016081, -0.00233816],
        [-0.00215573, -0.00134, 0.0001595],
        [-0.00315393, 0.00229778, 0.00151569]
    ],
    "relaxed_lattice": [
        [-5.11392104, -14.13354954, -8.49441356],
        [-7.54481882, -0.1777272, -4.25837293],
        [-0.24961042, -0.18991934, -8.60380332]
    ],