{
    "atom_type": [
        "Na",
        "V",
        "P",
        "O"
    ],
    "atoms_per_type": [
        8,
        8,
        12,
        48
    ],
    "coord_mode": "direct",
    "relaxed_basis": [
        [0.25334691, 0.48463543, 0.51085309],
        [0.74509709, 0.53064126, 0.47935772],
        [0.50996983, 0.99589118, 0.98168117],
        [0.99116103, 0.00145441, 0.01967551],
        [0.12267787, 0.88423162, 0.62172221],
        [0.80239758, 0.25235657, 0.88046357],
        [0.37788239, 0.11036509, 0.37209469],
        [0.19550594, 0.74953917, 0.11480706],
        [0.31966787, 0.63540087, 0.64819509],
        [0.82415891, 0.64921869, 0.64512242],
        [0.06427346, 0.15466425, 0.1519315],
        [0.57628771, 0.13562656, 0.14020471],
        [0.18103403, 0.35801688, 0.35120302],
        [0.67351791, 0.36151202, 0.35694442],
        [0.43427716, 0.85022635, 0.84821756],
        [0.92541993, 0.85686982, 0.86245477],
        [0.12193138, 0.54470608, 0.9659327],
        [0.62645336, 0.54454918, 0.96020546],
        [0.47794388, 0.24865395, 0.53550828],
        [0.97832052, 0.254572, 0.54014823],
        [0.27178329, 0.95954642, 0.24296604],
        [0.76747694, 0.96008034, 0.25663268],
        [0.22753955, 0.03651696, 0.75310915],
        [0.73230858, 0.04627692, 0.74544056],
        [0.3810317, 0.45422721, 0.033106],
        [0.87122176, 0.45699962, 0.04308124],
        [0.02428478, 0.74791138, 0.46519571],
        [0.5192959, 0.74797125, 0.46011921],
        [0.43020247, 0.72011444, 0.50577974],
        [0.94282789, 0.69449123, 0.50696639],
        [0.2302074, 0.87429787, 0.72109267],
        [0.76003527, 0.8658237, 0.70512961],
        [0.34717132, 0.49376837, 0.88249018],
        [0.85164753, 0.4730283, 0.8795102],
        [0.48999001, 0.20060665, 0.37606997],
        [0.98880006, 0.19742031, 0.38625985],
        [0.18337572, 0.00166897, 0.2074046],
        [0.68678773, 0.96992485, 0.22529251],
        [0.09235623, 0.3760821, 0.02517949],
        [0.61701944, 0.36430604, 0.99398363],
        [0.06640229, 0.2892891, 0.48915761],
        [0.56302263, 0.29785856, 0.48932956],
        [0.2643431, 0.12232113, 0.28041833],
        [0.746398, 0.13945683, 0.28606361],
        [0.15223794, 0.52196594, 0.115675],
        [0.64606317, 0.5242548, 0.12454716],
        [0.0111567, 0.80162081, 0.62132914],
        [0.50632855, 0.80278494, 0.62016662],
        [0.3156855, 0.98079107, 0.79384369],
        [0.81252191, 0.03350748, 0.78277317],
        [0.40908291, 0.61794762, 0.98890926],
        [0.88985054, 0.6279344, 0.00190891],
        [0.38653314, 0.41602079, 0.56160954],
        [0.88578134, 0.42339911, 0.5638636],
        [0.27447019, 0.77902608, 0.41853457],
        [0.78659699, 0.77946042, 0.42437371],
        [0.200659, 0.55752992, 0.77334302],
        [0.71177743, 0.56989258, 0.77242568],
        [0.03464863, 0.91544644, 0.27355052],
        [0.52984472, 0.91214782, 0.27289124],
        [0.1365644, 0.06960262, 0.92422269],
        [0.64135367, 0.05253123, 0.91514753],
        [0.46098655, 0.26474521, 0.05718129],
        [0.95633734, 0.27241069, 0.0696478],
        [0.11910335, 0.58618935, 0.43298662],
        [0.60870309, 0.57348583, 0.45098923],
        [0.22608494, 0.21603542, 0.57773201],
        [0.7160709, 0.22489528, 0.57570225],
        [0.29794502, 0.44308437, 0.22546112],
        [0.78628779, 0.43366707, 0.2286085],
        [0.47072646, 0.07960619, 0.72226499],
        [0.96824133, 0.09148081, 0.73134416],
        [0.36239434, 0.92605919, 0.07326634],
        [0.85817741, 0.9512613, 0.08154184],
        [0.03874248, 0.73099841, 0.94457479],
        [0.54207793, 0.72686985, 0.93283426]
    ],
    "relaxed_energy": -785.97670164,
    "relaxed_forces": [
        [-0.00061293, -0.00030618, -0.00061481],
        [0.00051042, 0.00058442, -0.00036756],
        [0.00143151, -0.00130998, -2.66e-05],
        [0.00074832, 0.00140094, -0.00038585],
        [0.0004785, 0.00039862, -0.00088575],
        [0.00078371, -0.00028803, 0.00038018],
        [-0.00112371, 0.00060244, -0.00072838],
        [-0.00122903, 0.00103027, 0.00067951],
        [0.0031785, 0.00024151, 0.00194883],
        [-0.00227792, -0.00283572, -0.00058741],
        [-0.00197778, 0.00036347, -0.00316146],
        [0.0001976, -0.00082782, 0.00307682],
        [0.00084963, -0.00057002, 0.00075388],
        [-0.00426752, 0.00050849, -0.00186229],
        [-0.00011454, -0.00229424, 0.00127715],
        [0.00171208, -0.00099858, 6.719e-05],
        [-0.0017978, -0.00066375, -0.00155718],
        [0.00132253, -0.00237092, -0.00412334],
        [-0.0026745, 0.00244476, 0.00065652],
        [0.00131659, 0.0010798, -0.00207574],
        [-0.00269096, 0.00027814, 0.00024009],
        [-0.00028464, -0.00289322, 0.00258916],
        [-0.00083157, 0.00430694, -0.0005248],
        [-0.00406282, -0.00343007, 0.00344748],
        [0.00072303, -0.00212456, -0.00108803],
        [-0.00236726, 0.00265617, -0.00114028],
        [0.00301191, -0.00292379, -0.00084112],
        [0.00233064, -0.00120713, 0.00215008],
        [-0.00260577, 0.00262835, -0.0009572],
        [0.00239732, 0.00120137, 0.00149881],
        [0.00181226, -0.0003988, -0.00158293],
        [0.00263342, -0.00218903, 0.00462346],
        [-0.00180535, -0.00070913, 0.00285307],
        [-0.00163963, -0.00062842, 0.00344868],
        [0.0008425, -0.00222265, 0.00395527],
        [0.00022316, -0.00233797, 0.00479265],
        [-0.00098762, 0.00231932, 0.0026981],
        [-0.00062002, 0.00269908, 0.00128673],
        [0.00535194, 0.00088056, 0.0039344],
        [0.00442811, -5.917e-05, -0.00020267],
        [0.00019827, -0.00243459, -0.0016504],
        [0.00167743, 0.00194692, -0.00089308],
        [0.0021545, 0.00109172, -0.00087593],
        [-0.00228938, 0.00313128, -0.00052167],
        [0.0001533, 0.00010575, -0.00265063],
        [0.00158283, 0.00073082, 0.00792688],
        [0.00195309, -4.217e-05, 1.042e-05],
        [-0.00012083, 0.00353174, -0.00374937],
        [0.00204663, -0.00185063, -0.00493406],
        [0.00193919, -0.00103005, -0.00188828],
        [-0.00462376, 0.0002213, 0.00075199],
        [-0.00049313, -0.00027245, -0.00135357],
        [-0.00198804, 0.00261659, -0.00062659],
        [-0.00067817, 0.00156649, -0.00179456],
        [0.00033632, 0.00290142, -0.0034628],
        [0.00232143, -0.00010512, -0.00162177],
        [-8.62e-06, -0.00029745, 0.00033381],
        [-0.00107586, -0.00347478, -0.00199825],
        [-0.00309787, -0.00160275, 0.00169575],
        [-0.00332307, 0.00169973, 0.00444364],
        [-0.00309238, 0.00456591, -0.00100707],
        [0.00186389, -0.00060837, -0.00530864],
        [0.00129949, -0.00192055, -0.00300363],
        [-3.073e-05, -0.00372916, -0.00255835],
        [0.00152034, -0.00145116, 0.00092443],
        [0.00238415, 0.00208079, 0.00132455],
        [-0.00146895, -0.00115399, -9.48e-05],
        [-0.00237554, -0.00157682, -0.00152217],
        [-0.00023077, 2.302e-05, -0.0014248],
        [0.0046527, 0.00102243, 0.00044501],
        [0.00430233, 0.00238566, -0.00120019],
        [0.00151665, -0.0010406, -0.00156992],
        [0.00012936, -0.00300145, 0.00199185],
        [-0.00297177, 0.00144224, 0.00132568],
        [-0.00253005, -0.00111572, -0.00072565],
        [-0.00394526, 0.00360853, 0.00161746]
    ],
    "relaxed_lattice": [
        [-5.02010206, -14.28816638, -8.44075931],
        [-7.53264614, -0.12670541, -4.22250099],
        [-0.14999332, -0.15940878, -8.64304056]
    ],