{
    "atom_type": [
        "Na",
        "V",
        "P",
        "O"
    ],
    "atoms_per_type": [
        7,
        8,
        12,
        48
    ],
    "coord_mode": "direct",
    "relaxed_basis": [
        [0.25948198, 0.49256096, 0.48912502],
        [0.7499256, 0.48068078, 0.51728524],
        [0.48882347, 0.02182597, 0.00150924],
        [0.9884027, 0.00372799, 0.0120523],
        [0.06613526, 0.37935329, 0.74974051],
        [0.18550577, 0.74986164, 0.11338559],
        [0.68810329, 0.75114977, 0.11578126],
        [0.32625994, 0.63689364, 0.63637069],
        [0.81866717, 0.64009452, 0.64778129],
        [0.07250136, 0.14305719, 0.14742812],
        [0.56956289, 0.14456836, 0.15200423],
        [0.17777391, 0.35236453, 0.35568153],
        [0.67914706, 0.35526481, 0.35659969],
        [0.42777417, 0.8590063, 0.85891907],
        [0.92928258, 0.86505514, 0.8494289],
        [0.12549158, 0.54733826, 0.95195702],
        [0.62425697, 0.54100616, 0.96526827],
        [0.48152508, 0.24439598, 0.54457438],
        [0.97895762, 0.25619484, 0.54675969],
        [0.26913382, 0.95156691, 0.24977333],
        [0.76884927, 0.95680866, 0.24996377],
        [0.23539583, 0.03819621, 0.74533267],
        [0.73055635, 0.03957332, 0.75333526],
        [0.37712409, 0.46158898, 0.032874],
        [0.87632791, 0.46096267, 0.03318718],
        [0.01624601, 0.75756427, 0.45983238],
        [0.51916195, 0.74982196, 0.46188937],
        [0.43878781, 0.69518454, 0.49401776],
        [0.93399236, 0.70065441, 0.51113333],
        [0.2580319, 0.86439459, 0.70643614],
        [0.74485251, 0.85871583, 0.73590323],
        [0.36130296, 0.48266851, 0.86392074],
        [0.85114515, 0.48539819, 0.87220948],
        [0.50206337, 0.18661785, 0.37949746],
        [0.00582825, 0.20817065, 0.37567578],
        [0.19117447, 0.96327936, 0.20336417],
        [0.68805309, 0.96898347, 0.21099167],
        [0.1084655, 0.38182931, 0.97172291],
        [0.60486303, 0.36403477, 0.01833536],
        [0.05697211, 0.30253069, 0.53416583],
        [0.56340334, 0.29225952, 0.50572731],
        [0.24193569, 0.12352203, 0.29581867],
        [0.75241721, 0.13637273, 0.26713278],
        [0.13936306, 0.52652772, 0.12227787],
        [0.64448539, 0.5334326, 0.12187974],
        [0.99891623, 0.81891984, 0.6168494],
        [0.49566741, 0.80620826, 0.62497876],
        [0.31407637, 0.00721925, 0.8036393],
        [0.81117842, 0.01053665, 0.80323033],
        [0.39395653, 0.6339721, 0.00082494],
        [0.90205424, 0.6304864, 0.97663732],
        [0.38902516, 0.41421971, 0.55239163],
        [0.88425542, 0.42395854, 0.55998009],
        [0.28535407, 0.7663683, 0.41597865],
        [0.77785775, 0.78418058, 0.43280226],
        [0.2148703, 0.5700704, 0.77029253],
        [0.70814438, 0.55636619, 0.77658082],
        [0.02816332, 0.91440523, 0.26814211],
        [0.52965974, 0.91562751, 0.27129881],
        [0.13948475, 0.05625044, 0.91307869],
        [0.63606478, 0.06811248, 0.92403438],
        [0.46004088, 0.27718925, 0.06870471],
        [0.96199862, 0.2779928, 0.04998315],
        [0.11067075, 0.5869341, 0.44868038],
        [0.61431117, 0.58697686, 0.44149076],
        [0.22442899, 0.22429611, 0.58137811],
        [0.72378517, 0.21361755, 0.57792861],
        [0.28780841, 0.44982185, 0.21280892],
        [0.79158214, 0.45349634, 0.21877177],
        [0.46872115, 0.07978239, 0.73110353],
        [0.96303282, 0.09059794, 0.73461817],
        [0.36361644, 0.93926564, 0.08074819],
        [0.86430401, 0.91333274, 0.08861184],
        [0.04322342, 0.73614115, 0.9151927],
        [0.53782336, 0.72178155, 0.93414691]
    ],
    "relaxed_energy": -778.66596773,
    "relaxed_forces": [
        [-0.00036135, -0.00149654, 0.00105358],
        [-0.00107458, -0.00053853, 0.00094438],
        [-0.00031818, -0.00093213, -0.00089643],
        [-0.00083684, -0.00077954, -0.00054589],
        [-0.00137632, 0.00044964, 6.621e-05],
        [-0.00246879, -0.00184442, 0.00087845],
        [0.00120246, 0.00021707, -0.00029514],
        [-0.00025412, -0.00134302, 0.00335498],
        [0.0002581, -0.00359775, 0.00196613],
        [0.00086008, -0.00377134, 0.00287341],
        [0.00085147, -0.00102637, -0.00125209],
        [0.00140119, 0.00344213, -0.00417666],
        [0.00158784, -0.00169628, -0.00156488],
        [-0.00011651, 0.00307175, -0.00578172],
        [0.00111534, 0.0001746, 0.00148006],
        [0.00158949, -0.00256525, -0.00495747],
        [-0.00125345, -0.00083808, -0.00025975],
        [-0.00172116, -0.00047021, -0.00304797],
        [0.00049683, -0.00333653, -0.00124892],
        [0.00361197, -6.651e-05, -0.00032761],
        [0.00433437, -0.00307397, 7.819e-05],
        [-0.00051852, -0.00026722, -0.00315363],
        [0.00041094, 0.00110804, 0.00281364],
        [-0.00204631, -9.92e-05, 0.001931],
        [0.0004939, -0.0018926, -0.00033246],
        [-0.00097004, 0.00090265, 0.00286079],
        [0.00194733, 0.00340695, 0.00192952],
        [0.00157238, -0.00068205, 0.00228633],
        [-0.00038735, 0.0018979, 0.00301913],
        [-0.00070734, -0.00277397, 0.0053198],
        [-0.0014268, 0.00240234, 0.00172521],
        [-0.00184899, -0.00091516, -0.00057199],
        [-0.00016522, -0.00065373, -2.6e-06],
        [0.00093011, -0.00310233, -0.00043168],
        [0.00079594, -0.00117357, -0.0006933],
        [-0.00589402, 2.266e-05, -0.00385455],
        [0.0008119, -0.00031586, 0.00048255],
        [-0.00374199, -0.00161174, 0.00703123],
        [0.0009749, -0.00120373, 0.00079648],
        [-0.00172676, -0.00119801, -0.00044566],
        [0.00119808, 0.00129387, -0.00202611],
        [0.00052095, 0.00296969, -0.00312333],
        [-0.00145535, 0.00325201, -0.00276],
        [-0.00077378, 0.00101352, -0.00482692],
        [0.00038188, 0.0002233, -0.00121668],
        [0.0016927, -0.00197121, 0.0028789],
        [0.00049651, 0.00125474, 0.0010833],
        [-0.00331719, -0.00289793, 0.00042086],
        [0.00114586, 0.00081667, -0.00108278],
        [-0.00077249, 0.00375245, -0.00424007],
        [0.00062224, -0.00047725, -0.00337611],
        [0.00115523, 0.00091835, -0.00136405],
        [0.00333297, -0.00031409, -0.00072148],
        [-0.00185704, -0.00110831, -0.00125278],
        [0.0030425, 0.00124205, 5.608e-05],
        [0.00113973, 0.00600259, 0.00327608],
        [0.00037001, 0.00098867, -0.00041399],
        [0.00188397, 0.00135625, -0.00161057],
        [-0.00109125, -0.0012158, -0.00100261],
        [-0.00293018, 0.00510277, 0.00108624],
        [0.00187646, -0.0010109, -0.00081174],
        [0.00271235, -0.00012679, -0.00025309],
        [0.00151677, -1.207e-05, 0.00187063],
        [0.00052003, 0.00089831, 0.00265998],
        [-0.00098176, -0.00094242, 0.00033561],
        [0.00373903, -0.0008345, -0.00606185],
        [-0.00120094, -0.00074827, -0.00050595],
        [-0.00219955, -0.00072126, 0.00201314],
        [-0.00088318, -0.00089563, 0.00168735],
        [0.00094016, -0.00025606, 0.00164172],
        [-0.0007443, 0.00450528, 0.00309689],
        [-0.00448223, 0.00139871, -0.00152904],
        [-0.00269202, 0.0034079, -0.00171641],
        [0.00025982, -3.338e-05, 0.00895428],
        [0.00080212, -0.00066134, -0.00021618]
    ],
    "relaxed_lattice": [
        [-5.06924599, -14.19174639, -8.40595977],
        [-7.54974189, -0.13951527, -4.2148899],
        [-0.14721783, -0.17653399, -8.61639047]
    ],