{
    "atom_type": [
        "Na",
        "V",
        "P",
        "O"
    ],
    "atoms_per_type": [
        10,
        8,
        12,
        48
    ],
    "coord_mode": "direct",
    "relaxed_basis": [
        [0.25389579, 0.51702389, 0.47346214],
        [0.74156127, 0.49788915, 0.52253302],
        [0.50960208, 0.99959798, 0.97980005],
        [0.9956609, 0.98647024, 0.01997924],
        [0.12538572, 0.88769702, 0.62251528],
        [0.30521554, 0.24972243, 0.88343618],
        [0.05722683, 0.37919161, 0.74740742],
        [0.37750294, 0.11604322, 0.38011405],
        [0.87227458, 0.12644935, 0.38891818],
        [0.69186135, 0.74949028, 0.13121743],
        [0.32245948, 0.63944087, 0.64225973],
        [0.81844832, 0.64463457, 0.64782496],
        [0.06916226, 0.14960804, 0.14585151],
        [0.57394718, 0.14585108, 0.14183357],
        [0.18216789, 0.35656177, 0.34701515],
        [0.67276442, 0.35843887, 0.35688285],
        [0.43316629, 0.84698928, 0.85241873],
        [0.92846306, 0.85758335, 0.86019088],
        [0.12274282, 0.54046902, 0.95494617],
        [0.62590861, 0.5469763, 0.95918033],
        [0.47551169, 0.247138, 0.53768385],
        [0.9770681, 0.25511623, 0.54488848],
        [0.27473637, 0.96145992, 0.24827627],
        [0.7714466, 0.95678047, 0.25277427],
        [0.22808182, 0.03759406, 0.75575304],
        [0.7313581, 0.03958255, 0.74527387],
        [0.37857743, 0.45477304, 0.0324855],
        [0.87171172, 0.46031535, 0.04194505],
        [0.02237295, 0.7487101, 0.46564308],
        [0.52009225, 0.74950868, 0.46030719],
        [0.43485026, 0.71108745, 0.50206428],
        [0.93603588, 0.70176707, 0.52293692],
        [0.2405545, 0.87821149, 0.70763475],
        [0.7460541, 0.87142491, 0.70286616],
        [0.34942598, 0.47860169, 0.8804416],
        [0.84329472, 0.49786858, 0.88197102],
        [0.48661892, 0.19496071, 0.38189321],
        [0.98668167, 0.21533606, 0.38090075],
        [0.18722849, 0.0243499, 0.2056292],
        [0.68848809, 0.97718084, 0.21782428],
        [0.09190252, 0.39019076, 0.97753939],
        [0.60636894, 0.37497153, 0.00562426],
        [0.0628422, 0.28987097, 0.51072009],
        [0.55812704, 0.29091048, 0.49821222],
        [0.27131268, 0.11628324, 0.29360045],
        [0.7569398, 0.12411164, 0.29238966],
        [0.15687375, 0.47483888, 0.11527616],
        [0.64880185, 0.53404675, 0.11543523],
        [0.01860009, 0.78663071, 0.62487185],
        [0.50436016, 0.80810148, 0.61760497],
        [0.31202261, 0.00202078, 0.7989236],
        [0.82010765, 0.00907514, 0.76422523],
        [0.40394366, 0.62625911, 0.98031763],
        [0.89834765, 0.6240114, 0.99621312],
        [0.38190721, 0.40972748, 0.56667421],
        [0.88559725, 0.42128225, 0.57476813],
        [0.2773737, 0.77842371, 0.41764001],
        [0.78620052, 0.7718487, 0.42130708],
        [0.20571645, 0.55740444, 0.76631426],
        [0.70735784, 0.57053562, 0.77029647],
        [0.02390546, 0.92242983, 0.28569337],
        [0.53112635, 0.91281205, 0.27026679],
        [0.13435567, 0.06891741, 0.91766959],
        [0.6450323, 0.04504934, 0.9233159],
        [0.46242468, 0.27195552, 0.05316376],
        [0.95320258, 0.27189604, 0.05848175],
        [0.11307694, 0.58123619, 0.43342157],
        [0.61224541, 0.58497345, 0.44115623],
        [0.22068241, 0.2253552, 0.58603263],
        [0.71574029, 0.22384445, 0.58120588],
        [0.29969354, 0.43661846, 0.22319519],
        [0.79091707, 0.44265587, 0.23176443],
        [0.46139602, 0.08282671, 0.73039905],
        [0.97178251, 0.08158458, 0.72587471],
        [0.36467297, 0.93505907, 0.07766593],
        [0.86213367, 0.93384336, 0.08435481],
        [0.0460292, 0.73176331, 0.94113047],
        [0.54045641, 0.72849468, 0.93342626]
    ],
    "relaxed_energy": -800.96885378,
    "relaxed_forces": [
        [0.00016788, 0.00131346, 0.00115793],
        [0.00058678, 0.00264853, -9.714e-05],
        [-0.0010643, -0.00052688, 0.00416787],
        [0.00054163, 0.00022933, -0.00345002],
        [0.00044202, 7.397e-05, -0.00030631],
        [-0.00280109, -0.00216577, -0.00071643],
        [0.00039653, -0.00317716, -0.00443934],
        [-0.00016981, -0.00051738, -0.00160758],
        [0.00038371, -0.00106978, -0.0032377],
        [-0.00114514, -0.00213973, -0.00095531],
        [-5.903e-05, -0.00686529, -0.00137284],
        [0.0007038, -0.00237141, 0.00190199],
        [-0.00136158, 0.00216415, 0.00166355],
        [-0.00446028, -0.00191428, 0.0004468],
        [0.00111495, 0.00548655, -0.00358354],
        [4.741e-05, 0.00025026, 0.00098028],
        [-0.00333785, 0.00275339, 0.00164097],
        [0.00061462, 0.00044523, 0.00021043],
        [-0.0003863, 0.00367588, 0.00322346],
        [0.00198261, 0.00467505, -0.00125532],
        [-0.00196617, -0.00230358, 0.00041206],
        [0.00339435, 0.00151193, -0.00135977],
        [0.00152547, 0.00194311, -0.00322877],
        [0.00153817, -0.00152047, -0.00104055],
        [-0.00251676, 0.00524556, -0.00623072],
        [9.756e-05, -0.00136025, -0.00014641],
        [0.00353906, 0.00028152, 0.00741155],
        [0.00086169, -0.00261722, 0.00034426],
        [0.004305, -0.00161372, 0.00178017],
        [0.00345228, 0.00546163, -0.00064025],
        [-0.00439891, -0.00050568, -0.00081824],
        [0.00087041, -0.00094225, 0.00227163],
        [0.00102508, 0.00182829, 0.000443],
        [0.00138794, -0.00047379, 0.00040055],
        [-6.098e-05, -0.00244036, -0.00105852],
        [-0.00070698, -0.00107162, -0.00023462],
        [-0.00177832, -0.0004223, 0.0016138],
        [0.00054548, -0.00313975, 0.00446833],
        [-0.00115584, 0.00101991, 0.00016069],
        [-0.00111583, 0.00080882, 1.481e-05],
        [-0.00146405, 0.00159828, -0.00194586],
        [0.00149072, -0.00121338, 0.00116728],
        [-0.00146649, -0.00515468, 0.00246454],
        [0.00018988, 0.00261112, -0.00038713],
        [0.00325186, -0.00064292, -0.00045757],
        [-0.00107867, -0.00055971, 0.00024756],
        [0.00050416, 0.00307655, -0.00035215],
        [-0.00067978, 0.00089869, 0.00100015],
        [0.00368529, 0.00079728, -0.0005943],
        [-0.00196615, 0.00054333, -0.00333363],
        [-0.00239514, -0.00223812, 0.00285315],
        [-0.00021287, 0.00215052, 2.227e-05],
        [-0.00379803, 0.00350286, -0.00161881],
        [0.00150776, 0.00070571, 0.00218171],
        [-0.00105602, 0.00292733, 0.00321698],
        [-0.0017549, -0.00333775, -0.00241723],
        [0.00261206, -0.00271378, -0.00221593],
        [0.00120567, -0.00021443, 0.00088656],
        [0.00084305, -0.00310434, 0.0006989],
        [0.00091609, 0.00226696, -0.00121299],
        [0.00273404, 0.00098217, 0.00109618],
        [-0.00086583, 0.00070516, 0.00356576],
        [-0.001471, -0.00135964, -0.00080229],
        [-0.00137584, -0.00125765, 6.448e-05],
        [-0.00428198, 0.00306524, 0.00091948],
        [0.00042639, -0.00293822, -0.00276998],
        [0.00175457, -0.00169725, -0.00315238],
        [-0.00254464, 0.00114061, 0.00167182],
        [0.00498176, -0.00137605, -0.0019012],
        [-0.00097154, 0.00014047, 0.00147704],
        [-0.00325242, -0.00200217, -0.00179613],
        [0.00112789, 0.00387409, 0.00085821],
        [0.00114844, 0.0005201, 0.00017419],
        [-0.00315649, -0.00147994, -0.00320478],
        [-0.00071807, -0.00389553, 0.00217895],
        [0.00107836, 0.00048233, 0.00273464],
        [0.00262954, -0.00130685, -0.00152288],
        [0.00138311, 0.00184574, 0.00127062]
    ],
    "relaxed_lattice": [
        [-5.01110773, -14.37569956, -8.39547873],
        [-7.55982034, -0.10606207, -4.21208736],
        [-0.12239132, -0.11990328, -8.65382222]
    ],