{
    "atom_type": [
        "Na",
        "V",
        "P",
        "O"
    ],
    "atoms_per_type": [
        9,
        8,
        12,
        48
    ],
    "coord_mode": "direct",
    "relaxed_basis": [
        [0.25392532, 0.50671788, 0.48023672],
        [0.75110706, 0.48603071, 0.51414064],
        [0.49176805, 0.99846639, 0.01813092],
        [0.99753682, 0.00107893, 0.00154771],
        [0.12659155, 0.8838445, 0.62551389],
        [0.62334796, 0.88366254, 0.62055853],
        [0.309072, 0.24846659, 0.86988449],
        [0.87318902, 0.10372474, 0.38713243],
        [0.69444446, 0.74984287, 0.1170178],
        [0.32545977, 0.64005868, 0.64454069],
        [0.82094178, 0.63972932, 0.6471897],
        [0.07080154, 0.1449724, 0.14254798],
        [0.56706791, 0.15077976, 0.14899022],
        [0.1802709, 0.3590031, 0.35231637],
        [0.67795437, 0.36066024, 0.35313383],
        [0.42761271, 0.85134392, 0.85674204],
        [0.93165087, 0.8529444, 0.85512185],
        [0.12513502, 0.54096983, 0.96292649],
        [0.62319032, 0.54381041, 0.96373356],
        [0.47835612, 0.25070069, 0.53694366],
        [0.9789412, 0.25555187, 0.53160779],
        [0.26813521, 0.96371859, 0.25413143],
        [0.77165032, 0.96212497, 0.24483935],
        [0.2277664, 0.04537537, 0.74951199],
        [0.72682264, 0.03826979, 0.75147894],
        [0.37445644, 0.45122329, 0.03937611],
        [0.87893893, 0.45622581, 0.0377637],
        [0.02404342, 0.74990568, 0.46144016],
        [0.52341916, 0.75041084, 0.46207714],
        [0.43910701, 0.70415997, 0.50912659],
        [0.93259923, 0.72919984, 0.508847],
        [0.23788839, 0.87853137, 0.71772512],
        [0.72999922, 0.87458793, 0.72034012],
        [0.35143345, 0.46277753, 0.88316319],
        [0.84978972, 0.49010241, 0.88184264],
        [0.49460391, 0.18723919, 0.38128982],
        [0.988859, 0.20353111, 0.37308685],
        [0.18043173, 0.0042754, 0.21942842],
        [0.685377, 0.9971249, 0.20680016],
        [0.09840437, 0.37638889, 0.00688695],
        [0.59554058, 0.3747053, 0.02079068],
        [0.06700222, 0.29418354, 0.4795236],
        [0.5637607, 0.2904727, 0.49081705],
        [0.2557619, 0.12788456, 0.29639939],
        [0.76012612, 0.125058, 0.28749085],
        [0.15702528, 0.49713753, 0.12115659],
        [0.65264601, 0.52352609, 0.11432108],
        [0.02212999, 0.79298025, 0.61518692],
        [0.51333632, 0.80364069, 0.61622422],
        [0.31106326, 0.02368492, 0.78319768],
        [0.81633632, 0.98845189, 0.7805417],
        [0.39451746, 0.62407273, 0.98885894],
        [0.9083036, 0.61516205, 0.99472022],
        [0.38577087, 0.4138717, 0.55438663],
        [0.88898398, 0.42244643, 0.55425947],
        [0.27664252, 0.78047571, 0.42370032],
        [0.77577866, 0.78080739, 0.41999691],
        [0.20880067, 0.55227974, 0.77412474],
        [0.70217915, 0.55994541, 0.77200802],
        [0.03160507, 0.9216498, 0.27304412],
        [0.53572689, 0.91305625, 0.26877245],
        [0.13685797, 0.07423565, 0.92316993],
        [0.63757927, 0.06609985, 0.92539412],
        [0.45895728, 0.26852579, 0.06695384],
        [0.95782192, 0.26252548, 0.06877917],
        [0.11347488, 0.58167194, 0.42714768],
        [0.61679172, 0.58645789, 0.4339995],
        [0.21125387, 0.23088718, 0.58162485],
        [0.72001816, 0.22058139, 0.57999914],
        [0.2919065, 0.4325119, 0.22871802],
        [0.79614107, 0.44273832, 0.22778611],
        [0.46839299, 0.08646108, 0.72835534],
        [0.97504805, 0.08421781, 0.7154336],
        [0.3560466, 0.94859262, 0.07952712],
        [0.86258957, 0.93501412, 0.07798629],
        [0.04741872, 0.73094186, 0.9400751],
        [0.53946452, 0.72868276, 0.94275268]
    ],
    "relaxed_energy": -793.52163352,
    "relaxed_forces": [
        [-0.00471937, -0.00085967, -0.00510746],
        [0.0003568, 0.00205383, 0.00415193],
        [-0.00038076, 0.00224715, 0.00117477],
        [0.00253433, -0.00106522, 0.0030383],
        [0.00126114, -0.00072324, 0.00151805],
        [0.00214132, -0.00566299, -0.00308564],
        [0.00171189, -0.00107767, 0.00361326],
        [0.00021975, -0.00201384, 0.0024653],
        [0.00075488, 0.00364914, -0.002047],
        [-0.00234523, -0.00052716, -0.00403753],
        [-0.0085077, 0.00247208, 5.992e-05],
        [-0.00267313, -0.00164109, -0.00119252],
        [0.00021079, -0.0004845, 0.00230827],
        [0.0011564, 0.00126096, -0.00021653],
        [0.00230712, 0.00304586, -0.00030993],
        [0.00499215, -0.00141331, 0.00541442],
        [0.00040428, -0.00043486, -0.00051149],
        [-0.00342528, -0.00167646, -0.00104559],
        [-0.00063645, 0.00056246, 0.00332247],
        [-0.00085609, 0.00097092, 0.0007732],
        [-0.00143148, 0.00316428, -0.00497724],
        [0.00233693, 0.00095492, -0.00536403],
        [-0.00049282, -0.00021114, -0.00086651],
        [0.00126073, 0.00213868, 0.00050266],
        [0.000125, -0.00190742, 0.00125307],
        [0.00399175, 0.00117293, 5.188e-05],
        [0.00046162, 0.0027821, -0.00211216],
        [0.0026466, 0.00474038, 0.00066363],
        [0.00149927, 0.00035961, 0.00882639],
        [0.00090086, -0.00067431, -0.00152448],
        [0.00355647, 0.00022027, -0.00427083],
        [-0.00058965, 0.00597582, -0.00077516],
        [-0.00494451, -0.00109902, -0.00074806],
        [0.00428069, 0.00103348, -0.00265184],
        [0.00585028, -0.00264602, -0.00405454],
        [-0.00108643, 0.00030272, 0.00195716],
        [0.00134936, -0.00579999, -0.00224003],
        [-0.00141413, 0.0007977, -0.00170706],
        [0.00413866, -0.00108246, 0.00027463],
        [-0.00123129, -0.00175732, -0.00010805],
        [0.00298144, 0.00260634, -4.94e-05],
        [-0.00300037, 0.0004126, 0.00295999],
        [-0.00014486, -0.00302819, 4.257e-05],
        [-0.00323953, -0.00077335, 0.00428149],
        [-0.00312435, 0.00179454, -0.00124133],
        [-0.00436634, -0.00519911, -0.00468087],
        [0.00267763, -0.00179985, -0.00336523],
        [-0.00263679, 0.00201599, -0.00409321],
        [0.00094744, -0.00185678, -0.00234461],
        [-0.00504894, 9.009e-05, 0.00269952],
        [-0.00524567, -6.189e-05, -0.0009389],
        [-0.00329309, -0.00081066, -0.00037921],
        [-0.00817097, 1.597e-05, -0.00232782],
        [0.00468777, 0.00226382, -0.00359978],
        [0.00112071, 0.00043731, -0.00099732],
        [0.00054542, 0.00212594, -0.00541876],
        [0.00086203, -0.0019975, -0.00148394],
        [0.00275546, -4.279e-05, -0.00318761],
        [-0.00251434, 0.00085769, -0.00467905],
        [0.00068322, 0.00330808, -0.00428286],
        [0.00414, 0.00047279, 0.00733715],
        [-0.00045331, 0.0024733, -0.00270204],
        [6.81e-06, 0.00148148, -0.00022537],
        [-0.00077263, -0.00420609, 0.00041149],
        [-0.00155896, -0.00366025, 0.00281094],
        [-0.00160107, 3.136e-05, -0.00123217],
        [-0.00139108, -0.0005264, 0.00847873],
        [-0.00211098, -0.00072919, 0.00384118],
        [-0.00219176, -0.00076533, 0.00526282],
        [0.00384511, -0.00146784, 2.786e-05],
        [0.0003137, 0.00227879, -0.00287797],
        [0.00425301, -0.00140608, -0.00101662],
        [0.00287496, -0.003316, -0.00276251],
        [0.0002681, 0.00165279, 0.00931635],
        [0.00139026, -0.00160971, 0.00411182],
        [0.00013538, 0.00112499, 0.00075522],
        [0.00066181, 0.00066555, 0.00913384]
    ],
    "relaxed_lattice": [
        [-4.96223155, -14.31251352, -8.45317793],
        [-7.54389447, -0.10400297, -4.2457675],
        [-0.12578796, -0.10512179, -8.63767457]
    ],