{
    "atom_type": [
        "Na",
        "V",
        "P",
        "O"
    ],
    "atoms_per_type": [
        8,
        8,
        12,
        48
    ],
    "coord_mode": "direct",
    "relaxed_basis": [
        [0.25780183, 0.50034016, 0.48058693],
        [0.73954816, 0.53603712, 0.48690409],
        [0.50841764, 0.9893745, 0.99938367],
        [0.00289864, 0.98890638, 0.00680998],
        [0.1260389, 0.87963557, 0.62582869],
        [0.31240647, 0.24800009, 0.8736356],
        [0.80853829, 0.24911956, 0.87348855],
        [0.87270865, 0.11204837, 0.39564386],
        [0.3255073, 0.63997614, 0.6426545],
        [0.81849219, 0.64554423, 0.64757372],
        [0.07154938, 0.14111865, 0.14211501],
        [0.56820436, 0.14541626, 0.14992802],
        [0.18031345, 0.3593149, 0.35203457],
        [0.67604246, 0.36333454, 0.35502356],
        [0.43211288, 0.84931813, 0.85337727],
        [0.92924206, 0.85178869, 0.85688359],
        [0.1241893, 0.53797748, 0.96433442],
        [0.62199875, 0.54130634, 0.96525804],
        [0.48128961, 0.24661406, 0.53844753],
        [0.97818643, 0.25567235, 0.53165217],
        [0.26914927, 0.96154057, 0.25036945],
        [0.76952729, 0.96542942, 0.25254279],
        [0.22862749, 0.04194274, 0.7488716],
        [0.72679926, 0.04513556, 0.75395372],
        [0.37585725, 0.45218232, 0.03931825],
        [0.87432559, 0.45365418, 0.03921057],
        [0.02421932, 0.74573513, 0.46382752],
        [0.52221807, 0.7523512, 0.45951442],
        [0.43656858, 0.71584137, 0.49783303],
        [0.93580138, 0.70986456, 0.51629107],
        [0.2377616, 0.87511351, 0.71726785],
        [0.74175173, 0.87437408, 0.72305849],
        [0.35131563, 0.4696301, 0.88239492],
        [0.84955763, 0.46699749, 0.88569859],
        [0.49486052, 0.19298076, 0.38048047],
        [0.99140929, 0.19529891, 0.37686159],
        [0.18229643, 0.99992506, 0.21172593],
        [0.68495652, 0.01132419, 0.2062375],
        [0.09655287, 0.37364679, 0.01036129],
        [0.59529531, 0.37464794, 0.01267246],
        [0.06341103, 0.30321001, 0.47984437],
        [0.56510865, 0.2970848, 0.49148539],
        [0.25322079, 0.12893999, 0.29253117],
        [0.76113227, 0.12912545, 0.29190096],
        [0.15567625, 0.49884692, 0.12168135],
        [0.65504881, 0.49534167, 0.12533857],
        [0.0188061, 0.79559733, 0.61704833],
        [0.51425413, 0.79025355, 0.62163207],
        [0.31184405, 0.02269907, 0.7798565],
        [0.81415391, 0.03048629, 0.77175572],
        [0.39683269, 0.62327113, 0.99358691],
        [0.89955479, 0.62181006, 0.98660729],
        [0.38867395, 0.41379211, 0.5576299],
        [0.88415436, 0.41436973, 0.55931391],
        [0.27507924, 0.77986206, 0.4224844],
        [0.7802308, 0.78089599, 0.41849634],
        [0.20780832, 0.54846163, 0.77535005],
        [0.70696243, 0.54714602, 0.7802155],
        [0.02841064, 0.91876257, 0.27617113],
        [0.5357917, 0.9192212, 0.27095766],
        [0.13641709, 0.07021463, 0.92261777],
        [0.63626501, 0.07675935, 0.92196372],
        [0.45935165, 0.26772047, 0.06618306],
        [0.95650551, 0.26387771, 0.07286902],
        [0.11623672, 0.58192368, 0.42932642],
        [0.6137425, 0.58335284, 0.428786],
        [0.21037188, 0.22745962, 0.58031847],
        [0.71435114, 0.22799273, 0.57729277],
        [0.29161025, 0.43369325, 0.22793674],
        [0.79303016, 0.43450965, 0.23264668],
        [0.46984495, 0.08524841, 0.72994132],
        [0.9741721, 0.08537229, 0.72079955],
        [0.35840885, 0.94564616, 0.07757296],
        [0.86022794, 0.94792552, 0.0765748],
        [0.04471402, 0.72649186, 0.94298704],
        [0.54074149, 0.72394782, 0.95480583]
    ],
    "relaxed_energy": -786.05358266,
    "relaxed_forces": [
        [0.00080653, -0.00214575, -0.00061342],
        [0.0006197, 0.00226511, -0.00017923],
        [-0.00047792, 0.0003565, -0.00038846],
        [-0.00125084, -0.00061758, -4.951e-05],
        [0.00151655, -0.00051749, 0.00226126],
        [0.00040024, 0.00112185, 0.0009174],
        [0.00023192, -0.00014506, -0.00143975],
        [-0.001032, -0.00060784, -0.00173075],
        [-0.00034907, 4.781e-05, -0.00071669],
        [-0.00044093, -0.00384283, 0.00076474],
        [0.00213387, -6.029e-05, 0.00096089],
        [-0.0001475, -0.00114706, -0.0004662],
        [-0.00044537, 0.00141563, -8.977e-05],
        [0.0016703, -0.000935, -0.0003083],
        [-0.00024335, -0.00170915, -0.00240709],
        [-0.00240001, 0.00081257, 0.00099797],
        [0.0068726, 0.00025901, 0.00104606],
        [-0.00184117, -0.00065236, 0.00158722],
        [0.00039719, -0.00074228, -0.00276612],
        [0.00020125, 0.00026546, 0.00150992],
        [0.00175723, 0.00111949, 0.00336385],
        [-0.00248643, 0.00201217, 0.00431744],
        [0.00162855, 0.00398882, -0.0001952],
        [0.0020953, -0.0001908, -0.0014355],
        [0.00237598, 0.00145423, 0.0006273],
        [-0.00159702, 0.00010985, 0.00163995],
        [-0.00515509, -0.00139898, 0.00344196],
        [-0.00097346, 0.00195877, -0.00115035],
        [-0.00328849, 0.00317862, 0.00136677],
        [0.00291324, 0.00294909, 0.00264901],
        [0.00040509, 0.00073026, 0.00014391],
        [-0.00660101, -0.00092538, -0.00330639],
        [-0.00052919, 0.0002481, -0.00080004],
        [-0.0014604, 0.00098496, 0.00157163],
        [-0.00093478, 0.00070319, 0.00114635],
        [0.00034915, -0.0036704, 0.00567872],
        [-0.00021785, 0.00781698, 0.00508297],
        [-0.00166025, -0.0008712, -0.00065937],
        [-0.00193408, -0.00128757, -0.00328144],
        [0.00050556, -0.00030019, -0.000187],
        [0.00020451, 3.276e-05, 0.00033057],
        [0.00093976, -0.00094596, -0.00079472],
        [0.00231894, 0.00068521, 0.00179118],
        [0.00111292, -0.00230863, -0.00105214],
        [0.00081724, 2.337e-05, -0.00197904],
        [0.00200567, -0.00075188, -0.00052343],
        [0.00018048, 0.00032606, -0.00043988],
        [0.00067962, -0.00291843, 0.00215515],
        [-0.00018525, 0.00339236, 0.00191636],
        [-0.00168499, -0.00281741, -0.00216577],
        [0.00166014, 0.000755, -0.00062099],
        [0.00556345, 0.00162219, 0.00090725],
        [-0.00117642, 0.00059111, -0.00085706],
        [0.00229982, -0.00317756, 0.00012852],
        [-0.00123256, -0.00042879, -0.00101753],
        [0.00180683, -0.00164076, -0.00069052],
        [0.00074455, 0.00169973, 9.93e-05],
        [0.00078293, -0.00153924, 0.00017887],
        [-0.00210457, -0.00106358, -0.00167515],
        [-0.00062478, -0.00298981, -0.00106286],
        [-0.00025574, 0.00444822, -0.00701206],
        [0.00123626, 0.00148558, 5.65e-05],
        [-0.0003376, -0.00068831, 0.00014837],
        [0.00190049, -0.00429481, -0.00306371],
        [-0.0008235, 0.00113541, -0.00012079],
        [0.00042595, -0.00066132, 0.00011923],
        [-0.00157178, 0.00062243, 0.00143912],
        [-0.00019659, -0.00065346, 8.61e-05],
        [-0.00030254, 0.00103559, -0.00012628],
        [-0.0010102, -0.0018882, 5.16e-06],
        [-0.00183704, -0.00087526, -0.00038544],
        [-0.00241077, -0.00066374, 0.00086771],
        [-0.00098965, 0.00135092, -0.00341768],
        [-0.00061569, -0.0011962, -0.00143687],
        [-0.0002527, 0.00074958, 0.00082959],
        [0.00151878, -0.00048345, -0.00152181]
    ],
    "relaxed_lattice": [
        [-5.07630116, -14.2923532, -8.31395095],
        [-7.55737674, -0.09048081, -4.20536659],
        [-0.18215419, -0.17936171, -8.62300667]
    ],