{
    "atom_type": [
        "Na",
        "V",
        "P",
        "O"
    ],
    "atoms_per_type": [
        10,
        8,
        12,
        48
    ],
    "coord_mode": "direct",
    "relaxed_basis": [
        [0.24860948, 0.48679517, 0.52143923],
        [0.75927598, 0.5024195, 0.48610876],
        [0.50438054, 0.97269228, 0.0195566],
        [0.98957135, 0.02042732, 0.99587626],
        [0.12461111, 0.89247339, 0.61339752],
        [0.62654725, 0.89150132, 0.60336363],
        [0.56192587, 0.37043966, 0.74970316],
        [0.37634988, 0.11003427, 0.38137169],
        [0.87636069, 0.11092569, 0.38572478],
        [0.18779578, 0.7514348, 0.12388949],
        [0.31866583, 0.64438111, 0.64802704],
        [0.82151967, 0.64353087, 0.64436577],
        [0.0692673, 0.15512484, 0.14269931],
        [0.57343419, 0.14578006, 0.14477024],
        [0.1781522, 0.35280793, 0.35525458],
        [0.68111518, 0.35727158, 0.3437155],
        [0.43010542, 0.84954131, 0.86064403],
        [0.9283292, 0.85109041, 0.85787527],
        [0.12184895, 0.55095076, 0.96402883],
        [0.62546621, 0.53855479, 0.94887287],
        [0.47550152, 0.25060322, 0.54153596],
        [0.97684485, 0.24780609, 0.5365252],
        [0.2742763, 0.95835766, 0.24521018],
        [0.77435787, 0.96604272, 0.2460485],
        [0.22816889, 0.03652208, 0.75221368],
        [0.72897155, 0.03442506, 0.74788345],
        [0.37560947, 0.45793913, 0.04267548],
        [0.87361835, 0.46320668, 0.03780217],
        [0.02276326, 0.7482198, 0.46707349],
        [0.52119278, 0.75019379, 0.46436305],
        [0.4294834, 0.73323007, 0.50763916],
        [0.93208788, 0.72731872, 0.5128673],
        [0.23144264, 0.87807723, 0.71508367],
        [0.73298854, 0.88340547, 0.70002078],
        [0.34602567, 0.50565464, 0.88365194],
        [0.84358626, 0.50530811, 0.88140435],
        [0.4833095, 0.21228589, 0.38058548],
        [0.98165394, 0.2010698, 0.38331098],
        [0.18931345, 0.99566565, 0.20729186],
        [0.68048418, 0.0212605, 0.22903435],
        [0.09209447, 0.38884126, 0.01748718],
        [0.59498534, 0.38729094, 0.97424878],
        [0.07092775, 0.25608836, 0.49532818],
        [0.56509925, 0.26751439, 0.51413254],
        [0.26686266, 0.12178602, 0.28206027],
        [0.77276392, 0.12094122, 0.28723717],
        [0.15098855, 0.52513832, 0.11759596],
        [0.65032646, 0.48989444, 0.11557167],
        [0.01759962, 0.79564924, 0.6210124],
        [0.51567901, 0.78815265, 0.62573821],
        [0.31720297, 0.97729546, 0.79269847],
        [0.8201542, 0.98227706, 0.77498531],
        [0.40778658, 0.61777639, 0.99728502],
        [0.90610721, 0.62638116, 0.98766756],
        [0.38699846, 0.41784499, 0.57327945],
        [0.89236391, 0.42282753, 0.55754143],
        [0.27834608, 0.7772949, 0.42107274],
        [0.78307121, 0.77821898, 0.41199157],
        [0.20104292, 0.56811874, 0.77404802],
        [0.70511322, 0.56614181, 0.76039102],
        [0.03504842, 0.91311923, 0.2750136],
        [0.53376324, 0.91706382, 0.27873848],
        [0.13920975, 0.06492901, 0.92110557],
        [0.63976245, 0.06404308, 0.91618166],
        [0.45656186, 0.26846782, 0.05856655],
        [0.95397803, 0.27532996, 0.06112439],
        [0.11215815, 0.57713788, 0.44114895],
        [0.60662215, 0.57196577, 0.44769218],
        [0.22645303, 0.21711497, 0.57867805],
        [0.72073421, 0.22563195, 0.58091989],
        [0.29442813, 0.44691615, 0.23038828],
        [0.7934095, 0.45142174, 0.22574362],
        [0.46420094, 0.07459835, 0.7265921],
        [0.96337233, 0.07963881, 0.72580986],
        [0.36670869, 0.9230594, 0.08223999],
        [0.85942636, 0.9407287, 0.07129789],
        [0.0397441, 0.74104211, 0.93924053],
        [0.54378449, 0.73070002, 0.93157886]
    ],
    "relaxed_energy": -801.04673655,
    "relaxed_forces": [
        [-0.00100541, -0.00014105, -0.00157266],
        [-0.00046514, -0.00082067, 0.00068974],
        [0.00019176, -0.00127604, -0.00189034],
        [-0.00036436, 0.00120241, 0.00106966],
        [7.551e-05, 0.00078175, 0.00084397],
        [-0.00114522, -0.002375, -0.00081663],
        [0.00115956, -0.00106734, 0.0002938],
        [0.00111144, 0.00174314, -0.00031913],
        [-0.00152259, -0.00035883, 0.00060508],
        [-4.005e-05, -0.00112611, 0.00135788],
        [0.00190151, 0.00061855, 0.00585821],
        [-0.00166779, 0.0004658, -0.00018],
        [-0.00235722, -0.00161003, -0.00080644],
        [0.00026181, -0.00256007, 0.00169372],
        [-0.00110081, 0.00189961, 0.00147233],
        [0.00156955, -0.00509998, -0.00099278],
        [-0.0004065, -0.00069375, -0.00018668],
        [-0.00388779, 0.00295913, 0.00205933],
        [0.0024441, 0.00021445, -0.00063408],
        [9.58e-05, -0.00229563, -0.00197449],
        [-0.00554657, -0.00360611, 0.00054815],
        [-0.00247636, 0.00202872, 0.00035723],
        [0.00506084, -0.00321329, -0.00297374],
        [0.00154094, -0.00027921, 0.00094698],
        [0.00402979, 0.00246692, 0.00137082],
        [-0.00326086, -0.00061919, -0.00061756],
        [0.00153871, -0.00275045, -0.00319313],
        [0.00592559, 0.00685383, 0.00073099],
        [-0.00298716, -0.00266836, -0.00068429],
        [-0.00251157, 0.00047764, 0.00536543],
        [-0.00232468, 0.00486543, 2.28e-05],
        [0.0005154, -7.735e-05, -0.00213409],
        [-0.00135168, 0.00110402, 0.00117689],
        [-0.00215653, 0.00077061, -0.00320395],
        [-0.00166145, -0.00353903, -0.00627298],
        [0.00223233, -0.00143456, 0.00021129],
        [-0.0031854, -0.00213192, -0.00129883],
        [-0.00100545, 0.00033968, 0.0012021],
        [8.382e-05, 0.00087522, -0.00262751],
        [-0.00161623, 0.0037746, -0.00048589],
        [-0.00074513, 0.00036534, 0.00154484],
        [0.0027668, -0.00018381, -0.00206258],
        [-0.00140681, -0.00354715, 0.00026473],
        [0.00754532, 0.00134057, 0.00289389],
        [0.0010475, 0.00191021, -0.00127954],
        [-0.00619201, 0.00107512, -0.00272299],
        [-0.00319975, 0.00021143, -0.00645478],
        [0.00404718, 0.00233928, 0.0017182],
        [0.00210661, 0.00325477, -0.00177465],
        [0.00344993, -0.00121934, 0.00256066],
        [0.00463437, -0.00100219, 0.00333156],
        [-0.00069508, -0.00441004, 0.00160805],
        [0.00415616, 0.00299092, -0.00063529],
        [-0.00568977, -0.00133553, -0.00113184],
        [-0.00212646, 0.00328966, -0.00019585],
        [-0.00010069, -4.688e-05, 0.00018659],
        [-0.00246941, -0.00025242, -0.00061426],
        [0.00140517, 0.00225598, -0.00300118],
        [-0.00136315, -0.00449851, 0.00371869],
        [-0.00077873, -0.00218275, 0.00259014],
        [-0.00174068, 0.00208483, -0.00143484],
        [0.00261283, -0.00055115, -0.00402754],
        [0.00207661, -0.00064687, 0.00036102],
        [0.00219687, -0.0017583, 0.0072958],
        [-0.00073415, 0.00385835, 0.00505896],
        [-0.00092642, 0.00021609, -0.00053669],
        [-0.00035119, -0.00144808, 0.00262467],
        [0.00090212, 0.00485977, 0.00036501],
        [0.00274394, -0.00178515, 0.00110266],
        [0.00410945, 0.00156134, -0.00437066],
        [-0.00416364, -0.00514989, 0.00393921],
        [-0.00351382, 0.0029355, 0.00080669],
        [0.00814851, -0.00095153, -0.00121592],
        [0.00291562, -0.00082465, -0.00543838],
        [-0.00068305, -0.00140475, -0.00034606],
        [-0.00116984, -0.00130528, 0.00442583],
        [-0.00149832, 0.00303395, -0.00292904],
        [-0.00300855, 0.00322366, -0.00123632]
    ],
    "relaxed_lattice": [
        [-4.99915007, -14.29991735, -8.52528507],
        [-7.54413898, -0.07721795, -4.26439875],
        [-0.14334255, -0.04077154, -8.6980196]
    ],