{
    "atom_type": [
        "Na",
        "V",
        "P",
        "O"
    ],
    "atoms_per_type": [
        10,
        8,
        12,
        48
    ],
    "coord_mode": "direct",
    "relaxed_basis": [
        [0.25153816, 0.45786283, 0.53633007],
        [0.74861368, 0.53358086, 0.47151926],
        [0.5015984, 0.00188762, 0.99132588],
        [0.99960503, 0.99755326, 0.00283203],
        [0.12671923, 0.87562642, 0.61427857],
        [0.80905205, 0.25223246, 0.87653048],
        [0.43891329, 0.61869404, 0.25102595],
        [0.55753993, 0.39430307, 0.74561283],
        [0.87485174, 0.11859735, 0.3904361],
        [0.19450697, 0.74869959, 0.12212932],
        [0.3236924, 0.64296651, 0.64006394],
        [0.81947342, 0.64778926, 0.64634715],
        [0.07026641, 0.14679462, 0.13737739],
        [0.57450728, 0.1454922, 0.14683486],
        [0.1759459, 0.35223096, 0.35610457],
        [0.67895828, 0.35733802, 0.3570121],
        [0.42421126, 0.85718866, 0.8553825],
        [0.93188869, 0.84976516, 0.85921736],
        [0.12845601, 0.53874469, 0.96139372],
        [0.62210844, 0.54154434, 0.95450143],
        [0.48348928, 0.24789707, 0.54264371],
        [0.97665122, 0.25711964, 0.53399685],
        [0.26850671, 0.95883323, 0.24375585],
        [0.77417856, 0.96442549, 0.2527671],
        [0.2251046, 0.03691165, 0.74578051],
        [0.73071054, 0.04581001, 0.75717503],
        [0.37587041, 0.45403858, 0.0497186],
        [0.87276374, 0.45797844, 0.03757977],
        [0.02373727, 0.74229296, 0.46508556],
        [0.51855155, 0.75293533, 0.45572887],
        [0.43930741, 0.72104904, 0.45560971],
        [0.93927285, 0.69420535, 0.51821371],
        [0.23811042, 0.87770545, 0.69634969],
        [0.74917637, 0.88396458, 0.70983865],
        [0.36054584, 0.50619793, 0.87068287],
        [0.84508827, 0.47597509, 0.88620597],
        [0.50563993, 0.23007211, 0.35665258],
        [0.99270252, 0.19630679, 0.38140261],
        [0.18864714, 0.97898443, 0.19856195],
        [0.68958881, 0.02007351, 0.19832613],
        [0.10485753, 0.37320288, 0.00654025],
        [0.59899395, 0.37882741, 0.97445938],
        [0.05974562, 0.31776433, 0.4792839],
        [0.5621147, 0.29018062, 0.53193738],
        [0.23999184, 0.12424187, 0.3024197],
        [0.76374813, 0.12002746, 0.30385544],
        [0.15487992, 0.51838959, 0.1171171],
        [0.64363612, 0.48398951, 0.12710028],
        [0.01554755, 0.79688183, 0.61579225],
        [0.49706226, 0.7560055, 0.64561845],
        [0.30805516, 0.99593737, 0.79304188],
        [0.81390251, 0.02288073, 0.79510433],
        [0.38946393, 0.61831761, 0.04467717],
        [0.89696583, 0.62450303, 0.98920204],
        [0.39118997, 0.41696998, 0.55750431],
        [0.88225791, 0.4134892, 0.56547478],
        [0.27926077, 0.77096828, 0.4107659],
        [0.78156738, 0.77900084, 0.41568047],
        [0.21033266, 0.56082481, 0.77280117],
        [0.70539151, 0.56160828, 0.77166073],
        [0.02884562, 0.90945777, 0.2768936],
        [0.53302456, 0.93365339, 0.28845395],
        [0.13502907, 0.04931636, 0.91861232],
        [0.63648304, 0.06871488, 0.9238422],
        [0.46199494, 0.27251304, 0.06138984],
        [0.95497378, 0.26930541, 0.06670979],
        [0.1184028, 0.57995772, 0.43096941],
        [0.61183115, 0.58951211, 0.42638254],
        [0.21201957, 0.22380552, 0.58218039],
        [0.71773609, 0.2364196, 0.59351953],
        [0.29095527, 0.41959545, 0.23063228],
        [0.79255638, 0.43504798, 0.22959493],
        [0.47081505, 0.07371106, 0.71305251],
        [0.97709354, 0.08842135, 0.71980636],
        [0.36227902, 0.94608843, 0.08318367],
        [0.86389255, 0.94932925, 0.0793654],
        [0.04659059, 0.72725001, 0.93471852],
        [0.5363037, 0.72197694, 0.94808059]
    ],
    "relaxed_energy": -801.11242618,
    "relaxed_forces": [
        [0.00226049, -0.00208898, -0.0012903],
        [-0.00037982, 0.00039726, -0.00032288],
        [-0.00149646, -0.0004322, -0.0002548],
        [0.00146855, -0.00037319, -0.00037249],
        [-0.0002958, -0.00093243, -0.00052889],
        [0.0003952, -0.00123426, -0.00153311],
        [-0.00132338, 0.00240883, -0.00038777],
        [-0.00076357, 0.00150108, 0.00042722],
        [0.00102915, -0.00024422, -0.00026907],
        [0.00186855, 0.00074906, -0.00061356],
        [0.00012259, -0.00093682, 0.00102867],
        [-0.00053103, 0.0005046, 0.00032026],
        [2.551e-05, -0.00124655, 0.00120554],
        [0.00204275, 0.00036717, -0.00172326],
        [-0.00073936, 0.00094446, 0.00110078],
        [-0.00166105, 0.00132273, 0.00128072],
        [-0.00146754, 0.00136439, -0.00050991],
        [0.00119078, -0.00142679, -1.796e-05],
        [-0.00100644, -0.00091882, 0.00077169],
        [-0.00102737, -0.00242436, -0.0009806],
        [-0.00019917, -0.00047674, -0.00339685],
        [-0.00058133, -0.00058369, 0.00145831],
        [0.00041455, 0.00129605, 0.00199875],
        [-0.00146341, -0.00371976, -0.00301813],
        [0.00119732, 0.0004405, 0.00097616],
        [-0.00066124, -0.0002809, 0.00113707],
        [8.98e-05, 0.00301102, 0.00139881],
        [-0.00037714, -0.00262997, -0.00064654],
        [3.347e-05, 0.00213905, -0.0007451],
        [0.00426703, 0.00202559, -0.00456791],
        [-6.278e-05, -0.00090051, -0.00110692],
        [-0.00151666, 0.00180779, -0.00093464],
        [-0.0012637, -0.00198306, -0.00214323],
        [0.00153224, 0.00387298, -0.00072908],
        [0.00460486, -0.00133488, 0.00116889],
        [7.877e-05, 0.00067274, -0.00042252],
        [0.00198534, -0.00339405, 0.00689214],
        [-0.00135828, 0.00154914, -0.0005722],
        [0.00305119, 0.00071755, 5.217e-05],
        [-0.00392756, 0.00547819, 0.0033642],
        [-0.00080157, -0.00025183, 0.00129295],
        [0.00153512, 0.0034586, -0.00086198],
        [0.00393609, 0.00757558, 0.0031313],
        [-0.00026858, 0.00458097, -0.00123107],
        [0.00218326, -0.00165, 0.0007754],
        [0.00251381, -0.0050752, 0.00176175],
        [-0.00023927, -0.00049245, 0.00258865],
        [0.0001229, -0.00081529, 0.00874178],
        [-0.00160707, -0.00109011, -0.00164966],
        [-0.00255627, -0.00194825, -0.00338853],
        [-0.0040528, -0.00384876, -0.00147992],
        [0.00079031, 0.00337405, 0.00220793],
        [-0.0001348, 0.00026338, 0.00089282],
        [0.00223752, -0.00245727, 0.00055425],
        [0.00240031, -0.00163869, 0.00214949],
        [-0.0012623, 0.00100764, -0.00045942],
        [-0.00187238, -0.00097023, 0.00247496],
        [-0.00045436, 0.00134116, -0.0005301],
        [0.00066897, -0.00072816, 0.00041966],
        [0.00210322, 0.0039515, 0.00438147],
        [-0.00023669, 0.00088088, 0.00094679],
        [-0.00526103, -0.00152569, -0.00097083],
        [0.00201879, -0.00327496, -0.00044048],
        [-0.00243539, 0.00254494, -0.00575904],
        [0.00272892, -0.0053149, -0.00353478],
        [-0.00063529, -0.00029983, 0.00198111],
        [-0.00042844, 0.00109869, 0.00030362],
        [-0.00678125, 0.0003668, -0.00372457],
        [0.00457288, -0.00022668, -0.00270965],
        [0.00495857, 0.00235701, -0.00272606],
        [-0.00203523, -0.0022302, 0.00088832],
        [-0.00409483, -0.00311977, -0.00018363],
        [-0.00367277, -0.00062437, -0.00178779],
        [-0.00112066, -0.00056574, -0.00019228],
        [0.00082692, -0.0012794, -3.849e-05],
        [0.00065044, 0.00076132, -0.00052325],
        [-0.00030616, -0.00014787, 0.00013517],
        [0.00045405, 0.00100517, -0.00092956]
    ],
    "relaxed_lattice": [
        [-5.0595277, -14.20271287, -8.54755712],
        [-7.59071831, -0.05776657, -4.23180176],
        [-0.17222179, -0.02025214, -8.7030221]
    ],