{
    "atom_type": [
        "Na",
        "V",
        "P",
        "O"
    ],
    "atoms_per_type": [
        8,
        8,
        12,
        48
    ],
    "coord_mode": "direct",
    "relaxed_basis": [
        [0.26166406, 0.49230225, 0.48634873],
        [0.73805938, 0.50984567, 0.51164374],
        [0.49918516, 0.00146301, 0.99980622],
        [0.00018715, 0.00054517, 0.99946928],
        [0.80977385, 0.25152419, 0.88427573],
        [0.937464, 0.61026794, 0.24987004],
        [0.06288362, 0.39015791, 0.74986091],
        [0.19035636, 0.74892297, 0.11542384],
        [0.32587647, 0.6413207, 0.63417039],
        [0.81883498, 0.65234891, 0.64446278],
        [0.07611529, 0.14166653, 0.14384266],
        [0.56977644, 0.13937878, 0.14628829],
        [0.18116548, 0.34803151, 0.35583812],
        [0.67434339, 0.35855192, 0.36437687],
        [0.42907846, 0.85775238, 0.857106],
        [0.9243737, 0.858947, 0.85557526],
        [0.12789507, 0.54324278, 0.95109575],
        [0.62169611, 0.53775881, 0.9688779],
        [0.48099919, 0.24633202, 0.54068112],
        [0.98256412, 0.25173379, 0.54751054],
        [0.27311525, 0.95034868, 0.24702432],
        [0.76427727, 0.96023487, 0.25679106],
        [0.2361261, 0.03953773, 0.74180269],
        [0.72674663, 0.05037387, 0.75352009],
        [0.37814014, 0.4610571, 0.03165846],
        [0.87244625, 0.45667075, 0.04889854],
        [0.01759369, 0.7496508, 0.45243283],
        [0.51881913, 0.75177738, 0.45992914],
        [0.43835448, 0.69669366, 0.49296191],
        [0.94066884, 0.70087923, 0.46313076],
        [0.257717, 0.87324003, 0.69186807],
        [0.75160198, 0.88131653, 0.7054645],
        [0.35700633, 0.49571745, 0.8641991],
        [0.85644354, 0.4844793, 0.87860946],
        [0.50090362, 0.20050874, 0.37194793],
        [0.00934063, 0.22369346, 0.36623351],
        [0.19510362, 0.96597073, 0.19886362],
        [0.68504609, 0.99452402, 0.19893031],
        [0.113099, 0.37401438, 0.96868409],
        [0.60177972, 0.36861801, 0.00092005],
        [0.05911038, 0.30106176, 0.53773838],
        [0.56166909, 0.30030094, 0.50681636],
        [0.24702516, 0.11811026, 0.29863661],
        [0.74308396, 0.12760174, 0.30532593],
        [0.14374892, 0.51515613, 0.12158774],
        [0.6427747, 0.50648211, 0.13532746],
        [0.99080773, 0.77840359, 0.63354357],
        [0.49958713, 0.79654654, 0.6272934],
        [0.31629592, 0.00089589, 0.80109083],
        [0.80505404, 0.03604911, 0.79941392],
        [0.39788033, 0.63001564, 0.00244417],
        [0.88764606, 0.62557339, 0.03070798],
        [0.3877511, 0.41236013, 0.56150902],
        [0.8855027, 0.41604369, 0.56659254],
        [0.28953039, 0.76298079, 0.41018486],
        [0.77601736, 0.77199644, 0.41661674],
        [0.21210347, 0.57785137, 0.76598667],
        [0.70913724, 0.55214358, 0.78736619],
        [0.03301329, 0.917354, 0.27015742],
        [0.52513303, 0.92267031, 0.2778523],
        [0.14153789, 0.05178352, 0.91021158],
        [0.6334561, 0.06202468, 0.92558664],
        [0.45968824, 0.27446449, 0.06241487],
        [0.96191579, 0.27898848, 0.06087029],
        [0.11452011, 0.58530785, 0.43374781],
        [0.61239754, 0.58659359, 0.43595029],
        [0.22512323, 0.22853005, 0.5832863],
        [0.70967777, 0.23671171, 0.5897103],
        [0.29022723, 0.44861529, 0.21262018],
        [0.78832029, 0.42207106, 0.23402115],
        [0.47303129, 0.07666568, 0.72294423],
        [0.96741824, 0.08363324, 0.72938796],
        [0.36625307, 0.94130819, 0.07602735],
        [0.85932418, 0.94756555, 0.08861086],
        [0.03871446, 0.72104043, 0.93853479],
        [0.53878097, 0.72347082, 0.93926174]
    ],
    "relaxed_energy": -786.13508421,
    "relaxed_forces": [
        [-0.00080484, -0.00227579, 0.00327378],
        [-0.00063396, 0.00274587, 0.00076722],
        [0.00022084, -0.00061793, -0.00062834],
        [-0.00059824, -0.00133936, -0.00016192],
        [-0.00067753, 0.00342631, -0.00127364],
        [0.00172755, -0.00103173, -0.00059546],
        [-0.00326674, -0.00011863, -0.0019953],
        [0.00021408, -0.00447302, -0.00194657],
        [-0.00070352, 0.00039877, -0.00142808],
        [0.00207939, -0.00236029, -0.00040712],
        [-0.00039082, 0.00206599, -0.00010673],
        [0.00266366, -0.00185451, 0.00122677],
        [0.00116303, 0.00108636, -0.00089832],
        [-0.0014171, 0.00092743, 0.00116894],
        [0.00016747, 0.00275229, -0.00180341],
        [0.0006265, 0.00091616, -0.00252904],
        [0.00083481, 0.00603527, 0.00224847],
        [-0.00063441, -6.125e-05, -0.00525894],
        [-0.00124371, -0.0012834, 0.00012924],
        [-0.00563723, 0.00659905, 0.00332135],
        [0.00491604, -0.00158003, 0.00684385],
        [-0.001619, -0.0062512, 0.0039477],
        [0.00397873, -0.00153389, 0.00677899],
        [-0.00294936, -0.00076984, -0.00445833],
        [0.00219238, -0.00135987, 0.00101125],
        [-0.00399344, -0.00112228, -0.00200727],
        [-0.00238067, 0.00142079, 0.00078057],
        [-0.00010155, -0.000656, 0.00464153],
        [0.00069034, -0.00149624, 0.00344721],
        [0.00397399, 0.00144656, -0.00256363],
        [-0.00193897, 0.00408661, -0.00442342],
        [0.00016347, 0.00040288, 0.00117671],
        [0.00113185, -0.00267627, -0.00293834],
        [-0.00197144, 0.00339151, 0.00201846],
        [0.00053819, -0.00213527, 0.00097929],
        [-0.00417635, -0.00404756, 0.00482492],
        [0.00177551, -0.00040989, -0.00237789],
        [0.00240051, -0.00401028, -0.0031973],
        [-0.0056718, -0.0024528, 0.0014901],
        [-0.00176209, -0.0044556, -0.00325075],
        [-0.0041494, -0.00359958, -0.00184641],
        [0.00354909, -0.00017239, 0.00120642],
        [-0.00139334, 0.00212019, -0.00458964],
        [0.00114693, -0.00294526, 0.00465278],
        [0.00058559, -0.00066921, -0.0004641],
        [-0.00471806, 0.00508252, 0.0041772],
        [0.00013557, 0.00014481, -0.00176174],
        [0.00126985, 0.00102014, 0.00167539],
        [0.00312795, -0.00101962, -0.00348864],
        [-0.00026992, 1.914e-05, 0.00289909],
        [-0.00116708, 0.00295779, 0.00153783],
        [-0.00072696, 0.00263026, -0.00046709],
        [0.00170977, -0.0034776, 4.881e-05],
        [0.00264167, -0.00030008, 0.00045201],
        [0.0033481, -0.0015021, 0.00045465],
        [-0.00407284, 7.698e-05, -0.00122344],
        [-0.00279621, -0.00180111, -0.00035701],
        [-0.00267848, 0.00520077, -0.00128675],
        [0.00276049, 0.00302739, -0.00251449],
        [0.00388227, 0.00043632, 4.868e-05],
        [-0.000359, 0.00443504, -0.00260388],
        [-0.00147056, -0.00292793, 0.00093049],
        [-0.0059589, -0.00314945, 0.00056244],
        [-0.00192072, 0.00015911, 0.00125698],
        [0.00259849, -0.00129892, 0.00078721],
        [-0.00056978, 0.00345932, -0.00037424],
        [0.0007794, 0.00175965, -0.00110297],
        [-0.00118817, 0.0004398, 0.00183594],
        [0.00149831, -0.0039604, -0.00041389],
        [0.0005073, 0.00236928, -0.00120234],
        [0.0026194, -0.00111349, 0.0007592],
        [0.00589336, -0.00168541, 0.00021444],
        [0.00189559, 0.00342623, -0.00088963],
        [0.00180037, 0.00703433, -0.00538993],
        [0.00100063, -0.0033145, -0.00147076],
        [0.00180372, -0.00019097, 0.00212089]
    ],
    "relaxed_lattice": [
        [-5.00196402, -14.21758332, -8.40714671],
        [-7.53757936, -0.134761, -4.20412894],
        [-0.12630924, -0.16636139, -8.66187699]
    ],