{
    "atom_type": [
        "Na",
        "V",
        "P",
        "O"
    ],
    "atoms_per_type": [
        4,
        8,
        12,
        48
    ],
    "coord_mode": "direct",
    "relaxed_basis": [
        [0.25544271, 0.48226245, 0.50320291],
        [0.74275612, 0.53274532, 0.48613963],
        [0.8126147, 0.25568527, 0.88404154],
        [0.87079022, 0.11138645, 0.36576949],
        [0.32397921, 0.63311417, 0.64837167],
        [0.822662, 0.6512463, 0.63997114],
        [0.07474612, 0.13019463, 0.14033046],
        [0.57048891, 0.14821882, 0.14068415],
        [0.18134672, 0.35015826, 0.34784406],
        [0.66933813, 0.37403878, 0.36084991],
        [0.4253214, 0.86432597, 0.85623075],
        [0.93455993, 0.85198959, 0.8556207],
        [0.12698164, 0.5306955, 0.96602101],
        [0.62431528, 0.53699003, 0.9676994],
        [0.48230435, 0.24662335, 0.54176877],
        [0.97795765, 0.25068808, 0.52696159],
        [0.26525564, 0.95388437, 0.25824048],
        [0.76437841, 0.96562544, 0.25411483],
        [0.23610995, 0.0348109, 0.74301443],
        [0.73279718, 0.04490643, 0.75106393],
        [0.37348068, 0.47184198, 0.03444569],
        [0.87392926, 0.46464273, 0.03435875],
        [0.02641447, 0.73776356, 0.46401169],
        [0.51438668, 0.75933347, 0.46385515],
        [0.43724113, 0.69942305, 0.49507739],
        [0.94058978, 0.68483402, 0.51365757],
        [0.2514634, 0.86038294, 0.71584401],
        [0.75743747, 0.88212225, 0.69175748],
        [0.35546862, 0.48011687, 0.8737765],
        [0.84759629, 0.48313622, 0.88024739],
        [0.49953505, 0.23703492, 0.35618748],
        [0.9849639, 0.20898357, 0.36729491],
        [0.17267548, 0.97511825, 0.25474623],
        [0.6744467, 0.98438613, 0.24215195],
        [0.11320949, 0.34937137, 0.01531412],
        [0.63890906, 0.33696756, 0.99011044],
        [0.06166189, 0.30369535, 0.4731126],
        [0.56185693, 0.305518, 0.51107042],
        [0.25309711, 0.12105833, 0.29404458],
        [0.7500367, 0.13751092, 0.28801029],
        [0.15441957, 0.51075374, 0.1199669],
        [0.64511467, 0.52024954, 0.12966251],
        [0.01187065, 0.77788672, 0.63071449],
        [0.49768058, 0.77451603, 0.64891851],
        [0.32406258, 0.03590133, 0.74243819],
        [0.82364157, 0.02357874, 0.76470128],
        [0.36583963, 0.66757438, 0.00082155],
        [0.88603358, 0.6462859, 0.99099913],
        [0.38447056, 0.40476103, 0.58541992],
        [0.88124467, 0.41549996, 0.56835107],
        [0.29070083, 0.76413619, 0.41787461],
        [0.78797969, 0.7766526, 0.41565424],
        [0.20619165, 0.56794562, 0.77054852],
        [0.70519137, 0.5917788, 0.77312329],
        [0.0223213, 0.91895146, 0.28578202],
        [0.51653799, 0.94506124, 0.29529737],
        [0.15148285, 0.04617463, 0.93632035],
        [0.64623584, 0.0442664, 0.93440136],
        [0.47511329, 0.32190164, 0.03401052],
        [0.96292754, 0.28505068, 0.05293331],
        [0.12090248, 0.57552155, 0.42636875],
        [0.61311825, 0.59869737, 0.42719594],
        [0.20407089, 0.22066958, 0.58620993],
        [0.71522321, 0.2353361, 0.58283837],
        [0.29993047, 0.40625376, 0.2319257],
        [0.79192667, 0.43046519, 0.2307865],
        [0.48535434, 0.05888915, 0.70945101],
        [0.97151715, 0.07728883, 0.71576628],
        [0.34824868, 0.95045192, 0.06449448],
        [0.85209412, 0.95399293, 0.06987607],
        [0.03241062, 0.7026806, 0.95991179],
        [0.52678837, 0.68436979, 0.96680455]
    ],
    "relaxed_energy": -754.86900317,
    "relaxed_forces": [
        [-0.00306108, 0.00108782, 0.00241336],
        [0.0016458, 0.0028604, 0.00014438],
        [-0.000788, 0.00115054, 0.00262867],
        [-0.00109107, 0.00081416, -0.00275492],
        [0.00050224, 0.00127101, 0.0031735],
        [0.00027422, -0.00215875, -0.00142751],
        [0.0001833, -0.00045818, -0.00108055],
        [-0.00124934, -0.00127754, -0.00015996],
        [-0.00091018, -0.00206599, 0.00217554],
        [5.925e-05, -7.375e-05, -0.00232268],
        [-0.00030737, 0.00182879, -0.0011268],
        [-0.00165395, -0.00473262, -0.00297344],
        [0.00216334, -0.00698889, 0.00079124],
        [0.00036275, 0.00872436, -0.00213806],
        [-0.00074866, -5.298e-05, 0.00217998],
        [0.00030493, -0.00430409, -0.00117182],
        [-0.0012714, -0.00059148, -0.00511914],
        [-0.00611867, -0.00275993, 0.0054025],
        [0.00052039, 0.00116811, 0.00139123],
        [-0.00727098, 2.769e-05, -0.00227648],
        [0.00085981, 0.00485657, -0.00038261],
        [0.00055342, -0.00170178, -0.00010845],
        [-0.00273555, -0.00239805, -0.00109546],
        [0.0031894, 0.00152908, 0.00123204],
        [-0.00201982, 0.00116994, 0.00178136],
        [0.00453209, 0.00331262, -0.00153517],
        [0.00028773, 0.00225901, 0.0005519],
        [0.00209593, -0.002264, 0.0008397],
        [0.00170965, 0.00134262, 0.00201358],
        [-0.00071314, 0.00141303, -0.00121841],
        [-0.00135806, -0.00236928, 0.00115056],
        [3.173e-05, 0.00648552, 0.00152462],
        [0.0011369, 0.00403594, 0.00128693],
        [0.00019282, -0.00163925, 0.00122038],
        [0.00224043, -0.00095386, 0.00135076],
        [0.00088879, -0.0012342, 0.00125075],
        [0.00051351, -0.00011427, -7.26e-06],
        [-0.00056297, -0.00070409, -0.00099176],
        [-0.00037531, 0.00064875, -0.00081505],
        [0.00167431, -0.00070269, -0.00097354],
        [0.0020732, -0.00350512, 0.00202109],
        [0.00233746, 0.00019365, 0.00119899],
        [0.00195919, -0.00442532, -0.00270944],
        [-0.00090668, -0.00040967, 0.00131894],
        [0.00198617, 0.00053396, -2.461e-05],
        [-0.00089477, -0.00128351, -0.00170463],
        [-0.00091501, 0.00147886, 0.00261411],
        [-0.00049779, -0.00151875, -0.00104296],
        [-0.00143768, -8.496e-05, 0.00287199],
        [-0.00015053, 0.00481951, -0.00092428],
        [0.00159093, -0.00244506, -0.00030177],
        [0.00293678, 0.00012993, -0.00299259],
        [-0.00247786, -0.0004763, 0.00067708],
        [-0.00199649, -0.00262917, 0.00177352],
        [0.0004056, 0.00260196, -0.00051159],
        [-0.00283755, -9.196e-05, 0.00320811],
        [0.00286357, -0.00108186, 0.00056151],
        [0.00143601, 0.00033416, 0.00017719],
        [0.00126353, -0.00230408, 0.00024192],
        [-0.0004619, 0.00439106, 0.00063096],
        [0.00131294, -0.00120014, 0.00328491],
        [-7.66e-05, 0.00169888, 0.00056816],
        [0.00211359, 0.0002937, -0.00239087],
        [0.00231244, 3.395e-05, -0.00283024],
        [-0.00234656, -0.00276183, -0.00076788],
        [-0.00297291, 0.00103017, -0.00232057],
        [0.00041543, 0.00078975, 0.00074367],
        [0.00382001, -0.00082481, -0.00308693],
        [-0.00205469, -0.00070054, 0.00274223],
        [-0.0011543, 0.00186677, -0.00400459],
        [-0.0029466, 0.00242739, -0.00300465],
        [0.00161385, -0.00332094, -0.00084065]
    ],
    "relaxed_lattice": [
        [-5.05987718, -14.05546636, -8.551783],
        [-7.51059304, -0.17950827, -4.2990423],
        [-0.22458988, -0.19032091, -8.63493761]
    ],