{
    "atom_type": [
        "Na",
        "V",
        "P",
        "O"
    ],
    "atoms_per_type": [
        8,
        8,
        12,
        48
    ],
    "coord_mode": "direct",
    "relaxed_basis": [
        [0.74594313, 0.4814749, 0.5300568],
        [0.50118192, 0.99982524, 0.99689009],
        [0.98592451, 0.03063999, 0.0052844],
        [0.30219091, 0.25516768, 0.87122218],
        [0.41643692, 0.58234293, 0.24741049],
        [0.08586395, 0.41448014, 0.74751804],
        [0.19080204, 0.74723302, 0.13171624],
        [0.69692433, 0.74727022, 0.12187895],
        [0.32373123, 0.64726733, 0.64265357],
        [0.8251552, 0.63747841, 0.63640145],
        [0.07312556, 0.14101629, 0.15695273],
        [0.57376118, 0.1427306, 0.13823173],
        [0.17329971, 0.36181966, 0.35839229],
        [0.67920009, 0.34595566, 0.36102524],
        [0.43305544, 0.85638867, 0.84196953],
        [0.92094853, 0.86642422, 0.860799],
        [0.12288671, 0.5484479, 0.96528587],
        [0.62782751, 0.53514125, 0.96435895],
        [0.48253476, 0.25391516, 0.53979376],
        [0.97868348, 0.24787932, 0.55072043],
        [0.2679772, 0.96099136, 0.24882829],
        [0.76777466, 0.95195525, 0.25474092],
        [0.23432256, 0.04186101, 0.74828479],
        [0.7338952, 0.03722553, 0.74335984],
        [0.37584541, 0.45221977, 0.03132628],
        [0.87460846, 0.46584358, 0.03179446],
        [0.01242142, 0.75662947, 0.46006836],
        [0.52447982, 0.74519517, 0.45541607],
        [0.44406149, 0.68934836, 0.49579145],
        [0.93589448, 0.69404442, 0.48713111],
        [0.2600299, 0.85856688, 0.72449473],
        [0.76243226, 0.86510712, 0.69937309],
        [0.35677533, 0.47422739, 0.86481466],
        [0.85749907, 0.48529991, 0.86654957],
        [0.50058483, 0.22876262, 0.36450913],
        [0.0017971, 0.20274884, 0.38222949],
        [0.18947778, 0.95375887, 0.22132753],
        [0.68929201, 0.97121685, 0.20755542],
        [0.12640982, 0.35725898, 0.99437054],
        [0.61690097, 0.36227271, 0.98792169],
        [0.05530679, 0.3027096, 0.52719309],
        [0.56404702, 0.30802274, 0.50561797],
        [0.24159507, 0.14769193, 0.26124053],
        [0.74280683, 0.12019923, 0.30398836],
        [0.13131933, 0.54688964, 0.13145029],
        [0.65024851, 0.50855418, 0.12758983],
        [0.98583355, 0.79154252, 0.63778424],
        [0.5082131, 0.79606267, 0.61432682],
        [0.31427215, 0.03259631, 0.78486648],
        [0.81242156, 0.0211354, 0.79316656],
        [0.38894386, 0.62931839, 0.99362672],
        [0.86950365, 0.65513382, 0.01207952],
        [0.38746528, 0.42077594, 0.56641601],
        [0.88245808, 0.41104235, 0.57063141],
        [0.28845707, 0.78877897, 0.42356046],
        [0.7823196, 0.76581789, 0.42039448],
        [0.20625205, 0.5863945, 0.78093081],
        [0.70827509, 0.58051524, 0.77588046],
        [0.02005949, 0.92622539, 0.27765443],
        [0.5344081, 0.91006268, 0.26670794],
        [0.14127797, 0.05796572, 0.92194257],
        [0.64242956, 0.04256297, 0.9148432],
        [0.46219343, 0.27431513, 0.05460652],
        [0.97063098, 0.30946818, 0.03526325],
        [0.1077438, 0.59433265, 0.44133056],
        [0.62080858, 0.58033688, 0.42840492],
        [0.2158822, 0.21746328, 0.57950201],
        [0.72159391, 0.22166332, 0.57676077],
        [0.28798073, 0.43718178, 0.20986029],
        [0.7947252, 0.41505412, 0.22088173],
        [0.47373376, 0.08758549, 0.72407987],
        [0.96863862, 0.07567754, 0.73436852],
        [0.36190705, 0.93301554, 0.08021464],
        [0.86104848, 0.94397766, 0.08339106],
        [0.02941826, 0.70571343, 0.93598377],
        [0.53540439, 0.7065602, 0.96136976]
    ],
    "relaxed_energy": -785.86351769,
    "relaxed_forces": [
        [-8.229e-05, 0.00189285, -0.00093279],
        [0.00094307, -0.00011795, -0.0013718],
        [-0.00022435, -0.0006104, 0.00158875],
        [0.00041936, -0.00117239, 0.0005049],
        [0.00283496, 0.00348711, 0.00138071],
        [-0.00397017, -0.00301781, -0.00358309],
        [-0.00103717, 0.00049831, -0.00096661],
        [-3.431e-05, -4.737e-05, -0.00089085],
        [0.00243656, -0.00125929, 0.00289161],
        [-0.00343602, 0.00283213, 0.00197899],
        [-0.00171456, -0.00327786, -0.0019132],
        [0.00170907, 0.00119157, 0.00125163],
        [0.00489433, 0.00045638, 0.00027776],
        [0.00268518, 0.00403861, -0.00029417],
        [-0.00183767, 0.00209737, 0.0004696],
        [0.00025553, 0.00240308, -0.0047747],
        [0.00115084, 0.00200793, -0.0023632],
        [-0.00116284, 0.00171477, -0.00179871],
        [-0.0011078, -0.00060402, -0.00183218],
        [-0.00055987, -0.00164027, 0.00095072],
        [-0.0045227, 0.00332689, -4.963e-05],
        [-0.00155999, -0.00191351, 0.00161152],
        [-0.0012053, 0.00032407, -0.00103052],
        [-0.00050257, -0.00069071, -0.00247619],
        [0.00171896, 0.00076944, -0.00320882],
        [4.48e-05, -0.00209843, -0.00164376],
        [-0.00018329, -0.00236792, 0.00040772],
        [-0.0011351, -0.00296992, -0.00219143],
        [-0.00309375, 0.00242135, -0.00177047],
        [0.0022331, 0.00362416, 0.00210268],
        [0.0043343, 0.00073621, 0.00167744],
        [0.00205269, -0.00334513, 0.00195027],
        [0.00551874, 0.00295622, -0.00054615],
        [0.00422685, -0.00049866, 0.00265546],
        [0.00094938, 0.00415474, -0.00610539],
        [0.001706, 0.00300886, 0.0019953],
        [-5.543e-05, 0.00371923, -0.00055095],
        [0.00044441, -0.0045893, -0.003059],
        [0.0014513, 0.00012669, -0.00948974],
        [-0.00046974, -0.00111442, 0.00220967],
        [-0.00045634, -0.00388246, 0.00602878],
        [-0.00030534, -0.00319033, 0.00406989],
        [-0.00131941, -0.00048523, 0.00089902],
        [-0.00155344, -0.00127957, 0.00070622],
        [-0.00185379, -0.00119246, 0.00785577],
        [0.00128318, -0.00286949, -0.00293994],
        [-0.00434363, -0.00253819, 0.00305293],
        [0.00038597, 0.00011077, -0.00158476],
        [0.00218451, -0.00478964, -0.00273994],
        [-0.00212742, 0.00261385, 0.00319245],
        [-0.00340647, 0.00370753, 0.00372806],
        [-0.00335688, -0.00386533, -0.00101902],
        [-0.00025689, 0.00338046, -0.00402455],
        [0.00082662, 0.00121871, 0.00015529],
        [-0.00123556, 0.00310603, -0.00318809],
        [-0.00058329, -0.00041994, 0.0004173],
        [-0.00316567, -0.00195435, 0.0030835],
        [-0.00058124, 0.00166789, 0.00267071],
        [0.00401329, -0.00192776, -0.00206298],
        [0.00155582, 0.00440177, -0.00015102],
        [-0.00178821, -0.00294331, -0.00167584],
        [-0.00168193, -0.00016722, 0.00068951],
        [0.00477559, -0.00245325, -0.00012499],
        [-5.367e-05, 0.00026292, 0.00276847],
        [0.00036139, -0.00302552, 0.00180961],
        [-0.00060572, -0.00357205, 0.00094718],
        [0.00642821, 0.00066763, -0.00265135],
        [-0.00222337, -0.00234698, -0.00235717],
        [-0.00345799, -0.00236822, -0.00372256],
        [0.00342767, -0.00129077, 0.00056939],
        [-0.00277442, 0.00277435, 0.00520331],
        [-0.0015666, -0.00157413, 0.00258155],
        [-0.00242426, 0.00633815, 0.00185882],
        [0.00368535, -0.00178265, 0.00196579],
        [-0.00335778, 0.00190702, 0.00221636],
        [0.00143722, 0.00130915, -0.00128912]
    ],
    "relaxed_lattice": [
        [-5.21054431, -14.18801276, -8.47828577],
        [-7.65991445, -0.14204619, -4.19213486],
        [-0.32348794, -0.15133079, -8.71374333]
    ],