{
    "atom_type": [
        "Na",
        "V",
        "P",
        "O"
    ],
    "atoms_per_type": [
        11,
        8,
        12,
        48
    ],
    "coord_mode": "direct",
    "relaxed_basis": [
        [0.23594171, 0.49535321, 0.53388005],
        [0.73563668, 0.50882488, 0.5198308],
        [0.50371382, 0.02071156, 0.97063397],
        [0.00847677, 0.005689, 0.97687214],
        [0.81013436, 0.24854833, 0.88867434],
        [0.44232736, 0.61352721, 0.24800507],
        [0.93878423, 0.61449314, 0.24910118],
        [0.37327385, 0.11942502, 0.37232526],
        [0.8761207, 0.1152173, 0.38345784],
        [0.19373315, 0.7483073, 0.12605738],
        [0.69326448, 0.75047386, 0.11907252],
        [0.31989527, 0.64395965, 0.646501],
        [0.82288536, 0.64134185, 0.64533383],
        [0.07517528, 0.14102641, 0.14123465],
        [0.56942686, 0.14863177, 0.14638985],
        [0.17592396, 0.3581341, 0.35549519],
        [0.6756223, 0.35761735, 0.35882081],
        [0.42982772, 0.86099365, 0.85315073],
        [0.92996625, 0.85793303, 0.85020685],
        [0.127119, 0.54549526, 0.96078631],
        [0.62663722, 0.54903195, 0.96254298],
        [0.47410792, 0.25128837, 0.54119192],
        [0.9779975, 0.24529403, 0.53839306],
        [0.27231463, 0.95446858, 0.25033269],
        [0.7692194, 0.95448506, 0.25630097],
        [0.23159672, 0.04100166, 0.74611655],
        [0.73019708, 0.04638218, 0.75480965],
        [0.37748262, 0.46205028, 0.03797756],
        [0.8779248, 0.45238637, 0.0416347],
        [0.02004917, 0.74489943, 0.45337534],
        [0.51843136, 0.74717198, 0.45890099],
        [0.43870588, 0.69669663, 0.48338906],
        [0.94284457, 0.69105079, 0.47455683],
        [0.25475781, 0.87235824, 0.69174991],
        [0.75714167, 0.86960134, 0.71730306],
        [0.35140392, 0.50981995, 0.87173261],
        [0.85433293, 0.47558246, 0.88239829],
        [0.47912422, 0.20876905, 0.38359751],
        [0.99063882, 0.19008405, 0.3828044],
        [0.1924943, 0.97722707, 0.20420916],
        [0.68785431, 0.98334237, 0.2111214],
        [0.10746737, 0.37332528, 0.00632624],
        [0.60215075, 0.3778827, 0.01963874],
        [0.05874692, 0.30339858, 0.48608318],
        [0.55651709, 0.30827903, 0.48089895],
        [0.2560658, 0.11916429, 0.29540062],
        [0.7554016, 0.12220776, 0.29489867],
        [0.15094328, 0.5294965, 0.1170263],
        [0.65474217, 0.52701584, 0.11618846],
        [0.99157425, 0.80519293, 0.61547562],
        [0.49685644, 0.79609306, 0.62360971],
        [0.31248871, 0.0086041, 0.79074891],
        [0.80815258, 0.03319412, 0.80091324],
        [0.40128132, 0.62178723, 0.01459013],
        [0.89625609, 0.62311846, 0.00883581],
        [0.38204845, 0.42190027, 0.56824604],
        [0.88388845, 0.40991263, 0.55907585],
        [0.28441273, 0.76718126, 0.41672917],
        [0.78260577, 0.76862997, 0.41841868],
        [0.20779274, 0.57312536, 0.77301364],
        [0.71059075, 0.55340577, 0.77926959],
        [0.0319596, 0.90892246, 0.26500293],
        [0.52702175, 0.91531263, 0.27362267],
        [0.14138129, 0.04593203, 0.91553715],
        [0.63826096, 0.05910004, 0.92231247],
        [0.45729414, 0.27406833, 0.05809052],
        [0.96012298, 0.26779638, 0.06684781],
        [0.11484203, 0.58603098, 0.43668781],
        [0.61310275, 0.58887902, 0.43261999],
        [0.22072813, 0.22158143, 0.57884605],
        [0.71927441, 0.22395309, 0.5834366],
        [0.29394228, 0.44069528, 0.22386555],
        [0.79531471, 0.43288477, 0.23036444],
        [0.46814067, 0.08724759, 0.72401998],
        [0.96771402, 0.08752883, 0.72914806],
        [0.36703136, 0.9265156, 0.08969526],
        [0.86244213, 0.93500105, 0.08871476],
        [0.04009672, 0.72270391, 0.94504974],
        [0.54382784, 0.73036774, 0.94363631]
    ],
    "relaxed_energy": -808.5397705,
    "relaxed_forces": [
        [-0.001923, -0.00076541, 0.00258229],
        [0.00126969, 0.00056557, 0.00040005],
        [-0.00083488, 0.00099441, 0.00069243],
        [-0.0010181, -0.00154487, 0.00027478],
        [-0.00152652, -0.0009611, 3.53e-06],
        [-0.00174985, 0.00228645, -0.00205829],
        [0.00091572, 0.00019452, 0.00014866],
        [0.00027486, -0.00037642, -0.00145396],
        [0.000668, 0.00106832, 0.00064544],
        [0.00180795, 0.00083904, 0.00079352],
        [-0.00056867, -0.00206413, -0.0014489],
        [-0.00015536, -0.00106679, 0.00228544],
        [0.00048042, -0.00022499, -0.00141323],
        [0.00019616, 0.001833, -0.0037772],
        [-0.00052326, 0.00033208, 0.00290484],
        [4.072e-05, 0.00050831, 0.00053113],
        [-0.00017369, 0.00055796, -0.00011703],
        [0.00028615, -0.00117505, 0.00180085],
        [-0.00140084, -0.00169104, 0.00189287],
        [-0.00329992, 0.00164868, 0.00211835],
        [0.00211322, 0.00627015, -0.00241993],
        [0.00131195, -1.26e-05, -0.00127432],
        [-0.00474815, -0.00151915, 0.00256083],
        [-0.00074006, -0.00082623, -0.00066027],
        [0.00486142, -0.00253573, -0.00323482],
        [0.00218969, -0.00251793, 0.00210078],
        [-0.00089872, -0.00168107, -0.00417169],
        [0.00021227, 0.00355981, 0.00102778],
        [0.00543239, 0.00213528, 0.00796781],
        [-0.00261204, -0.00268956, -0.00561875],
        [-0.00087712, -0.00074456, -0.00084789],
        [-0.00048335, 0.00128587, -0.00475892],
        [0.00274209, 0.00359805, 0.00167582],
        [0.00020654, 0.003834, 0.00057671],
        [0.0016753, -0.00080024, 0.0007399],
        [0.00094505, 0.00404827, -6.894e-05],
        [0.00082717, -0.00079891, -0.00405799],
        [-0.00017889, 0.00054934, -0.00132988],
        [0.00050883, 0.00168998, 0.00058181],
        [-0.00059927, 0.00155269, 0.00121209],
        [-0.00160614, 0.00149784, 0.00131544],
        [0.00048437, 0.00084853, -0.00079016],
        [-0.00282767, -0.00036716, -0.00147042],
        [-0.00192148, 0.00324175, 0.0045843],
        [-0.00103648, -0.00244358, -0.00125235],
        [-0.00030737, -0.00081214, 0.00147506],
        [-0.00015723, -1.422e-05, -0.00272755],
        [-0.00124115, -0.00052723, 0.00124822],
        [0.00115998, 0.00053735, 0.00067521],
        [0.00251035, -0.00052398, 0.00460631],
        [0.00276071, -0.0095229, 0.00028472],
        [0.00069901, -0.00263127, 0.00827067],
        [0.00220654, -0.00051903, -0.00049204],
        [0.00390302, 0.00180605, 0.0022432],
        [-0.00300834, 0.00025791, -0.00442828],
        [-0.00208676, 0.00144903, -0.00123846],
        [0.00121159, 0.00061581, -0.00048418],
        [-0.00090512, -0.00217908, -0.00096575],
        [-0.003101, -0.00153765, -0.00043605],
        [0.00037363, 0.00276813, 0.00069694],
        [-0.00046046, -0.00149273, 0.00176211],
        [-0.00095401, 0.00109696, 0.00046076],
        [-0.00096983, -0.0002548, -0.00234962],
        [0.00031101, -0.00391373, -0.00284449],
        [0.00063433, -0.00112111, -0.0015755],
        [-0.00160223, 0.00079784, 0.00072086],
        [0.00045159, -0.00221263, 0.0027431],
        [-0.00066226, 0.00103771, 0.00029639],
        [-0.00081784, -0.00161171, 0.00262931],
        [0.00043008, 0.00198082, -0.00226687],
        [-0.00085442, 0.00093619, -0.00069118],
        [-0.00060881, -0.00077717, -0.00149009],
        [0.00338073, -0.00038983, 0.000824],
        [-0.00244129, -0.00060303, 0.00080747],
        [-0.00043787, -0.00150986, -0.00423382],
        [-0.00054636, 0.00305063, -0.000815],
        [-0.00219949, -0.00050428, 0.00016803],
        [0.0029353, -0.00099903, 0.00090684],
        [0.00264743, -0.0008104, -0.00297284]
    ],
    "relaxed_lattice": [
        [-4.95056607, -14.39650156, -8.42195762],
        [-7.56574239, -0.10838153, -4.20798584],
        [-0.07539951, -0.12005851, -8.68087726]
    ],