{
    "atom_type": [
        "Na",
        "V",
        "P",
        "O"
    ],
    "atoms_per_type": [
        6,
        8,
        12,
        48
    ],
    "coord_mode": "direct",
    "relaxed_basis": [
        [0.24767026, 0.50901565, 0.49636219],
        [0.73653136, 0.50622616, 0.51650458],
        [0.00767399, 0.01613163, 0.9671242],
        [0.33515817, 0.2499203, 0.90324068],
        [0.94621157, 0.61402874, 0.24739816],
        [0.37590377, 0.09589444, 0.35578122],
        [0.32013059, 0.65457933, 0.64056669],
        [0.81823724, 0.647432, 0.64635481],
        [0.0678635, 0.14515113, 0.1428697],
        [0.57496641, 0.14354715, 0.13242232],
        [0.17405469, 0.3628182, 0.35993955],
        [0.68092959, 0.34673053, 0.35922132],
        [0.43488183, 0.84626396, 0.86149404],
        [0.92489056, 0.85858659, 0.85349978],
        [0.12323576, 0.53745465, 0.9570336],
        [0.62517745, 0.53407744, 0.96525651],
        [0.48411184, 0.24662934, 0.53049159],
        [0.97763163, 0.24825766, 0.54116272],
        [0.26619987, 0.9608743, 0.25019811],
        [0.77265537, 0.96404828, 0.24811713],
        [0.2310679, 0.03641834, 0.75356637],
        [0.72863712, 0.03935316, 0.75115456],
        [0.37684794, 0.46392622, 0.04039554],
        [0.87328732, 0.46269762, 0.04163778],
        [0.01593631, 0.75238237, 0.45787159],
        [0.52247553, 0.74863506, 0.46832006],
        [0.4282348, 0.75749407, 0.48846341],
        [0.9362051, 0.70672273, 0.47485776],
        [0.23467759, 0.87484204, 0.72143132],
        [0.7497585, 0.87457456, 0.69708453],
        [0.35593805, 0.50215354, 0.87189896],
        [0.85247904, 0.51189379, 0.86730267],
        [0.49375553, 0.21870314, 0.3617358],
        [0.99000652, 0.21859954, 0.36980297],
        [0.17970406, 0.00230288, 0.21091316],
        [0.69030113, 0.01443549, 0.19468903],
        [0.09351769, 0.37462151, 0.00244953],
        [0.60321202, 0.36997915, 0.98782627],
        [0.06194693, 0.28199201, 0.51517117],
        [0.57452032, 0.26731042, 0.50029734],
        [0.25680639, 0.1340545, 0.27531868],
        [0.76365367, 0.12102966, 0.2955231],
        [0.12786815, 0.52048537, 0.1350313],
        [0.65026432, 0.4838556, 0.13266794],
        [0.98933531, 0.79839643, 0.62962976],
        [0.51562504, 0.77200614, 0.63880439],
        [0.31847713, 0.98552377, 0.79587639],
        [0.81077784, 0.99487991, 0.80841708],
        [0.40275397, 0.62407784, 0.0097202],
        [0.89701171, 0.6215335, 0.02303004],
        [0.39553053, 0.42000184, 0.56473544],
        [0.88573484, 0.42606293, 0.56056398],
        [0.2749376, 0.77916183, 0.42221949],
        [0.77933927, 0.77422641, 0.41869414],
        [0.21557336, 0.52764233, 0.78850255],
        [0.70982365, 0.56058333, 0.77806948],
        [0.02818396, 0.92527938, 0.27412177],
        [0.54342004, 0.92048019, 0.28681032],
        [0.13658996, 0.0754227, 0.91849186],
        [0.63651035, 0.05911082, 0.91804052],
        [0.45914355, 0.27182017, 0.06676222],
        [0.95632267, 0.27387015, 0.05842179],
        [0.10929635, 0.58409327, 0.44582423],
        [0.60708514, 0.56772454, 0.4436142],
        [0.23020516, 0.21649283, 0.57608018],
        [0.72311103, 0.22441803, 0.58137779],
        [0.29137195, 0.44085336, 0.22493162],
        [0.78644579, 0.44273017, 0.22505262],
        [0.46728817, 0.07639327, 0.71570316],
        [0.96096193, 0.08216631, 0.72663962],
        [0.3578324, 0.93748435, 0.07705938],
        [0.86907444, 0.92717982, 0.08536879],
        [0.04180462, 0.7288154, 0.91215974],
        [0.5401049, 0.71839769, 0.95141255]
    ],
    "relaxed_energy": -770.61528043,
    "relaxed_forces": [
        [0.00035186, 0.00160761, 0.00019956],
        [-0.00193224, 0.00135762, -0.00010918],
        [-0.0010171, -0.00186215, 0.00226415],
        [-0.0004041, -0.0024968, -0.00205497],
        [0.0001625, -0.00044446, -3.285e-05],
        [-0.00012051, 0.00083986, -0.00137832],
        [-0.00046441, -0.00209026, 0.00018023],
        [0.0006242, -1.765e-05, 0.00012927],
        [-0.00015558, -0.00049223, 0.00054451],
        [-0.0019713, 0.00057889, -0.00251181],
        [0.00058708, -0.00011771, -0.00017311],
        [0.00124596, -0.00149923, -0.00049212],
        [-0.00200274, 0.00305565, -0.00087244],
        [-0.00018942, 0.00113722, 0.00021592],
        [0.00272893, 0.00195929, 0.00315817],
        [0.00287976, -0.00014014, 0.00041378],
        [0.00164332, -0.000602, 0.00064654],
        [-0.00180901, 0.00305899, -0.00043621],
        [9.66e-06, -0.00125612, 0.00119425],
        [-0.00579969, -0.00183831, -0.00407303],
        [-0.00180679, 0.00036495, 0.00196282],
        [0.00124534, -0.00246328, -0.00133474],
        [-0.00039411, 0.00101972, -4.433e-05],
        [-0.00314139, -0.00027295, 0.00023478],
        [-0.00206821, 0.00210537, 0.00371862],
        [0.00031096, -0.00479606, -0.00073884],
        [-0.0014504, -0.00098708, -0.00331078],
        [0.00029416, 0.00110872, 0.00038033],
        [0.00140936, 0.00254373, 0.00090239],
        [-0.0034314, 0.00268978, -0.00036788],
        [4.457e-05, -0.00028284, 5.936e-05],
        [-0.00054856, 0.00214901, 0.00051012],
        [0.00058505, -0.00084252, -0.00075006],
        [-0.00032548, 0.00221374, 0.00444946],
        [0.00073011, 0.0052133, 0.00105043],
        [-0.00306638, 0.00032801, 0.0004621],
        [-0.00693433, -0.0009259, 0.00177294],
        [-0.00474115, -0.00120904, -0.00111192],
        [0.00038412, 0.0006353, 0.00125784],
        [0.00290297, -0.00266072, -0.00192733],
        [0.00077643, -0.00028381, 0.0004899],
        [0.00316555, -0.00322131, 0.0017752],
        [3.983e-05, 0.00038004, 0.00092562],
        [0.00170476, -0.00223355, -0.00088003],
        [-0.00029461, 0.00121929, -0.00265393],
        [0.00180989, -0.00595711, -0.00168466],
        [0.00177866, 0.00041843, 0.00387659],
        [0.00117668, 0.00243105, 0.00153011],
        [0.00050667, -0.00022084, 5.59e-05],
        [0.00244071, -0.0009435, 0.00048906],
        [-0.00055214, -0.00138168, -0.000522],
        [0.00205487, -0.00060141, 0.00194113],
        [0.00041597, -0.00017094, 0.0005383],
        [0.00039264, -0.0001329, -0.00225288],
        [0.00095545, -0.00182482, 0.00123307],
        [-6.065e-05, 0.00166175, -0.00020812],
        [0.00706493, 0.00325253, -0.00163202],
        [0.0020699, -0.00203221, -0.00264779],
        [0.00110077, 0.00152058, -0.00298991],
        [7.679e-05, 0.00129772, -0.00164092],
        [0.00269835, -0.00234814, -0.00137538],
        [-0.00042398, -0.00040371, 0.00151735],
        [0.00029325, 0.0003288, 0.00116943],
        [-0.00012153, 0.00173211, 0.00143025],
        [0.00149789, 0.00123763, -0.00011596],
        [-0.0012733, -0.00166439, -0.00060405],
        [-0.00013714, 0.00040119, -0.00077579],
        [-0.00019158, -0.00179218, -0.00199674],
        [-0.00055646, -5.801e-05, 0.00093043],
        [-0.00053443, 0.00079491, 0.00202856],
        [-8.22e-06, 0.00361044, 0.00069501],
        [-0.00149914, -0.00194667, -0.00163282],
        [-0.00166717, -0.00116259, 0.00137311],
        [0.00093477, 0.00142399, -0.00237373]
    ],
    "relaxed_lattice": [
        [-5.13293784, -14.20055496, -8.37667705],
        [-7.54070143, -0.16583069, -4.21930241],
        [-0.23470163, -0.20456748, -8.66289612]
    ],