{
    "atom_type": [
        "Na",
        "V",
        "P",
        "O"
    ],
    "atoms_per_type": [
        10,
        8,
        12,
        48
    ],
    "coord_mode": "direct",
    "relaxed_basis": [
        [0.25155487, 0.50195508, 0.49785435],
        [0.75670891, 0.47750241, 0.50648384],
        [0.49290218, 0.9899332, 0.02533511],
        [0.99066572, 0.02948164, 0.98659588],
        [0.62577841, 0.88866602, 0.61278936],
        [0.31046871, 0.25051697, 0.87964542],
        [0.93905109, 0.62778387, 0.24521826],
        [0.56110727, 0.38064435, 0.75270928],
        [0.19501, 0.75251132, 0.09992217],
        [0.69009029, 0.74722255, 0.11604567],
        [0.32244028, 0.64452581, 0.64630967],
        [0.82379281, 0.63814142, 0.64066886],
        [0.06956366, 0.14402221, 0.14672242],
        [0.57306542, 0.14075608, 0.14771877],
        [0.17673801, 0.35536458, 0.35928707],
        [0.6781205, 0.35452869, 0.3567168],
        [0.4272879, 0.86005275, 0.85906663],
        [0.92790118, 0.85817079, 0.85100175],
        [0.12516886, 0.54434218, 0.96126568],
        [0.625063, 0.54142652, 0.95859161],
        [0.48063128, 0.25643384, 0.54631733],
        [0.9822944, 0.24287117, 0.53939948],
        [0.26567389, 0.95853247, 0.25555875],
        [0.76955313, 0.95367734, 0.24377306],
        [0.23081542, 0.04943421, 0.75046344],
        [0.72890516, 0.03694681, 0.74504434],
        [0.37239655, 0.45454319, 0.04225897],
        [0.87887516, 0.45944988, 0.03998455],
        [0.01970565, 0.74927078, 0.44997834],
        [0.52155397, 0.75440124, 0.46458044],
        [0.43924408, 0.69806029, 0.51894493],
        [0.94187648, 0.70243295, 0.46577203],
        [0.24710714, 0.86497793, 0.74252108],
        [0.74157511, 0.87845825, 0.69436736],
        [0.34999518, 0.46606633, 0.88568391],
        [0.86191182, 0.50020742, 0.86655227],
        [0.51337277, 0.19000256, 0.38566223],
        [0.00505808, 0.18707533, 0.37317191],
        [0.18813223, 0.97475447, 0.20617582],
        [0.69452258, 0.96929102, 0.18743447],
        [0.10370795, 0.36844229, 0.01771954],
        [0.6027222, 0.37876462, 0.98573953],
        [0.06237136, 0.29937135, 0.49978339],
        [0.55565879, 0.31528559, 0.52703119],
        [0.24096451, 0.14246788, 0.28419031],
        [0.73666251, 0.11558156, 0.30819626],
        [0.14847144, 0.52273272, 0.12259332],
        [0.64738436, 0.51586884, 0.12052617],
        [0.00138842, 0.79012196, 0.61573418],
        [0.50993511, 0.8082555, 0.62017819],
        [0.30977461, 0.0402472, 0.78932585],
        [0.8101324, 0.98918663, 0.80046336],
        [0.38448069, 0.63715062, 0.99333413],
        [0.90097725, 0.61928403, 0.02245611],
        [0.38494736, 0.4135298, 0.56085913],
        [0.89212495, 0.41300299, 0.54227455],
        [0.27707457, 0.78626787, 0.42826899],
        [0.78062631, 0.7642406, 0.40994038],
        [0.20967463, 0.55042691, 0.77906971],
        [0.70787709, 0.56601477, 0.77047221],
        [0.03709353, 0.91211194, 0.25984788],
        [0.53103326, 0.91328091, 0.27421969],
        [0.13697973, 0.08080569, 0.91843858],
        [0.63439664, 0.05804073, 0.91151124],
        [0.45927318, 0.27983124, 0.0610377],
        [0.96006605, 0.27117383, 0.07066968],
        [0.11536841, 0.58212526, 0.42387726],
        [0.61567869, 0.58884974, 0.44319796],
        [0.21795529, 0.22177615, 0.57505881],
        [0.71830922, 0.22692133, 0.58524359],
        [0.28911304, 0.43504034, 0.22994483],
        [0.79158819, 0.44276904, 0.21828319],
        [0.47019885, 0.09089786, 0.73677229],
        [0.97108115, 0.07993491, 0.72184568],
        [0.35793556, 0.94688967, 0.08790343],
        [0.86499774, 0.93898566, 0.08565321],
        [0.04085409, 0.72442159, 0.94321018],
        [0.5420217, 0.72863744, 0.93447799]
    ],
    "relaxed_energy": -801.07275513,
    "relaxed_forces": [
        [0.00026408, 0.0016368, -0.00074832],
        [-2.657e-05, -0.00010563, 0.00094798],
        [0.00063257, -0.00048246, 9.902e-05],
        [0.00146957, -0.00146099, -0.00077523],
        [-0.00022876, 0.0008138, -0.00031177],
        [0.00123862, 0.00364086, 0.00074361],
        [0.00255192, -0.00172042, -0.00058852],
        [-0.00033108, 0.00033051, 0.00228645],
        [-0.00195174, 0.00042151, -0.00161744],
        [-0.00068976, 0.00247822, -0.00011618],
        [-0.00095214, -0.00058374, -0.00131538],
        [0.00101879, -9.648e-05, 0.0026527],
        [-0.00116593, 0.00199454, -0.00349461],
        [0.00066246, 0.0008283, 0.00128458],
        [-0.0014107, -0.00286698, 0.00061691],
        [-0.0007198, 0.00060536, 0.00144817],
        [-0.00130644, -0.0017457, 9.093e-05],
        [-0.00312834, 0.00102138, -0.00333094],
        [-0.00254376, -0.00021145, -0.00576359],
        [-8.143e-05, -0.00187278, -0.00124435],
        [-0.00115964, 0.00282394, -0.00188712],
        [0.00049909, -0.00632813, -0.00234663],
        [5.755e-05, 0.00339997, 0.00159331],
        [0.00173537, -0.00279741, 0.0020977],
        [0.00056569, 0.00027456, 0.00511114],
        [-0.00432437, -0.00155591, 0.0008253],
        [0.00248515, 0.00380588, -0.00282375],
        [-1.549e-05, -0.00212641, 0.00052138],
        [0.00490383, -0.00204718, -0.00254947],
        [-0.00091006, -0.00348505, -0.00017019],
        [0.00180825, 0.00442359, 0.00039117],
        [0.00015229, -0.00393264, -0.00058468],
        [-0.00059016, 0.00080318, -0.00020411],
        [-0.0005042, 0.0007861, -0.00128742],
        [0.00113574, 0.00075134, 0.00311995],
        [-0.00053236, 0.00180994, 0.00150455],
        [-0.00130932, 0.00170855, -0.00129797],
        [-0.00017323, 0.00010432, 0.00389228],
        [0.00074806, -0.00080863, -0.00149501],
        [0.00021677, -0.0054459, -0.00575555],
        [-0.00481786, 1.149e-05, -0.00234186],
        [-0.00214765, -0.00037769, 0.00085756],
        [0.00141814, -0.00282687, 0.00078432],
        [0.0010915, 0.00252155, 0.00159702],
        [-0.00425364, 0.00229789, -0.00245596],
        [-0.00530847, 0.0025541, -0.00322565],
        [-0.00050234, -5.266e-05, -0.0008499],
        [-1.266e-05, 0.00040056, 7.375e-05],
        [-0.00180061, 0.00017529, -0.00650355],
        [0.00074574, -0.0012743, 0.00406103],
        [7.148e-05, 0.00217643, 0.0005232],
        [0.00103872, -0.00580598, 0.00029194],
        [0.00103554, -0.00075582, 0.00181008],
        [-0.00236443, -0.00108192, 0.00098681],
        [0.00012548, 0.00244471, 0.00142791],
        [0.00453944, -0.00119563, 0.00071994],
        [0.00185343, -0.0024623, -0.00118191],
        [0.00022851, 0.0003744, 0.00029481],
        [-0.000719, -0.00201741, 0.00174985],
        [0.00019593, 0.00138867, 0.00132969],
        [0.00438903, 0.0007263, -0.00121623],
        [0.00288498, 0.00156684, -0.00127653],
        [-5.1e-06, 0.00196615, -0.00054173],
        [1.666e-05, -0.00160535, -8.907e-05],
        [-0.00303543, 0.00396904, 0.00226004],
        [0.00093081, -3.726e-05, 0.00077569],
        [0.00572687, -0.00291747, 0.00172147],
        [0.00267017, -0.00111813, 0.00141839],
        [0.00014923, -0.00059472, 0.0032568],
        [-0.00165045, -0.00046363, 0.00064522],
        [0.0010434, 0.00276909, -0.00128764],
        [-0.00343547, -0.00034173, 0.00105268],
        [0.00010675, 0.00048246, 0.00132706],
        [0.00160838, 0.00151494, 0.00033886],
        [0.00187233, 0.00338749, -0.00124434],
        [-0.00073204, -0.00379542, 8.462e-05],
        [-0.00035039, 0.00337355, 0.00229216],
        [-0.00069748, -0.00016538, 0.00101455]
    ],
    "relaxed_lattice": [
        [-5.05978533, -14.29744094, -8.46814662],
        [-7.59818664, -0.09695575, -4.1662881],
        [-0.17326042, -0.08564091, -8.67182045]
    ],