{
    "atom_type": [
        "Na",
        "V",
        "P",
        "O"
    ],
    "atoms_per_type": [
        10,
        8,
        12,
        48
    ],
    "coord_mode": "direct",
    "relaxed_basis": [
        [0.2590434, 0.504052, 0.4847452],
        [0.74468155, 0.52332797, 0.48358525],
        [0.49646302, 0.0042361, 0.00253337],
        [0.00615604, 0.97051471, 0.01697411],
        [0.1246982, 0.89074807, 0.60616673],
        [0.62576405, 0.88766945, 0.61897587],
        [0.80698605, 0.24777011, 0.87539514],
        [0.06008132, 0.37348276, 0.75093061],
        [0.37324133, 0.11837592, 0.38969337],
        [0.87604376, 0.11467768, 0.39509967],
        [0.32198088, 0.64216352, 0.65049451],
        [0.82175449, 0.64152761, 0.6472959],
        [0.07470379, 0.14211522, 0.14560569],
        [0.56693792, 0.14998744, 0.14381754],
        [0.18039943, 0.35950152, 0.34613215],
        [0.67699131, 0.35858267, 0.35168371],
        [0.43117443, 0.85235894, 0.85585505],
        [0.9289165, 0.84900812, 0.85735462],
        [0.12653071, 0.53795385, 0.9503171],
        [0.62280348, 0.54260966, 0.96150891],
        [0.47752697, 0.25305911, 0.53583054],
        [0.9765921, 0.25409931, 0.54037538],
        [0.27565443, 0.96294256, 0.25028641],
        [0.76993933, 0.96413726, 0.25298018],
        [0.22966544, 0.0334266, 0.74909803],
        [0.7250321, 0.04190588, 0.75264586],
        [0.37473343, 0.46303375, 0.03959763],
        [0.87272722, 0.45047991, 0.04276325],
        [0.02414585, 0.74836125, 0.46299204],
        [0.52219128, 0.74876972, 0.46486907],
        [0.43095123, 0.71710634, 0.52526429],
        [0.93637693, 0.70968365, 0.51821943],
        [0.23401181, 0.88028178, 0.70144698],
        [0.73760519, 0.87867743, 0.71085784],
        [0.34089943, 0.51349059, 0.87812488],
        [0.84423608, 0.47132459, 0.89022648],
        [0.47882041, 0.21475048, 0.3801461],
        [0.98861527, 0.20745273, 0.3798506],
        [0.1823196, 0.00117093, 0.24121545],
        [0.67962582, 0.01347765, 0.22698837],
        [0.10021685, 0.38216566, 0.97391684],
        [0.5946762, 0.38352765, 0.00470855],
        [0.06038643, 0.29213379, 0.50858425],
        [0.56989431, 0.2811763, 0.47801898],
        [0.26874312, 0.11847988, 0.29686294],
        [0.76550058, 0.12327399, 0.29293966],
        [0.15446616, 0.48888836, 0.11377284],
        [0.65775706, 0.48992953, 0.12192417],
        [0.01688529, 0.79587335, 0.61935822],
        [0.52269234, 0.78720773, 0.61858551],
        [0.32129622, 0.98803649, 0.7666538],
        [0.81356213, 0.01899798, 0.77152726],
        [0.406641, 0.61796234, 0.99430595],
        [0.89830445, 0.6176086, 0.98761166],
        [0.39039875, 0.42277501, 0.56907004],
        [0.88283648, 0.41606757, 0.56802031],
        [0.29005945, 0.77330233, 0.41849989],
        [0.77941263, 0.77933758, 0.4212522],
        [0.20782275, 0.56822312, 0.75977818],
        [0.70528261, 0.5564123, 0.7736817],
        [0.02968264, 0.91731424, 0.278546],
        [0.52423886, 0.92084261, 0.28134447],
        [0.14080003, 0.0578088, 0.92064873],
        [0.63698161, 0.06605156, 0.92206382],
        [0.45305831, 0.27240532, 0.05422411],
        [0.95734728, 0.26567941, 0.06011768],
        [0.11317009, 0.57681334, 0.44327073],
        [0.61058981, 0.58019845, 0.42790796],
        [0.21628172, 0.22553861, 0.58550243],
        [0.71239691, 0.22723313, 0.57852895],
        [0.29437377, 0.44366763, 0.22719023],
        [0.79350831, 0.42864848, 0.23586234],
        [0.47464164, 0.08142763, 0.71903697],
        [0.96732166, 0.08477651, 0.72897935],
        [0.36029044, 0.94215297, 0.07484648],
        [0.85733002, 0.94388668, 0.07812109],
        [0.04462849, 0.72569539, 0.93505378],
        [0.54598808, 0.73333684, 0.94489059]
    ],
    "relaxed_energy": -801.14736306,
    "relaxed_forces": [
        [-0.00613461, -0.00103494, 9.92e-05],
        [-0.00162918, -0.00211218, -0.00116999],
        [0.00257698, 0.00125946, 0.00118885],
        [0.00127101, -0.00202398, 0.00275989],
        [0.00098387, -9.316e-05, 0.00020545],
        [-0.00034573, -0.00262944, -0.00144757],
        [-0.00052122, 0.00116179, 0.00035358],
        [-0.00276604, -0.00262939, -8.641e-05],
        [-0.00188859, 0.0022574, -0.00021186],
        [0.00031004, -0.00181346, 0.00037196],
        [0.0013193, 0.00146624, 0.00166255],
        [0.00051988, 0.00026865, 0.00230234],
        [0.00157136, -0.0001731, -0.00137015],
        [0.00070651, -0.00085696, 0.00024382],
        [-0.00077491, -0.00097811, 0.002239],
        [-0.00421463, 0.00150591, -0.00201494],
        [-0.00548794, -0.00177022, 0.00191116],
        [0.0033345, -0.00100974, -0.00087378],
        [-0.00199531, 0.00108918, -0.00095865],
        [-0.00304023, 0.00315002, -0.00249108],
        [0.00054827, 0.00514445, -0.0020464],
        [-0.00247089, 0.00148549, 0.00038873],
        [-0.00099798, 0.00432189, -0.00288788],
        [0.00538695, 0.00051387, 0.00136156],
        [0.00019547, -0.0071984, 0.00057341],
        [0.00167184, -0.00106542, -0.002526],
        [-0.00203705, 0.00248732, -0.00042637],
        [-0.00215729, -0.00215549, -0.00015937],
        [-0.00088836, -0.00369938, -0.00118574],
        [0.00095032, -0.00083616, 0.00625396],
        [0.00282273, 0.00131285, -0.00361186],
        [0.00118597, -0.00022467, -0.0006033],
        [0.00063898, 0.0001959, 0.00150977],
        [0.00203654, 0.00135361, -0.0026651],
        [-0.00109068, -0.00120023, 0.00418336],
        [0.00098444, -0.00123218, 0.00329268],
        [0.00237936, -0.00095534, 0.00429097],
        [-0.0002014, 0.00218458, 0.00281961],
        [0.00039493, -0.00135998, -0.00093565],
        [0.00308385, -0.00019428, -0.00159576],
        [0.00141941, -0.00019653, 0.00017196],
        [-0.00208448, -8.504e-05, 0.0015618],
        [-6.231e-05, -0.00103627, -0.0013006],
        [0.00034425, 0.00090963, -0.00076688],
        [-0.00198858, -0.00120658, 0.00119791],
        [-0.00038211, 0.00049497, -0.00089811],
        [0.0004922, -0.00110218, 0.00135667],
        [0.00265743, 0.00117097, -0.00277064],
        [0.00286946, -0.00189512, 0.00030721],
        [-0.00210252, 0.0015937, -0.00499896],
        [0.00011357, -0.00327017, -0.00141832],
        [-0.00241515, 0.00241643, -0.00231579],
        [0.00630245, 0.00216071, 0.00357927],
        [0.00105476, 0.00243217, 0.00055578],
        [0.00094428, 0.0054276, 0.00064291],
        [0.00111597, -0.00024232, -0.00162833],
        [0.0010132, -0.00043355, 0.00181519],
        [0.00152292, 0.00201282, -0.0008918],
        [-0.00050465, -0.00057632, -0.00012545],
        [-0.00053609, 0.00100352, 0.0007577],
        [-0.00208875, 0.00092622, 0.00327784],
        [-0.00225459, 0.00154252, -0.00458683],
        [-0.00126264, -0.00044103, -0.00108825],
        [0.00135975, 0.00124465, -0.00057598],
        [0.00218622, 0.00055946, -0.00025505],
        [0.00085438, -0.00016066, 0.00115636],
        [-0.00031974, -8.152e-05, -0.00193531],
        [-0.00147435, -0.00314577, -0.0033164],
        [0.00245189, 0.00113791, 1.751e-05],
        [-0.00125906, 0.00017081, 0.00118384],
        [-0.00013547, -0.00080413, -0.00153251],
        [-0.00012733, -0.00339394, -0.00234986],
        [-0.00166892, -0.00176602, 0.00242952],
        [-0.0005805, 0.00029518, -0.00114951],
        [-0.00384322, -0.00309117, 0.00513253],
        [-0.00042996, -0.00182919, -0.00241184],
        [0.00091027, 0.00209772, -0.00192677],
        [0.00167693, 0.00324813, 0.00435517]
    ],
    "relaxed_lattice": [
        [-5.07813091, -14.3495723, -8.38215158],
        [-7.59927396, -0.10299197, -4.23745421],
        [-0.18180058, -0.09721659, -8.65220385]
    ],