{
    "atom_type": [
        "Na",
        "V",
        "P",
        "O"
    ],
    "atoms_per_type": [
        12,
        8,
        12,
        48
    ],
    "coord_mode": "direct",
    "relaxed_basis": [
        [0.46645163, 0.59531108, 0.21581116],
        [0.77682159, 0.62188251, 0.33085277],
        [0.35486115, 0.20984187, 0.92968769],
        [0.98744911, 0.9215671, 0.09367364],
        [0.1052781, 0.89682407, 0.61598438],
        [0.56073767, 0.97528308, 0.57753286],
        [0.27970385, 0.37454484, 0.57759054],
        [0.7546594, 0.32905515, 0.91133202],
        [0.05170906, 0.3695726, 0.73230461],
        [0.45027459, 0.975562, 0.38016681],
        [0.89618429, 0.12877875, 0.36895837],
        [0.21898907, 0.7352127, 0.18804837],
        [0.30731673, 0.66410168, 0.70963567],
        [0.84213302, 0.65492448, 0.62038756],
        [0.07962349, 0.13616177, 0.16651797],
        [0.59203029, 0.1469623, 0.90138207],
        [0.18252482, 0.3512741, 0.36432191],
        [0.68294608, 0.39825086, 0.30224475],
        [0.41664859, 0.83075292, 0.86372674],
        [0.88771971, 0.84333038, 0.83589576],
        [0.13166924, 0.52434579, 0.98428679],
        [0.62250521, 0.73122235, 0.93537423],
        [0.48071069, 0.38326857, 0.59116559],
        [0.97508242, 0.27408407, 0.52755718],
        [0.27378298, 0.96100185, 0.27478063],
        [0.74153988, 0.99146288, 0.33902558],
        [0.2184848, 0.99865112, 0.7733599],
        [0.71647788, 0.06234998, 0.64793547],
        [0.38156867, 0.41761406, 0.08824478],
        [0.88756979, 0.42439067, 0.00842532],
        [0.03518386, 0.7404288, 0.47656787],
        [0.56473687, 0.55464734, 0.63057785],
        [0.46889011, 0.56700621, 0.60524115],
        [0.96925863, 0.65068925, 0.53157414],
        [0.17915977, 0.8907005, 0.75941905],
        [0.80737526, 0.88200713, 0.68946181],
        [0.34273919, 0.47253087, 0.93819275],
        [0.8665836, 0.43122573, 0.85642813],
        [0.41877548, 0.14044463, 0.53401591],
        [0.98676538, 0.2368091, 0.35735441],
        [0.17712245, 0.96381922, 0.30928914],
        [0.6859981, 0.92556984, 0.3197751],
        [0.11262398, 0.36098365, 0.02734431],
        [0.61791879, 0.87429042, 0.98804924],
        [0.06427278, 0.31116841, 0.48097286],
        [0.50821087, 0.2165842, 0.75428613],
        [0.26301019, 0.15541115, 0.24077011],
        [0.74741401, 0.18021842, 0.2101482],
        [0.13758775, 0.53815454, 0.14291559],
        [0.63296177, 0.54854854, 0.09684598],
        [0.99586944, 0.84260657, 0.61215716],
        [0.51730902, 0.75169441, 0.64263589],
        [0.32257798, 0.84995379, 0.76386564],
        [0.68850186, 0.15776971, 0.92607022],
        [0.40892313, 0.57085771, 0.05288898],
        [0.91949085, 0.58096531, 0.93834364],
        [0.37952761, 0.44953115, 0.59749144],
        [0.88416436, 0.46901822, 0.51663128],
        [0.31170091, 0.81918228, 0.43851064],
        [0.8392237, 0.8476394, 0.36062213],
        [0.21586868, 0.53565767, 0.81292364],
        [0.7047363, 0.68236736, 0.76836326],
        [0.0429859, 0.89271994, 0.2882555],
        [0.55393433, 0.36242988, 0.41340807],
        [0.17137101, 0.0291483, 0.95688524],
        [0.68250144, 0.02024359, 0.53836562],
        [0.46585426, 0.22621445, 0.10325255],
        [0.97282765, 0.23693995, 0.0522442],
        [0.13291933, 0.57773676, 0.47945318],
        [0.63040609, 0.5757168, 0.42966494],
        [0.21011161, 0.18535918, 0.62032936],
        [0.74920865, 0.22005113, 0.49968844],
        [0.29892548, 0.40902805, 0.26733176],
        [0.80469527, 0.44301911, 0.17906695],
        [0.38667454, 0.07940083, 0.73257718],
        [0.95268784, 0.79787779, 0.99500448],
        [0.34255474, 0.90553944, 0.10517948],
        [0.78749084, 0.03060736, 0.92910759],
        [0.05534717, 0.7211808, 0.89755909],
        [0.52804536, 0.79387553, 0.90981662]
    ],
    "relaxed_energy": -793.63844724,
    "relaxed_forces": [
        [-0.00210319, -0.00103407, 0.00042705],
        [0.00278084, 0.00282914, -0.00087766],
        [-0.0005159, -0.00022878, -0.0010272],
        [-0.00633823, -0.00529229, 0.00485421],
        [0.00088858, -0.00088818, 0.0011705],
        [-0.00155726, -0.00099312, 0.00228975],
        [-0.0007962, 0.00082164, -0.00039312],
        [-0.00134983, 0.0016476, -3.125e-05],
        [-0.0009944, -0.00156755, -0.00228073],
        [0.00150395, 0.00954668, -0.00063827],
        [0.0039876, 0.00198838, 0.00345636],
        [0.00065733, -0.00061399, -5.628e-05],
        [0.00092675, -0.00186902, -4.628e-05],
        [-0.00146028, 0.00192919, -0.00071868],
        [0.00618458, -0.00164334, 0.00346216],
        [0.00681705, 0.00248401, -0.00310768],
        [0.00067453, -0.00580827, 0.00043479],
        [-0.00021727, 0.00245934, -0.00012544],
        [0.00560508, -0.00250412, -0.00236071],
        [-0.00178498, -0.00159313, 0.00102369],
        [-0.00451004, -0.00234423, -0.00019416],
        [-0.00259863, 0.00397247, 0.00143143],
        [0.00150433, 0.0001803, -0.00130817],
        [0.00327125, 0.00043122, -0.0024937],
        [0.00098954, -0.00118469, -0.00409629],
        [0.00025899, 8.332e-05, 0.002248],
        [-0.00034246, 0.00352168, 0.0003056],
        [-0.0033857, -0.00237383, -0.00124079],
        [-0.00087851, 0.0039735, 0.00145797],
        [0.00112051, 0.00123708, -0.00084615],
        [0.00165431, -0.00298531, 0.00147295],
        [-0.0020284, 0.00151833, -0.00226167],
        [0.00056544, 0.00079122, -0.00041674],
        [-0.00083816, -0.00132358, -0.00106882],
        [-0.00051057, -0.00122963, -0.00175756],
        [-0.00047688, -0.00112842, -0.00198868],
        [0.00165033, -0.0006605, -0.00395214],
        [0.00065896, 0.00064527, 0.00247094],
        [-0.00037855, 0.00031754, -0.00314677],
        [0.00217013, 0.0017301, 0.00152248],
        [0.0003411, 0.00148652, 0.00341353],
        [-0.001965, -0.00346785, -0.00214659],
        [0.00105307, 0.000478, -0.00120067],
        [-0.00053193, -0.00170261, 0.00306554],
        [-0.00091931, 0.00058668, 0.00064666],
        [-0.00036829, -0.00085556, 0.00172805],
        [0.00077219, -0.00081033, 0.00045197],
        [0.00113499, -0.00055901, -0.00031593],
        [0.00204807, -0.00077027, 0.00362081],
        [-0.00069094, -0.00042554, 0.00058457],
        [-0.0020121, 0.00221527, -0.00262294],
        [0.00040586, -0.00032388, 0.00176475],
        [-0.00067532, 0.0022674, -0.0002147],
        [0.00091983, -0.00018267, -0.00036119],
        [-0.00085078, -0.00148574, -0.00199514],
        [-0.00331479, 0.00032209, 0.0021166],
        [0.00037207, -0.00072935, -0.0016554],
        [-0.00134804, -0.00068765, 0.00106579],
        [0.00106695, -0.00093405, 0.00057166],
        [-0.00281935, -0.00096785, -0.00129559],
        [0.00570394, 0.00533981, -0.00342453],
        [-0.0009358, -0.00306971, 0.00198409],
        [-0.00174731, 0.00127152, 0.00184126],
        [-0.00030853, 0.00042246, 0.00031975],
        [0.00031779, 0.00209545, 0.00116148],
        [0.00102453, 0.00055155, 0.00013803],
        [0.0020076, -0.00118507, -0.00288093],
        [-0.0002752, 0.00283751, 0.00073254],
        [-0.00196938, 0.00356208, 0.00056302],
        [-0.00101904, -0.00022429, -0.00108589],
        [-0.00083147, 5.496e-05, -3.482e-05],
        [0.0007312, 0.00046728, -0.00195554],
        [0.00067025, -0.00291385, -0.00209407],
        [-0.00169089, -9.946e-05, 0.00107519],
        [-0.00481496, -0.00114027, 0.00303428],
        [-0.00216091, -0.00214505, 0.00248381],
        [0.0005953, -0.00349377, 0.00227131],
        [-0.00111956, 0.00062772, 0.00049969],
        [0.00386498, 0.00071118, -0.00360719],
        [-0.00146546, -0.00196561, 0.0001638]
    ],
    "relaxed_lattice": [
        [-5.78651578, -14.12830548, -8.52757448],
        [-7.84247677, -0.14537964, -4.40305855],
        [-0.0888712, 0.1275596, -8.86650337]
    ],