{
    "atom_type": [
        "Na",
        "V",
        "P",
        "O"
    ],
    "atoms_per_type": [
        9,
        8,
        12,
        48
    ],
    "coord_mode": "direct",
    "relaxed_basis": [
        [0.25276949, 0.49719931, 0.49856234],
        [0.74048218, 0.49612819, 0.52012893],
        [0.49947184, 0.01605952, 0.97753098],
        [0.00614095, 0.00048612, 0.99873791],
        [0.12312641, 0.88064125, 0.61603022],
        [0.8110164, 0.2494412, 0.8912399],
        [0.94261071, 0.62403143, 0.2532348],
        [0.37674911, 0.11247984, 0.37224751],
        [0.69270846, 0.75097796, 0.11081796],
        [0.31812775, 0.64339143, 0.64684577],
        [0.82547204, 0.64278947, 0.64751837],
        [0.07352169, 0.14125996, 0.14449081],
        [0.57080589, 0.14669772, 0.14165526],
        [0.18211791, 0.36205111, 0.3517339],
        [0.67195895, 0.35548548, 0.35883087],
        [0.43136984, 0.85001962, 0.85267374],
        [0.92432223, 0.85996258, 0.85310059],
        [0.12252218, 0.5392261, 0.96103492],
        [0.62445085, 0.54863281, 0.9621911],
        [0.47417309, 0.25133253, 0.53728548],
        [0.98321928, 0.24670248, 0.53970368],
        [0.27437014, 0.96405824, 0.24107785],
        [0.76681655, 0.9550855, 0.25358903],
        [0.22909985, 0.03621112, 0.75206999],
        [0.73045449, 0.0473596, 0.74989469],
        [0.37630176, 0.46222755, 0.03416629],
        [0.87450534, 0.44585105, 0.05006347],
        [0.02543181, 0.7471146, 0.45641342],
        [0.51939607, 0.74958675, 0.46268769],
        [0.43135989, 0.72133411, 0.50337132],
        [0.94475702, 0.70223147, 0.47921666],
        [0.23121818, 0.88052284, 0.71082986],
        [0.75665691, 0.85773904, 0.73722587],
        [0.3453508, 0.50401456, 0.87897026],
        [0.85767817, 0.46559077, 0.88337937],
        [0.48650766, 0.20161732, 0.37912314],
        [0.00066602, 0.18843337, 0.38258816],
        [0.18781967, 0.01317838, 0.19813767],
        [0.69011991, 0.96481696, 0.20914595],
        [0.09195145, 0.37525302, 0.01048431],
        [0.60529141, 0.37274197, 0.01357663],
        [0.0675919, 0.28839122, 0.50114042],
        [0.56179122, 0.29665799, 0.48780857],
        [0.26589717, 0.12520221, 0.28318734],
        [0.74352775, 0.14058163, 0.27398962],
        [0.14243206, 0.51226484, 0.12418942],
        [0.64488046, 0.53347847, 0.12377814],
        [0.00344933, 0.80237483, 0.61969022],
        [0.50906118, 0.8021254, 0.61811186],
        [0.31701981, 0.97629138, 0.79644325],
        [0.80809238, 0.04574035, 0.7894772],
        [0.40902931, 0.621175, 0.99049907],
        [0.88718946, 0.62228693, 0.02065963],
        [0.38591569, 0.42264838, 0.55967637],
        [0.89062426, 0.41576416, 0.55217531],
        [0.27439091, 0.78408226, 0.41701978],
        [0.78309679, 0.7767357, 0.42303033],
        [0.20106638, 0.56094412, 0.7702134],
        [0.71276542, 0.5520974, 0.78262708],
        [0.04064577, 0.91391729, 0.2687626],
        [0.53238024, 0.91256474, 0.27073092],
        [0.13692576, 0.07428259, 0.91645252],
        [0.63697219, 0.0660267, 0.91710165],
        [0.45679225, 0.27302952, 0.05623376],
        [0.95655484, 0.26304288, 0.0829005],
        [0.11692966, 0.57955774, 0.4441231],
        [0.61054696, 0.57832009, 0.44210227],
        [0.23104012, 0.21619231, 0.57850245],
        [0.71528799, 0.2198985, 0.57594388],
        [0.2962136, 0.44449167, 0.22588703],
        [0.78482626, 0.43171825, 0.23027417],
        [0.46567613, 0.08454918, 0.72307333],
        [0.97078575, 0.08557236, 0.73149862],
        [0.36631515, 0.92898372, 0.07631923],
        [0.86237011, 0.93630305, 0.08698712],
        [0.03705519, 0.72518172, 0.93989053],
        [0.54355919, 0.73391911, 0.92764663]
    ],
    "relaxed_energy": -793.52385521,
    "relaxed_forces": [
        [-0.00020603, 0.00037568, 0.00045515],
        [-0.00082749, -0.00110358, 0.00033517],
        [-0.00176123, 0.00088579, 0.00027332],
        [-0.00107744, 0.00055871, 0.00021396],
        [-0.00102929, -7.014e-05, -0.0008806],
        [0.00039866, -0.00087318, -0.0003257],
        [-0.00173937, -0.00096478, -0.00156901],
        [-0.00096575, 0.00141742, 0.00155626],
        [-0.00055042, -0.00212352, -0.00080525],
        [-0.00103881, 5.615e-05, 0.00111031],
        [0.00104382, -0.00196395, -0.00047064],
        [-0.00028039, -0.00102515, 0.00115308],
        [0.00417433, -0.00490392, -0.00609026],
        [-0.00051093, -0.00167607, -7.25e-05],
        [0.00123747, -0.00067806, 0.00030116],
        [0.00174824, 0.00683792, 0.00049482],
        [0.00126064, -0.00097412, -0.00246674],
        [-0.00038892, -0.00311811, -0.00014365],
        [0.00279638, 0.00254045, 0.00472119],
        [-0.00189367, 0.00924098, 0.0025138],
        [-7.048e-05, -0.00113618, 0.00136104],
        [-0.00311939, 0.00204079, 0.0021857],
        [0.00422713, -0.00383036, -0.00034347],
        [0.00316848, -0.00108828, 0.00527402],
        [0.00431353, 0.0004504, -0.00518153],
        [0.00078664, 0.00241229, -0.00125028],
        [0.00014983, -0.00613568, 0.00111557],
        [0.00090304, -0.00284126, 0.00097765],
        [-0.00440523, 0.00194979, -0.0021035],
        [-0.00207254, 0.00308863, -0.0001006],
        [0.00020724, -0.00239348, -0.00054637],
        [-0.00348131, -0.00116777, -0.00313075],
        [0.00414308, 0.00111114, -0.00085421],
        [-0.00324618, 0.00381382, 0.00449992],
        [0.00139229, -0.00029983, 0.00149618],
        [-0.00234584, 0.0047961, 0.00157288],
        [-0.0010015, -0.00203302, 0.00050081],
        [0.00104056, -0.00404088, -0.00139213],
        [0.00505865, -0.0030639, 0.00138076],
        [0.00080409, -0.00133, 0.00108919],
        [0.00454991, 0.00554695, -0.00258995],
        [-0.00102054, -0.00193098, -9.02e-05],
        [-0.0019524, 0.00263693, 0.00026163],
        [0.00142521, -0.00029426, 0.00062154],
        [-0.00105362, -0.00155649, 0.00104035],
        [-0.00078573, 0.00047446, 0.00270013],
        [-0.00177761, 0.00302951, -0.00078226],
        [-0.00044655, -0.00119542, -0.00178061],
        [-0.00225475, 0.00229143, 0.0019359],
        [0.00049083, -0.00134147, -0.0002448],
        [0.00183766, -0.00058531, 0.00058062],
        [-0.00288008, 0.00121471, 0.00056291],
        [-4.563e-05, -0.00164871, 0.00063411],
        [0.00312612, -0.00493747, 0.00167763],
        [-0.00117674, -0.00104293, -0.00030658],
        [0.00214781, -0.00124663, -0.00196279],
        [-0.00100144, -0.00269573, -0.00342763],
        [-0.00147242, -0.00058521, -0.00117286],
        [0.00536921, 0.00308617, 0.00247306],
        [-0.00084902, -0.00217599, -0.00040437],
        [-0.00556469, 0.00188939, -0.00385701],
        [0.00074672, -0.00032055, 0.00061562],
        [-0.00290287, 0.00073296, -0.00416006],
        [-0.00028381, 0.00578629, 0.00536738],
        [-0.00093557, -0.00019982, 0.00164385],
        [-0.00144123, -0.00052159, -0.00127772],
        [-0.00245132, 0.00055754, -0.00234487],
        [0.00170158, -0.000938, -0.00052597],
        [0.0003469, -0.00016589, -0.00170322],
        [-0.00139001, 0.00177371, 0.00303342],
        [-0.00135699, 0.00054936, -0.0010215],
        [0.0029999, 0.00336967, -0.00171564],
        [-0.0020665, -0.00205419, -0.00102545],
        [0.00135711, 0.00136603, -0.00081272],
        [0.00153488, -0.00115714, -0.00017575],
        [-0.00082569, -0.00146855, 0.0011973],
        [0.00145949, 0.00101641, 0.00018178]
    ],
    "relaxed_lattice": [
        [-4.92305761, -14.34264139, -8.39193488],
        [-7.52653076, -0.14583888, -4.23500972],
        [-0.12130904, -0.17247336, -8.67642491]
    ],