{
    "atom_type": [
        "Na",
        "V",
        "P",
        "O"
    ],
    "atoms_per_type": [
        7,
        8,
        12,
        48
    ],
    "coord_mode": "direct",
    "relaxed_basis": [
        [0.7474212, 0.49375522, 0.51835614],
        [0.49602545, 0.02405741, 0.98857676],
        [0.98917477, 0.02500136, 0.00215862],
        [0.23320689, 0.48669013, 0.55745359],
        [0.43499832, 0.61050942, 0.25232254],
        [0.19178583, 0.75067441, 0.12685638],
        [0.6933777, 0.75510797, 0.12437859],
        [0.31976525, 0.65302929, 0.64663571],
        [0.82429225, 0.64448928, 0.63865426],
        [0.07064902, 0.14797545, 0.14360265],
        [0.57163549, 0.15088987, 0.1415522],
        [0.17240379, 0.35759028, 0.36438002],
        [0.67653941, 0.35575793, 0.36239282],
        [0.42546494, 0.86616181, 0.85532085],
        [0.92560905, 0.8666775, 0.85758445],
        [0.12190687, 0.54679919, 0.96795362],
        [0.62764171, 0.54362036, 0.95982982],
        [0.47876586, 0.25812359, 0.54404928],
        [0.97813865, 0.25243011, 0.54308427],
        [0.26614733, 0.9611653, 0.25186766],
        [0.76813368, 0.96098578, 0.25237918],
        [0.2298841, 0.04983709, 0.74639412],
        [0.73370954, 0.04487102, 0.7426772],
        [0.37337887, 0.46331787, 0.04324631],
        [0.87343233, 0.46787445, 0.03420523],
        [0.01767656, 0.75278847, 0.46359776],
        [0.51728552, 0.75247085, 0.45864319],
        [0.44060486, 0.69844161, 0.47461991],
        [0.9395696, 0.68896983, 0.50067575],
        [0.25888349, 0.88166766, 0.68802689],
        [0.75974373, 0.87598215, 0.69295264],
        [0.35121352, 0.51307584, 0.8709032],
        [0.84972024, 0.49483028, 0.87329315],
        [0.49277086, 0.24630322, 0.36325048],
        [0.99994503, 0.20690142, 0.37634235],
        [0.1891875, 0.9721627, 0.20484655],
        [0.68667612, 0.97766056, 0.2144429],
        [0.11543493, 0.36885295, 0.99219077],
        [0.61624571, 0.36807403, 0.9877902],
        [0.0588541, 0.31159434, 0.50674488],
        [0.56023404, 0.31792928, 0.50440473],
        [0.23703787, 0.13268091, 0.30105814],
        [0.74332377, 0.13077257, 0.30183933],
        [0.13815344, 0.53260976, 0.13344004],
        [0.64822433, 0.51917949, 0.12554457],
        [0.99711797, 0.79895143, 0.63060981],
        [0.49254433, 0.78905589, 0.63354152],
        [0.30946332, 0.02937128, 0.79096587],
        [0.81595541, 0.02166026, 0.78705726],
        [0.37987585, 0.63490943, 0.03786147],
        [0.8793887, 0.65137177, 0.00601814],
        [0.38239323, 0.42375149, 0.58013908],
        [0.88363573, 0.41762277, 0.56745737],
        [0.2815459, 0.77356326, 0.42011378],
        [0.78663847, 0.77333532, 0.41528592],
        [0.20331931, 0.59262285, 0.78034165],
        [0.70852571, 0.58503738, 0.77013509],
        [0.02547529, 0.91827567, 0.27661435],
        [0.52933125, 0.9226171, 0.2742587],
        [0.13832415, 0.04509701, 0.92015419],
        [0.6429546, 0.0473292, 0.9171946],
        [0.46133895, 0.28652949, 0.05141202],
        [0.96198927, 0.29385667, 0.04947623],
        [0.11448933, 0.58898761, 0.43877755],
        [0.61529857, 0.59032763, 0.431341],
        [0.21228377, 0.23523803, 0.58337971],
        [0.71902429, 0.23221405, 0.57895493],
        [0.28652554, 0.42540199, 0.22560718],
        [0.78903454, 0.43674084, 0.22402745],
        [0.47805516, 0.08280725, 0.71733763],
        [0.97282228, 0.0823643, 0.72734749],
        [0.36234208, 0.94567632, 0.08733127],
        [0.85932948, 0.9561094, 0.0767698],
        [0.03027438, 0.72092301, 0.94680567],
        [0.53642463, 0.71768527, 0.95270756]
    ],
    "relaxed_energy": -778.71697571,
    "relaxed_forces": [
        [0.00078809, -0.00175899, -0.00049653],
        [-0.00092146, -0.00190981, 0.00332252],
        [0.00173032, -0.00020988, 0.00064448],
        [0.00076012, -0.00215421, 0.00128181],
        [-0.00268366, -0.00043349, -0.00276442],
        [-0.00049961, 0.00253694, -0.00120694],
        [0.00125051, -0.00018126, -0.00017488],
        [0.00110781, -0.00077888, 0.00529359],
        [0.00194393, -0.00019642, 0.00261763],
        [0.00275521, 0.00145765, -0.00455809],
        [0.00579227, 0.00429326, -0.00232135],
        [-0.00691014, 0.00127742, -0.0041739],
        [-0.00101108, 0.00172714, -0.00086807],
        [-0.00128517, 0.00107659, 0.00749146],
        [-0.00139227, 0.0039014, 0.00222456],
        [-0.00077735, -0.00136233, 0.00270999],
        [-0.00420791, -0.0020718, 0.00181371],
        [0.00222055, 0.00481448, -0.00284411],
        [-0.00482328, 0.00117169, -0.00075577],
        [-0.00604299, -0.00110162, 0.0024491],
        [-0.00237158, 0.00110772, -0.00066607],
        [0.00018672, 0.00061825, 0.00146048],
        [0.00222849, 0.00335972, 0.00169094],
        [2.91e-05, 0.00333939, 0.00167142],
        [-0.00353793, 0.00211107, 0.00140045],
        [0.00032758, -0.00347175, -0.00237093],
        [0.00174629, -0.00685427, 0.00485592],
        [-0.00169625, -0.00117296, -0.00570015],
        [0.00372005, -0.0041281, -0.00583633],
        [-0.00061001, -0.00384509, 0.00054729],
        [-0.00160367, -0.00037192, -0.00299817],
        [-0.00152075, -0.0056572, -0.00469623],
        [0.00416909, 0.0008417, -0.00056378],
        [-0.00051429, -0.00196638, 0.00346969],
        [0.00163227, -0.00344161, -0.00207035],
        [-0.00117035, -0.00036438, -0.00083516],
        [0.00478885, -0.00294903, 0.00101792],
        [-0.00026483, 0.0012803, -0.00672598],
        [0.00159126, 0.00428616, 0.00201813],
        [0.00407097, 0.00304814, 0.00061219],
        [0.00409034, 0.00071297, 0.0015168],
        [0.00209796, 0.00023974, -0.00032042],
        [0.00141186, -0.00061876, 0.00039592],
        [0.00293366, -0.00223289, -0.00254653],
        [-0.00266779, -0.0022863, 0.00373309],
        [-0.00343782, -0.00368625, -0.00056557],
        [-0.00394535, 0.00184075, 0.00038285],
        [-0.00257927, -0.00046061, 0.00472413],
        [-0.00010258, 0.0007385, 0.00022357],
        [-0.00062695, -0.00194133, -0.00239553],
        [-0.000153, -0.00101175, -0.00334929],
        [0.00078014, 0.00263661, -0.00317391],
        [-0.00246313, 0.00064319, 0.00190243],
        [-9.16e-05, 0.00376412, 0.00413709],
        [-0.00126291, 0.00055834, 0.00409995],
        [0.00023789, 0.00048291, 0.00250978],
        [0.00091573, 2.816e-05, 0.00269835],
        [0.00244052, 0.00255652, 0.00131915],
        [0.00329686, 0.00248986, 0.00140741],
        [0.0034697, 0.0050019, 0.00084351],
        [-0.00049576, 0.00102642, 0.00068185],
        [0.00069526, 0.00466284, -0.001836],
        [7.998e-05, 0.00464284, 1.359e-05],
        [-0.00076596, 0.00105974, 0.00138276],
        [-0.00094512, -0.00396355, -0.00040781],
        [0.00472833, 0.00238032, -0.0007034],
        [-0.00247172, -0.00398282, -0.00177275],
        [0.00259353, -0.00027351, 0.00080724],
        [0.00373873, -0.00011529, -0.00061777],
        [-0.00575712, 0.00011199, -0.00077579],
        [0.0006109, -0.00459723, -0.00762205],
        [-0.00034214, -0.00102838, 0.00696534],
        [0.00296542, -0.00446708, 0.00026746],
        [-0.00501309, -0.00146794, -0.00178526],
        [-0.00296038, 0.00068832, -0.00810628]
    ],
    "relaxed_lattice": [
        [-5.14460283, -14.13706271, -8.42281415],
        [-7.60982705, -0.14656893, -4.13666611],
        [-0.29774892, -0.14348024, -8.66410673]
    ],