{
    "atom_type": [
        "Na",
        "V",
        "P",
        "O"
    ],
    "atoms_per_type": [
        6,
        8,
        12,
        48
    ],
    "coord_mode": "direct",
    "relaxed_basis": [
        [0.7496344, 0.49771155, 0.50241377],
        [0.5050531, 0.98832022, 0.00275983],
        [0.99064966, 0.01909257, 0.99917778],
        [0.126546, 0.81755258, 0.58364354],
        [0.30365836, 0.25486316, 0.86541626],
        [0.19652151, 0.75026412, 0.13141115],
        [0.3313324, 0.63757466, 0.64634576],
        [0.81795101, 0.64346814, 0.64482074],
        [0.06844663, 0.14812636, 0.14692415],
        [0.57281837, 0.14151898, 0.14597213],
        [0.17511219, 0.35909821, 0.36066343],
        [0.68076937, 0.35638931, 0.35544532],
        [0.43244852, 0.85540593, 0.85057164],
        [0.9203527, 0.86021712, 0.86163488],
        [0.12492487, 0.54871006, 0.96885093],
        [0.62425565, 0.53685886, 0.96788745],
        [0.48413961, 0.25446519, 0.53693115],
        [0.97527877, 0.2528945, 0.53830286],
        [0.26638189, 0.97221737, 0.24949272],
        [0.76799728, 0.96076474, 0.25204617],
        [0.23550325, 0.03249973, 0.75072715],
        [0.72930484, 0.04073207, 0.7495393],
        [0.37584943, 0.45136332, 0.03841316],
        [0.87487038, 0.46395054, 0.03439309],
        [0.01340758, 0.74725274, 0.46012818],
        [0.5269489, 0.74875568, 0.4612409],
        [0.44028222, 0.69708788, 0.51660691],
        [0.9321888, 0.69567746, 0.4952814],
        [0.25990237, 0.83285164, 0.76027142],
        [0.7503353, 0.87287884, 0.70450385],
        [0.36194237, 0.44899813, 0.87705726],
        [0.84984496, 0.49968617, 0.87208388],
        [0.50391846, 0.20315187, 0.37375209],
        [0.98807196, 0.20700264, 0.37781653],
        [0.18186473, 0.96342108, 0.24033071],
        [0.68560552, 0.99512448, 0.20309642],
        [0.11905706, 0.36371912, 0.00976752],
        [0.60752138, 0.36743098, 0.99498551],
        [0.0589849, 0.30146233, 0.49390134],
        [0.56729684, 0.30013312, 0.50271577],
        [0.24349744, 0.17296652, 0.23609245],
        [0.75189602, 0.12531587, 0.2956785],
        [0.13813179, 0.54571842, 0.13284893],
        [0.65181082, 0.49893756, 0.12970174],
        [0.99298219, 0.79808958, 0.62538116],
        [0.51492369, 0.7954453, 0.61941665],
        [0.31594525, 0.0418784, 0.76703561],
        [0.81122351, 0.01419532, 0.79526139],
        [0.38733052, 0.63578905, 0.98346425],
        [0.89221577, 0.63753967, 0.00337967],
        [0.39239552, 0.43064334, 0.54926552],
        [0.88086203, 0.415832, 0.57207819],
        [0.2779988, 0.82163346, 0.43943513],
        [0.77772773, 0.77337053, 0.42058595],
        [0.21283868, 0.57488858, 0.78188204],
        [0.70740792, 0.57058218, 0.7771159],
        [0.02770537, 0.91038835, 0.26944667],
        [0.53081532, 0.91760291, 0.27386466],
        [0.14265733, 0.06211952, 0.91955282],
        [0.63699277, 0.05947368, 0.92077368],
        [0.46192623, 0.27241874, 0.07571974],
        [0.96420797, 0.28901558, 0.04248329],
        [0.10865253, 0.57865971, 0.44623277],
        [0.61850652, 0.57949693, 0.43302902],
        [0.21811781, 0.18607457, 0.5632093],
        [0.71996184, 0.22568847, 0.57758463],
        [0.287446, 0.43831721, 0.220847],
        [0.79306478, 0.43431146, 0.22484211],
        [0.46891368, 0.0932299, 0.72967764],
        [0.97315079, 0.07226422, 0.72038359],
        [0.35739968, 0.939411, 0.08017912],
        [0.86167301, 0.93962956, 0.08045871],
        [0.04028013, 0.72700721, 0.92405746],
        [0.53725706, 0.71656077, 0.95806571]
    ],
    "relaxed_energy": -771.00552786,
    "relaxed_forces": [
        [2.773e-05, -0.00062975, 0.0005989],
        [0.00078193, 0.00011628, 0.00201123],
        [-9.647e-05, 0.00088985, -0.00168732],
        [-0.00766883, 0.00372991, -0.00421053],
        [-0.00213165, 0.00180256, 0.00139039],
        [-0.00071397, 0.0004374, -0.0013308],
        [0.00166325, 0.00221446, -0.00086362],
        [-0.00244298, -0.00642454, -0.00325557],
        [-0.00402506, 0.00117772, -0.00114881],
        [-0.00201607, -0.00218867, 0.0004544],
        [0.00261379, 0.00272541, -0.00084563],
        [0.00039914, 0.00113742, 0.00300585],
        [-0.00134324, 0.00140111, 0.00029789],
        [0.00172505, -0.00306866, -0.00239376],
        [-0.00012896, 0.00133373, 0.00139331],
        [-0.00143448, 0.00576233, -0.00020457],
        [-0.00223522, -0.00244098, 0.00258189],
        [-0.0027136, 0.00128498, 0.00047146],
        [-0.00010984, 0.00036681, 0.00114973],
        [0.00038983, 0.00015167, -0.00072523],
        [-0.00116206, -0.00347677, -0.00480938],
        [0.00221124, -0.00082373, -0.00060131],
        [0.00246186, 8.668e-05, -0.00016182],
        [0.00421323, 0.0020208, 0.00150916],
        [-0.00131358, -0.00104932, -0.00037627],
        [-0.00138395, 0.00165563, 0.00058734],
        [0.00191437, -0.00096447, 9.358e-05],
        [-0.00017278, 0.00284818, -0.00170414],
        [0.0035935, 3.962e-05, -0.00043539],
        [0.00117798, 0.00404156, -0.00082987],
        [0.0033754, -0.00013676, 0.00056674],
        [-0.00011027, 0.00074868, -0.00103296],
        [0.00262221, 0.00047682, 0.00267646],
        [0.00088538, 0.00201007, -0.00054364],
        [-6.579e-05, -0.0014601, -0.00033239],
        [0.00138877, 0.00133497, -0.0007647],
        [1.442e-05, 0.00323474, 0.00015778],
        [0.00027978, 0.00252651, -0.0004002],
        [-0.00031569, -0.00067023, 0.0009106],
        [0.00323842, 0.00209433, 0.00373929],
        [-0.0023072, -0.00266062, 0.00268934],
        [-0.00182922, -0.00120841, -0.00117773],
        [0.00103174, 0.00091275, 0.00011],
        [0.00116688, -0.00129649, -0.00234501],
        [-0.00183394, -0.00246128, -0.00266508],
        [0.00099948, -0.00195885, -0.00543932],
        [0.00194038, 0.00253856, 0.00542389],
        [0.00050973, -0.00109174, 0.00230474],
        [-0.00480201, -0.00356382, -0.00083293],
        [-0.00312316, -0.00296598, -0.00033379],
        [-0.00075517, -0.00059546, -0.00015133],
        [-0.0015923, -0.00154364, 0.00090147],
        [-0.00105828, -0.0015015, -0.00110867],
        [0.00048448, 0.00035014, 0.00133872],
        [-0.00124956, -1.943e-05, 0.00203137],
        [0.00040507, -0.00167726, 0.00208122],
        [3.444e-05, -0.0005818, -0.00105634],
        [-0.00154221, -0.00037611, -0.0001712],
        [-0.00084629, 0.00073864, 0.00017926],
        [-0.00219207, 0.00160437, -0.0009697],
        [0.00197173, 0.00107916, 0.00090152],
        [0.00087612, 0.00011896, 0.00022834],
        [0.00135251, 0.00273215, 0.00070174],
        [0.00052939, 0.00176992, 0.00052038],
        [-0.00081461, -0.00063047, 0.00143506],
        [-0.00047754, 0.00078758, 0.00258342],
        [0.00090351, -0.00203315, -0.00044659],
        [-0.00110217, 0.00029941, -0.00160242],
        [0.00233663, -0.00198887, -0.00030142],
        [0.00234839, 0.00112941, -0.00111735],
        [0.00129276, -0.00262343, 0.00332185],
        [0.00199858, -0.00080797, 0.00337448],
        [-0.0009522, 0.0005868, -0.00382305],
        [0.00290327, -0.00737783, -0.00152297]
    ],
    "relaxed_lattice": [
        [-5.01923146, -14.18701217, -8.5690302],
        [-7.52851496, -0.16683716, -4.31801455],
        [-0.19279265, -0.15948587, -8.65300986]
    ],