{
    "atom_type": [
        "Na",
        "V",
        "P",
        "O"
    ],
    "atoms_per_type": [
        7,
        8,
        12,
        48
    ],
    "coord_mode": "direct",
    "relaxed_basis": [
        [0.24866348, 0.48847429, 0.51473005],
        [0.75315443, 0.5062619, 0.49208502],
        [0.99340897, 0.01649794, 0.99792304],
        [0.31999986, 0.24489942, 0.90216503],
        [0.55143271, 0.35937284, 0.74745461],
        [0.19011845, 0.75221783, 0.11295251],
        [0.67688583, 0.75843106, 0.09437453],
        [0.32654851, 0.64061819, 0.63665556],
        [0.82150691, 0.64456511, 0.64510882],
        [0.06645727, 0.14559687, 0.14833906],
        [0.57874767, 0.13602246, 0.15181789],
        [0.17336408, 0.35193005, 0.36151804],
        [0.67919283, 0.35876789, 0.34950407],
        [0.42409887, 0.8561423, 0.86473913],
        [0.93461939, 0.86076787, 0.84522139],
        [0.12560315, 0.54055245, 0.96537237],
        [0.62572682, 0.53363824, 0.96087299],
        [0.48469962, 0.23705964, 0.54699217],
        [0.97586052, 0.25433634, 0.54105704],
        [0.26285764, 0.95180896, 0.25707522],
        [0.77365082, 0.95732045, 0.24235512],
        [0.23212786, 0.04213319, 0.75040251],
        [0.73742804, 0.04574282, 0.74424254],
        [0.37416641, 0.46455181, 0.04029827],
        [0.87482538, 0.46881154, 0.02990657],
        [0.02027292, 0.74874779, 0.4612],
        [0.51613835, 0.75727409, 0.45820644],
        [0.44120368, 0.7028329, 0.47526187],
        [0.93829783, 0.69118976, 0.51405432],
        [0.25781034, 0.85731954, 0.73196945],
        [0.75161755, 0.86931588, 0.72314482],
        [0.37195982, 0.46217793, 0.86668212],
        [0.84703791, 0.49654639, 0.8717135],
        [0.51621807, 0.18348905, 0.37450373],
        [0.99134785, 0.20600101, 0.38159655],
        [0.18322157, 0.96693639, 0.21515175],
        [0.69569176, 0.95352593, 0.20809981],
        [0.10587202, 0.36914355, 0.01447294],
        [0.629976, 0.33720683, 0.00298041],
        [0.05960305, 0.30918742, 0.49567716],
        [0.5625873, 0.29028626, 0.52150148],
        [0.23855743, 0.13769429, 0.27891631],
        [0.74763082, 0.13970511, 0.26605283],
        [0.14236577, 0.53224403, 0.12790903],
        [0.63700374, 0.5373179, 0.12090533],
        [0.00668924, 0.80564935, 0.61591114],
        [0.48781253, 0.79948421, 0.6329875],
        [0.31108459, 0.03583073, 0.79239636],
        [0.82041357, 0.01735976, 0.78590046],
        [0.36126936, 0.66451419, 0.0096638],
        [0.89896407, 0.63757693, 0.97930414],
        [0.38913651, 0.39899374, 0.56006887],
        [0.88210556, 0.42135617, 0.56906126],
        [0.27486509, 0.77568036, 0.43070356],
        [0.78650678, 0.78493694, 0.42408275],
        [0.21676762, 0.54232331, 0.7892736],
        [0.702042, 0.58541853, 0.76820254],
        [0.02797442, 0.91025436, 0.27042979],
        [0.53253554, 0.92562333, 0.27314518],
        [0.13747587, 0.06435152, 0.91821439],
        [0.64305978, 0.07430902, 0.91600203],
        [0.46940441, 0.31736431, 0.06268542],
        [0.9564995, 0.28216668, 0.05608362],
        [0.11585407, 0.58021177, 0.43868262],
        [0.61110485, 0.58654536, 0.44722109],
        [0.21945156, 0.21830797, 0.57444388],
        [0.72324489, 0.22696363, 0.57534608],
        [0.29039698, 0.41892219, 0.22201401],
        [0.78609829, 0.46607415, 0.2111275],
        [0.47148235, 0.06862749, 0.73235806],
        [0.97218763, 0.085855, 0.72718769],
        [0.35651856, 0.93704852, 0.08594787],
        [0.86825037, 0.92670758, 0.07812008],
        [0.04414787, 0.72901081, 0.92194156],
        [0.52697783, 0.68105954, 0.94468677]
    ],
    "relaxed_energy": -778.35567193,
    "relaxed_forces": [
        [0.00042508, 0.00012772, 0.00054232],
        [9.253e-05, -1.983e-05, -0.00055991],
        [-0.00121467, -0.00098041, 0.00114736],
        [-0.00157983, -0.00061961, 0.00116612],
        [-0.00067817, -0.00268936, -0.00234998],
        [-0.00112611, 0.00024252, -0.00086849],
        [0.00168665, 0.00129977, 1.42e-06],
        [-0.00172527, 0.00086512, 0.00245441],
        [0.00136115, -0.000859, 0.00110875],
        [-0.00062975, 0.00047787, 0.00175448],
        [-0.00058174, -0.00199036, -0.00149643],
        [0.00118637, 0.00018949, -0.00057558],
        [0.00384488, -0.00098086, -0.00201067],
        [0.000868, 0.00276133, -0.00080479],
        [-0.00181871, -0.00300847, -0.00126621],
        [0.00424888, -0.00055648, 0.00333523],
        [-0.00038775, 0.00084278, 0.00043576],
        [0.00090468, 2.775e-05, -0.0020795],
        [0.00068189, 0.00066908, 0.00204589],
        [0.00238054, 0.00216544, 0.00382961],
        [-0.00016935, -0.00040665, -0.00229827],
        [0.00063068, 0.00250258, -0.00092573],
        [0.00071226, 0.00063332, -0.00049023],
        [-0.00232655, -0.00058534, 0.00178389],
        [0.00426366, -0.00148773, 0.0004557],
        [-0.00143457, 0.00099377, 0.00064238],
        [-0.00080165, 0.00037544, -0.0011271],
        [-0.00162261, 0.00213354, 0.00157613],
        [0.00114221, -0.00205052, 0.00116711],
        [-0.00159337, -0.0011079, 0.00386534],
        [-0.00081371, 0.00116241, 0.00183348],
        [-0.00131418, 0.00042745, 0.00069595],
        [-0.00027484, 0.0019186, -0.00178453],
        [-0.00143765, -0.00047418, -0.00134032],
        [-0.00277299, -0.00223547, 0.00534397],
        [-0.00428137, 0.00311171, 0.00106926],
        [0.00025124, 0.00053618, -0.00020004],
        [0.00274192, -0.00044313, 0.0022921],
        [0.00028618, -0.0004525, 0.00141253],
        [-0.00069537, -0.00064135, -0.00045445],
        [0.00105725, 0.0014358, -0.00270303],
        [-0.00041739, 0.00013048, -0.00254938],
        [0.00197144, 0.00231505, -0.00276689],
        [0.00117248, -0.00118717, 0.00070834],
        [0.00060584, 0.00147344, -0.00139191],
        [0.00217006, -0.00575468, 0.00694753],
        [0.00128963, 0.00148004, 0.00054065],
        [-0.00030689, -0.0004279, 0.00113883],
        [0.00125324, 0.00028616, 0.00134896],
        [0.00193178, 0.00260553, -0.00072059],
        [0.00269197, 2.636e-05, -0.00313215],
        [0.00054739, 0.00047075, -0.00054676],
        [-7.63e-06, -0.00055947, -0.00284137],
        [0.00053128, -0.00025376, 0.00203538],
        [0.00141446, 0.00016958, 0.00102632],
        [-0.00128063, -0.00221618, 0.00038153],
        [-0.00040746, 0.00132695, -0.00137494],
        [-0.00283595, -0.0012533, -0.00105047],
        [-0.00094822, 8.99e-06, -0.00195545],
        [-0.00019249, 0.00143074, -0.00153093],
        [0.00203505, 0.00056836, 0.0010303],
        [0.00070672, -0.00043597, -0.00115674],
        [-0.00132891, -0.00253718, -0.00277641],
        [-0.00182638, -0.00166219, 0.00177443],
        [0.00096975, 0.00189636, -0.00018996],
        [-0.00341399, 6.638e-05, 0.00018412],
        [-0.00068394, -0.00088688, -0.00352023],
        [0.00115636, -0.00102454, 0.00040269],
        [0.0023999, 0.00092039, 9.64e-05],
        [-0.00084693, 0.00077611, 0.00129764],
        [-0.00607723, -0.00177021, 0.0003901],
        [-0.00174812, 0.00041353, 0.00070471],
        [-0.00281677, -0.00052091, -0.00708934],
        [0.00152368, -0.00017731, -0.00119606],
        [0.00128207, 0.00099196, -0.0008423]
    ],
    "relaxed_lattice": [
        [-5.0937609, -14.15223343, -8.55747696],
        [-7.56442375, -0.15688935, -4.30764369],
        [-0.17204515, -0.14751754, -8.68072834]
    ],