{
    "atom_type": [
        "Na",
        "V",
        "P",
        "O"
    ],
    "atoms_per_type": [
        11,
        8,
        12,
        48
    ],
    "coord_mode": "direct",
    "relaxed_basis": [
        [0.26326403, 0.47900891, 0.49630547],
        [0.7559732, 0.49309873, 0.50396849],
        [0.4806895, 0.00061459, 0.03795263],
        [0.99434295, 0.99940792, 0.0058184],
        [0.12605972, 0.88347106, 0.6164318],
        [0.62373543, 0.8887632, 0.61802871],
        [0.06062252, 0.38197495, 0.74613195],
        [0.55768295, 0.38035504, 0.75471427],
        [0.87512446, 0.11704599, 0.38771398],
        [0.18649655, 0.75086798, 0.11516203],
        [0.69025912, 0.75165647, 0.11637752],
        [0.3233838, 0.63925426, 0.63924805],
        [0.82053085, 0.64184574, 0.64543769],
        [0.07305822, 0.14953322, 0.13983628],
        [0.57145813, 0.14531813, 0.14972692],
        [0.18100319, 0.35156271, 0.35062644],
        [0.67609743, 0.35554297, 0.35523531],
        [0.42615617, 0.85501239, 0.86189079],
        [0.92966539, 0.85731117, 0.85871278],
        [0.12755597, 0.54351851, 0.95309047],
        [0.62179017, 0.54683551, 0.95774717],
        [0.47856687, 0.2473974, 0.55134042],
        [0.97732143, 0.25526723, 0.54211686],
        [0.2699947, 0.95204272, 0.24608654],
        [0.77338794, 0.95759694, 0.2444889],
        [0.23042634, 0.03761023, 0.74269887],
        [0.72698926, 0.04002014, 0.74868214],
        [0.37617191, 0.45829043, 0.04044733],
        [0.87469715, 0.46145082, 0.04153461],
        [0.02228079, 0.75415218, 0.46085346],
        [0.52004004, 0.75252999, 0.46269053],
        [0.43713186, 0.70907353, 0.5004389],
        [0.93531364, 0.71874386, 0.5079482],
        [0.24132002, 0.87728037, 0.69709402],
        [0.73485677, 0.88292055, 0.70185276],
        [0.35725237, 0.49133669, 0.87327757],
        [0.84590028, 0.50070385, 0.88365733],
        [0.5061674, 0.19151695, 0.38723864],
        [0.99116196, 0.20648427, 0.38190892],
        [0.18905891, 0.98400808, 0.19510735],
        [0.69298919, 0.99049553, 0.19200171],
        [0.10116005, 0.38335651, 0.98267371],
        [0.5961322, 0.38688303, 0.98910742],
        [0.06087151, 0.30047724, 0.50701123],
        [0.56006116, 0.27936862, 0.54188829],
        [0.25276541, 0.117204, 0.29000944],
        [0.7559172, 0.12247829, 0.29433856],
        [0.15376164, 0.50819606, 0.11434143],
        [0.6467683, 0.51434317, 0.1205208],
        [0.01478098, 0.80088018, 0.61732832],
        [0.50932889, 0.79521031, 0.625769],
        [0.31345489, 0.98874974, 0.79524062],
        [0.81282897, 0.99276099, 0.78766264],
        [0.40360658, 0.62611229, 0.99500525],
        [0.90451545, 0.61868634, 0.00161789],
        [0.3888924, 0.4146978, 0.56088713],
        [0.8856438, 0.41879749, 0.56779591],
        [0.27593886, 0.770123, 0.4142715],
        [0.77614687, 0.7782168, 0.41774253],
        [0.20897572, 0.56365114, 0.76568739],
        [0.7012054, 0.57272352, 0.76999433],
        [0.03162442, 0.91902528, 0.27130825],
        [0.5365665, 0.91005066, 0.27389753],
        [0.13742249, 0.06074113, 0.90811204],
        [0.63484283, 0.06637233, 0.91373364],
        [0.4581836, 0.27474496, 0.06703128],
        [0.95683098, 0.272374, 0.05934256],
        [0.11361179, 0.58663209, 0.43561738],
        [0.61204617, 0.58124294, 0.44416182],
        [0.2195951, 0.22664047, 0.58202422],
        [0.71948492, 0.227774, 0.58149905],
        [0.2909153, 0.45508983, 0.21879326],
        [0.79315401, 0.44302766, 0.22912662],
        [0.46289574, 0.07746705, 0.73576605],
        [0.97268549, 0.08451514, 0.72469162],
        [0.36233551, 0.92681421, 0.0826996],
        [0.86588493, 0.93436688, 0.08426802],
        [0.04857258, 0.73313212, 0.92992725],
        [0.53949579, 0.73611856, 0.93701222]
    ],
    "relaxed_energy": -808.26967507,
    "relaxed_forces": [
        [-0.00175111, -0.00110396, -0.00022618],
        [-0.00024115, 0.00084542, -0.00098756],
        [-0.00099021, -0.00114991, -0.0005513],
        [0.00075936, -0.0002451, 0.00046225],
        [0.00099185, -0.00030957, 0.00088049],
        [-0.00132387, -0.00055602, -0.00228419],
        [-0.00050613, 0.00185952, -0.00223189],
        [0.00148241, 0.00090947, 0.00187431],
        [0.00076407, -0.0002755, 0.00145093],
        [-0.00117978, 0.00067173, 0.00052816],
        [-0.00072769, -0.00171509, -2.42e-06],
        [-0.00079922, 0.00034782, -0.00267386],
        [0.00281368, 0.00322014, 0.00321303],
        [0.00273347, -0.00362782, 0.00285365],
        [-0.00345235, -0.00280022, 0.00236047],
        [-0.00250274, -0.00014055, 0.00197647],
        [0.00100117, -0.00655926, 0.00257387],
        [-0.00239087, -0.00109933, -0.0043439],
        [0.00049281, 0.00177344, -0.0009133],
        [0.00059845, 5.677e-05, 0.00212734],
        [-0.00217609, -0.00195596, -0.00023807],
        [-0.00431792, 0.00175678, 0.0029612],
        [0.00023086, -0.00160082, -0.00133442],
        [0.00503077, 0.0037887, -0.00203398],
        [0.0039556, -0.00058278, -0.00328366],
        [-0.00107788, -0.00105283, 0.00235722],
        [-0.00063298, 0.00135844, -0.00153128],
        [0.00424252, 0.00191711, 0.00608858],
        [0.00233629, 0.0016091, 0.0009526],
        [0.00185277, 0.00309724, 0.00092555],
        [0.00446457, -0.00073708, 0.00017672],
        [-0.00057517, -0.0012934, 3.07e-05],
        [0.00247328, 0.0010596, 0.002633],
        [-0.00497643, 0.00297128, -0.00206068],
        [0.00034118, -0.00115009, -0.00294033],
        [-0.00343549, 0.00010855, -0.00430407],
        [0.00359831, -0.00201295, 0.00076882],
        [0.00052251, -0.00066797, 0.00198237],
        [0.00139756, -0.00069324, 0.00118513],
        [-0.00060211, 0.00102974, 0.00411109],
        [-0.00384232, 0.00249298, 0.00058254],
        [0.00088485, 0.00042056, -0.00531249],
        [0.00274883, 0.001584, 4.599e-05],
        [-0.0022568, 0.00062432, -0.0041739],
        [-0.00137383, -0.00123104, 0.00218622],
        [0.00079422, 0.0018638, 0.0042007],
        [-0.00099512, 0.00032248, 0.00111239],
        [0.00139617, -0.0006846, -0.00137408],
        [-7.861e-05, 0.00234026, -0.00127309],
        [-0.00140015, 0.00141424, -0.00152269],
        [-0.00449068, 0.00044981, -0.00205414],
        [-0.00275357, -0.00188459, -0.00222407],
        [0.00257646, -0.00126674, -0.00235544],
        [0.00013197, 0.00067101, -0.0017894],
        [0.00425127, -0.00016329, 0.00324766],
        [0.00131001, -0.00197491, -0.00037947],
        [0.00188713, 0.001744, 0.00220463],
        [-0.00067364, -0.00208865, -0.00125099],
        [0.00357482, -0.00049684, -0.00158397],
        [-0.00069439, 0.00045184, -0.00202642],
        [-0.00502227, 3.931e-05, 0.00217825],
        [0.00194926, 0.00104448, 0.00090723],
        [-0.00148803, -0.00072843, -0.00121477],
        [0.00154573, 0.00012278, 0.00054101],
        [-0.00238064, 0.00276388, -0.00016739],
        [-0.00045625, -0.00197538, -0.00337386],
        [0.00196799, -0.00178996, -0.00197452],
        [0.00107149, -0.00247425, -7.677e-05],
        [0.00120444, -0.00102741, 0.00080712],
        [0.00067684, -0.00206208, -0.00037282],
        [-0.00200581, 0.00193182, -0.00089648],
        [-0.00305926, -0.00258255, -0.00019108],
        [-0.0007682, 0.0038625, -0.00016237],
        [0.0026384, -0.0012041, 0.00210248],
        [-0.00180871, 0.0002676, -0.00316846],
        [-0.00325338, 0.00128696, 0.00167968],
        [0.00113136, 0.00052752, -7.6e-07],
        [0.00043025, 0.00286727, 0.00439711],
        [-0.00179411, -0.00251001, 0.00019353]
    ],
    "relaxed_lattice": [
        [-5.0325469, -14.36771986, -8.37331803],
        [-7.58418664, -0.08249286, -4.16673817],
        [-0.14254905, -0.06973317, -8.68197059]
    ],