{
    "atom_type": [
        "Na",
        "V",
        "P",
        "O"
    ],
    "atoms_per_type": [
        6,
        8,
        12,
        48
    ],
    "coord_mode": "direct",
    "relaxed_basis": [
        [0.75851592, 0.50298582, 0.47760325],
        [0.49889789, 0.97494123, 0.02914323],
        [0.99961797, 0.01803655, 0.98123501],
        [0.29878852, 0.2529443, 0.8518813],
        [0.55682623, 0.3867516, 0.75034159],
        [0.19700354, 0.74645816, 0.14902177],
        [0.32913301, 0.64397447, 0.63134028],
        [0.81837265, 0.6467996, 0.6405977],
        [0.0721895, 0.14898801, 0.1363359],
        [0.57396774, 0.14378787, 0.14873929],
        [0.16587098, 0.35499488, 0.37646143],
        [0.6856881, 0.34734258, 0.35018157],
        [0.42726006, 0.85005728, 0.86739242],
        [0.92766674, 0.8575625, 0.85325423],
        [0.12424829, 0.54253351, 0.96956443],
        [0.62357906, 0.53603708, 0.96274977],
        [0.48652298, 0.24690033, 0.54465497],
        [0.975833, 0.25630623, 0.54138319],
        [0.26311097, 0.96103814, 0.26028352],
        [0.77293256, 0.95862367, 0.24620807],
        [0.23592761, 0.04014621, 0.74062999],
        [0.72959723, 0.03729621, 0.75249949],
        [0.37390398, 0.45947739, 0.03908235],
        [0.87748501, 0.46600331, 0.02787371],
        [0.01214112, 0.75566212, 0.45685655],
        [0.52341906, 0.74340221, 0.45869031],
        [0.4432254, 0.70415917, 0.46952539],
        [0.92839881, 0.70920497, 0.49131677],
        [0.26565497, 0.86639047, 0.6960468],
        [0.74454821, 0.87626022, 0.70624588],
        [0.38670598, 0.47931693, 0.84058803],
        [0.85147943, 0.50417477, 0.86543206],
        [0.5121655, 0.2079136, 0.36721423],
        [0.00290063, 0.22340224, 0.36208414],
        [0.18625499, 0.97111221, 0.21460381],
        [0.69155799, 0.00646536, 0.18700983],
        [0.12600083, 0.36470409, 0.97411257],
        [0.6044057, 0.37617824, 0.97420543],
        [0.05161342, 0.29520864, 0.54478524],
        [0.56734526, 0.29118723, 0.52291029],
        [0.22749162, 0.13701814, 0.30980119],
        [0.75464408, 0.12082882, 0.30011608],
        [0.11796364, 0.51901148, 0.16311965],
        [0.64973251, 0.48043104, 0.13241752],
        [0.99197776, 0.80111071, 0.62398289],
        [0.50436885, 0.75072703, 0.64619197],
        [0.31527963, 0.02461788, 0.78348087],
        [0.80925983, 0.00206026, 0.80593645],
        [0.37676, 0.6368501, 0.02955534],
        [0.89461291, 0.63496904, 0.00343984],
        [0.39217833, 0.41379834, 0.56328894],
        [0.88144168, 0.42373206, 0.56237744],
        [0.28254099, 0.77587611, 0.42544754],
        [0.77530368, 0.77616206, 0.41875247],
        [0.2220854, 0.56562707, 0.815527],
        [0.70674072, 0.57289782, 0.77395623],
        [0.02591056, 0.9193063, 0.26842463],
        [0.53458391, 0.92118462, 0.28375126],
        [0.14456732, 0.04098262, 0.91853573],
        [0.63216012, 0.07042258, 0.91788621],
        [0.45812133, 0.27710197, 0.08610908],
        [0.9655731, 0.28823179, 0.0383185],
        [0.10514071, 0.58371615, 0.43885591],
        [0.6180324, 0.57474815, 0.42577183],
        [0.21909544, 0.22316688, 0.5715829],
        [0.72076356, 0.22638415, 0.58124525],
        [0.2797041, 0.43610217, 0.19132663],
        [0.79453111, 0.43194391, 0.21934765],
        [0.47279864, 0.0760818, 0.7270583],
        [0.96132548, 0.08039614, 0.72192643],
        [0.35466142, 0.96763299, 0.0838942],
        [0.86805817, 0.93482953, 0.08173623],
        [0.04448717, 0.72555338, 0.91397413],
        [0.53552897, 0.7149565, 0.96254994]
    ],
    "relaxed_energy": -770.82307405,
    "relaxed_forces": [
        [-0.00264106, 0.00197077, -0.00061694],
        [0.00180778, 0.00182017, 0.00044926],
        [0.00108937, 0.00102779, 0.00050151],
        [0.00117737, 0.00021061, -0.00204947],
        [-0.00414407, -0.00069465, 0.00012471],
        [-0.00047528, 0.00036425, -0.00360015],
        [-0.00338648, -0.00144006, 0.00051255],
        [-0.00135611, -3.567e-05, 0.00137024],
        [0.00022265, -0.00031756, 0.00019116],
        [0.00238885, -0.00154554, -0.0022027],
        [0.00194303, 0.00231749, 0.00340219],
        [-0.00092583, -0.0002136, 0.00082202],
        [0.00012889, 0.0035788, -0.00057292],
        [-0.00094633, -0.00064938, 0.00077066],
        [0.00058744, 0.00189855, -0.0016798],
        [-0.00280703, -0.00047206, 0.00355327],
        [-0.00092009, -0.00139875, 0.00087455],
        [-0.00167318, 0.00012457, 0.00119302],
        [0.00306604, -0.00311157, 0.00140967],
        [-0.00337847, -0.0014683, -0.00255066],
        [-0.00010928, -0.00012795, 0.00261286],
        [0.00086712, -1.51e-05, -0.00201173],
        [0.00585859, -0.00121712, 0.00429721],
        [0.00076523, -0.00039282, 0.00052618],
        [-0.00080594, -0.00015034, 0.00205511],
        [0.0005999, -0.00048999, -0.00560558],
        [-0.00070123, -0.00162485, 0.00313079],
        [-0.00037286, 0.00046459, -0.00028442],
        [-0.00129255, -0.00200874, 0.00058722],
        [-0.00111029, -0.00058763, -0.00150785],
        [-0.00226844, -0.00524693, -0.00037265],
        [-0.0023587, 0.00176236, -0.00148124],
        [0.00248942, 0.00078212, -0.00117435],
        [-0.00205872, 2e-06, 0.00266635],
        [0.00074875, 0.00341427, -0.00191513],
        [-6.591e-05, 0.00052075, -0.00195549],
        [0.0001926, -7.244e-05, 0.00182911],
        [-0.0010831, 0.00062609, -0.00127109],
        [0.00096163, 0.00157356, 0.00055937],
        [0.00041568, -0.00279582, -0.00094874],
        [0.00406267, -0.00185753, -0.00155335],
        [-0.00185416, -0.00318293, 0.00093575],
        [0.0050962, 0.00114726, 0.00211394],
        [0.00015719, 0.00050807, -0.00070204],
        [0.00071896, -0.00046987, 0.00236361],
        [-0.00049673, 0.00056423, 0.00241664],
        [0.00060142, -0.00266625, 0.00088225],
        [0.0004471, 0.00355918, -0.00077017],
        [-0.00499865, -0.00032794, -0.0006168],
        [-0.00049991, -0.00016526, -0.00034557],
        [0.00077269, -0.00221643, -0.00311689],
        [0.00067628, 0.00010684, -0.00093522],
        [0.00182914, 0.00128951, -0.00107236],
        [-0.00162139, 0.00146072, -0.0005083],
        [0.00133196, -0.00234058, -0.00779272],
        [-0.00212681, -0.00226175, 0.00025643],
        [-0.00109565, 2.647e-05, 0.00076985],
        [0.00068243, -0.00059181, -0.00105523],
        [0.00185071, 0.00037078, 0.00205896],
        [-0.00020544, 0.00085931, 0.00079705],
        [3.46e-05, 0.001166, -0.0028708],
        [-0.00148984, -0.00069066, 0.00028763],
        [-0.00161348, 0.00023471, 0.00146769],
        [0.00027692, 0.00221832, -0.0018245],
        [0.00099297, 0.00351804, 6.052e-05],
        [-0.00058615, -0.00043999, 7.876e-05],
        [-0.0005067, 0.00026394, 0.00737672],
        [-0.0012974, -0.00172503, -0.00062256],
        [0.00516985, 0.00133676, 0.00032507],
        [0.00184536, 0.00092345, 0.0020102],
        [0.00262253, 0.00249369, -0.00156153],
        [0.00096441, -0.00105892, 0.00058204],
        [-0.00220803, -0.00404828, -0.00205321],
        [3.756e-05, 0.0056141, 0.00098003]
    ],
    "relaxed_lattice": [
        [-5.13199172, -14.18874069, -8.48584893],
        [-7.59869485, -0.18000422, -4.24738241],
        [-0.27191021, -0.2044088, -8.63947368]
    ],