{
    "atom_type": [
        "Na",
        "V",
        "P",
        "O"
    ],
    "atoms_per_type": [
        7,
        8,
        12,
        48
    ],
    "coord_mode": "direct",
    "relaxed_basis": [
        [0.25060562, 0.50547828, 0.49740844],
        [0.75406402, 0.47872568, 0.51203454],
        [0.99116225, 0.00152576, 0.02064949],
        [0.1259481, 0.90315623, 0.61708607],
        [0.50381661, 0.0202072, 0.96953354],
        [0.37629792, 0.12015782, 0.37216559],
        [0.68977734, 0.75692577, 0.11739136],
        [0.32268495, 0.64185105, 0.64556349],
        [0.82265791, 0.6458593, 0.64280532],
        [0.07133758, 0.1516971, 0.14164544],
        [0.57118557, 0.15342738, 0.13845678],
        [0.1789323, 0.36685894, 0.35577891],
        [0.67895403, 0.36011081, 0.34637274],
        [0.43205381, 0.86004076, 0.8507627],
        [0.92740847, 0.86415326, 0.85317796],
        [0.12341577, 0.54605217, 0.95975826],
        [0.62755594, 0.55141806, 0.95344765],
        [0.47602076, 0.25754668, 0.53078911],
        [0.98039547, 0.25733845, 0.53530604],
        [0.27425577, 0.97078553, 0.24351398],
        [0.76953532, 0.96165648, 0.24575422],
        [0.22991077, 0.03912516, 0.75585285],
        [0.73282987, 0.04071259, 0.74348419],
        [0.37635894, 0.46784021, 0.03385986],
        [0.87879118, 0.4599488, 0.03009905],
        [0.02207003, 0.7580215, 0.46371127],
        [0.5209471, 0.75124685, 0.46037905],
        [0.43360706, 0.71264093, 0.50212016],
        [0.93467089, 0.72241506, 0.50787951],
        [0.24027173, 0.88096945, 0.70611541],
        [0.74550398, 0.85875392, 0.73099248],
        [0.34582559, 0.51175012, 0.87099697],
        [0.85547657, 0.48785619, 0.86573105],
        [0.48121594, 0.21216866, 0.37546691],
        [0.99449703, 0.20838004, 0.3739841],
        [0.18527848, 0.01593599, 0.21014648],
        [0.68830084, 0.96734823, 0.21778798],
        [0.09754605, 0.38010693, 0.99781418],
        [0.60321583, 0.38032015, 0.01058848],
        [0.06999753, 0.27752794, 0.5054719],
        [0.56249769, 0.29785479, 0.4821005],
        [0.26552463, 0.12995463, 0.28764499],
        [0.75655167, 0.14194267, 0.25541676],
        [0.14575257, 0.51345928, 0.12196336],
        [0.64748368, 0.54543235, 0.1096218],
        [0.01139576, 0.81263423, 0.61950424],
        [0.50226306, 0.81237091, 0.61635974],
        [0.31616834, 0.98479748, 0.80490451],
        [0.81655286, 0.01156638, 0.7852699],
        [0.40716685, 0.6244463, 0.9923721],
        [0.90367002, 0.63053331, 0.97756392],
        [0.38420805, 0.42926133, 0.55902982],
        [0.89132498, 0.43037567, 0.5506351],
        [0.2780647, 0.78655735, 0.42223316],
        [0.7854523, 0.78668572, 0.42567324],
        [0.20650505, 0.56823653, 0.7684903],
        [0.71313781, 0.55930026, 0.7673627],
        [0.03569918, 0.92532472, 0.27308506],
        [0.5289479, 0.9190256, 0.26786669],
        [0.13714475, 0.06728156, 0.9217647],
        [0.64089628, 0.0681448, 0.91398054],
        [0.45609395, 0.27694504, 0.05045555],
        [0.96097461, 0.27404972, 0.05790996],
        [0.11172411, 0.58475331, 0.44815053],
        [0.61335881, 0.58602683, 0.44085336],
        [0.22987001, 0.22230398, 0.58244134],
        [0.72481391, 0.21524562, 0.56669086],
        [0.29357248, 0.44895893, 0.22290691],
        [0.79180125, 0.45781193, 0.2120288],
        [0.46330127, 0.09308474, 0.72288636],
        [0.96773078, 0.08800841, 0.72627712],
        [0.36603338, 0.93673629, 0.07774648],
        [0.86396715, 0.92041467, 0.07989288],
        [0.0418289, 0.73677186, 0.92755308],
        [0.54403131, 0.73883139, 0.91583715]
    ],
    "relaxed_energy": -778.67404447,
    "relaxed_forces": [
        [-0.0003144, -0.00036059, -1.925e-05],
        [0.00020481, -0.0008159, -0.00059857],
        [0.00123692, 0.0021048, 0.00161784],
        [-0.00017236, 0.00181012, -0.0018685],
        [0.00037037, 0.00083523, -0.00013767],
        [0.00118507, 0.00060612, -0.00182713],
        [-0.00253505, 0.00101757, -1.208e-05],
        [0.0035955, -0.00200309, -0.0031494],
        [-0.00160521, -0.00204939, 0.00012151],
        [0.00091147, -0.00513262, 0.00031392],
        [0.00160424, 0.0001934, 0.00048653],
        [-0.00166005, -0.00388093, -0.00694382],
        [-7.485e-05, -0.00020822, -0.00479092],
        [0.00162542, -0.00197994, 0.00429758],
        [-0.00326412, 0.00190965, 0.00509711],
        [-0.00328745, -0.00181479, 0.00222966],
        [0.00054374, 0.0016502, 0.00032166],
        [-0.00026338, 0.00257009, -0.00107972],
        [0.00160366, -0.00036076, 0.00272039],
        [-0.0040231, -0.0008682, 0.00233823],
        [0.00020135, -0.00279064, -0.00113595],
        [0.00256148, 0.00145381, -0.00234037],
        [0.00258715, 0.00245012, 0.00038692],
        [0.0011323, 0.00400124, 0.00056856],
        [0.00137152, -0.00192781, -0.0023814],
        [-0.00276391, -0.00192281, 0.00523063],
        [-0.0007778, 0.00022339, -0.00015377],
        [0.00390094, -0.00363981, -0.00338872],
        [0.00057908, -0.00326784, -0.00320669],
        [0.00274357, -0.00061927, 0.00223141],
        [-0.00503288, 0.00137437, 0.00071311],
        [0.00040916, 0.00059101, -0.00433927],
        [-0.00370606, 0.00038382, 0.00016948],
        [-0.00188956, -0.0029344, -0.00079705],
        [-0.0023422, -0.00377041, 0.00431848],
        [0.00477486, -0.00043867, -0.00298153],
        [-0.00127908, -0.00120885, 0.00075473],
        [0.00432004, -0.00163128, 0.00051453],
        [0.00120594, -0.00253083, 0.00106852],
        [0.00456574, 0.00448082, 0.00484049],
        [0.00170307, -0.00236581, 0.0004825],
        [-0.0003957, 0.00358722, 0.00203838],
        [-0.00461881, 0.00216306, 0.00037395],
        [0.00328971, -0.00071878, -0.00428459],
        [-0.00296395, 0.00016131, -0.00034345],
        [0.00193008, 0.00055822, -0.00145218],
        [-0.00166737, 0.0011683, -0.00013446],
        [-0.00228055, 0.0036288, 6.775e-05],
        [0.00190141, 0.00183311, -0.00140706],
        [0.000762, -0.00538878, 0.00441798],
        [0.00272454, -0.00239244, -0.00108561],
        [0.0013795, 0.00034615, -0.00074062],
        [-0.00261539, 0.00217645, -0.00059059],
        [0.00067995, -0.0008573, 0.00223626],
        [-0.00099861, 0.00079631, -2.855e-05],
        [0.00370364, 0.00063897, 0.00139937],
        [0.00242921, 0.00067474, 6.06e-06],
        [-0.00076933, -0.0030894, -0.00014811],
        [0.00350418, 0.00208569, -0.00302533],
        [0.00096254, 0.00150045, 0.00122058],
        [-0.00052502, -0.0009626, 0.00221741],
        [-0.00283741, 0.00212447, -7.249e-05],
        [-0.00248937, -0.00126398, 0.00106138],
        [-0.00252174, 0.00530495, -0.00036719],
        [-0.00177619, -0.00028592, 0.00096616],
        [-9.717e-05, 0.00104189, 0.00284267],
        [-0.00317326, -0.00075721, -0.00220819],
        [0.00393652, 0.0053012, -0.00037021],
        [-0.00312241, 0.00162394, 0.00254404],
        [-0.00290578, -0.00234691, 0.00061722],
        [-0.00219571, -0.00162785, -0.0020016],
        [0.00243836, 0.00164172, -0.00094812],
        [0.00019528, 0.00340237, 0.00023461],
        [-0.00093655, 0.00071123, -0.00123404],
        [-0.00089256, -0.0019123, -0.00147339]
    ],
    "relaxed_lattice": [
        [-4.93213826, -14.37151935, -8.2161223],
        [-7.46509844, -0.18473395, -4.35859683],
        [-0.07410378, -0.31353335, -8.63541756]
    ],