{
    "atom_type": [
        "Na",
        "V",
        "P",
        "O"
    ],
    "atoms_per_type": [
        9,
        8,
        12,
        48
    ],
    "coord_mode": "direct",
    "relaxed_basis": [
        [0.2365593, 0.52137142, 0.50185065],
        [0.75383107, 0.46808733, 0.52035768],
        [0.49529072, 0.01632519, 0.00088698],
        [0.00159779, 0.01213634, 0.98180062],
        [0.62404849, 0.87527703, 0.61321005],
        [0.31073586, 0.25337027, 0.880109],
        [0.43942027, 0.62267504, 0.25251814],
        [0.93994306, 0.62241136, 0.24874193],
        [0.69609403, 0.74617807, 0.11190243],
        [0.32208212, 0.64749158, 0.64779727],
        [0.82167451, 0.64214104, 0.64305019],
        [0.07109042, 0.14364071, 0.14084513],
        [0.57075427, 0.14315337, 0.14267402],
        [0.17742564, 0.35547182, 0.36394011],
        [0.68034741, 0.35550072, 0.35864859],
        [0.42469957, 0.86137206, 0.85556714],
        [0.93087048, 0.85102305, 0.85111515],
        [0.12648477, 0.53649345, 0.96106948],
        [0.62614574, 0.53914172, 0.96270902],
        [0.48104879, 0.25200774, 0.53916482],
        [0.98232389, 0.24589437, 0.53838674],
        [0.26713463, 0.96312659, 0.25782803],
        [0.76954157, 0.95795151, 0.24155485],
        [0.22967733, 0.04950308, 0.75271099],
        [0.72644546, 0.03635704, 0.74643111],
        [0.37275472, 0.45796929, 0.05042214],
        [0.8796615, 0.45651503, 0.04244719],
        [0.01889693, 0.75244784, 0.45074367],
        [0.52231495, 0.75065612, 0.456861],
        [0.44328298, 0.69791307, 0.4846094],
        [0.93741869, 0.71545613, 0.46708305],
        [0.25365691, 0.87767709, 0.71267472],
        [0.73171132, 0.88047321, 0.70016515],
        [0.35575854, 0.47513557, 0.88432871],
        [0.85431427, 0.51162359, 0.87304107],
        [0.50400124, 0.18766719, 0.38055614],
        [0.0018275, 0.21085664, 0.36127906],
        [0.18716535, 0.00199289, 0.2024916],
        [0.68777685, 0.98501456, 0.19090076],
        [0.10415418, 0.37188941, 0.98973593],
        [0.60031824, 0.37123659, 0.01544439],
        [0.06351594, 0.29319808, 0.50888328],
        [0.55933835, 0.31223328, 0.49815673],
        [0.25023228, 0.12588901, 0.30830569],
        [0.7440952, 0.12084939, 0.29545687],
        [0.15135323, 0.48618263, 0.13135034],
        [0.64892526, 0.52526275, 0.11964598],
        [0.00530383, 0.7790983, 0.623826],
        [0.50106905, 0.80801485, 0.61888934],
        [0.3084288, 0.03705195, 0.7974843],
        [0.80921921, 0.97549049, 0.80295054],
        [0.39126789, 0.6254487, 0.0216998],
        [0.90481675, 0.61168744, 0.02524306],
        [0.38611868, 0.41530717, 0.55335201],
        [0.89102474, 0.41769537, 0.55092929],
        [0.28191895, 0.77434581, 0.41681172],
        [0.77705326, 0.76933651, 0.40886353],
        [0.21204434, 0.55273229, 0.77896287],
        [0.70556063, 0.56022466, 0.77209391],
        [0.03279728, 0.92342626, 0.27096229],
        [0.53395864, 0.9152742, 0.26584905],
        [0.13657107, 0.06813237, 0.92140808],
        [0.63350165, 0.06010533, 0.91846807],
        [0.45962471, 0.27522665, 0.07567438],
        [0.96100844, 0.2675785, 0.06074196],
        [0.11195581, 0.58332505, 0.42101978],
        [0.61838535, 0.59356302, 0.43418315],
        [0.21462595, 0.23349402, 0.58606672],
        [0.71866673, 0.22269286, 0.58405801],
        [0.29039504, 0.42882394, 0.23658901],
        [0.79372601, 0.43951185, 0.22517208],
        [0.47237769, 0.08863081, 0.72866688],
        [0.9705608, 0.07789067, 0.71647827],
        [0.3612631, 0.94843781, 0.08775883],
        [0.86414999, 0.93320679, 0.0809934],
        [0.0436221, 0.72053865, 0.95036667],
        [0.53952891, 0.72382444, 0.94134199]
    ],
    "relaxed_energy": -793.45211956,
    "relaxed_forces": [
        [0.00095938, 0.00089911, -0.0005563],
        [0.0006386, 0.00092288, -0.00113181],
        [-0.00013969, 0.00033454, -0.0008488],
        [0.00142114, 0.00153786, -0.00154874],
        [-0.00271215, -0.00072725, -0.00098551],
        [-0.0004975, 0.00011285, -0.00174307],
        [0.00133812, 0.001886, 0.00325129],
        [0.00149655, 0.0028117, 0.00070555],
        [-0.00012785, -0.00015881, 0.00014308],
        [-0.00117624, -0.00034859, 0.00139757],
        [0.00130944, -0.00108096, 0.00140139],
        [0.00195276, -0.0013151, -0.00049545],
        [0.00050173, -0.00186589, -6.396e-05],
        [0.00140727, -8.407e-05, 0.00083747],
        [-0.00139897, -0.00032668, 0.00233054],
        [-0.00166376, -0.00061072, 0.00039313],
        [0.00080518, 0.00252274, -0.00094015],
        [8.292e-05, 0.0011316, 4.8e-07],
        [-0.00051619, -0.00077301, -0.00207658],
        [-0.00333756, -0.00183746, -0.00260847],
        [0.00327087, -0.00014766, 0.00160858],
        [-0.00109414, -0.00077854, -0.00047353],
        [0.00266286, 0.00169764, -0.00075429],
        [0.00060105, -0.00055477, 1.238e-05],
        [-0.0010884, -0.00084378, 0.00028537],
        [-0.00083961, -0.00178707, 0.00074189],
        [-0.00091802, 0.00309957, 0.00078428],
        [0.00258957, -0.00039034, 0.00022182],
        [-0.00158548, 0.00063195, -0.00105817],
        [-0.00014079, 0.00059059, 2.828e-05],
        [0.00071288, -0.00078932, 0.00085194],
        [-0.00101603, -0.00136564, -0.00144638],
        [0.00029933, -0.00023836, 0.00025432],
        [0.00018173, -0.00059846, 0.00041184],
        [0.00056746, -0.0012116, -0.00034755],
        [-0.00057813, -0.00350642, 0.00470998],
        [0.00010888, -0.00131913, 0.00096369],
        [-8.995e-05, 0.00014426, 0.00085595],
        [-0.00129715, 0.00536335, 0.00379975],
        [0.00190668, -0.00019649, 0.00047545],
        [0.00683803, 0.00175906, 0.00210812],
        [-0.00029047, -0.00230585, 0.00056816],
        [0.00069992, 0.00483608, -0.00158357],
        [0.00034596, -0.00195343, 0.00076721],
        [0.00224358, 0.00390903, 0.00099273],
        [0.00026667, -0.00058405, 0.00054716],
        [-0.00143647, 0.0031745, 0.00310642],
        [0.00111926, -0.00015485, 0.00042975],
        [-0.00164802, -8.683e-05, 0.00156924],
        [-0.0013221, -9.095e-05, 9.94e-06],
        [-0.00111189, 0.00136806, -0.00106631],
        [-5.284e-05, -0.00057305, 0.00037439],
        [0.00203598, 0.00103141, 0.00015031],
        [0.00053803, -8.069e-05, 0.00088724],
        [0.00090855, -0.00046415, 0.00045203],
        [0.00022613, -0.00029222, 0.0001573],
        [-0.00029197, 0.00078464, 0.00076511],
        [0.00024538, -4.8e-07, -0.00040691],
        [-0.00111356, -0.00041575, 0.00030142],
        [0.00012642, -0.00055872, 0.00040645],
        [-0.00737726, -0.00060794, -0.00045621],
        [-0.00047986, -0.00080841, -0.00049973],
        [-0.00087173, 0.00381698, -0.00590949],
        [0.00043169, -0.0049007, -0.0043188],
        [0.00089423, -0.00255979, -0.00109535],
        [-0.00068562, 2.003e-05, -2.619e-05],
        [-0.0031653, 0.00151753, -0.00243245],
        [-0.00024653, -0.00108575, 0.0006804],
        [0.00148081, 0.00010847, -0.0039537],
        [-0.00015107, -0.0003523, -0.00059289],
        [-0.0008618, -0.00135823, 0.00018006],
        [-0.0002717, -6.628e-05, -0.00062324],
        [-0.00178082, -0.00182304, 0.00057651],
        [0.0007453, -0.00045439, -0.0005704],
        [-0.00214706, -0.00119997, -0.00071743],
        [0.0012154, -0.00075847, -0.00093551],
        [0.00034795, 0.00037999, 0.00077097]
    ],
    "relaxed_lattice": [
        [-5.03366576, -14.27808799, -8.38634559],
        [-7.57649225, -0.1251208, -4.2077293],
        [-0.11985285, -0.12062618, -8.62770152]
    ],