{
    "atom_type": [
        "Na",
        "V",
        "P",
        "O"
    ],
    "atoms_per_type": [
        11,
        8,
        12,
        48
    ],
    "coord_mode": "direct",
    "relaxed_basis": [
        [0.24094904, 0.49481812, 0.52104269],
        [0.7531509, 0.50000137, 0.49425945],
        [0.49572819, 0.02262989, 0.99899933],
        [0.0069526, 0.99757102, 0.98412793],
        [0.62296056, 0.8826413, 0.61283873],
        [0.30439452, 0.25160602, 0.8918631],
        [0.80604696, 0.24806206, 0.87823589],
        [0.44224014, 0.62846795, 0.25666928],
        [0.87561665, 0.11439541, 0.37675716],
        [0.19617312, 0.74915623, 0.11000592],
        [0.69602648, 0.7537461, 0.11161453],
        [0.32196313, 0.64231219, 0.6505156],
        [0.825351, 0.63932299, 0.64310387],
        [0.07186776, 0.14167278, 0.14395232],
        [0.57136385, 0.14306027, 0.14918385],
        [0.17494106, 0.35569295, 0.35649376],
        [0.67578372, 0.36288037, 0.35727443],
        [0.42237858, 0.86371768, 0.8500181],
        [0.93445485, 0.85267488, 0.84808132],
        [0.12485529, 0.54317424, 0.96651572],
        [0.62400584, 0.54927717, 0.96135041],
        [0.47822597, 0.25017841, 0.54361699],
        [0.97800613, 0.24926753, 0.53583906],
        [0.26649452, 0.95480111, 0.2541868],
        [0.77289561, 0.95653964, 0.24801124],
        [0.22966673, 0.04804, 0.74804305],
        [0.73061854, 0.04602623, 0.74969545],
        [0.37361421, 0.45149152, 0.04458841],
        [0.87601254, 0.45303541, 0.03258202],
        [0.02383858, 0.74448464, 0.45892696],
        [0.52190868, 0.74918573, 0.45604939],
        [0.44397789, 0.68746424, 0.49281592],
        [0.94131281, 0.6909061, 0.50771696],
        [0.25714897, 0.86333042, 0.72745415],
        [0.74628081, 0.87695248, 0.71241669],
        [0.35340002, 0.4647771, 0.88602465],
        [0.84817853, 0.4655715, 0.88376536],
        [0.49849489, 0.18804191, 0.38899632],
        [0.99146497, 0.19156796, 0.38263298],
        [0.18907958, 0.9644573, 0.21065055],
        [0.69015658, 0.97389541, 0.21266666],
        [0.11203232, 0.36266975, 0.01438136],
        [0.61276288, 0.36619644, 0.01426249],
        [0.06132197, 0.3126656, 0.47636902],
        [0.55945588, 0.30452082, 0.50222617],
        [0.24280293, 0.13619246, 0.28015416],
        [0.75172217, 0.12845742, 0.2894021],
        [0.15036212, 0.52910352, 0.1203568],
        [0.6431998, 0.54715073, 0.11538615],
        [0.01015297, 0.80232119, 0.61098289],
        [0.50243032, 0.80599497, 0.61608522],
        [0.30785337, 0.04786265, 0.78525388],
        [0.81406066, 0.01790166, 0.79131627],
        [0.37934229, 0.63534695, 0.01307921],
        [0.89207982, 0.62947379, 0.98298224],
        [0.38465935, 0.41394819, 0.55872052],
        [0.88418981, 0.40879604, 0.56340094],
        [0.28458507, 0.7762553, 0.41839865],
        [0.78203755, 0.77874303, 0.41974916],
        [0.20908522, 0.55956828, 0.78014151],
        [0.70411513, 0.57429675, 0.76901812],
        [0.02929057, 0.90817746, 0.27049718],
        [0.53280464, 0.90868176, 0.26747734],
        [0.13825812, 0.0594428, 0.91924829],
        [0.63928809, 0.06294222, 0.91970856],
        [0.45994772, 0.2812004, 0.06807501],
        [0.95778333, 0.26984518, 0.06336827],
        [0.11773912, 0.58220137, 0.4309577],
        [0.61770304, 0.5891988, 0.43585442],
        [0.21186807, 0.22224288, 0.5798178],
        [0.7247689, 0.22371165, 0.57860016],
        [0.28869248, 0.42365752, 0.23176486],
        [0.79356176, 0.43415324, 0.22451047],
        [0.47002849, 0.08800701, 0.73254867],
        [0.9736548, 0.090001, 0.72314461],
        [0.36064653, 0.93998544, 0.08454103],
        [0.86315694, 0.9457304, 0.07701159],
        [0.04043293, 0.719794, 0.94400245],
        [0.53572304, 0.72302767, 0.93735871]
    ],
    "relaxed_energy": -808.39980868,
    "relaxed_forces": [
        [0.00109816, -0.00061669, 0.00052178],
        [-8.751e-05, 0.00045682, -0.00105533],
        [-0.00056459, 0.00126934, -0.0011517],
        [0.00082084, -0.00085361, 0.00076487],
        [0.00059158, 0.00087474, 0.00181839],
        [0.00039103, -0.00083408, -0.00026863],
        [-0.00063128, 0.00087463, -0.00140428],
        [-0.00084098, 0.00020405, -0.00045354],
        [-0.00027563, 0.00056117, 0.00133242],
        [0.00020346, 7.331e-05, -3.324e-05],
        [0.00056236, 0.00168387, 0.00174193],
        [-0.00097377, -0.00186965, -0.00159403],
        [0.00101075, 0.00256175, 0.00105225],
        [-0.00053938, 0.00453079, 0.00050332],
        [0.00055743, -0.00387466, -0.00074215],
        [-0.00054234, 0.00080806, -0.00070673],
        [-0.00327678, -0.003046, -4.802e-05],
        [0.0045723, -0.00214243, 0.0027519],
        [-0.00225489, 0.0025211, 0.0025789],
        [-0.00029404, 0.00030323, -0.00164616],
        [-0.00065856, 0.00127214, 0.00271925],
        [-0.00051727, -0.00087958, -0.00284499],
        [-0.00058646, 0.00228012, -0.00040642],
        [-0.00211398, 0.00219775, -0.00371291],
        [-0.00154891, -5.094e-05, 0.00110168],
        [-0.00192709, 0.00185694, 0.00547053],
        [0.00106895, -0.00031199, -0.00277795],
        [0.00041879, 0.00361975, -0.00079751],
        [0.00212929, 0.00229421, -0.0009288],
        [0.00047708, -0.00199803, 0.0012622],
        [-0.00210868, 0.00207264, -0.00145113],
        [-0.00142059, -0.00447166, -0.00052358],
        [-0.0010308, -0.00302448, 0.00209316],
        [0.00259449, -0.00071642, -0.00038257],
        [-0.00221974, -0.00344347, -0.00079123],
        [0.00200657, -0.0023712, -0.00330693],
        [-0.00187554, -0.00043163, -0.000667],
        [-0.00264835, -0.00362749, -0.00749782],
        [0.00013011, 0.00375582, -0.00508562],
        [0.00400594, 0.00252228, 0.00053358],
        [0.00185539, -0.00387545, 0.00240795],
        [-0.00072016, 0.0010237, 0.00025339],
        [-0.00070242, -0.00543233, 0.00328021],
        [-0.00048854, -0.00152555, -0.00061405],
        [0.00093904, -0.00236358, -0.00637711],
        [0.00297566, -0.00061451, -0.00021835],
        [-0.00198812, 0.00075268, -0.00045355],
        [-0.00021752, 0.00137417, 0.00248234],
        [0.00234777, 0.00088179, 0.00231953],
        [0.00123837, 0.00247289, 0.00394339],
        [-6.757e-05, -0.00036942, 0.00040999],
        [0.00025902, 0.00238816, 0.00228813],
        [0.00025178, 0.00045801, -0.00065486],
        [-0.00131525, 0.00168197, -0.00089685],
        [0.00073366, 0.0012866, 0.00013318],
        [-0.00026705, -0.00312249, 0.0006884],
        [0.00047318, 0.00011354, -0.00128378],
        [0.00035828, 0.00036441, 0.00127474],
        [2.422e-05, 0.00090696, 0.000579],
        [0.00239326, 0.00188191, 0.00078036],
        [-0.00142872, 0.00094232, -0.00162698],
        [0.00229102, 0.00153592, -0.00101727],
        [0.00091863, -0.00060774, 0.00011564],
        [0.0005606, -0.00353067, 0.00505995],
        [0.00142957, -0.00048769, 0.00448523],
        [-0.0027119, 0.00305794, -0.00137401],
        [0.00033478, 0.00039218, -0.00029832],
        [-0.00263376, 0.0018416, -0.00159717],
        [-0.00068258, -0.0004815, 0.00116019],
        [-7.325e-05, -0.00025484, 0.00054397],
        [-0.00062519, -0.00341192, -0.00113357],
        [0.00019311, -0.00088668, 0.00152157],
        [-0.00017573, -0.00218777, 0.0021078],
        [0.00400873, 0.00065162, -0.00286167],
        [-0.00406434, -0.0002216, 0.00107381],
        [0.00016087, 0.00229135, -0.00461963],
        [-0.00172869, -0.00188131, -0.00110927],
        [-0.00022165, -0.00098518, 0.00054337],
        [0.00266352, 0.00191002, 0.0027164]
    ],
    "relaxed_lattice": [
        [-4.76918848, -14.24125537, -8.63607799],
        [-7.51007777, -0.05655204, -4.38653883],
        [0.08077673, -0.0686006, -8.70977934]
    ],