{
    "atom_type": [
        "Na",
        "V",
        "P",
        "O"
    ],
    "atoms_per_type": [
        7,
        8,
        12,
        48
    ],
    "coord_mode": "direct",
    "relaxed_basis": [
        [0.24376942, 0.53178441, 0.48120067],
        [0.50415001, 0.98729953, 0.00902836],
        [0.00220466, 0.00451889, 0.98905739],
        [0.62677091, 0.85229692, 0.60346247],
        [0.30136336, 0.25457362, 0.88141529],
        [0.90766358, 0.5907994, 0.24798944],
        [0.87406911, 0.13878041, 0.40062007],
        [0.32327874, 0.65176291, 0.64296662],
        [0.82163092, 0.63206943, 0.6547667],
        [0.07614279, 0.13782197, 0.13933227],
        [0.56691695, 0.14654056, 0.15239774],
        [0.1814329, 0.35584203, 0.35527136],
        [0.67830526, 0.36742412, 0.35479602],
        [0.42821464, 0.85367106, 0.8599238],
        [0.93017263, 0.86037662, 0.84219599],
        [0.12537674, 0.54326131, 0.96440288],
        [0.62799784, 0.534496, 0.9666286],
        [0.47725091, 0.25825899, 0.53110203],
        [0.98341872, 0.24947705, 0.53803099],
        [0.27131238, 0.96075293, 0.25424754],
        [0.76779226, 0.97306211, 0.25144103],
        [0.23166768, 0.0464744, 0.74858119],
        [0.72743585, 0.03060897, 0.7531199],
        [0.37599843, 0.45643635, 0.03742436],
        [0.87453255, 0.45530135, 0.03601177],
        [0.02096917, 0.74662624, 0.4658295],
        [0.52161944, 0.74969921, 0.45997716],
        [0.43848654, 0.69334526, 0.50767499],
        [0.92967542, 0.70244888, 0.53391399],
        [0.25874396, 0.87495779, 0.7008157],
        [0.73118945, 0.86244741, 0.73161526],
        [0.35106057, 0.47787183, 0.87932634],
        [0.84821579, 0.4723786, 0.884276],
        [0.48477273, 0.21438284, 0.37130048],
        [0.99205713, 0.22146728, 0.36830757],
        [0.18691664, 0.98527114, 0.22159261],
        [0.67117169, 0.00458868, 0.25543585],
        [0.12110478, 0.36528993, 0.98094981],
        [0.60370892, 0.36818772, 0.01157492],
        [0.06906779, 0.28943975, 0.49649706],
        [0.5616974, 0.31120377, 0.47023269],
        [0.25678401, 0.12918451, 0.29080847],
        [0.76441756, 0.13534501, 0.28063776],
        [0.15487472, 0.49682312, 0.12757073],
        [0.65644482, 0.50405398, 0.1235396],
        [0.01897018, 0.78260172, 0.62191958],
        [0.50783001, 0.79488828, 0.62159243],
        [0.31075693, 0.03594679, 0.78664462],
        [0.82393767, 0.00905767, 0.73424846],
        [0.39675884, 0.62689763, 0.99277846],
        [0.8958101, 0.62756466, 0.98634476],
        [0.38109456, 0.4156609, 0.57372077],
        [0.89370603, 0.42706791, 0.55543072],
        [0.28888099, 0.77397299, 0.41832984],
        [0.78666946, 0.78524664, 0.41928446],
        [0.20664764, 0.58993857, 0.77309281],
        [0.71201875, 0.55702706, 0.77513505],
        [0.0173965, 0.92145124, 0.2861539],
        [0.52583544, 0.9221861, 0.27637772],
        [0.13907268, 0.05200203, 0.91992025],
        [0.646934, 0.05589813, 0.93913586],
        [0.4629081, 0.27260199, 0.05456129],
        [0.95941828, 0.27234132, 0.0635694],
        [0.11237062, 0.58222806, 0.42570623],
        [0.61431507, 0.58520463, 0.42903302],
        [0.21457991, 0.23112986, 0.57858154],
        [0.70293599, 0.21356314, 0.58538056],
        [0.29339642, 0.43509793, 0.22758884],
        [0.79342763, 0.43430534, 0.23174951],
        [0.47805447, 0.08087464, 0.71293604],
        [0.97215489, 0.0813509, 0.72213713],
        [0.36235789, 0.94935866, 0.0762134],
        [0.85092571, 0.93973775, 0.07309701],
        [0.03262518, 0.71035276, 0.97518525],
        [0.54625328, 0.72209739, 0.94003007]
    ],
    "relaxed_energy": -778.32597194,
    "relaxed_forces": [
        [-0.00485075, 0.00193078, 0.00241738],
        [0.00274407, 0.00316854, 0.00163006],
        [-0.00196601, 0.00056485, -0.00284782],
        [-0.00169647, 0.00339323, 0.0003385],
        [-0.00134404, -0.00538487, 0.00379659],
        [0.00254556, 0.00175479, 0.00113052],
        [0.00076579, 4.185e-05, 0.00140014],
        [-0.00405294, -0.00210142, 0.0011599],
        [-0.00013897, 0.00024169, -0.00046247],
        [-0.00424735, 0.00241158, -0.00078004],
        [0.00043697, 0.00162202, 0.00266981],
        [0.0009067, -0.00243821, -0.00151459],
        [-0.00258617, -0.00020159, 0.00123695],
        [0.00360216, -0.00489845, 0.00058809],
        [-0.00205013, -0.00139931, 0.00191156],
        [-0.00497698, -0.00291132, -0.0035568],
        [0.00386068, -0.00271998, -0.00021881],
        [0.00028134, 0.00297599, 0.00554786],
        [0.0024376, 0.00011537, 0.0004947],
        [0.0008442, -0.00274648, 0.00605099],
        [0.00141573, -0.00167655, -0.0023291],
        [-0.00452355, 0.0012973, 0.00026866],
        [6.116e-05, -0.00253071, -0.00137647],
        [-0.00077887, 0.00201097, 0.00133564],
        [0.00038965, -0.0013585, 0.00226564],
        [-0.00015415, 0.00117984, -0.00040249],
        [-0.0019915, -0.00195487, -0.00055808],
        [0.00237912, 0.00064694, 4.163e-05],
        [-0.00077884, 0.00377701, -0.00400983],
        [-0.00046625, 0.00284859, -0.00013782],
        [0.00409427, -0.00259144, 0.00058677],
        [0.00314617, -0.0009569, 0.00351508],
        [0.00403409, 0.00149812, -0.0002458],
        [0.00109548, 0.00324977, -0.00853653],
        [-0.00156783, 0.00149539, -7.65e-06],
        [-2.248e-05, 0.00155615, -0.00137946],
        [-0.00544107, 0.00511249, -0.0003472],
        [-0.00282562, -0.00058771, -0.00785479],
        [0.00011986, 0.00183457, 0.00164138],
        [0.00287604, -0.00259472, 0.00043229],
        [0.00173877, 0.00399797, 0.00031588],
        [0.00249291, -0.0005512, -0.00132586],
        [-0.00211675, -0.00147147, -0.00116299],
        [-0.00565111, 0.00018995, 0.00020162],
        [0.00353731, -0.00086558, 0.00154511],
        [-0.00108817, -0.00190733, 0.00114854],
        [0.00041509, -0.00012489, -0.00266397],
        [0.00162983, 0.00117954, 0.00633291],
        [8.553e-05, 0.00261882, -0.00171049],
        [-0.00253344, 0.00099335, 0.00058205],
        [-0.00317565, 0.00204434, 0.00415993],
        [-0.00111545, 0.00192914, 0.00316008],
        [-0.00148211, -0.00132702, -0.00045745],
        [-0.00143433, 0.00141192, -0.00094081],
        [-0.00100035, 9.242e-05, -0.00349234],
        [0.00653618, 0.00432037, -0.00187696],
        [-0.00573686, 0.00119912, 0.00256816],
        [0.00254495, -0.00134178, 0.0022263],
        [-0.00161362, -0.00449201, 0.00186249],
        [-0.00385021, -0.0043895, 0.00432561],
        [0.00153835, -0.00373876, -0.00121793],
        [0.00143614, -0.00234193, -0.00387087],
        [0.00070158, -0.00199982, 0.00029554],
        [0.00412751, 0.00167182, -0.00542044],
        [0.00074794, 0.00208912, -0.00531548],
        [0.00581224, -0.00253774, 0.00122305],
        [0.00040199, 0.00474907, 0.00147299],
        [0.00120388, 0.00014681, -0.00442744],
        [0.00070604, -0.00204341, 2.462e-05],
        [-0.00129474, 1.688e-05, -0.003614],
        [-0.00047344, 0.00117353, -0.0033066],
        [-0.00051752, -0.00112575, 0.00279209],
        [0.00054265, 0.00248984, 0.00269593],
        [0.00278338, -0.00267107, -0.00248159],
        [0.00252479, -0.00505957, 0.00245792]
    ],
    "relaxed_lattice": [
        [-5.09698477, -14.17132691, -8.51576409],
        [-7.57815044, -0.12743537, -4.24173916],
        [-0.24146448, -0.14327477, -8.67209916]
    ],