{
    "atom_type": [
        "Na",
        "V",
        "P",
        "O"
    ],
    "atoms_per_type": [
        6,
        8,
        12,
        48
    ],
    "coord_mode": "direct",
    "relaxed_basis": [
        [0.24920047, 0.50889311, 0.49051713],
        [0.51817815, 0.96170742, 0.99993135],
        [0.00830691, 0.98971562, 0.99531305],
        [0.31330146, 0.24908811, 0.88699066],
        [0.80550329, 0.24767221, 0.8688642],
        [0.87368385, 0.16506342, 0.41105223],
        [0.32102628, 0.64444168, 0.64226828],
        [0.82142212, 0.64459795, 0.64205857],
        [0.0745843, 0.14440825, 0.13877267],
        [0.57236482, 0.13601297, 0.15046013],
        [0.18088285, 0.35664728, 0.35416772],
        [0.67168066, 0.37177967, 0.35348032],
        [0.42824963, 0.85468403, 0.84864258],
        [0.93074181, 0.85400722, 0.85280247],
        [0.12234981, 0.54176546, 0.96578926],
        [0.62335926, 0.54109218, 0.96823915],
        [0.47933046, 0.24721734, 0.53630713],
        [0.98368945, 0.25386729, 0.53858108],
        [0.26933132, 0.95750155, 0.24969007],
        [0.76457936, 0.96947566, 0.25053848],
        [0.23119291, 0.04369363, 0.75066402],
        [0.7309451, 0.03075864, 0.75456321],
        [0.376609, 0.45657644, 0.03433937],
        [0.87309303, 0.45705639, 0.03170306],
        [0.02301268, 0.74861286, 0.4618547],
        [0.51882066, 0.74791343, 0.45866059],
        [0.43657077, 0.70831977, 0.48664074],
        [0.93658985, 0.70813481, 0.50647239],
        [0.25118247, 0.8663849, 0.72532075],
        [0.74960087, 0.8386616, 0.75498282],
        [0.35811211, 0.46623413, 0.87570655],
        [0.85844301, 0.46439383, 0.8673345],
        [0.49520397, 0.19011284, 0.38096013],
        [0.00039427, 0.19982257, 0.37914941],
        [0.18763133, 0.99464697, 0.19751238],
        [0.6820877, 0.97383942, 0.2260558],
        [0.09824642, 0.37109616, 0.00898409],
        [0.61226171, 0.35374064, 0.02137523],
        [0.06934697, 0.29771435, 0.4961066],
        [0.56314486, 0.30100793, 0.48674396],
        [0.25416236, 0.13406073, 0.27471659],
        [0.74377884, 0.16398637, 0.24724409],
        [0.14852385, 0.50610416, 0.12659281],
        [0.63349356, 0.54471557, 0.13167629],
        [0.01113666, 0.79762083, 0.61908735],
        [0.49357467, 0.80800626, 0.62428662],
        [0.31001683, 0.03084214, 0.79561633],
        [0.8165013, 0.03051474, 0.76743505],
        [0.38840346, 0.63870104, 0.99103903],
        [0.89001173, 0.62933569, 0.98824519],
        [0.38508011, 0.41120059, 0.561496],
        [0.89109938, 0.4261286, 0.5534865],
        [0.27489509, 0.7791084, 0.42351234],
        [0.77813438, 0.80857167, 0.43688003],
        [0.20873358, 0.54665112, 0.7815152],
        [0.7119817, 0.55250509, 0.78725589],
        [0.02838723, 0.92545722, 0.27635207],
        [0.53548341, 0.91339117, 0.26942342],
        [0.13461529, 0.07594065, 0.91538827],
        [0.63870195, 0.06959157, 0.92016517],
        [0.46563683, 0.28164422, 0.06153188],
        [0.95496333, 0.26962934, 0.07831542],
        [0.11594227, 0.58151416, 0.43175315],
        [0.60831575, 0.57162532, 0.45959142],
        [0.22070101, 0.22496558, 0.57537561],
        [0.7202823, 0.18947532, 0.56683613],
        [0.29235972, 0.42968636, 0.2238157],
        [0.78524885, 0.43201164, 0.21806374],
        [0.47180989, 0.07982584, 0.72823069],
        [0.96899192, 0.09401473, 0.73121754],
        [0.36343975, 0.93275801, 0.07762501],
        [0.85681886, 0.93776805, 0.08171183],
        [0.03821022, 0.72427672, 0.94642513],
        [0.53779194, 0.71638737, 0.92847667]
    ],
    "relaxed_energy": -770.60869158,
    "relaxed_forces": [
        [-0.00043541, -0.00134209, 0.0004023],
        [-0.00302232, -0.00180165, 0.00125019],
        [0.00255528, 0.00218926, -0.00077368],
        [3.632e-05, 0.00079883, 0.00121848],
        [-0.00076606, -0.00237684, -0.00296984],
        [-0.00263833, -0.0022371, -0.00426683],
        [1.135e-05, 6.028e-05, 1.187e-05],
        [-0.00134051, 0.00114887, 0.00336894],
        [0.00098564, 0.00263968, -0.00134992],
        [-0.00036066, 0.0007749, 0.0011325],
        [6.422e-05, 0.00424123, -0.00281512],
        [-0.00207182, 0.00074527, 0.00211231],
        [0.00034814, -0.00204067, 0.00126453],
        [-0.00204297, -0.00271868, 0.00014634],
        [0.00178475, -8.99e-06, -0.00203675],
        [0.00121348, 4.673e-05, 0.00144834],
        [-0.00202642, 4.533e-05, 0.00088718],
        [8.058e-05, 0.0017918, -0.00124425],
        [-3.385e-05, 0.00060358, 0.00076738],
        [-0.00142558, -0.00209563, -0.00072993],
        [0.00028651, 0.00033248, 0.00039358],
        [0.00086177, 0.00116372, 0.00253187],
        [-0.00084591, 0.00201581, 0.00020557],
        [0.0002267, -0.00052109, -0.00082599],
        [0.00242846, 2e-07, 0.00111203],
        [-0.00231521, 0.00065552, 0.00078009],
        [-0.00028015, -0.00102781, -0.00077886],
        [4.15e-05, -0.00393983, -0.00012231],
        [0.00145069, 0.00162669, -3.26e-05],
        [0.00256332, -0.00106858, -0.00637187],
        [0.00031905, 6.911e-05, 0.00229792],
        [-0.00195897, -0.00101753, 0.00359909],
        [0.00162997, 0.00070528, 0.00114471],
        [-4.732e-05, -0.00144401, -0.00200858],
        [0.00136947, -0.00089494, 0.00241657],
        [0.00082583, 0.00354734, -0.00017039],
        [-0.00343834, -0.00017186, 0.0007568],
        [-0.00727619, -0.00016321, -3.628e-05],
        [0.00011437, 0.00608002, -0.00280711],
        [0.00179421, -0.00148955, 0.00086059],
        [-0.00394375, 0.00285779, 0.001191],
        [-0.00282767, -0.00061271, 0.00412466],
        [-0.00019378, 0.00055609, -0.00168332],
        [-0.00174809, -0.00281612, -0.00329837],
        [-0.00291232, 0.00035382, -0.00448117],
        [-0.00039064, -0.00271737, 0.00244684],
        [-0.00039327, 0.00489921, 0.00264759],
        [-0.00232093, -0.00124417, -0.00122856],
        [0.00545807, -0.00077077, 0.00042769],
        [-0.00036449, -0.00011771, 0.00238322],
        [-0.00034644, -0.00121321, 0.00017621],
        [0.00290053, -0.00382389, -0.00055204],
        [0.00068259, 0.0002753, -0.00041813],
        [-0.00025835, 0.00247685, -0.00625605],
        [0.00184343, -0.00017892, -0.00157625],
        [0.00033576, -0.00254011, -0.00308848],
        [0.0041551, 0.00218374, 0.0004307],
        [0.00723152, -0.00302615, -0.00020147],
        [-0.00202873, -0.00110919, 0.0010614],
        [-0.00118968, -0.00042595, 0.00248351],
        [0.00444789, -0.00106107, -0.00085224],
        [-0.00107762, 0.00314103, -0.00092726],
        [0.00281883, 0.00166507, 0.00218466],
        [0.00231542, -0.00058174, 0.00011291],
        [-0.00139308, 7.28e-05, 0.00125238],
        [0.00436354, -0.00085795, 0.00642011],
        [-0.00082045, 0.00020256, 0.00028188],
        [-0.00274357, -0.00268537, 0.00051018],
        [-0.00193414, -0.00020345, 0.00077856],
        [0.00126861, 0.00186962, -0.00021045],
        [-0.00075164, 0.00322788, -0.0028712],
        [0.00357652, -0.00210614, -0.00126266],
        [-0.00113713, 0.00324829, 0.00030305],
        [-0.0012876, -0.00385992, -0.00107777]
    ],
    "relaxed_lattice": [
        [-5.03702428, -14.2046959, -8.5361193],
        [-7.53373289, -0.16737805, -4.2826309],
        [-0.20709313, -0.17589622, -8.6648146]
    ],