{
    "atom_type": [
        "Na",
        "V",
        "P",
        "O"
    ],
    "atoms_per_type": [
        10,
        8,
        12,
        48
    ],
    "coord_mode": "direct",
    "relaxed_basis": [
        [0.25841565, 0.50122818, 0.48065199],
        [0.75772477, 0.47671641, 0.50787856],
        [0.4920531, 0.99230074, 0.02347591],
        [0.99143049, 0.01924726, 0.99916995],
        [0.12505828, 0.87216428, 0.6277456],
        [0.62496514, 0.88737217, 0.61231912],
        [0.30892144, 0.2500481, 0.8729925],
        [0.94119244, 0.62668804, 0.25000094],
        [0.55986438, 0.38457258, 0.75192688],
        [0.69007783, 0.74805004, 0.11538818],
        [0.32341022, 0.64318301, 0.64636406],
        [0.82228132, 0.64143854, 0.64436067],
        [0.07031924, 0.14113949, 0.14215664],
        [0.57149432, 0.14412491, 0.1444127],
        [0.17963119, 0.35810815, 0.35879535],
        [0.67856181, 0.35568811, 0.35569687],
        [0.42763804, 0.85576063, 0.8585913],
        [0.92680606, 0.85350086, 0.85636777],
        [0.12510111, 0.53721826, 0.96261075],
        [0.62487626, 0.54267461, 0.95741965],
        [0.48054136, 0.25667177, 0.54538085],
        [0.98265931, 0.24724695, 0.53673019],
        [0.26720803, 0.96325939, 0.25322452],
        [0.76960635, 0.95465708, 0.24293611],
        [0.22781624, 0.04650737, 0.75093498],
        [0.72796274, 0.03802615, 0.74369969],
        [0.37185248, 0.45504514, 0.04263516],
        [0.87811677, 0.45761256, 0.04500938],
        [0.02219966, 0.74920623, 0.45333492],
        [0.52209969, 0.75592147, 0.46191112],
        [0.43929307, 0.70204515, 0.51674305],
        [0.94100293, 0.70625917, 0.47860511],
        [0.23910046, 0.88087096, 0.71368594],
        [0.73850699, 0.88290938, 0.68998948],
        [0.34576351, 0.47270616, 0.88756894],
        [0.85640289, 0.50810363, 0.87356443],
        [0.50973808, 0.19675815, 0.38245367],
        [0.00141596, 0.20141278, 0.36748488],
        [0.18414609, 0.99838912, 0.20848298],
        [0.6934837, 0.97287032, 0.18819054],
        [0.10011374, 0.3727134, 0.00160278],
        [0.60175517, 0.38067641, 0.98447168],
        [0.0654695, 0.29311762, 0.50086328],
        [0.55668228, 0.31142245, 0.52693839],
        [0.24825758, 0.13222293, 0.29955269],
        [0.74061678, 0.11769853, 0.30232178],
        [0.15026271, 0.49861542, 0.1268674],
        [0.64808269, 0.51553191, 0.11951855],
        [0.0111336, 0.78638924, 0.6189251],
        [0.51132936, 0.80971841, 0.61722614],
        [0.30910708, 0.02152204, 0.79357613],
        [0.81101581, 0.98276802, 0.79720593],
        [0.39315029, 0.62656804, 0.99279533],
        [0.90424943, 0.61241932, 0.02735126],
        [0.38513778, 0.41698267, 0.56236718],
        [0.89220273, 0.41560452, 0.55042619],
        [0.27476958, 0.7834849, 0.42368207],
        [0.782136, 0.7653186, 0.4080093],
        [0.20650262, 0.5558892, 0.77426427],
        [0.70716317, 0.56671538, 0.76948554],
        [0.03373957, 0.91791575, 0.26978823],
        [0.53248244, 0.91396251, 0.27093084],
        [0.13509425, 0.07463669, 0.91985257],
        [0.63441639, 0.05877769, 0.91032906],
        [0.45855953, 0.27624207, 0.05648295],
        [0.95825546, 0.2677545, 0.07012896],
        [0.11510481, 0.58076718, 0.42476314],
        [0.6157065, 0.58937485, 0.44145317],
        [0.21586012, 0.23028269, 0.58264436],
        [0.71759579, 0.22904418, 0.58569777],
        [0.2918227, 0.42919526, 0.23263114],
        [0.79146861, 0.44357093, 0.22387273],
        [0.46797995, 0.09185127, 0.73482797],
        [0.97557026, 0.07644802, 0.71617903],
        [0.35741829, 0.95030725, 0.0843973],
        [0.86499355, 0.93734584, 0.08259169],
        [0.04358104, 0.72546803, 0.94403889],
        [0.54235546, 0.73054196, 0.93399086]
    ],
    "relaxed_energy": -800.98141557,
    "relaxed_forces": [
        [0.00140022, 0.0006976, -0.00103272],
        [-0.00061087, -0.00095311, 0.00018169],
        [-0.00014951, 0.00080909, 0.00045998],
        [0.00136372, -0.00102942, -9.726e-05],
        [0.00143109, 8.4e-05, 0.00100079],
        [-0.00147219, -0.00077566, -0.00057646],
        [0.00112416, -0.00014951, 0.00043458],
        [0.00029644, 0.00051772, -0.0012147],
        [-0.00032655, 0.00117204, 0.00117602],
        [-0.00157397, -0.00110702, -0.00215843],
        [-0.00079692, -0.00012521, 0.00017702],
        [0.0011471, -0.00425796, -0.00231189],
        [0.00016163, 1.71e-05, -0.00096713],
        [-0.00284737, 0.00136119, 0.00103692],
        [0.00271008, 0.00020216, 0.00055654],
        [-0.00335495, -0.00056806, -0.00190106],
        [-0.00292076, 0.00284105, 0.00245243],
        [-0.00312175, 0.00267916, 0.0022718],
        [-0.00157373, 0.00206106, 0.00211017],
        [-0.00128473, 0.00211032, 8.967e-05],
        [-0.00154186, -0.0023943, 2.277e-05],
        [0.00018424, 0.001799, 0.00150681],
        [0.00185795, -0.00067695, -0.00260589],
        [-0.0006237, 0.00319948, -0.00319449],
        [0.00119673, -0.00178829, -0.00561538],
        [-0.00098361, 0.00032487, -0.00398592],
        [0.00150708, 0.00049986, 0.00176901],
        [0.0004621, 0.00133641, 0.00179581],
        [0.00275543, -0.00125843, 0.00363223],
        [0.00255128, -0.00361281, 0.00097696],
        [-0.00264472, -0.00094912, 0.00044274],
        [-0.00135477, -0.00063515, 0.00054992],
        [0.00115163, 0.00150972, -0.000356],
        [-0.00254407, 0.00166187, 0.00019689],
        [-3.736e-05, 0.00239013, 0.00206854],
        [-0.00123402, -0.00393977, -0.00306321],
        [-0.00310937, 0.00257722, 0.00184634],
        [0.00064602, 0.00156514, -0.00037829],
        [-0.00060851, 0.00057018, -0.0010974],
        [-0.00158932, -0.0019817, -0.0016096],
        [0.00106511, -0.00083935, 0.00027923],
        [0.00378753, 0.00071539, 0.00291139],
        [0.00277135, -0.00238809, 0.00049822],
        [0.00080723, 0.0022743, 0.0025574],
        [0.00042658, -0.0025985, 0.00162824],
        [-0.00227258, -0.00192811, -0.0004962],
        [0.00183257, 0.00117569, -0.00177484],
        [-0.00161848, -0.00061655, -0.00262394],
        [0.00139496, 0.00179545, -0.00237521],
        [-0.00359062, -0.00110251, -0.00145276],
        [0.00207399, 0.00059776, 0.00348016],
        [-0.0007406, 0.00353507, 0.00288455],
        [-0.00092602, 0.00291723, -0.00025603],
        [-0.00062269, -0.00174425, -0.00167701],
        [-0.00064564, 0.00192993, -0.0021482],
        [0.00106589, -0.00306662, -0.00102602],
        [-0.00012981, 0.00047906, 0.00051302],
        [6.649e-05, -0.00040509, 8.1e-05],
        [0.00142042, -0.0022807, -0.00056059],
        [0.00018693, 0.00129783, -0.00104026],
        [0.00280108, 0.00036312, -0.00103179],
        [0.0010856, 0.00037988, -0.00048398],
        [0.00125029, -0.00302852, -0.00015998],
        [-0.0023229, 0.00090392, -0.00036329],
        [-0.00174152, -0.00224231, -0.00059299],
        [0.00039862, 0.00144496, 0.00179103],
        [0.00354325, 0.00277623, -0.00060717],
        [-0.00101491, -0.00204732, 0.00300642],
        [0.00067564, -0.00055595, 0.00068892],
        [0.00153592, -0.00067382, -0.00250273],
        [-0.00164817, -0.00128234, -0.00062762],
        [-0.00078943, 0.00080398, 0.00367455],
        [-0.0006468, 0.0001522, 0.00103896],
        [-0.00029511, -0.00034287, 0.00086501],
        [0.00117049, -0.00021913, 0.00198726],
        [0.00061834, -0.00013972, 0.00031954],
        [0.00182247, 0.00168999, -0.00065016],
        [0.00156217, -0.00351417, -0.00034391]
    ],
    "relaxed_lattice": [
        [-5.03944278, -14.35179243, -8.38076542],
        [-7.57918516, -0.10749461, -4.17453733],
        [-0.13179317, -0.10497872, -8.64812351]
    ],