{
    "atom_type": [
        "Na",
        "V",
        "P",
        "O"
    ],
    "atoms_per_type": [
        11,
        8,
        12,
        48
    ],
    "coord_mode": "direct",
    "relaxed_basis": [
        [0.24144474, 0.51293024, 0.51016435],
        [0.75186312, 0.51748644, 0.48613469],
        [0.50358345, 0.97650732, 0.00489595],
        [0.00907639, 0.99685626, 0.98238223],
        [0.30526581, 0.24897565, 0.88889879],
        [0.80685476, 0.25019104, 0.88427414],
        [0.55579647, 0.37448972, 0.74444068],
        [0.37611475, 0.12461297, 0.39168081],
        [0.87441393, 0.1191039, 0.37624265],
        [0.19600025, 0.75120459, 0.11654757],
        [0.69656655, 0.74900182, 0.11245688],
        [0.32241142, 0.64037944, 0.64356728],
        [0.82495418, 0.64015069, 0.63985022],
        [0.07099446, 0.14375521, 0.14938639],
        [0.57507287, 0.13996449, 0.15183554],
        [0.17242713, 0.35998928, 0.35697076],
        [0.674328, 0.36146211, 0.35055914],
        [0.42699295, 0.86120438, 0.8542082],
        [0.93181829, 0.85560661, 0.85174189],
        [0.12487898, 0.54525958, 0.96586203],
        [0.62478853, 0.54812655, 0.95607319],
        [0.47709695, 0.25012064, 0.54645246],
        [0.97608538, 0.24981722, 0.53912527],
        [0.26880321, 0.95403011, 0.25587067],
        [0.7731259, 0.95247565, 0.2494226],
        [0.22994703, 0.04534563, 0.7512077],
        [0.73208694, 0.04405642, 0.74914159],
        [0.37375769, 0.45566991, 0.03973621],
        [0.87556631, 0.45604791, 0.03325829],
        [0.02106899, 0.74671346, 0.46008371],
        [0.52024582, 0.75029092, 0.46016296],
        [0.44212397, 0.68739274, 0.50318933],
        [0.94073731, 0.68646194, 0.50575426],
        [0.25513001, 0.8665003, 0.72318757],
        [0.75678821, 0.87037512, 0.71299562],
        [0.3555496, 0.46068279, 0.88139193],
        [0.8502042, 0.4692794, 0.88036998],
        [0.4974328, 0.19013351, 0.38766233],
        [0.98688151, 0.19285586, 0.38704262],
        [0.18746146, 0.97135328, 0.21605036],
        [0.69238985, 0.96799819, 0.20752339],
        [0.11091612, 0.36439822, 0.0206129],
        [0.61549133, 0.36688265, 0.99265168],
        [0.0580783, 0.31041885, 0.48170899],
        [0.55607462, 0.31188414, 0.50653153],
        [0.25176953, 0.1280093, 0.28555281],
        [0.75263692, 0.12601218, 0.28368676],
        [0.15048227, 0.53637672, 0.11728975],
        [0.64678664, 0.53235615, 0.11559476],
        [0.00046517, 0.80786732, 0.61640571],
        [0.4996666, 0.8091395, 0.61780339],
        [0.31136394, 0.04030709, 0.78295545],
        [0.81124392, 0.03350959, 0.78971012],
        [0.38346222, 0.63786432, 0.99208576],
        [0.8872923, 0.6349212, 0.98997274],
        [0.38201287, 0.40762643, 0.56521631],
        [0.88184619, 0.41037874, 0.56649033],
        [0.28273886, 0.77507389, 0.42279978],
        [0.78729295, 0.77286834, 0.41521426],
        [0.20908437, 0.55784457, 0.78002998],
        [0.70865827, 0.5711985, 0.77033909],
        [0.02531233, 0.91256302, 0.27283609],
        [0.52726343, 0.91424813, 0.27192715],
        [0.13935912, 0.05977909, 0.92247613],
        [0.63782546, 0.06258983, 0.91580414],
        [0.46205046, 0.2813549, 0.06249189],
        [0.95863401, 0.27561418, 0.06298933],
        [0.11588263, 0.59027975, 0.43392583],
        [0.61531467, 0.58979265, 0.44093283],
        [0.21692807, 0.22128676, 0.57855498],
        [0.71728075, 0.22577625, 0.58039422],
        [0.29346267, 0.42608637, 0.23102672],
        [0.79219424, 0.43318422, 0.22439587],
        [0.46916726, 0.09037496, 0.735576],
        [0.9703397, 0.09010121, 0.72766214],
        [0.3597157, 0.94037314, 0.08253499],
        [0.86358786, 0.94256266, 0.07626236],
        [0.04031846, 0.72123443, 0.9391431],
        [0.53804463, 0.71936343, 0.93716188]
    ],
    "relaxed_energy": -808.25773734,
    "relaxed_forces": [
        [0.00064389, -0.00025466, -0.00045668],
        [-0.00119156, -0.00043819, 9.169e-05],
        [0.00205311, -0.00161002, 0.00053937],
        [-0.00109365, 0.00051183, 0.00026092],
        [-0.00031777, -5.259e-05, -0.00087908],
        [0.00052013, -0.00011187, -0.00022938],
        [0.00159579, 8.196e-05, 0.0025099],
        [0.00037652, 1.073e-05, 0.00142035],
        [-0.00057423, 0.00045472, 0.00153748],
        [0.00025261, -0.00073806, -0.00069887],
        [-0.00033654, -0.00102116, -0.00067704],
        [0.00146861, 0.0002817, -0.00093513],
        [-0.00014675, -0.00239795, -0.00293633],
        [0.00021703, 0.003762, 0.00045531],
        [-0.00058802, -0.00282968, -0.00036083],
        [-0.00210499, -0.00251624, 0.00026037],
        [-0.00043358, -0.00167373, 0.00044153],
        [-0.00036899, -0.00212573, -0.00022485],
        [0.00111741, 0.00239456, -0.00534732],
        [0.00102652, -0.00025512, -0.00268475],
        [0.00016264, -0.00131771, 1.334e-05],
        [-0.00107478, -0.00029502, 0.0005856],
        [0.00309491, -0.00414204, 0.00396552],
        [0.00293546, 0.00319567, 0.00043746],
        [0.00054012, -0.00054516, -0.00147416],
        [0.00045366, 0.00430745, -0.00097009],
        [-0.00220219, -0.00040117, -0.00350622],
        [0.00105078, 0.0025265, -0.00017721],
        [-0.00021707, -0.00374351, -0.00073423],
        [0.00299491, 0.00306944, -0.00179366],
        [-0.00011988, -0.00026121, 0.00163319],
        [0.00011547, -0.00051959, 0.00157934],
        [-0.00143145, -0.0006654, -0.00067442],
        [-0.00180021, 0.00022538, -0.00043962],
        [0.00278609, -0.00203182, 0.00253894],
        [3.608e-05, 0.00038828, 0.00032395],
        [0.00078493, 0.00246709, 0.00629792],
        [-9.182e-05, 8.777e-05, 0.00039841],
        [-0.00333481, -0.001229, 0.00044734],
        [0.00110839, -0.00070305, -0.00212474],
        [0.00093553, -0.00344092, -0.0001987],
        [0.00037004, 0.00093915, -0.0006623],
        [0.00167027, -0.00527468, -0.00346765],
        [-0.00164856, -0.00197318, 0.00263628],
        [-0.00048982, -0.00124586, 0.00018414],
        [4.463e-05, -0.00122459, -0.00052932],
        [0.00122386, -0.00136809, 0.00294877],
        [0.00048882, 0.00333558, 0.00011156],
        [-0.0042861, -4.678e-05, -0.00081278],
        [-0.00018622, 0.00708526, -0.00162834],
        [-0.00026446, 0.00058297, 0.002373],
        [-0.00298794, 0.0020327, -0.0004772],
        [0.00165061, -0.00614343, -0.00310168],
        [0.00051304, 0.00328249, 0.00014002],
        [0.00871934, 0.00187082, 0.00018693],
        [0.00070804, 0.00064358, 0.00032793],
        [-0.00404755, 0.00332868, -0.0007765],
        [0.00112037, 0.00029426, -0.00094964],
        [0.00217579, -0.00191591, -0.00670495],
        [-0.00056662, 0.00370403, 0.0003935],
        [-0.00158639, -0.0017495, -0.00037481],
        [0.00016821, 0.00123299, -0.00136596],
        [-0.00164635, -0.00134233, 0.00119363],
        [0.00078562, 0.00043699, 0.00026742],
        [-0.00101408, -0.00213717, 0.00018526],
        [-0.0021283, -0.00189106, -0.00069829],
        [-0.00016631, 0.00280593, 0.0022244],
        [-0.00178801, -0.00202937, 0.00216666],
        [8.71e-05, -0.00043269, -0.00102952],
        [-0.00131291, 0.00181909, 0.00088145],
        [0.0026597, -0.00221131, -0.00229466],
        [0.00289718, 0.00247918, 0.00324073],
        [0.00146801, 0.00210717, -8.418e-05],
        [-0.00150672, -0.00167199, -0.00068025],
        [-0.00899761, -0.00082898, -0.00173882],
        [-0.00053489, -0.00120327, -0.0018066],
        [-0.00041352, 0.00432137, 0.00344121],
        [-0.00248572, 0.00575167, 0.00753564],
        [0.00246517, -0.00180818, 0.0005303]
    ],
    "relaxed_lattice": [
        [-5.07214796, -14.22809734, -8.48001018],
        [-7.68134544, -0.05877098, -4.14472788],
        [-0.23324471, -0.03375658, -8.68219138]
    ],