{
    "atom_type": [
        "Na",
        "V",
        "P",
        "O"
    ],
    "atoms_per_type": [
        5,
        8,
        12,
        48
    ],
    "coord_mode": "direct",
    "relaxed_basis": [
        [0.25257423, 0.48188546, 0.51549469],
        [0.75389789, 0.5064663, 0.48318466],
        [0.99371254, 0.02335607, 0.9914415],
        [0.55515027, 0.37012737, 0.74681769],
        [0.18887282, 0.74935641, 0.12234122],
        [0.32041985, 0.64663974, 0.64051631],
        [0.8224659, 0.64188015, 0.64051932],
        [0.07044854, 0.14543352, 0.14855586],
        [0.57109062, 0.14236341, 0.14289309],
        [0.17574908, 0.35533273, 0.36170655],
        [0.68277483, 0.35087365, 0.34887299],
        [0.4321635, 0.85491807, 0.86255508],
        [0.92597337, 0.86244911, 0.85900236],
        [0.12553434, 0.54257518, 0.96244513],
        [0.62582904, 0.53291626, 0.95554492],
        [0.48342196, 0.25291843, 0.52989033],
        [0.97826383, 0.25156096, 0.54122847],
        [0.26925033, 0.95731527, 0.24730058],
        [0.7703978, 0.96125838, 0.25181008],
        [0.23195935, 0.03796026, 0.74850567],
        [0.73195156, 0.03899082, 0.75333217],
        [0.37545205, 0.46468496, 0.04268434],
        [0.87542598, 0.46538389, 0.03340865],
        [0.01618534, 0.75281691, 0.46315062],
        [0.51791303, 0.74653591, 0.46854676],
        [0.43460203, 0.71672232, 0.48362032],
        [0.93548578, 0.69874793, 0.49450187],
        [0.24126363, 0.87056554, 0.71316426],
        [0.75453945, 0.87162736, 0.70462914],
        [0.35699145, 0.51184665, 0.86398001],
        [0.85593759, 0.48949879, 0.86746906],
        [0.50028237, 0.25415349, 0.33833825],
        [0.00034979, 0.19592826, 0.37450957],
        [0.18734257, 0.96759546, 0.21197053],
        [0.68632523, 0.00958175, 0.20292037],
        [0.10842113, 0.3629455, 0.01167548],
        [0.60884851, 0.36983148, 0.96370506],
        [0.05819533, 0.30200683, 0.50854694],
        [0.564948, 0.28530035, 0.52195241],
        [0.2454368, 0.12939596, 0.28702801],
        [0.75522825, 0.12068868, 0.30933936],
        [0.14336579, 0.53447652, 0.12219946],
        [0.64942344, 0.47367997, 0.13004604],
        [0.9923813, 0.8071381, 0.62760276],
        [0.50734603, 0.7339898, 0.66051671],
        [0.31667091, 0.99210759, 0.79411553],
        [0.81292514, 0.0143129, 0.80037701],
        [0.39261679, 0.63400754, 0.01956427],
        [0.89092896, 0.63787492, 0.00594551],
        [0.38765489, 0.40912238, 0.58130146],
        [0.88462658, 0.42126068, 0.55199436],
        [0.28424548, 0.76963721, 0.42054362],
        [0.77947385, 0.77366188, 0.41927888],
        [0.21093387, 0.55855849, 0.77592946],
        [0.71144586, 0.56834609, 0.77163672],
        [0.02626488, 0.92143348, 0.27202827],
        [0.5280524, 0.93568415, 0.30913154],
        [0.1388873, 0.05849911, 0.92493491],
        [0.63790387, 0.05930108, 0.92303331],
        [0.46201053, 0.28128768, 0.05372086],
        [0.96257032, 0.28332429, 0.05636961],
        [0.11194658, 0.58992981, 0.44227071],
        [0.61218615, 0.58120206, 0.42048177],
        [0.22087909, 0.22342786, 0.58128045],
        [0.71709473, 0.23094497, 0.58669693],
        [0.28906853, 0.44418964, 0.22368302],
        [0.79069257, 0.43666412, 0.22100052],
        [0.47706322, 0.05904285, 0.68720846],
        [0.96664064, 0.08341705, 0.72861952],
        [0.36175316, 0.93756461, 0.07618811],
        [0.8634215, 0.94645683, 0.08194564],
        [0.03802377, 0.72358518, 0.9301428],
        [0.5403149, 0.71662259, 0.94748611]
    ],
    "relaxed_energy": -763.00769209,
    "relaxed_forces": [
        [0.00030809, -0.00059714, -5.979e-05],
        [0.00046995, 0.00117315, -2.052e-05],
        [-0.00013682, 0.00219785, 0.00025021],
        [0.00013041, -0.00091244, 0.0012236],
        [-0.00230359, 0.00166718, -0.00010839],
        [-0.00102943, -0.00240766, 0.00397238],
        [0.00260229, 0.00199865, 0.00182522],
        [0.00363866, 0.00282032, -0.00844437],
        [-0.00061682, -0.00218554, 0.00252082],
        [-0.0045378, -0.0018972, -0.00606711],
        [0.00076065, -9.925e-05, 4.017e-05],
        [-0.00177545, -0.00260364, 0.00053311],
        [0.00097377, 0.00273705, -0.00033569],
        [0.00501756, -0.00180834, -0.00139582],
        [-0.00081736, -0.00132139, 0.00274478],
        [0.00066272, -0.00247119, 0.00085256],
        [0.00381543, 0.00483424, 0.00089919],
        [0.00465053, 0.0001738, 0.00165601],
        [0.00238927, -0.00335575, -0.00048931],
        [-0.00796585, 0.00200892, -0.00033698],
        [0.00301226, 0.00266135, 0.00066187],
        [-0.00236521, 0.00086536, 0.00173583],
        [-0.00283569, -0.00023616, 0.00090642],
        [0.00223345, 0.00187831, -0.00284375],
        [-0.00449053, -0.00557295, 0.00010479],
        [-0.00031261, 0.00472038, 0.00230385],
        [-0.00211557, -0.0046864, -0.00295696],
        [0.00187435, 0.00499487, 0.00187101],
        [-0.00072612, 0.00129795, -0.0039089],
        [-0.00409153, -1.277e-05, -0.00610316],
        [0.00066197, 0.0011925, 6.55e-05],
        [-0.00084461, 0.00058399, -0.00074002],
        [0.00106308, -0.00136568, 0.00359092],
        [-0.0011574, 0.00104712, 0.00071778],
        [-0.00152061, 0.00081821, -0.00114408],
        [0.00060979, -0.00227896, 0.00153934],
        [-0.00257036, -0.00058786, -0.00028472],
        [0.00076998, 0.00029093, -0.00290839],
        [0.00186828, -0.00179049, 0.00264484],
        [-0.00030704, -0.00039815, -0.00022278],
        [0.00062202, -0.00139623, -0.0003323],
        [0.00178956, -0.00363947, -0.0020012],
        [0.00067425, -0.00109977, 0.00166044],
        [-0.00318944, 0.00134996, 0.00309128],
        [-0.00046465, -0.00207195, 0.00192451],
        [0.00076613, -0.00239289, 0.00408199],
        [0.00153891, 0.00101235, -0.00190713],
        [-0.0017529, -0.00209529, -4.545e-05],
        [0.00148324, 0.00183428, -0.00016746],
        [-0.00173109, 0.0015479, -0.00098534],
        [0.00384655, -0.00218045, 0.00111131],
        [0.00060425, 0.00044438, -0.00384002],
        [-0.00035732, 0.0013571, 0.00039106],
        [0.00025247, -0.00265051, -0.00041091],
        [0.00042348, 0.00071118, -0.00027369],
        [-0.00272126, 0.00140274, -0.00088667],
        [0.00285654, -0.00087298, -0.00452964],
        [0.00101524, 0.00039527, 0.00037141],
        [0.00213114, -0.00062308, 0.00295462],
        [0.00233272, 0.00069891, 0.00214996],
        [0.00178803, 4.091e-05, 0.00055042],
        [-0.00200672, 0.00177642, -2.471e-05],
        [-0.00121498, 0.00036974, 0.00192097],
        [-8.191e-05, 0.00200297, 0.00031697],
        [0.00245346, -0.00085101, 0.00042248],
        [-0.00419697, -0.00095873, 0.00182225],
        [0.0011684, 0.00143827, -0.00142458],
        [0.00150214, -1.607e-05, 0.00361995],
        [-0.00289842, -0.000159, 0.00205768],
        [-0.00077686, 0.00174015, -0.00029467],
        [-0.0008799, -0.00107119, -0.00116319],
        [0.00089429, 0.00166059, -0.00563121],
        [-0.0008625, -0.00107769, 0.00118141]
    ],
    "relaxed_lattice": [
        [-5.02877977, -14.14420981, -8.48639748],
        [-7.47874185, -0.15403592, -4.26109898],
        [-0.16273292, -0.14462111, -8.61887831]
    ],