{
    "atom_type": [
        "Na",
        "V",
        "P",
        "O"
    ],
    "atoms_per_type": [
        12,
        8,
        12,
        48
    ],
    "coord_mode": "direct",
    "relaxed_basis": [
        [0.29423622, 0.48719799, 0.6589069],
        [0.94970587, 0.3179017, 0.35863312],
        [0.44748591, 0.01650936, 0.9766597],
        [0.04218601, 0.01045051, 0.87768059],
        [0.09092202, 0.90666539, 0.58944017],
        [0.75001879, 0.69378698, 0.74756718],
        [0.44350748, 0.97758977, 0.66114555],
        [0.00128753, 0.40412936, 0.93984505],
        [0.60405841, 0.60504783, 0.55335117],
        [0.48213423, 0.06382834, 0.28263907],
        [0.18393166, 0.98150065, 0.0410361],
        [0.77731757, 0.74702445, 0.0747722],
        [0.89061451, 0.20916912, 0.171307],
        [0.26410686, 0.02788266, 0.26022916],
        [0.21002526, 0.63247989, 0.36418941],
        [0.07375854, 0.65731256, 0.94662721],
        [0.16374925, 0.35890283, 0.34855915],
        [0.6209181, 0.3813745, 0.38127267],
        [0.05487959, 0.29942254, 0.69140484],
        [0.2814483, 0.59381806, 0.0871433],
        [0.00255049, 0.82809068, 0.18567473],
        [0.73238667, 0.3986303, 0.98717649],
        [0.54868532, 0.20123033, 0.46215866],
        [0.34812841, 0.4408764, 0.90088784],
        [0.69075318, 0.18714702, 0.88698249],
        [0.76062855, 0.02224047, 0.14427868],
        [0.42300417, 0.45102965, 0.27740417],
        [0.59668896, 0.13786133, 0.74105706],
        [0.8359009, 0.31863049, 0.70404709],
        [0.54170586, 0.74126604, 0.21143404],
        [0.31406403, 0.76978784, 0.7690667],
        [0.69191062, 0.8408317, 0.41089713],
        [0.87381179, 0.11204991, 0.35177793],
        [0.26609656, 0.05551387, 0.10058504],
        [0.46464763, 0.24918762, 0.86472239],
        [0.62169061, 0.95005186, 0.81621674],
        [0.00722905, 0.24127093, 0.14456488],
        [0.55882003, 0.68009332, 0.08115003],
        [0.90398247, 0.87093497, 0.1161745],
        [0.24206163, 0.44858655, 0.89947558],
        [0.28931568, 0.75187953, 0.93210554],
        [0.4990334, 0.24773335, 0.33172382],
        [0.86902299, 0.28950315, 0.97958901],
        [0.75199426, 0.02266082, 4.677e-05],
        [0.11451817, 0.68696916, 0.08297905],
        [0.72753498, 0.31106708, 0.21784962],
        [0.17598562, 0.66472497, 0.52283166],
        [0.48829548, 0.49917241, 0.30335995],
        [0.15946272, 0.28497621, 0.53099462],
        [0.6136663, 0.59581519, 0.30699244],
        [0.4392157, 0.45393239, 0.12845691],
        [0.03139591, 0.44882784, 0.33200398],
        [0.12331981, 0.17681903, 0.81578274],
        [0.69689189, 0.08111025, 0.80780657],
        [0.95186435, 0.49523178, 0.73009846],
        [0.56996859, 0.86757487, 0.15171912],
        [0.7587569, 0.21915906, 0.44093544],
        [0.42774247, 0.76373857, 0.69982861],
        [0.44024636, 0.23157339, 0.58294572],
        [0.65922188, 0.00765745, 0.45257638],
        [0.20870127, 0.76645188, 0.21085681],
        [0.75625726, 0.4536017, 0.80346816],
        [0.57014884, 0.87033369, 0.45559519],
        [0.97890367, 0.60511385, 0.9871972],
        [0.00560307, 0.98725091, 0.10744385],
        [0.81751787, 0.17369044, 0.78440595],
        [0.06956163, 0.80661979, 0.81283718],
        [0.40595976, 0.82024536, 0.28223108],
        [0.70589081, 0.91303, 0.23815812],
        [0.87931117, 0.39792656, 0.17405661],
        [0.80855634, 0.3942777, 0.57120843],
        [0.59737223, 0.37065016, 0.66242203],
        [0.13987887, 0.05253445, 0.38046711],
        [0.5606321, 0.43036762, 0.54915188],
        [0.55652101, 0.9163872, 0.77748219],
        [0.29223442, 0.16305413, 0.26818188],
        [0.97198659, 0.2214605, 0.69043342],
        [0.22011745, 0.48614444, 0.28823299],
        [0.35934715, 0.56614802, 0.76747244],
        [0.69018196, 0.58724834, 0.00285542]
    ],
    "relaxed_energy": -762.27825778,
    "relaxed_forces": [
        [-0.00029128, -0.00058599, 0.00405107],
        [-0.00102778, 7.764e-05, 0.00128658],
        [-0.00027998, 0.00130194, 0.00040799],
        [0.00031409, -0.00062854, 0.00083453],
        [0.00383196, -0.00158872, 0.00161237],
        [0.00410625, 0.00520748, 0.00010988],
        [0.00033952, -0.00373679, 0.00092439],
        [-0.00292518, 0.0016075, -0.00052368],
        [-0.00152428, 0.00124608, -0.00018976],
        [-0.00036568, -0.00406269, -0.00129303],
        [0.00140066, 0.00159547, -0.00172421],
        [-0.00115004, -0.00138439, 0.0003266],
        [0.00092722, -0.00100564, 0.00102024],
        [-0.00117642, -0.00204822, -0.0019851],
        [0.00158648, -0.00219153, -0.001159],
        [0.00060623, -0.00135736, 0.00177431],
        [-0.00121208, 0.00021161, -0.00242943],
        [-0.00211506, 0.00054035, 0.00284485],
        [0.00509313, -0.0017805, 0.00070365],
        [-1.66e-05, 0.00101795, -0.00207452],
        [0.00362208, 0.00261205, -0.00507127],
        [-0.00300652, 0.00442365, -0.00051282],
        [0.0037454, -0.00157769, 0.00091936],
        [-0.00352638, -0.00264947, 0.00077878],
        [-0.00211413, -0.00225496, -0.0011871],
        [0.0022504, -0.00014343, 0.00246309],
        [-0.00693484, -0.00541376, -0.00289306],
        [-0.00258081, 0.00064479, -0.0005967],
        [-0.00087112, 0.00630667, -0.00123545],
        [-0.00162467, -0.00248018, -0.00090907],
        [0.00276683, 0.00086125, 0.00283738],
        [-0.00243175, 0.00122779, -0.00270847],
        [0.00309828, 0.0040099, 0.00204632],
        [-0.00074021, -0.00071707, 0.00226184],
        [-2.275e-05, 0.0001567, 0.00135157],
        [-0.00083967, 0.0027249, -0.00089609],
        [0.00422117, 0.00161577, 0.00143792],
        [3.649e-05, 0.00147289, 0.00116869],
        [0.00060099, -0.00106306, 0.00018198],
        [0.00078255, -0.00033968, 5.283e-05],
        [-0.00011943, -0.00059262, 0.00115329],
        [-0.0014413, -0.00260451, -0.00048639],
        [0.00080998, 0.00110507, 0.00039914],
        [0.00082077, -0.00232258, 0.00050422],
        [-0.00137142, -0.00117409, -0.00142882],
        [-0.00420012, -0.00011553, 0.00051785],
        [-0.00022778, -0.0025739, -0.00068002],
        [-0.00061238, -0.00370989, -0.00178877],
        [-0.00353202, 0.00286478, -0.00154637],
        [0.00059834, 0.00259164, 0.0001582],
        [0.00090028, 0.00165599, 0.00116154],
        [-0.00078305, -0.00033437, 0.00350781],
        [0.0005488, 0.00207408, -0.00066807],
        [0.00039192, 0.0008395, -0.00240786],
        [0.00603082, -0.00151441, 0.00149507],
        [-0.00207365, 9.871e-05, -0.0002975],
        [0.00040933, 0.00282175, 0.00087211],
        [0.00022869, 0.00076277, 0.00207626],
        [-0.00131707, 7.496e-05, -0.00015044],
        [0.00132892, -0.00235476, -0.00014812],
        [0.0005026, -0.00101207, 0.00080678],
        [0.00175723, 0.00364884, -0.00014317],
        [-0.00117981, -0.00049808, 0.00132789],
        [0.0009002, 0.00188172, -0.00066679],
        [0.00140404, -0.00051696, 0.00141729],
        [-0.00035632, -0.00076678, 0.0012908],
        [-0.00095309, -0.00094914, -0.00156663],
        [0.00034154, -0.00333235, 0.00184395],
        [0.00113882, -0.00057232, -0.00089954],
        [0.00204304, 0.00075482, 0.00096553],
        [0.00067014, -0.00073275, -0.00151956],
        [0.00017668, 0.00055035, -0.00074623],
        [-0.00065733, -0.00221045, -0.0013377],
        [-0.00161482, -0.00034261, 0.00040154],
        [0.00213151, 0.00256665, -0.00047165],
        [0.00042304, 0.00029949, -0.00243405],
        [-0.00407995, 0.00203043, -0.00146883],
        [-0.00026328, 0.00018417, -0.00177344],
        [-0.00193551, -0.00012882, 0.00048002],
        [0.00060919, -0.00029944, -0.00175676]
    ],
    "relaxed_lattice": [
        [-6.69827874, -10.45604934, -8.82074085],
        [-9.49147935, -0.06681804, -4.67750396],
        [0.68558369, 1.55213766, -10.88139373]
    ],