{
    "atom_type": [
        "Na",
        "V",
        "P",
        "O"
    ],
    "atoms_per_type": [
        11,
        8,
        12,
        48
    ],
    "coord_mode": "direct",
    "relaxed_basis": [
        [0.2438411, 0.51417877, 0.50436395],
        [0.75013292, 0.49713884, 0.50065286],
        [0.49902112, 0.00152298, 0.0018479],
        [0.01069435, 0.99612821, 0.97971532],
        [0.62550137, 0.88486397, 0.61724348],
        [0.30321806, 0.24966557, 0.88907731],
        [0.80485203, 0.24560652, 0.88426625],
        [0.37203049, 0.11902488, 0.3823665],
        [0.87484551, 0.11455808, 0.37679108],
        [0.19615952, 0.75077767, 0.1182012],
        [0.69468128, 0.75365345, 0.11731164],
        [0.32283137, 0.64108083, 0.64771204],
        [0.82497987, 0.63512265, 0.6447874],
        [0.07259748, 0.14344467, 0.14897983],
        [0.5682758, 0.14826718, 0.14983964],
        [0.1728099, 0.36167683, 0.3566207],
        [0.67591451, 0.36281803, 0.35035662],
        [0.42834601, 0.85783595, 0.85590312],
        [0.93249917, 0.85201274, 0.84691254],
        [0.12474649, 0.54857053, 0.964021],
        [0.62436805, 0.54935884, 0.96416751],
        [0.47511914, 0.25427739, 0.53787617],
        [0.97556057, 0.24758451, 0.53896106],
        [0.27105519, 0.9542578, 0.25517387],
        [0.77250282, 0.95313925, 0.24826188],
        [0.23091664, 0.04564205, 0.7499182],
        [0.7278356, 0.04380601, 0.74953967],
        [0.37395128, 0.45486457, 0.03765509],
        [0.87756358, 0.45205521, 0.03255087],
        [0.02207713, 0.74849693, 0.45950974],
        [0.5235577, 0.74602072, 0.46572337],
        [0.44068, 0.68705028, 0.52407725],
        [0.93911952, 0.69548482, 0.50791933],
        [0.25335904, 0.868232, 0.720786],
        [0.74226454, 0.87306697, 0.71729361],
        [0.3477427, 0.46590134, 0.88764056],
        [0.85067379, 0.4634726, 0.8833712],
        [0.48404641, 0.19432772, 0.3897789],
        [0.98691616, 0.1913332, 0.38613849],
        [0.18875327, 0.97013386, 0.2198044],
        [0.68595243, 0.9785369, 0.21900517],
        [0.11289304, 0.36507721, 0.01568941],
        [0.60617024, 0.37215447, 0.02132949],
        [0.05735469, 0.30439814, 0.48790529],
        [0.56102179, 0.30533626, 0.47551232],
        [0.25561808, 0.12872638, 0.28188771],
        [0.76038519, 0.1245882, 0.27631067],
        [0.14851309, 0.5396019, 0.11689191],
        [0.65316469, 0.53811165, 0.1107528],
        [0.00489648, 0.80837626, 0.61521022],
        [0.512337, 0.80558105, 0.61609151],
        [0.31382243, 0.03647333, 0.77919498],
        [0.81241746, 0.02031746, 0.78331852],
        [0.39047292, 0.63295999, 0.98452686],
        [0.89399285, 0.63234996, 0.97679375],
        [0.38158334, 0.41061788, 0.57103888],
        [0.88119233, 0.4047948, 0.56869858],
        [0.28805189, 0.77398455, 0.42046532],
        [0.78093728, 0.77549123, 0.42147931],
        [0.20861335, 0.56564269, 0.77623622],
        [0.70648606, 0.56279595, 0.77246492],
        [0.0274375, 0.91414354, 0.27138699],
        [0.52470286, 0.91360061, 0.27837806],
        [0.14137508, 0.05785657, 0.92337239],
        [0.63806987, 0.06255482, 0.92230676],
        [0.4563081, 0.27343085, 0.0671063],
        [0.96043497, 0.27323372, 0.06125105],
        [0.1155847, 0.59180133, 0.43541513],
        [0.61833271, 0.59227013, 0.43089235],
        [0.21739039, 0.22255713, 0.57851648],
        [0.71863137, 0.22186599, 0.57623287],
        [0.29180645, 0.43715451, 0.22907053],
        [0.7954143, 0.43667929, 0.22377176],
        [0.47400458, 0.08807843, 0.72560579],
        [0.96769115, 0.08346389, 0.72910814],
        [0.36115296, 0.94091942, 0.07944646],
        [0.86170371, 0.930995, 0.07575101],
        [0.03987875, 0.7220864, 0.93746924],
        [0.54304545, 0.73129971, 0.93413031]
    ],
    "relaxed_energy": -808.49649122,
    "relaxed_forces": [
        [0.00020665, -0.00164525, -0.00033017],
        [0.00096961, 0.00051974, 0.00148784],
        [-0.00051909, -0.00110878, 0.0006212],
        [-0.00023831, 9.523e-05, -0.0015257],
        [-0.0003281, -0.000234, 0.00073766],
        [-0.00016019, -0.00052831, -0.00106654],
        [0.00054097, 0.00144208, 0.00019564],
        [-0.00016021, 0.00079373, 0.00043457],
        [-0.00171405, 0.00024796, -0.00102417],
        [0.00082771, -0.00058057, -0.00254656],
        [-0.00158519, -0.00041988, 0.00077621],
        [-0.00184905, -0.00291538, -0.00221334],
        [-0.00051858, 0.0008948, -0.00074156],
        [-0.00041818, -0.00024233, -0.00257159],
        [-0.00202432, 0.00012991, -0.00058407],
        [0.00013214, 0.00115574, 0.00032119],
        [0.00038023, 0.00078823, 0.00336545],
        [0.00112134, -0.00153211, 0.00025973],
        [0.00293982, 0.00223984, 0.00254701],
        [0.00090266, -0.00675259, -0.00072735],
        [-0.00215886, 0.00315146, -3.62e-06],
        [-0.00125297, 0.00718251, -0.00041543],
        [-0.00180844, -0.00284638, -0.00039311],
        [0.00632415, -0.00345216, -0.00465088],
        [-0.00021276, 0.00528064, -8.034e-05],
        [0.00429966, -0.00442073, 0.00277211],
        [-0.00089502, 0.0044977, 0.0017045],
        [0.00078703, 0.00141305, 0.00741586],
        [0.00354126, -0.00060696, 0.00063934],
        [0.00052768, -0.00141692, 0.00263772],
        [0.00261308, 0.00631045, 0.00237531],
        [-0.0024478, -0.00469523, -0.00251753],
        [0.00172742, 0.00068529, -0.00065209],
        [-0.0057081, -0.00325126, -0.00172697],
        [0.0023247, 0.00319281, 0.00097129],
        [-0.00152376, -0.00211079, -0.00582318],
        [0.00071681, -0.00082481, 0.00153741],
        [-0.00199769, 0.00432385, -0.00047806],
        [0.00055429, -0.00267301, 0.00068449],
        [0.00132508, -0.00202223, -0.00155131],
        [-0.00067463, 0.00367914, 0.00037854],
        [0.00013971, -0.0056989, 0.00181808],
        [0.0025301, 0.00394408, -0.00124311],
        [0.00237377, -0.0036445, -0.00219026],
        [-0.00309409, 0.00220792, 0.00112593],
        [-0.00012472, -0.00214675, -0.00284851],
        [-0.00355016, 0.00218888, 0.00258257],
        [0.00034513, 0.00031064, -0.00260382],
        [-0.00170173, 0.00104605, -8.687e-05],
        [-0.0018724, -0.00236726, -0.00568611],
        [0.00375636, 0.00207997, 0.00131747],
        [0.00117728, -0.00134226, 0.0010354],
        [1.172e-05, -0.00316608, -0.00080908],
        [-0.00140458, -0.00106855, 0.00057407],
        [-0.00486252, -0.00063024, -0.00055678],
        [8.078e-05, -0.00390204, -0.00109112],
        [0.00313575, 0.00164105, 5.627e-05],
        [-0.0048633, -0.0034509, 0.00198346],
        [0.00088805, 0.00075804, -0.00073368],
        [-0.00255657, 0.00114848, -0.0028201],
        [0.00066303, 0.00122799, 0.0042695],
        [-0.00200048, -0.00160548, -0.00131758],
        [0.00217188, 0.00508707, 0.00044989],
        [0.00284378, -0.00151597, -0.00039997],
        [-0.00245677, 0.00234098, 0.00123504],
        [3.889e-05, 0.00107023, 0.00262321],
        [-0.00068391, -0.00451486, -0.00293045],
        [-0.00071788, -0.00312751, -0.0011311],
        [0.003285, 0.0031159, 0.00266849],
        [0.00094525, -0.00151704, -0.00023702],
        [-0.00077248, 0.00288044, 0.00427805],
        [0.0003845, -0.00042467, 0.00103882],
        [-0.00010045, 0.00280335, -0.00098041],
        [-0.00077192, 0.00018935, -0.00013886],
        [0.00282298, -0.00019443, -0.0030644],
        [0.00131568, -0.00201258, -0.00188484],
        [0.00075968, -0.00159447, 0.00332153],
        [-0.00305963, 0.00331512, 0.00122398],
        [0.00035732, 0.00282445, 0.00091279]
    ],
    "relaxed_lattice": [
        [-4.9928302, -14.2289033, -8.51204712],
        [-7.62967809, -0.01004002, -4.17884973],
        [-0.20150615, -0.03339068, -8.698851]
    ],