{
    "atom_type": [
        "Na",
        "V",
        "P",
        "O"
    ],
    "atoms_per_type": [
        10,
        8,
        12,
        48
    ],
    "coord_mode": "direct",
    "relaxed_basis": [
        [0.25001164, 0.50003461, 0.49997111],
        [0.74998452, 0.50000978, 0.50003269],
        [0.49780619, 0.98711449, 0.01345898],
        [0.0021747, 0.0128505, 0.98656477],
        [0.30660622, 0.24881559, 0.89501834],
        [0.80891853, 0.25118013, 0.89287552],
        [0.94004765, 0.62270516, 0.24534346],
        [0.55993607, 0.37728805, 0.75462774],
        [0.19338558, 0.75124462, 0.10494081],
        [0.69105286, 0.74879517, 0.10717267],
        [0.31995715, 0.64314284, 0.6471888],
        [0.82638126, 0.64292232, 0.6398406],
        [0.07025174, 0.14021456, 0.14982023],
        [0.57214064, 0.13844226, 0.15300684],
        [0.18001366, 0.35689505, 0.35284199],
        [0.67361937, 0.35708393, 0.36015083],
        [0.42976568, 0.85982332, 0.85012356],
        [0.92782469, 0.8614986, 0.84697325],
        [0.12378442, 0.54428048, 0.96328177],
        [0.62348724, 0.54652462, 0.95825565],
        [0.47839787, 0.25136143, 0.54948127],
        [0.98290785, 0.24413255, 0.53952491],
        [0.26776069, 0.95479397, 0.24893004],
        [0.76718177, 0.95325526, 0.25013912],
        [0.23226061, 0.04523888, 0.7510145],
        [0.73280027, 0.04671513, 0.74987563],
        [0.37620576, 0.45579039, 0.0366862],
        [0.87649918, 0.45342604, 0.04175547],
        [0.02159785, 0.74861141, 0.45049195],
        [0.51710503, 0.75584587, 0.46049298],
        [0.43732609, 0.69718961, 0.50928714],
        [0.94587628, 0.69374277, 0.46806836],
        [0.24821655, 0.85669839, 0.75069058],
        [0.76059959, 0.86502258, 0.72233965],
        [0.35456542, 0.46292389, 0.88129037],
        [0.86223967, 0.46913831, 0.87251563],
        [0.50829544, 0.18973673, 0.38596311],
        [0.00542228, 0.17573565, 0.38113289],
        [0.19021049, 0.96969119, 0.19960562],
        [0.69274184, 0.95934801, 0.19955941],
        [0.10172171, 0.36746268, 0.02764472],
        [0.60756316, 0.37552706, 0.9880549],
        [0.06269274, 0.30272074, 0.49084781],
        [0.55411697, 0.30623901, 0.53190784],
        [0.25177631, 0.14336894, 0.24923583],
        [0.73941347, 0.13493675, 0.27763561],
        [0.14539173, 0.53714742, 0.11872529],
        [0.63774679, 0.53080745, 0.12750454],
        [0.99167482, 0.81021884, 0.6140451],
        [0.49466055, 0.82427859, 0.61879607],
        [0.30981463, 0.03027756, 0.80038106],
        [0.80724294, 0.04060665, 0.80046859],
        [0.39833054, 0.63257096, 0.97222565],
        [0.89239535, 0.62444952, 0.01198806],
        [0.38374113, 0.41185306, 0.56251753],
        [0.89006918, 0.41173995, 0.54179163],
        [0.27443639, 0.78940022, 0.42813351],
        [0.78274878, 0.77295397, 0.41745293],
        [0.20846624, 0.54709984, 0.77968575],
        [0.71302788, 0.55739401, 0.7807711],
        [0.03660483, 0.91109888, 0.25891769],
        [0.53155778, 0.90838778, 0.26923214],
        [0.1364229, 0.08359434, 0.91525732],
        [0.63644774, 0.06445811, 0.91453407],
        [0.46135181, 0.27722668, 0.06206096],
        [0.95830957, 0.26931705, 0.07869922],
        [0.11624087, 0.58805738, 0.43755334],
        [0.6099549, 0.58825113, 0.45816718],
        [0.22560573, 0.21064351, 0.57181158],
        [0.71722795, 0.22703906, 0.58260419],
        [0.29152867, 0.45308296, 0.22026711],
        [0.7869535, 0.44253847, 0.21924112],
        [0.46342015, 0.08884428, 0.74108244],
        [0.968409, 0.09158723, 0.73076574],
        [0.3636008, 0.91644775, 0.08469488],
        [0.86354119, 0.93544435, 0.08548054],
        [0.03862155, 0.72278939, 0.9379008],
        [0.54168144, 0.7306513, 0.92133766]
    ],
    "relaxed_energy": -801.13104034,
    "relaxed_forces": [
        [-4.685e-05, -0.00019106, 8.91e-05],
        [3.777e-05, 5.891e-05, -2.027e-05],
        [0.00017446, 0.0008778, -0.00267666],
        [-0.00048318, -0.0010006, 0.00263911],
        [-0.00039421, 0.00328493, 0.00076644],
        [0.0011097, -0.003128, 0.00164635],
        [-0.00127231, 0.00087762, 0.00484944],
        [0.00112227, -0.00028904, -0.00506742],
        [0.00026577, -0.00332165, -0.00070056],
        [-0.00131743, 0.00260493, -0.00204297],
        [-0.00575404, -0.0030103, -0.00416751],
        [-0.00266511, -0.00201139, 0.00070237],
        [-0.00325277, 0.00366539, -0.00024087],
        [0.00246931, -0.00013008, -0.0082583],
        [0.00707535, 0.00488317, 0.00266291],
        [0.00245286, 0.00047657, -0.00318054],
        [0.00343823, -0.00191546, 4.88e-06],
        [-0.00276736, 0.00136792, 0.00706244],
        [-0.00221014, 0.00073904, -0.00060914],
        [0.00098704, -0.0039305, -0.00056209],
        [0.00082517, 0.00075129, -0.0018394],
        [-0.00107678, 0.0020541, 0.00074078],
        [0.00119197, 0.00155602, -0.00084644],
        [-0.00122559, -0.00270014, 0.00074965],
        [-0.00092571, -0.00119044, 0.00134534],
        [0.00165512, 0.00211625, 0.00048154],
        [0.00286237, -0.00026837, 0.0002956],
        [-0.00082572, 0.00289052, -0.00068793],
        [-0.00135632, -2.25e-06, 0.00241348],
        [0.00034896, -0.00153759, -0.00164314],
        [0.00127105, 0.0018422, -0.00355038],
        [-0.00027348, 0.00364514, -0.00013173],
        [0.00625165, -0.00115674, -0.00231978],
        [0.00078693, -0.00045152, 0.0048309],
        [-0.00318158, 0.0033372, 0.00137629],
        [0.00365957, -0.00100563, 0.00387028],
        [0.00148825, -0.00540234, -0.00094115],
        [0.00599459, 0.00300027, 0.00562088],
        [-0.00532407, 0.00543696, 0.00300773],
        [0.001004, 0.00353362, -0.00324761],
        [0.00471822, 0.00071874, -0.00347848],
        [0.00262513, 0.0018592, 0.00128372],
        [-0.00240086, -0.00196989, 0.00289596],
        [-0.00058504, -0.00360943, 7.829e-05],
        [-0.00636945, 0.00095724, 0.00304748],
        [-0.000385, 0.00048379, -0.00463338],
        [0.00314625, -0.00372686, -0.00176511],
        [-0.00347588, 0.00113621, -0.00445333],
        [-0.00107093, 0.00497911, 0.00210437],
        [-0.00721121, -0.00483013, -0.00430494],
        [0.0043512, -0.00579383, -0.00286319],
        [-0.00027173, -0.00434705, 0.0036806],
        [-0.00437167, -0.00130163, 0.00286381],
        [-0.00092721, -0.00138572, -0.00080752],
        [-0.00150657, 0.00194986, 0.00174862],
        [-0.00024087, 0.00459169, 6.553e-05],
        [-0.0012601, 0.00305228, -0.0035799],
        [-0.00023973, -0.00146053, -0.00550855],
        [-0.00126231, -0.00271228, 0.00176594],
        [-0.00091661, -0.00508721, 0.00239837],
        [-0.00535664, -0.00017571, 0.00544323],
        [0.0008074, -0.0010574, -0.00166041],
        [-0.00018192, 0.00024334, -0.00188393],
        [-0.00145659, 0.00474893, -0.00308707],
        [0.00467117, -0.00041521, 0.00068666],
        [0.00146981, -0.00173698, 0.00016674],
        [0.0010628, -0.00226292, -0.00113881],
        [-0.00050909, -0.00443467, 0.00056093],
        [0.00030129, -0.00310224, 0.00497317],
        [0.00039844, 0.00168629, 0.00585627],
        [0.00115248, 0.00215572, -0.0006301],
        [0.00045769, 0.0041335, -0.00190277],
        [0.00606175, 0.00030676, -0.00506873],
        [0.0002473, 0.00111572, 0.00159474],
        [0.00029925, 0.00073374, 0.00192943],
        [0.00190507, -0.00340751, 0.00244707],
        [-0.00425158, 0.00018899, -0.00059482],
        [-0.00154404, 0.00141937, -0.00065152]
    ],
    "relaxed_lattice": [
        [-5.1144329, -14.33994634, -8.41025226],
        [-7.62930684, -0.12468863, -4.1440686],
        [-0.17418213, -0.15929497, -8.63606551]
    ],