{
    "atom_type": [
        "Na",
        "V",
        "P",
        "O"
    ],
    "atoms_per_type": [
        9,
        8,
        12,
        48
    ],
    "coord_mode": "direct",
    "relaxed_basis": [
        [0.25011048, 0.47915803, 0.51520047],
        [0.73981032, 0.5033313, 0.51276063],
        [0.49094562, 0.03723426, 0.98071895],
        [0.00077174, 0.99835059, 0.0075417],
        [0.12620485, 0.87566235, 0.62429395],
        [0.81078101, 0.24776298, 0.89360588],
        [0.43926114, 0.62855617, 0.24424131],
        [0.94301598, 0.62255958, 0.25471772],
        [0.69006686, 0.7511244, 0.10872793],
        [0.32335506, 0.64094419, 0.64085651],
        [0.82241934, 0.64464007, 0.65148203],
        [0.07418033, 0.13660232, 0.1402628],
        [0.56903153, 0.14331673, 0.14894505],
        [0.18088152, 0.35698185, 0.35782275],
        [0.67652851, 0.35753895, 0.35759631],
        [0.42400293, 0.86271227, 0.85243122],
        [0.92981772, 0.85628646, 0.85012909],
        [0.12742207, 0.53071103, 0.96293017],
        [0.62480386, 0.5453286, 0.96091818],
        [0.47945813, 0.24633153, 0.54020087],
        [0.98342454, 0.25076552, 0.53845032],
        [0.26851253, 0.96343836, 0.24593878],
        [0.7678366, 0.95611141, 0.25060924],
        [0.2259133, 0.03904197, 0.7499282],
        [0.73188343, 0.04844444, 0.75239228],
        [0.37605778, 0.46290222, 0.03983517],
        [0.87699089, 0.4505669, 0.04582024],
        [0.02540246, 0.74743857, 0.45610678],
        [0.5171464, 0.75401876, 0.45203455],
        [0.43866314, 0.7079515, 0.46484888],
        [0.9428159, 0.70014593, 0.49118062],
        [0.23899848, 0.87885101, 0.70099742],
        [0.75195867, 0.85863046, 0.74707765],
        [0.35989868, 0.49836999, 0.86822766],
        [0.85934505, 0.46280787, 0.88299765],
        [0.50292051, 0.18931783, 0.37378071],
        [0.0074897, 0.19234889, 0.37688851],
        [0.18781389, 0.00210233, 0.18748388],
        [0.69037959, 0.96724839, 0.20345254],
        [0.10001386, 0.3717828, 0.99787069],
        [0.60669588, 0.3659442, 0.01594672],
        [0.06311073, 0.30905257, 0.50074051],
        [0.55976289, 0.29823041, 0.50310992],
        [0.2435123, 0.12344836, 0.30764046],
        [0.74751662, 0.14057221, 0.26391414],
        [0.14659868, 0.4998993, 0.13141432],
        [0.64480106, 0.5331671, 0.12052379],
        [0.0104293, 0.80185396, 0.61471113],
        [0.49254413, 0.80268511, 0.61760603],
        [0.30631799, 0.00279222, 0.80103736],
        [0.81152751, 0.03699987, 0.79407919],
        [0.39269098, 0.62512037, 0.02963006],
        [0.89785705, 0.6210164, 0.00282811],
        [0.38858492, 0.41952851, 0.53935036],
        [0.889044, 0.4154232, 0.55284077],
        [0.27266648, 0.7764026, 0.41308882],
        [0.78196996, 0.77916909, 0.42254747],
        [0.2090397, 0.55665358, 0.77598598],
        [0.71170332, 0.55093589, 0.77979458],
        [0.03667685, 0.91160266, 0.26855218],
        [0.53205133, 0.92007642, 0.26134074],
        [0.13195708, 0.0652304, 0.91569497],
        [0.63724046, 0.0769323, 0.9191543],
        [0.45991338, 0.2780858, 0.06746297],
        [0.95918812, 0.26459733, 0.08384795],
        [0.11808083, 0.57931422, 0.4381806],
        [0.61236542, 0.59191568, 0.43110775],
        [0.21620828, 0.22533735, 0.58203613],
        [0.72127213, 0.21783652, 0.57674672],
        [0.29024011, 0.42820389, 0.22305623],
        [0.78972488, 0.44546366, 0.22516244],
        [0.46449484, 0.08589927, 0.72515665],
        [0.97537522, 0.08680253, 0.72749136],
        [0.36329777, 0.94179029, 0.08851748],
        [0.86486573, 0.92707379, 0.08701333],
        [0.04325585, 0.71995319, 0.94198001],
        [0.5393708, 0.72392891, 0.93576117]
    ],
    "relaxed_energy": -793.48263805,
    "relaxed_forces": [
        [9.271e-05, 0.00036843, -0.00021762],
        [-0.00115241, -0.00010685, 0.00018568],
        [3.029e-05, 0.000499, 0.00033707],
        [-0.00065263, -4.218e-05, 0.00122167],
        [0.00060477, 0.0003456, 0.00131476],
        [-0.00053221, -0.00126512, -0.00124292],
        [-1.291e-05, 0.00101194, -0.00062835],
        [-0.00012193, 0.000647, 0.00142371],
        [0.00235217, -0.00027524, -0.00144364],
        [0.00231584, -0.00233229, 0.00244525],
        [0.00143728, -0.00553422, 0.00175519],
        [-0.00291276, 0.00058426, 0.00480653],
        [0.00899301, -0.00351322, -0.00202534],
        [-0.00246654, 0.00934896, -0.00235503],
        [-0.00600735, 0.00654383, 0.00083259],
        [-0.00134477, 0.00577564, -0.00693631],
        [-0.0024549, 0.00355678, -0.00100502],
        [-0.00043715, -0.00324765, -0.00039864],
        [-0.00114277, 0.00023335, -0.00799166],
        [0.00509919, 0.00538689, -0.00522648],
        [-6.915e-05, 0.00098643, -0.00179515],
        [0.00066876, -0.00049079, 0.00338056],
        [0.00300175, -0.00264472, 0.00071359],
        [-0.00180469, -0.001721, 0.00087603],
        [-0.00611181, 0.00308126, 0.00704023],
        [-0.00182789, -0.00256373, 0.00191584],
        [0.00092634, -0.00021823, 0.00170331],
        [-0.00030411, 0.00069574, 0.00125087],
        [-0.00120053, -0.00277126, 0.0041093],
        [0.00277305, 0.00527099, -0.00581987],
        [0.0009918, 0.00096333, 0.00241226],
        [-0.002957, 0.00363042, -0.00233379],
        [-0.00086542, -0.00228051, 0.00270727],
        [-0.00171243, -0.00252232, 0.00372248],
        [-0.00603475, 0.0001687, -0.00134022],
        [-0.0037936, 0.00066898, -0.00555746],
        [-0.00085817, -0.00133102, -0.00176349],
        [0.00020779, -0.00035936, 0.00162942],
        [0.00331365, -0.0001171, 0.00081788],
        [4.535e-05, -0.00020401, -0.00013622],
        [-0.00794353, -0.00340537, 0.00253312],
        [-0.00302263, -0.00261407, -0.00313869],
        [-0.00496833, -0.00424759, -0.00199104],
        [0.00477574, -0.00019551, 0.00272874],
        [0.00216463, -0.00177012, -0.00284701],
        [-0.00030449, 0.00142468, 0.00253232],
        [0.00692664, -0.00251212, -0.00312991],
        [0.0001819, -0.00058137, 0.00184548],
        [0.00406664, 0.00226585, 0.00080628],
        [-0.00014771, 0.00199107, 0.00059138],
        [-0.00351354, -0.0008863, -0.00011309],
        [-0.00290756, 0.00318224, -0.00094093],
        [0.00452061, 0.00182769, 0.0019674],
        [-0.00292298, -0.00605797, -0.00012929],
        [0.0022856, -0.00211429, -0.00043592],
        [-0.00249465, -0.00066088, -0.0017193],
        [-0.00023875, -0.00052916, 0.00112472],
        [0.00015623, -0.00332025, -0.0025255],
        [8.885e-05, 0.00025694, 0.00383873],
        [0.00031087, 0.00017638, 0.00029937],
        [-0.00050016, 0.00122599, 0.00153588],
        [0.00425119, -0.00050657, -0.00024214],
        [-0.00102846, 0.00115311, 0.00301702],
        [0.00131619, 0.00212094, 0.00174953],
        [0.00019211, -0.00482087, -0.00280572],
        [-0.00061327, 0.00138948, -0.00052406],
        [0.00152574, -0.00322368, -0.00260648],
        [-0.00086962, -0.00310209, -0.00040676],
        [0.00751399, 0.00250039, -0.00418832],
        [0.00015951, 0.00173981, -0.00160213],
        [-0.00158633, 0.00397259, -0.00047324],
        [0.00507144, -0.00020169, -0.00063984],
        [-0.00245904, 0.00028275, 0.00118128],
        [0.00118488, -0.00031228, 0.00456568],
        [0.00219544, -0.00214558, -0.000515],
        [0.00215624, 0.00172168, -0.00128795],
        [-0.00159925, -0.00025052, 0.0035611]
    ],
    "relaxed_lattice": [
        [-4.92739429, -14.31905857, -8.3551024],
        [-7.51636135, -0.15424803, -4.3146977],
        [-0.02481757, -0.19259163, -8.66784754]
    ],