{
    "atom_type": [
        "Na",
        "V",
        "P",
        "O"
    ],
    "atoms_per_type": [
        10,
        8,
        12,
        48
    ],
    "coord_mode": "direct",
    "relaxed_basis": [
        [0.24617116, 0.51597412, 0.49784582],
        [0.74913847, 0.47363332, 0.52258635],
        [0.50038215, 0.99875269, 0.00209724],
        [0.98875868, 0.03779504, 0.98359516],
        [0.62701033, 0.88562284, 0.6130262],
        [0.31137632, 0.24736627, 0.88153887],
        [0.94318214, 0.62398324, 0.24656138],
        [0.37665533, 0.11954358, 0.38434828],
        [0.19330432, 0.751196, 0.10318166],
        [0.69024871, 0.74977943, 0.1230394],
        [0.32136778, 0.6438502, 0.64871332],
        [0.82485321, 0.63319664, 0.64483078],
        [0.07124206, 0.14405466, 0.1481091],
        [0.57103779, 0.14913777, 0.14318033],
        [0.17301663, 0.3606309, 0.35935662],
        [0.68046157, 0.35497405, 0.35317218],
        [0.43156296, 0.85180378, 0.85763184],
        [0.9256019, 0.85934244, 0.84737505],
        [0.12189255, 0.54996521, 0.95823258],
        [0.62778889, 0.54269063, 0.96219381],
        [0.47748933, 0.25513101, 0.53625942],
        [0.98017483, 0.2408504, 0.54127121],
        [0.26921156, 0.95992501, 0.25157483],
        [0.77169158, 0.95474609, 0.24488978],
        [0.23063587, 0.04619388, 0.75515305],
        [0.72782305, 0.03693966, 0.74871991],
        [0.37321051, 0.45421838, 0.03826658],
        [0.87952673, 0.45699015, 0.04005352],
        [0.01934026, 0.75145323, 0.45292712],
        [0.52379427, 0.74697893, 0.46573754],
        [0.43657783, 0.70579876, 0.52008169],
        [0.94150284, 0.7009059, 0.47391143],
        [0.24389237, 0.86375665, 0.74792386],
        [0.73993853, 0.87010899, 0.7145706],
        [0.34589368, 0.4685987, 0.88795151],
        [0.86240347, 0.48841558, 0.86988229],
        [0.48877572, 0.19480483, 0.38539915],
        [0.00486014, 0.18103034, 0.37704453],
        [0.18981896, 0.98084442, 0.20192644],
        [0.69012435, 0.9722111, 0.20857029],
        [0.09940594, 0.37336422, 0.02126068],
        [0.60159905, 0.37729243, 0.01301369],
        [0.06170212, 0.28584835, 0.51043005],
        [0.56232386, 0.30237518, 0.48392769],
        [0.25044593, 0.14071423, 0.2737414],
        [0.75375815, 0.11978583, 0.2867362],
        [0.13472086, 0.54537694, 0.1223652],
        [0.65490331, 0.52572865, 0.11355332],
        [0.994671, 0.80446496, 0.61872993],
        [0.51397413, 0.8066197, 0.61533976],
        [0.31242855, 0.02828559, 0.79288862],
        [0.81242277, 0.98844012, 0.80294234],
        [0.39120908, 0.62908869, 0.9883716],
        [0.9025718, 0.62261313, 0.00887096],
        [0.38357461, 0.41511918, 0.56340492],
        [0.89157697, 0.41237643, 0.53834772],
        [0.27667548, 0.78757599, 0.42729927],
        [0.78468903, 0.76781085, 0.41358406],
        [0.20792853, 0.54970174, 0.77972972],
        [0.71016247, 0.55880746, 0.77127079],
        [0.03563748, 0.91436205, 0.26304663],
        [0.52917846, 0.91371043, 0.27549264],
        [0.13659156, 0.08117842, 0.92147699],
        [0.6377713, 0.0596785, 0.9205027],
        [0.453313, 0.26912348, 0.07124649],
        [0.96106742, 0.27232112, 0.07159554],
        [0.11299121, 0.58746743, 0.43913642],
        [0.61679098, 0.58626152, 0.43627709],
        [0.22425814, 0.21609625, 0.57681077],
        [0.72274016, 0.21732497, 0.58125112],
        [0.28841344, 0.44088585, 0.22793472],
        [0.79338901, 0.44782913, 0.22037158],
        [0.4721761, 0.08936081, 0.7267343],
        [0.96321095, 0.08093292, 0.72799092],
        [0.36242805, 0.93773256, 0.08529152],
        [0.86606609, 0.92666526, 0.07902495],
        [0.0382083, 0.73057229, 0.92174094],
        [0.5465739, 0.73027256, 0.93187508]
    ],
    "relaxed_energy": -801.02662374,
    "relaxed_forces": [
        [0.00088969, -0.00140309, -0.00057028],
        [0.00046658, 0.00160425, 0.00051538],
        [-0.00096533, -0.00074786, 0.0005351],
        [-0.00075509, 0.00011502, 0.0002375],
        [0.00040821, -0.00050283, 7.14e-05],
        [-0.00079126, -0.0005512, -0.00036824],
        [-0.00167719, -0.00086478, -0.00215297],
        [0.00437698, 0.00165626, 0.0053192],
        [-0.00033102, 0.00013747, -6.691e-05],
        [-0.00037793, 0.00069965, -0.00027946],
        [0.00411187, -0.00239456, -0.00317967],
        [0.00071976, 0.00068722, -0.00021575],
        [-0.00072929, -0.00013699, 0.00178489],
        [0.00349265, -0.00561209, -0.00334374],
        [3.453e-05, -0.00152602, -0.00150615],
        [0.00280623, -0.0030915, 0.00091228],
        [-0.00036562, 0.00099189, 0.00178822],
        [0.00208392, -0.000971, 0.0005814],
        [-0.00012646, 0.00220792, -0.00348952],
        [0.00551894, 0.00153301, 0.00734784],
        [-0.00399783, -0.00114757, -0.000299],
        [-0.0028426, 0.00386451, -0.00122519],
        [0.00236384, -0.0026236, -0.00071871],
        [-6.802e-05, -0.00618958, -0.00455593],
        [2.21e-05, 0.00302346, 0.00043046],
        [0.00737784, 0.00065581, -0.00100035],
        [-0.00095999, 0.00409491, 0.00276091],
        [0.00071162, 0.00504954, 0.00049269],
        [0.00124702, 0.00125227, 0.00206342],
        [-0.00146241, -0.00282679, 0.00089269],
        [-0.0013846, 0.00329061, -0.00050878],
        [-0.00181277, -0.0022929, -0.00304161],
        [-0.00147399, 0.00227994, -0.00037113],
        [-0.00187356, 0.00183632, -0.00304432],
        [-0.00088689, -0.00031897, -0.00462381],
        [0.00166328, -0.00105129, 0.00093391],
        [-0.00066864, 0.00250199, 0.00161491],
        [0.00122619, -0.00035125, 0.00037846],
        [-0.0009978, 0.0015218, 0.00078574],
        [-0.00038133, 0.00402631, 0.00105733],
        [-0.0014988, 0.00155098, 0.0005601],
        [-0.00882159, 0.00125387, -0.00208537],
        [4.006e-05, 3.646e-05, -0.00043077],
        [0.00280457, 0.00409678, 0.00405425],
        [-0.0018342, 0.00050095, -0.00165491],
        [-0.0011639, -0.00503996, 0.00233769],
        [2.9e-05, 0.00096951, 0.00321692],
        [-0.00132678, -0.000477, -0.00571762],
        [-0.00237762, 0.0018383, -0.00797926],
        [0.00070097, -0.0007932, -0.00037722],
        [-0.00014217, -0.00051816, -0.00236034],
        [0.00055317, -0.00742966, -0.00439492],
        [-0.0021885, -0.00104044, -0.00115751],
        [-0.00838635, -0.00376997, 0.0022992],
        [0.00151943, -0.00331203, -0.0002211],
        [0.0021595, -0.00260948, 0.00165838],
        [-0.0016858, 0.0016387, 0.00143365],
        [-0.00113534, 0.00067606, -0.00033228],
        [0.00029563, -0.00105356, 0.00154403],
        [0.00300687, 0.00321365, -0.00051691],
        [0.00058354, -5.97e-06, -0.00046237],
        [0.0017605, -0.00120024, -0.00080501],
        [-0.00103726, 0.00045025, 0.00014355],
        [-0.00142272, -0.00077092, 0.00181056],
        [0.00353038, -0.0017918, 0.00088741],
        [0.00248395, -0.00188346, -0.00112093],
        [-0.00061797, 0.00063813, -0.00087706],
        [0.00140996, 0.00093514, 0.00080669],
        [0.00034157, -0.00015316, -0.00135879],
        [-0.00292494, -0.0005654, 0.00368181],
        [-0.00046087, 8.489e-05, 0.00030942],
        [-0.00219252, -0.00117915, 0.0018818],
        [-0.00068114, -0.0001453, 7.609e-05],
        [0.00584564, 0.00244647, -0.00072687],
        [-0.00035321, 0.00193174, -0.00089196],
        [0.00281372, -0.00354533, 0.00620572],
        [-0.00212873, 0.00456574, 0.00340261],
        [-0.00208968, 0.00203026, 0.00121911]
    ],
    "relaxed_lattice": [
        [-5.08693422, -14.25215293, -8.50312365],
        [-7.63610321, -0.06371497, -4.16099123],
        [-0.23260943, -0.05578882, -8.67771026]
    ],