{
    "atom_type": [
        "Na",
        "V",
        "P",
        "O"
    ],
    "atoms_per_type": [
        7,
        8,
        12,
        48
    ],
    "coord_mode": "direct",
    "relaxed_basis": [
        [0.24819092, 0.50593726, 0.49879886],
        [0.74247157, 0.52337715, 0.49027959],
        [0.01452517, 0.00015224, 0.97070118],
        [0.32645099, 0.25424827, 0.90950724],
        [0.54819024, 0.33336588, 0.74874404],
        [0.37606876, 0.0964957, 0.35616454],
        [0.87467173, 0.12105192, 0.3787827],
        [0.31862722, 0.65385123, 0.64171525],
        [0.81883028, 0.64408571, 0.64397713],
        [0.06897321, 0.15258602, 0.14301729],
        [0.57588391, 0.14045758, 0.1428505],
        [0.17481948, 0.36096178, 0.36024216],
        [0.6816399, 0.3555212, 0.34444353],
        [0.4309112, 0.85150426, 0.86539707],
        [0.93182466, 0.85548101, 0.8528703],
        [0.12386352, 0.54218415, 0.96229213],
        [0.6240194, 0.53896386, 0.95477654],
        [0.48110238, 0.24788139, 0.53343711],
        [0.97646988, 0.25295042, 0.53869708],
        [0.26412303, 0.96000281, 0.25722242],
        [0.77602625, 0.9626622, 0.2448171],
        [0.23080406, 0.03405231, 0.75811917],
        [0.73252193, 0.03285644, 0.75479647],
        [0.3770761, 0.46188137, 0.04398873],
        [0.87507615, 0.46490644, 0.03210735],
        [0.01922428, 0.75122036, 0.4621954],
        [0.51945697, 0.75145427, 0.4688768],
        [0.42708471, 0.76012876, 0.48174189],
        [0.93262656, 0.71810897, 0.49741603],
        [0.23534092, 0.86805329, 0.73213104],
        [0.74882001, 0.86637028, 0.70912074],
        [0.36451266, 0.49304638, 0.8669324],
        [0.85013849, 0.4959195, 0.87220886],
        [0.49118163, 0.2122002, 0.36813648],
        [0.98202834, 0.21059699, 0.38136194],
        [0.17657341, 0.00708236, 0.21965444],
        [0.6894805, 0.02227984, 0.19864304],
        [0.09089497, 0.37762244, 0.01817478],
        [0.5999993, 0.37456133, 0.98387382],
        [0.06273977, 0.28789401, 0.49708482],
        [0.57023742, 0.26638087, 0.50484493],
        [0.25618183, 0.1295452, 0.28481641],
        [0.77360888, 0.11993411, 0.28134149],
        [0.14200065, 0.51843513, 0.1255499],
        [0.64548098, 0.49811741, 0.12046509],
        [0.00075071, 0.80777436, 0.62223933],
        [0.50577285, 0.78253281, 0.63942189],
        [0.31813278, 0.98221177, 0.80100247],
        [0.81723572, 0.99789468, 0.79174317],
        [0.39860863, 0.62221723, 0.02048638],
        [0.90458903, 0.62410967, 0.98973936],
        [0.39300329, 0.42483403, 0.55876795],
        [0.8859102, 0.43030023, 0.56251608],
        [0.27198261, 0.77822168, 0.42804944],
        [0.77866677, 0.78000976, 0.4187364],
        [0.2145164, 0.52405615, 0.78939819],
        [0.70635491, 0.56678569, 0.76607308],
        [0.02938939, 0.92368449, 0.27528393],
        [0.54580193, 0.91630165, 0.2843633],
        [0.13779328, 0.07722017, 0.92157036],
        [0.63982472, 0.0617018, 0.92015379],
        [0.46146038, 0.27039944, 0.06615083],
        [0.95648686, 0.27156963, 0.06206478],
        [0.10993218, 0.57995658, 0.44979782],
        [0.60215904, 0.56505791, 0.46005205],
        [0.23081538, 0.21115556, 0.5791732],
        [0.72286243, 0.21762915, 0.58240147],
        [0.2929369, 0.43086439, 0.22676863],
        [0.79128127, 0.44938385, 0.2217132],
        [0.45972759, 0.08699301, 0.72487454],
        [0.96369706, 0.08737274, 0.72689574],
        [0.35364058, 0.9406459, 0.08149815],
        [0.86811078, 0.92135115, 0.07724367],
        [0.04651014, 0.7338692, 0.9143591],
        [0.53775697, 0.723882, 0.93512893]
    ],
    "relaxed_energy": -778.24901217,
    "relaxed_forces": [
        [0.00054864, -0.0005056, 0.00111197],
        [-0.00025373, 0.00014583, -0.00037262],
        [0.00031311, 4.974e-05, 0.00058318],
        [-0.00098805, -0.0021522, 0.00075756],
        [-0.0010375, -0.00029432, -0.00158546],
        [-0.00068886, -0.00030969, -0.00088928],
        [0.00203092, 0.00039065, 0.00019301],
        [-0.00125779, -0.00071478, -0.00154296],
        [-0.00102785, 0.00097505, 0.00211439],
        [0.00129, 0.0004864, -0.00179897],
        [-0.00178486, -0.00160153, 0.00064219],
        [-0.00378482, -0.00466474, 0.00171888],
        [-0.00023493, 0.00524196, -0.0044679],
        [0.00076053, 0.00083887, -0.00103268],
        [0.0005696, 0.00063954, -0.00017206],
        [0.00248652, -0.00123733, 0.00241215],
        [-0.00069774, -0.00019986, -0.00511131],
        [0.00098786, -0.00610305, -0.00381616],
        [0.00027848, 0.0005361, 0.00147499],
        [-0.00766704, -0.00250996, 0.0029402],
        [-0.00228052, 0.00024609, -0.00285194],
        [-0.00166334, -0.00080788, -0.00230486],
        [0.00192892, -0.00277202, 0.00128459],
        [-0.0037158, 0.00234555, -0.00210032],
        [0.00268814, 0.00304241, -0.0005437],
        [0.00104238, 0.00227874, 0.00138175],
        [-0.00160666, 0.0041922, 0.00203201],
        [-0.00106501, -0.00156768, -0.00246133],
        [-0.00099556, -0.00155123, 0.00087862],
        [0.00250429, 0.00045943, 0.0025631],
        [-0.00070324, 0.00066993, -0.00011356],
        [-0.00138666, 0.00164647, -0.00071633],
        [-9.832e-05, 0.00020746, 0.00092302],
        [-0.00257194, -0.00067019, 0.00092257],
        [0.00018539, 0.00173054, 0.00092092],
        [0.00101613, 0.00182038, -0.00220136],
        [-0.00155707, 0.00072152, 0.0010896],
        [0.00060408, 8.102e-05, -0.00015922],
        [0.0008059, 0.00043773, 0.00247161],
        [-0.0020038, -6.393e-05, -0.00076831],
        [-4.938e-05, 0.00348041, 0.00066081],
        [0.00235977, -0.00096688, -0.00055982],
        [0.00121916, 0.0004124, 0.00223394],
        [0.00084565, -0.00107032, 0.00100326],
        [-0.00026391, 0.00328703, 0.00249024],
        [0.00290497, -0.00014059, -9.224e-05],
        [-0.00229212, -0.00135199, -0.00265635],
        [0.00140233, 0.00045923, 0.00481707],
        [0.00295427, -0.00048503, 0.00077841],
        [0.00302167, 0.0006196, 0.00138358],
        [0.00124452, 0.00235273, -0.00106631],
        [-0.00258492, 0.00147845, -0.00204062],
        [0.00168606, 0.00013044, 0.00017209],
        [0.00285315, -0.00247147, 0.00067715],
        [-0.00106882, 3.017e-05, -5.535e-05],
        [0.00061689, -0.00111613, 0.00245027],
        [-0.0003644, 0.00039246, -0.00074461],
        [9.184e-05, -8.204e-05, -0.00100726],
        [-0.00244613, -0.0003187, -0.00075629],
        [0.00102582, -0.00034445, -0.00230968],
        [0.00207215, 0.00058212, -0.00115667],
        [0.00051727, -0.00026081, 0.00191718],
        [0.00242534, 2.378e-05, 6.07e-06],
        [0.00019874, -0.00135554, 0.00112063],
        [-0.00184094, -0.00035329, -0.00258059],
        [0.00077408, 0.00058852, -0.00138668],
        [-0.00094643, 0.00079765, -0.00285573],
        [-0.00108986, -0.00197442, -0.0009915],
        [0.00163831, 0.00114404, 0.00244254],
        [-0.00051469, -0.00250352, 0.00133278],
        [0.00161367, -0.00045709, 0.00115551],
        [-0.00067066, 0.00259455, -8.649e-05],
        [0.00023083, -0.00164209, 0.00075086],
        [0.00042016, -0.00101676, 0.00088081],
        [0.00104575, -0.00192008, 0.00066701]
    ],
    "relaxed_lattice": [
        [-5.15022083, -14.27383636, -8.48067857],
        [-7.55346216, -0.15621915, -4.22422387],
        [-0.24536769, -0.18666042, -8.69549337]
    ],