{
    "atom_type": [
        "Na",
        "V",
        "P",
        "O"
    ],
    "atoms_per_type": [
        11,
        8,
        12,
        48
    ],
    "coord_mode": "direct",
    "relaxed_basis": [
        [0.25425325, 0.50780763, 0.48643463],
        [0.75133741, 0.51596464, 0.48989448],
        [0.49535769, 0.0034509, 0.99777391],
        [0.0074056, 0.96835178, 0.01820309],
        [0.12535647, 0.88428591, 0.61366697],
        [0.80942257, 0.25057918, 0.87932407],
        [0.05866194, 0.37404551, 0.74743447],
        [0.55927323, 0.38525882, 0.75070641],
        [0.37617042, 0.12152465, 0.38213164],
        [0.87510078, 0.1185209, 0.38797114],
        [0.68893503, 0.75166327, 0.1102359],
        [0.32010166, 0.64061296, 0.64358003],
        [0.82202153, 0.64435709, 0.64284915],
        [0.07268125, 0.14401378, 0.14403928],
        [0.57221695, 0.1478967, 0.14882484],
        [0.18266215, 0.35680707, 0.34359951],
        [0.67258371, 0.35524678, 0.35877205],
        [0.42771493, 0.8569712, 0.8574293],
        [0.93022774, 0.85119762, 0.86156356],
        [0.12478002, 0.53515261, 0.95336587],
        [0.62289391, 0.55317182, 0.95206474],
        [0.47481399, 0.25020558, 0.54732363],
        [0.97891734, 0.24973871, 0.54188296],
        [0.27461407, 0.96180751, 0.24623914],
        [0.7718201, 0.95537444, 0.25243793],
        [0.22810647, 0.03473367, 0.75195699],
        [0.73063665, 0.04613266, 0.75287105],
        [0.37611529, 0.46401546, 0.03738035],
        [0.87107301, 0.45336603, 0.04237919],
        [0.02497788, 0.74499393, 0.46325158],
        [0.51819077, 0.75426179, 0.45993405],
        [0.43453993, 0.71360835, 0.49695442],
        [0.94007285, 0.69677667, 0.51637486],
        [0.23713847, 0.87939552, 0.70254464],
        [0.74976101, 0.87460912, 0.71898101],
        [0.35310619, 0.49631266, 0.87529822],
        [0.84704042, 0.47208833, 0.88537873],
        [0.49341547, 0.19904669, 0.38402836],
        [0.99164238, 0.19814466, 0.38388503],
        [0.18696148, 0.01715164, 0.20737566],
        [0.69098965, 0.98127399, 0.20534996],
        [0.09377966, 0.38509718, 0.97774452],
        [0.60255121, 0.38429688, 0.98703137],
        [0.06302984, 0.29059515, 0.50698707],
        [0.55735858, 0.29045602, 0.52459889],
        [0.27033352, 0.11634501, 0.29265474],
        [0.75219088, 0.12432988, 0.29711731],
        [0.15439507, 0.48493249, 0.11457886],
        [0.64485585, 0.5266596, 0.11523092],
        [0.01509275, 0.79246461, 0.6220481],
        [0.50380076, 0.802402, 0.62135534],
        [0.31443212, 0.9857887, 0.79540122],
        [0.81241916, 0.02665451, 0.79263589],
        [0.40664162, 0.62501408, 0.99245497],
        [0.8899126, 0.62645533, 0.99610068],
        [0.38493172, 0.41804093, 0.56109859],
        [0.88476692, 0.40792577, 0.57035259],
        [0.27775112, 0.77913701, 0.41497768],
        [0.78577721, 0.7730721, 0.41530259],
        [0.20309258, 0.56664241, 0.76331693],
        [0.70806224, 0.56309631, 0.77055807],
        [0.02883912, 0.91415441, 0.28141328],
        [0.5309616, 0.91609643, 0.27145652],
        [0.13536875, 0.06692057, 0.91360177],
        [0.63730766, 0.0678052, 0.9186066],
        [0.46045232, 0.27756004, 0.05684575],
        [0.95341028, 0.26810884, 0.06769617],
        [0.11552535, 0.57608497, 0.44075874],
        [0.61045623, 0.58480529, 0.44221389],
        [0.22289734, 0.22107113, 0.58403322],
        [0.71797562, 0.23026295, 0.58632233],
        [0.29814009, 0.44041662, 0.2260918],
        [0.78833588, 0.43612302, 0.23047453],
        [0.4605739, 0.08422525, 0.73145968],
        [0.972328, 0.08161308, 0.72925244],
        [0.36522863, 0.93009898, 0.0800056],
        [0.86228674, 0.94768679, 0.08169709],
        [0.04264077, 0.72356654, 0.94203999],
        [0.54048165, 0.73722974, 0.92594548]
    ],
    "relaxed_energy": -808.30508562,
    "relaxed_forces": [
        [0.00026771, -0.00105216, -0.00076833],
        [-0.00308662, -0.00052043, 0.00017931],
        [-0.00051018, 0.0011057, 0.00219142],
        [-0.00027465, -0.00080153, -0.0005349],
        [-0.00160887, -0.00072757, -0.00190142],
        [0.00018466, -0.00087745, 0.00179505],
        [-0.00221216, -0.0007788, 0.0026682],
        [0.00100022, -0.0010973, -0.00037471],
        [0.0009895, 0.00066065, 0.00084797],
        [-0.00082, -0.00080859, -0.00106644],
        [-0.0005472, 1.137e-05, 0.00189158],
        [0.00426287, 5.562e-05, -0.00016915],
        [-0.00381112, -0.00020892, -0.00092666],
        [-0.00253795, 0.00498, -0.00151362],
        [0.00181774, -0.00066208, -0.00364679],
        [0.00068914, -0.00470093, -0.00510074],
        [0.0001746, 0.00114648, 0.00454842],
        [-0.00271156, 0.00446683, 0.00040456],
        [0.00187353, -0.00432677, -7.95e-05],
        [0.00260604, 0.00136956, -0.00100076],
        [-0.00099813, -0.00330345, -0.00094472],
        [-0.0021253, 0.00065378, -0.00148714],
        [0.00013762, 0.00092295, -0.00088781],
        [-0.00287793, -0.00342285, 0.00010566],
        [-0.0020645, 0.00166679, -0.00153552],
        [0.0007458, -0.00033196, 0.00432379],
        [0.00050472, -0.00106857, 0.0001099],
        [0.0037833, 0.00115178, 0.00281636],
        [0.0010739, 0.0025013, 0.0006765],
        [-0.00115987, 0.00083438, 0.00012747],
        [0.00096373, 0.00073058, -3.725e-05],
        [0.00039202, -0.00318931, 0.00084226],
        [-0.00039564, -0.00179197, -0.00332576],
        [-0.00134436, 0.00185484, -0.00209958],
        [0.00301071, 2.436e-05, -0.00050751],
        [-0.00028019, 0.0013297, 0.00679096],
        [0.00117744, 0.00238174, -0.00138153],
        [-0.00054305, -0.00203032, 0.00249967],
        [-0.00066637, 0.00168256, -3.961e-05],
        [0.00189692, -0.00191403, -0.00156072],
        [-0.00180586, -0.00038296, 0.00139938],
        [-0.00153533, -0.00079923, -0.00178584],
        [0.00058173, -0.00108862, 1.811e-05],
        [0.00020232, 0.00045932, 0.00019708],
        [-0.00060816, -0.00023602, 0.00061294],
        [-0.00247379, 0.00158328, -0.0009549],
        [-0.00395707, 0.00331853, -0.00163259],
        [0.00209455, 0.00080859, -0.00226873],
        [0.00133528, 0.0036599, -0.00310818],
        [2.296e-05, -0.0005716, -0.00254716],
        [-0.00251206, -0.00642279, 0.00088163],
        [0.00198604, 0.00041508, -0.00152928],
        [-0.00065622, 0.00379495, 4.482e-05],
        [0.0066972, -4.419e-05, 0.00084305],
        [0.00292185, 0.0015648, 0.00221348],
        [0.00052629, -0.00095431, -0.00111265],
        [-0.00048148, 0.00012046, -0.00029871],
        [0.00013357, -0.00012687, -0.00041154],
        [0.00225701, -0.00078281, -0.00141362],
        [-0.0026796, 0.00054349, 0.00297912],
        [-0.00241096, -0.00152837, 0.00321093],
        [-0.00097898, 0.00108263, 0.00172606],
        [0.00174574, 0.00342909, 0.0026972],
        [-0.00081366, -0.00466938, 0.00341123],
        [-0.00392836, -0.00105257, 0.00207432],
        [0.00121723, -0.00528969, -0.00219571],
        [-3.719e-05, -0.00160122, -0.00144116],
        [0.00411334, 0.00096963, 0.00334675],
        [0.00555109, 0.00153444, 0.00149622],
        [0.00228956, 0.00095159, 0.00203598],
        [0.00072713, 0.00307997, 0.00064286],
        [-0.000684, 0.00226831, -0.00398659],
        [-0.00110728, 0.00064339, 0.00260347],
        [-0.00313651, -0.00126639, -0.00383742],
        [-0.00086502, 0.0015891, -0.00021843],
        [-0.00014184, 0.00017606, -0.00423904],
        [0.00262292, -0.00111365, 0.00085716],
        [-0.00097982, 0.00180316, 0.00170168],
        [-0.00220916, -0.00178112, -0.00394082]
    ],
    "relaxed_lattice": [
        [-5.00377328, -14.34509468, -8.37093773],
        [-7.5924358, -0.0942979, -4.20757719],
        [-0.10866285, -0.08483902, -8.67702822]
    ],