{
    "atom_type": [
        "Na",
        "V",
        "P",
        "O"
    ],
    "atoms_per_type": [
        7,
        8,
        12,
        48
    ],
    "coord_mode": "direct",
    "relaxed_basis": [
        [0.25893385, 0.47822648, 0.49940208],
        [0.49190559, 0.01297895, 0.00047962],
        [0.99436286, 0.99209644, 0.02119995],
        [0.12437096, 0.88650229, 0.62420142],
        [0.62390729, 0.84230902, 0.59029905],
        [0.80107112, 0.25554774, 0.86344501],
        [0.69706552, 0.7526261, 0.13491929],
        [0.32215172, 0.63819581, 0.64774982],
        [0.82866917, 0.63946668, 0.65208634],
        [0.07202029, 0.14056766, 0.14527055],
        [0.56723935, 0.15269205, 0.14517438],
        [0.18070636, 0.35437782, 0.3559803],
        [0.67712578, 0.36059429, 0.35504323],
        [0.42431998, 0.85952455, 0.85762151],
        [0.93025944, 0.85379081, 0.85226606],
        [0.12504541, 0.53408884, 0.96524037],
        [0.62632442, 0.55164086, 0.9668773],
        [0.47766309, 0.25502825, 0.53182365],
        [0.98058488, 0.26072102, 0.53407561],
        [0.26936153, 0.96070777, 0.24917341],
        [0.76719808, 0.97467471, 0.24889609],
        [0.22628586, 0.03630235, 0.75291294],
        [0.73508843, 0.03288535, 0.74989563],
        [0.37524383, 0.46107279, 0.03841554],
        [0.87554091, 0.44891029, 0.04093518],
        [0.02729489, 0.74601992, 0.46461085],
        [0.51633919, 0.74863855, 0.45843839],
        [0.43084714, 0.70797127, 0.4970416],
        [0.93928849, 0.69495601, 0.53076114],
        [0.23791352, 0.87561168, 0.70670713],
        [0.7572144, 0.83090345, 0.76803791],
        [0.34645017, 0.50568889, 0.8730668],
        [0.85905902, 0.44789951, 0.88192309],
        [0.48323223, 0.21316518, 0.37518185],
        [0.00043506, 0.20436548, 0.37423728],
        [0.18370253, 0.99534224, 0.20908326],
        [0.68106922, 0.96995912, 0.24377027],
        [0.10229151, 0.37042887, 0.99734778],
        [0.61826881, 0.36801225, 0.01025475],
        [0.06515254, 0.29978118, 0.49959572],
        [0.56329549, 0.30489905, 0.47269867],
        [0.2488594, 0.1213669, 0.30413658],
        [0.7503637, 0.17444042, 0.22668792],
        [0.15243017, 0.49418373, 0.12792514],
        [0.64624079, 0.54407611, 0.12474451],
        [0.02052438, 0.79378284, 0.61861268],
        [0.50175733, 0.79399488, 0.62076591],
        [0.31007918, 0.00519195, 0.78791249],
        [0.81762482, 0.04033881, 0.76089264],
        [0.39401415, 0.62604531, 0.01088811],
        [0.89088329, 0.63102339, 0.97980037],
        [0.38433176, 0.41858779, 0.57059102],
        [0.88975156, 0.4330528, 0.55094006],
        [0.27634338, 0.77409447, 0.42310511],
        [0.77992774, 0.82681889, 0.43924785],
        [0.20721601, 0.56310915, 0.77375985],
        [0.71345494, 0.57604517, 0.77702704],
        [0.0284696, 0.91674972, 0.2789453],
        [0.53223998, 0.90922047, 0.26549791],
        [0.13431069, 0.05816356, 0.92559629],
        [0.64437356, 0.06708676, 0.91806065],
        [0.46226636, 0.28192771, 0.04075697],
        [0.96027205, 0.26815961, 0.07752496],
        [0.11835371, 0.57932858, 0.43170254],
        [0.60877412, 0.57506981, 0.44251961],
        [0.21259999, 0.22482517, 0.58241281],
        [0.71779147, 0.18124024, 0.56167371],
        [0.29278445, 0.42589777, 0.22656918],
        [0.78884801, 0.44042513, 0.22452772],
        [0.4785663, 0.07779222, 0.71313732],
        [0.96978926, 0.09204468, 0.72605935],
        [0.3601286, 0.94605152, 0.07945764],
        [0.85717947, 0.93382597, 0.08065094],
        [0.04152307, 0.72174617, 0.94709906],
        [0.54351776, 0.73170771, 0.92756996]
    ],
    "relaxed_energy": -778.44191663,
    "relaxed_forces": [
        [0.0009448, 4.248e-05, 0.00060081],
        [-0.00190589, 0.00040124, 0.0022853],
        [0.00196193, -0.00227525, -0.00019262],
        [0.00107962, 0.00031996, -0.00028976],
        [-0.00143639, 0.00040159, -0.00031005],
        [-0.00327016, -0.00017327, -0.00299089],
        [-0.0004678, -0.00413822, 0.00160005],
        [-0.00025612, 0.00250353, -5.81e-05],
        [0.00341789, 0.00250336, 0.00099903],
        [-0.00192579, -0.00018629, 0.0005419],
        [0.00212857, -0.00209098, -1.9e-05],
        [-0.00241477, 0.00023206, -0.00258961],
        [-0.00245739, 0.00554857, 0.00117091],
        [0.00076759, -0.00010811, 0.00193078],
        [0.00218921, -0.00174241, 0.00084307],
        [-0.0016531, 0.00247686, -0.00183019],
        [-0.00421529, -0.00170672, -0.00035024],
        [0.00090596, -0.00058782, -0.00753942],
        [-0.00169638, -8.642e-05, -0.00013782],
        [-0.00033238, 0.00523878, -0.00293475],
        [0.00034993, 0.00440828, 0.00103637],
        [-0.0009154, 0.00047244, 0.00095953],
        [0.00163987, 0.00088939, 0.00578401],
        [-0.00031407, -0.00073035, -0.00220782],
        [-0.00571443, -0.00271633, -0.00061864],
        [0.00288388, 0.00083591, 0.0015265],
        [0.00160663, 0.00164203, 0.00148465],
        [-0.00204124, -0.00491128, -0.00378804],
        [0.00154115, -0.00371691, 0.00042484],
        [-0.00262404, 0.00162799, -0.00025406],
        [-0.00065102, -0.0012501, -0.00399838],
        [-0.00145404, -0.00308514, 4.483e-05],
        [0.00152519, -0.00124983, -0.0006885],
        [-0.00686814, 0.00481701, 0.00341086],
        [0.0045742, 0.00142863, -0.00384326],
        [0.00081629, 0.00386817, -0.00029132],
        [-0.0041008, -0.00287563, -0.00152043],
        [0.0048781, 0.00089761, -0.00026203],
        [-0.00359314, 0.00307406, -0.00238355],
        [0.00176514, -0.00562771, -0.00333374],
        [-0.00454061, -0.00281306, 0.00277739],
        [0.00147207, -0.0061192, 0.00023788],
        [-0.00071735, -0.00206123, 0.0069398],
        [0.00154706, 0.00289768, 0.00345449],
        [0.00508387, 0.0025509, 0.00550657],
        [9.815e-05, 0.00417823, -0.00622256],
        [-0.0010227, 0.00383626, -0.00414745],
        [0.00012147, -0.0087643, 0.00040899],
        [0.00049564, 0.00213347, 0.00121507],
        [0.00742457, 0.00118164, 0.00084369],
        [-0.00325183, -0.00347866, -0.00087279],
        [0.00019447, -0.00201229, 0.00326302],
        [-0.00092822, -0.00023817, -0.00163607],
        [0.00165609, -0.0039821, 0.00250602],
        [-0.00226445, -0.00257744, -0.00486054],
        [-0.00110089, -0.00109266, 0.00057602],
        [9.28e-06, -0.00192681, -0.00136904],
        [0.00447863, -0.0033102, 0.00184508],
        [-0.00447003, 0.00316944, 0.00184516],
        [0.00235454, 0.00162518, -0.00171138],
        [-0.00170621, 0.00632728, -0.00170734],
        [-0.00287759, 0.0002679, 0.00053242],
        [0.00537204, -0.00516558, 0.00164456],
        [0.0010163, 0.00377894, -0.00104366],
        [0.00084568, -0.00198256, -0.00196867],
        [0.00057702, 0.00315753, -0.00193381],
        [0.00144642, -0.00347268, -0.00085637],
        [0.00056108, 0.00682522, 0.00120363],
        [0.00087583, 0.00082823, 0.00236532],
        [-0.00241838, 0.00237886, 0.00085998],
        [0.00016283, -0.00109761, 0.00389727],
        [0.00147369, -0.00237743, 0.00482379],
        [0.0021318, 0.00225161, -0.00332613],
        [0.00040819, 0.001659, 0.0028541],
        [0.00082337, -0.00094658, -0.00015573]
    ],
    "relaxed_lattice": [
        [-5.04810062, -14.30592801, -8.47248828],
        [-7.5515439, -0.17968283, -4.30959558],
        [-0.21487243, -0.18374102, -8.64883923]
    ],