{
    "atom_type": [
        "Na",
        "V",
        "P",
        "O"
    ],
    "atoms_per_type": [
        12,
        8,
        12,
        48
    ],
    "coord_mode": "direct",
    "relaxed_basis": [
        [0.24433454, 0.51375204, 0.50351486],
        [0.74218276, 0.49192513, 0.51781524],
        [0.51144865, 0.00796683, 0.96965161],
        [0.99768212, 0.99802995, 0.00626166],
        [0.31075411, 0.2543947, 0.88308065],
        [0.8080841, 0.2484567, 0.89821738],
        [0.44463254, 0.61205479, 0.24749351],
        [0.93698725, 0.61471909, 0.24831657],
        [0.05784713, 0.38672275, 0.75618761],
        [0.37566925, 0.11489918, 0.38091577],
        [0.19347721, 0.74896677, 0.11249329],
        [0.6931094, 0.7487159, 0.11458139],
        [0.32355882, 0.64541823, 0.64022415],
        [0.82284081, 0.64573331, 0.64286047],
        [0.07229569, 0.14085829, 0.15201328],
        [0.57261821, 0.13980895, 0.14417349],
        [0.17476593, 0.35496934, 0.36218537],
        [0.67561704, 0.35628571, 0.35707009],
        [0.43023058, 0.85862668, 0.84839527],
        [0.92578244, 0.86276273, 0.84939695],
        [0.12319067, 0.54800733, 0.95571574],
        [0.62649375, 0.54400452, 0.96088551],
        [0.47714422, 0.24735099, 0.53777515],
        [0.9812048, 0.24823292, 0.55194261],
        [0.27216349, 0.95454506, 0.25005484],
        [0.76684044, 0.95276484, 0.25261727],
        [0.23224198, 0.04896048, 0.75291326],
        [0.73150817, 0.04731526, 0.74783932],
        [0.37562978, 0.45608922, 0.04056248],
        [0.87559955, 0.45177024, 0.0461264],
        [0.01916027, 0.75141799, 0.451572],
        [0.51961831, 0.7463574, 0.45189775],
        [0.4437084, 0.68789508, 0.47423733],
        [0.94389699, 0.69475545, 0.47127378],
        [0.26206204, 0.88109624, 0.70086032],
        [0.75824501, 0.86272026, 0.72558119],
        [0.3523291, 0.48432423, 0.87831665],
        [0.86045449, 0.47110871, 0.87644405],
        [0.48851986, 0.18968091, 0.38459449],
        [0.01061579, 0.19842148, 0.38121384],
        [0.19479445, 0.98006031, 0.19493972],
        [0.68949909, 0.96378335, 0.20673015],
        [0.10707376, 0.37866263, 0.98107545],
        [0.60641632, 0.37001465, 0.01727608],
        [0.05822535, 0.30076609, 0.53481944],
        [0.55645789, 0.31141685, 0.48099409],
        [0.25084042, 0.12094342, 0.29944609],
        [0.74611916, 0.13293918, 0.27282908],
        [0.14058625, 0.51983665, 0.12589413],
        [0.64589213, 0.53764811, 0.11884779],
        [0.99378532, 0.7992099, 0.62066722],
        [0.48729758, 0.81091505, 0.61513939],
        [0.30766254, 0.0325859, 0.80841407],
        [0.8081693, 0.0399997, 0.79421327],
        [0.39144032, 0.62420156, 0.01689591],
        [0.89454142, 0.62101717, 0.01121317],
        [0.38248807, 0.41180282, 0.55808079],
        [0.88855147, 0.4153065, 0.55458115],
        [0.28534985, 0.76986861, 0.41068889],
        [0.78127475, 0.77406968, 0.41937149],
        [0.20843415, 0.56865629, 0.77593411],
        [0.71187314, 0.55164419, 0.78012674],
        [0.03748763, 0.90646897, 0.26493027],
        [0.52788854, 0.91091756, 0.26533602],
        [0.13744284, 0.06143668, 0.91512782],
        [0.63887918, 0.06184982, 0.91566468],
        [0.45624326, 0.27117777, 0.06842758],
        [0.96096408, 0.27183109, 0.06841582],
        [0.11331548, 0.58390661, 0.44396175],
        [0.61448454, 0.59148522, 0.43733999],
        [0.22092716, 0.23242766, 0.58807404],
        [0.71679895, 0.21989319, 0.57895471],
        [0.29024243, 0.43381947, 0.22624284],
        [0.79008264, 0.43854899, 0.22497625],
        [0.46840885, 0.09202036, 0.72687243],
        [0.96449394, 0.09290473, 0.73859655],
        [0.36651459, 0.9401521, 0.08514392],
        [0.86206232, 0.92846793, 0.08801994],
        [0.03752491, 0.72576642, 0.93842414],
        [0.5414922, 0.72263811, 0.93319644]
    ],
    "relaxed_energy": -815.97720258,
    "relaxed_forces": [
        [-5.87e-06, -0.00021127, 0.00053667],
        [-0.00275216, -0.00041722, 0.00027439],
        [-0.00198419, 0.00129387, 0.0027805],
        [-0.00174412, 0.00072309, 0.0016733],
        [0.00086025, 0.00128595, 0.00066212],
        [0.00248057, -0.00019714, -0.00100017],
        [-0.00068352, 0.00013904, -0.00107465],
        [-0.0017361, -0.00076889, 0.0009029],
        [-0.00026719, 0.00050686, -9.466e-05],
        [-3.986e-05, 0.00034362, 0.00111883],
        [-5.576e-05, -0.00176289, -3.424e-05],
        [2.402e-05, -0.00045845, 0.00010615],
        [0.00343892, -0.0038563, -0.0029053],
        [-0.00284894, -0.00165466, 0.00095242],
        [-0.0016546, -0.00947312, 0.00146009],
        [-0.00722503, 0.00060078, -0.00098945],
        [0.00025567, -0.00407489, 0.00366874],
        [-0.00034952, -0.004146, -0.00153212],
        [-0.00015316, -0.00429419, 0.00369392],
        [0.00052264, 0.00026485, -0.00129869],
        [0.00198291, -0.00068104, 0.0040056],
        [-0.0050627, -0.00025167, -0.00096559],
        [-0.00131638, 0.00045439, 0.00358088],
        [0.00428748, 0.00023987, 0.00382205],
        [-0.0003714, 0.00247699, 0.00180176],
        [-0.00091153, 0.00110647, 0.00114843],
        [0.00290172, 0.00591321, -0.00244329],
        [0.00167385, 0.00032098, -0.00473088],
        [0.00455987, 0.0014543, 0.00052306],
        [0.00285345, -0.00119129, 0.00258075],
        [0.00287076, -0.00288102, -0.00523127],
        [0.00921725, -0.00201606, -0.00194169],
        [-0.0018568, 0.00467107, -0.00298982],
        [0.00094655, 0.00193514, -0.00105254],
        [0.00333139, 0.00213158, -0.00106373],
        [0.00349327, 0.001334, -0.00290602],
        [-0.00040724, 0.00171664, -0.00107649],
        [0.00365561, -0.00119298, -0.00455991],
        [-0.00067404, 0.00234974, -0.00019603],
        [-0.00434184, 0.00162409, 0.00079255],
        [-0.00139067, -0.00016029, -0.0004843],
        [8.282e-05, -0.00484592, -0.00496122],
        [0.00430934, 0.00467117, 0.00072931],
        [0.0079038, 0.00390126, 0.00149489],
        [-0.00242511, 0.00043588, 0.00143145],
        [0.00084469, -0.0019639, 0.00124862],
        [0.00152567, -0.00258689, -0.00035745],
        [-0.00475112, 0.0027378, 0.00041148],
        [-0.00298177, 0.0016263, 0.00050074],
        [0.00028426, 0.00236597, 0.00627046],
        [-0.00442724, -0.00064801, -0.00053987],
        [-0.00229749, 0.00168259, -0.00148945],
        [-0.00112095, -0.00287545, -0.00260318],
        [-0.00136871, -0.00014023, -0.00060663],
        [0.00154628, -0.00100084, -0.00299106],
        [-7.971e-05, -0.00165698, 0.0030553],
        [-0.00016238, 0.00302801, -0.00021428],
        [-0.00519163, 0.00119468, 0.00229901],
        [-0.00203379, 0.00047794, -0.00024416],
        [-0.00205539, 0.00173402, 0.00143939],
        [-0.00019838, 0.00139156, 0.00067168],
        [0.00097539, 0.00328349, -0.00345914],
        [0.00282496, 0.0005571, -0.00018656],
        [-0.00255149, -0.0033205, 0.00047786],
        [-0.00191505, -0.00058973, 0.00105364],
        [-0.00105899, 0.00024328, 0.00272157],
        [-0.00317387, 0.00430129, 0.00469828],
        [-0.00402773, 0.00437142, -0.00238715],
        [-0.00134307, -0.00033741, 0.0009247],
        [-0.0011836, -0.00067272, -0.00071025],
        [0.00361365, -0.00158081, 0.00103673],
        [0.00126582, -0.00125978, -0.00264112],
        [-0.00102552, 0.00226258, -0.00106825],
        [0.00291612, 0.00176633, 0.0003869],
        [-0.0002118, -0.00064842, -0.00228643],
        [0.00384348, 0.00342843, -0.00333893],
        [0.00012728, -0.00493634, -0.00041232],
        [0.00243692, -0.00429273, 0.00552545],
        [-0.00078149, -0.0042431, -0.00242846],
        [0.00034228, -0.0010585, -0.00096583]
    ],
    "relaxed_lattice": [
        [-5.09827414, -14.38262852, -8.35992651],
        [-7.66721434, -0.11036941, -4.14526984],
        [-0.13514123, -0.12923758, -8.6696462]
    ],