{
    "atom_type": [
        "Na",
        "V",
        "P",
        "O"
    ],
    "atoms_per_type": [
        5,
        8,
        12,
        48
    ],
    "coord_mode": "direct",
    "relaxed_basis": [
        [0.24949475, 0.5010025, 0.49990013],
        [0.74416796, 0.49537869, 0.51542345],
        [0.49352902, 0.0037852, 0.00761244],
        [0.94773563, 0.62948213, 0.2509724],
        [0.16477562, 0.74652213, 0.09430863],
        [0.32575695, 0.64472447, 0.6341699],
        [0.81754471, 0.64778879, 0.65284616],
        [0.07147526, 0.15288531, 0.13291184],
        [0.56918061, 0.14339662, 0.14611285],
        [0.17910094, 0.34745572, 0.36427533],
        [0.68014927, 0.35075422, 0.35845596],
        [0.43177437, 0.85419546, 0.85479712],
        [0.92728947, 0.86116603, 0.85825431],
        [0.12767044, 0.53496665, 0.95030627],
        [0.62533713, 0.5338213, 0.96628091],
        [0.48236388, 0.24781362, 0.53907472],
        [0.98238775, 0.25215836, 0.5359942],
        [0.27022752, 0.96369889, 0.2478912],
        [0.76739917, 0.95945882, 0.25191127],
        [0.23593283, 0.040966, 0.74523343],
        [0.72650233, 0.03660163, 0.75647176],
        [0.37594763, 0.46552599, 0.03399793],
        [0.87535859, 0.46746901, 0.04534432],
        [0.0145599, 0.75259639, 0.46772467],
        [0.52174516, 0.74751435, 0.45934652],
        [0.43733826, 0.70288223, 0.49424437],
        [0.93116257, 0.72111657, 0.48121663],
        [0.25318548, 0.86954708, 0.70718972],
        [0.73974951, 0.87299231, 0.70882573],
        [0.35896453, 0.49300297, 0.86336818],
        [0.85500596, 0.5149871, 0.87128596],
        [0.50137129, 0.19988424, 0.37096647],
        [0.99919617, 0.25592419, 0.34246634],
        [0.18199911, 0.00988629, 0.20812711],
        [0.68517549, 0.99306652, 0.20579501],
        [0.11488418, 0.36930616, 0.95957659],
        [0.60266811, 0.36970096, 0.9970135],
        [0.06570987, 0.26487279, 0.53509164],
        [0.56480352, 0.2914717, 0.50805176],
        [0.26037839, 0.12579914, 0.28711086],
        [0.74905131, 0.12437742, 0.30222415],
        [0.13828497, 0.49622334, 0.13326406],
        [0.64789529, 0.49796404, 0.13353715],
        [0.99671501, 0.76432852, 0.65275176],
        [0.50780038, 0.78893575, 0.62435854],
        [0.3210595, 0.00392858, 0.78706309],
        [0.80881989, 0.98762182, 0.80974693],
        [0.40391257, 0.62911695, 0.99162663],
        [0.89320185, 0.63035633, 0.03257852],
        [0.38961235, 0.42055058, 0.5525311],
        [0.88944899, 0.42571724, 0.56860317],
        [0.28028495, 0.77497505, 0.41663393],
        [0.77978359, 0.7701826, 0.4215781],
        [0.21440923, 0.57053026, 0.77160852],
        [0.71186875, 0.55319182, 0.78128815],
        [0.02933958, 0.92957865, 0.29219507],
        [0.5294496, 0.9184, 0.27458055],
        [0.14604688, 0.04911441, 0.92463036],
        [0.6318519, 0.06444662, 0.92372248],
        [0.45590678, 0.27283851, 0.07350597],
        [0.96498963, 0.28570553, 0.05628658],
        [0.10855613, 0.58666634, 0.42787039],
        [0.61416893, 0.57403173, 0.43591366],
        [0.22525504, 0.22743026, 0.57843883],
        [0.72063482, 0.22010221, 0.58303733],
        [0.28448255, 0.4722597, 0.20772546],
        [0.79265698, 0.4288074, 0.23157331],
        [0.47146496, 0.07670506, 0.72415921],
        [0.96120986, 0.07353761, 0.70158589],
        [0.36261181, 0.93511633, 0.07675875],
        [0.8624356, 0.93539507, 0.08582981],
        [0.0400625, 0.72001236, 0.93553975],
        [0.54102349, 0.72265739, 0.94367917]
    ],
    "relaxed_energy": -763.1838511,
    "relaxed_forces": [
        [-7.506e-05, -0.00071308, -0.00237112],
        [0.00121755, -0.00059847, 0.00063302],
        [-0.00151759, -0.00154409, -0.0002755],
        [-0.00089706, 0.00243411, 0.00318577],
        [0.00114186, 0.00485386, 0.00401425],
        [-0.00200882, 0.0035608, -0.00240809],
        [0.00087153, 0.00153503, 0.00017696],
        [-0.00085675, 0.00220002, -0.00127531],
        [-0.00065922, -0.00217632, -0.00407746],
        [0.00336598, 0.00220267, 0.00085848],
        [0.0046631, -0.00211951, -0.00069942],
        [0.00303237, 0.00336342, 0.00174737],
        [0.00232289, -0.00050931, -0.00011754],
        [0.00165202, -0.0017588, 0.00134371],
        [0.00089294, -0.00106793, -0.00300597],
        [0.00113463, 0.00173879, -0.00018614],
        [0.00140012, 0.00351567, -0.00071291],
        [-0.00024473, -0.00307543, -0.0018769],
        [0.00076317, -0.00213409, 0.00461971],
        [0.00132897, -0.00101254, -0.00158239],
        [-0.00090053, 0.00160914, -0.000661],
        [-0.0003822, 0.00110464, 0.00150182],
        [-0.00096721, -0.00026167, -0.0041023],
        [0.00254466, -0.00107683, 0.00082224],
        [0.00152312, 0.00478333, 0.00278994],
        [-0.00072871, 0.00028633, -0.00029849],
        [-0.00329781, 0.00302323, -0.00036278],
        [-0.00013069, 0.00271084, -0.00030059],
        [0.00111288, 0.00227442, -0.00172855],
        [0.0005979, 0.00053738, -8.863e-05],
        [-0.00041789, -0.00404943, -0.00301991],
        [0.00010719, -0.0023004, 0.0014886],
        [-0.00105716, -0.00313239, -0.00177768],
        [-0.00384817, 0.00233115, -0.00151343],
        [-0.0024969, -3.148e-05, -0.00150388],
        [-0.00325494, 0.00315237, 0.0014669],
        [0.00243554, -0.00062114, 0.00180604],
        [-0.00027836, -0.00208687, -0.00183932],
        [0.00097889, 0.00398602, -0.00182014],
        [0.00118512, -0.00538628, 0.0021413],
        [-0.0010534, 0.0011934, -0.0011828],
        [0.00330672, -0.00313986, 0.0023282],
        [-0.00269002, -0.00020274, 0.00120795],
        [0.00308742, -0.00150035, -0.00170259],
        [-0.00108412, -0.00104216, 0.00199616],
        [0.00122902, -0.00255614, -0.00086139],
        [0.00286812, -0.00218577, -0.00182338],
        [-0.00241813, -0.00068124, -0.00131468],
        [-0.00044335, 0.00137073, 0.00068545],
        [0.00070063, -0.00100961, -0.00202317],
        [-0.00332332, -0.00126169, -0.00173296],
        [0.00219805, -0.00305165, -0.00075816],
        [-0.000591, -0.00022198, 0.00246754],
        [0.00062861, -0.00257029, 0.00122077],
        [-0.00283851, -0.00174025, -0.00054608],
        [-0.00183323, -0.00176816, -0.0022784],
        [-0.00475408, -0.00223014, -0.0007128],
        [0.00109311, 0.0007752, 0.00184846],
        [-0.0032326, 0.00310402, 0.00050946],
        [-0.00192047, 0.00190249, -0.00088901],
        [0.00086216, 0.00113614, 0.0018553],
        [-5.75e-05, -0.000586, 0.00330041],
        [0.00336186, 0.00060665, 0.00306802],
        [0.00045847, 0.00098319, -0.00507657],
        [0.00114569, -0.00090777, -0.00324355],
        [0.00273075, 0.00210456, -0.00107303],
        [0.0052552, 0.00285859, 0.00586897],
        [-0.00307567, 0.00047305, 0.00193773],
        [0.00128884, -0.00148734, 0.00340412],
        [-0.00381996, -0.00351743, -0.00050678],
        [-0.00277895, -0.0011995, 0.00136036],
        [-0.00171448, -0.00155582, 0.00068592],
        [-0.00283849, 0.00236072, 0.00098988]
    ],
    "relaxed_lattice": [
        [-5.07532168, -14.1326596, -8.55636524],
        [-7.50982517, -0.18125371, -4.28287772],
        [-0.17619386, -0.13634531, -8.62758413]
    ],