{
    "atom_type": [
        "Na",
        "V",
        "P",
        "O"
    ],
    "atoms_per_type": [
        7,
        8,
        12,
        48
    ],
    "coord_mode": "direct",
    "relaxed_basis": [
        [0.2444662, 0.4995722, 0.51712301],
        [0.7572137, 0.50593834, 0.47949183],
        [0.50641316, 0.98067866, 0.0020124],
        [0.99417233, 0.02170322, 0.99359014],
        [0.56020099, 0.37723379, 0.74720623],
        [0.37561006, 0.11426787, 0.375539],
        [0.18814145, 0.75368062, 0.11770276],
        [0.31623708, 0.6461991, 0.64422883],
        [0.82558512, 0.63895245, 0.63952797],
        [0.0661628, 0.15279803, 0.15355467],
        [0.57695113, 0.14010207, 0.13809877],
        [0.17528315, 0.3599506, 0.35805189],
        [0.68226906, 0.34864191, 0.34902415],
        [0.43219959, 0.85406456, 0.85499246],
        [0.9260638, 0.86120527, 0.86177833],
        [0.1216641, 0.54655577, 0.96469498],
        [0.62731119, 0.53690634, 0.9529162],
        [0.47954099, 0.24986087, 0.53831323],
        [0.9784046, 0.24634119, 0.5450014],
        [0.27023607, 0.96046674, 0.24719709],
        [0.77273273, 0.9555628, 0.25272027],
        [0.22811034, 0.03983059, 0.7536144],
        [0.73414474, 0.03792981, 0.74630319],
        [0.37580554, 0.46116173, 0.03785595],
        [0.87419709, 0.46607796, 0.03633188],
        [0.01759287, 0.75210413, 0.46396394],
        [0.52097533, 0.7489119, 0.45876616],
        [0.43142422, 0.72553155, 0.49723682],
        [0.93819464, 0.69797876, 0.49287494],
        [0.23372735, 0.87303506, 0.72636159],
        [0.7563783, 0.87186043, 0.69597261],
        [0.34901194, 0.50261381, 0.87641056],
        [0.85666699, 0.49273244, 0.8667688],
        [0.49455401, 0.20943668, 0.3706913],
        [0.99393239, 0.19029954, 0.38442092],
        [0.18632921, 0.99572824, 0.20113993],
        [0.69011797, 0.99158701, 0.21046526],
        [0.09438991, 0.3754468, 0.02592665],
        [0.60525337, 0.37958179, 0.96568073],
        [0.06263186, 0.28695893, 0.50489011],
        [0.56386042, 0.28547953, 0.51563879],
        [0.25931025, 0.12748339, 0.28404267],
        [0.75374091, 0.12228374, 0.30593561],
        [0.14458954, 0.53362407, 0.12098478],
        [0.64729825, 0.48419053, 0.12950625],
        [0.99528535, 0.80232175, 0.62984389],
        [0.51275844, 0.78165398, 0.62607382],
        [0.31704863, 0.98973014, 0.7913413],
        [0.81305253, 0.00816527, 0.8021022],
        [0.40530959, 0.62387839, 0.99438628],
        [0.89279618, 0.63426346, 0.00908452],
        [0.3872237, 0.41607502, 0.56651266],
        [0.88666907, 0.41854468, 0.55621167],
        [0.27638363, 0.77757897, 0.41871739],
        [0.78639005, 0.76930559, 0.41818733],
        [0.20387914, 0.55277513, 0.77971697],
        [0.71334851, 0.56648601, 0.77191516],
        [0.03056886, 0.91768655, 0.27315133],
        [0.53244034, 0.91790257, 0.27400866],
        [0.13669446, 0.07235013, 0.92498924],
        [0.63826759, 0.06047392, 0.90946428],
        [0.45812546, 0.27071715, 0.0559427],
        [0.95856277, 0.28024107, 0.06408637],
        [0.11281801, 0.58760327, 0.44122758],
        [0.61071645, 0.57084329, 0.43757801],
        [0.2249785, 0.2201645, 0.57881177],
        [0.72133417, 0.22827325, 0.58073917],
        [0.29301114, 0.44917913, 0.22727961],
        [0.78809349, 0.44246219, 0.21914497],
        [0.4683503, 0.07474258, 0.72279219],
        [0.96439223, 0.0835775, 0.73353031],
        [0.36412309, 0.92995889, 0.07985325],
        [0.86459948, 0.9458579, 0.08246088],
        [0.03560452, 0.73068993, 0.93658863],
        [0.54296652, 0.72371798, 0.93947942]
    ],
    "relaxed_energy": -778.4862685,
    "relaxed_forces": [
        [9.788e-05, -0.0028003, 0.00076426],
        [0.00058988, 0.00078663, -0.00067042],
        [-0.00039401, -0.0005629, 0.00061572],
        [-6.563e-05, 0.00124897, -0.00031976],
        [0.00041733, -0.00055272, 0.00010667],
        [0.00120312, -0.00019571, 0.00147957],
        [0.00040289, 0.00038001, 0.00143962],
        [0.00176186, 0.00268515, -0.00397459],
        [0.00036373, 0.00480419, -0.00338226],
        [-0.00093151, 0.00319487, 0.00093761],
        [0.00014054, -0.00396446, -0.00275482],
        [-0.00293468, -0.00047726, 0.00190699],
        [-0.00137488, 0.00352697, -0.00034371],
        [0.00149682, -0.00756874, -0.00188414],
        [0.0010105, 0.00117109, -0.00082289],
        [-0.00233135, 0.00088997, 0.00345421],
        [0.00325479, 0.00214105, 4.72e-06],
        [0.00032077, -0.00222631, 0.00271956],
        [0.00192439, -0.00080576, 0.00466878],
        [-0.00136219, -0.00045533, -0.00047528],
        [-0.0012902, 0.00519648, 0.00103224],
        [-0.0044925, 0.00128923, -0.00618344],
        [0.00160699, -0.00127103, -0.00335918],
        [-0.00639771, -0.00039359, 0.00109289],
        [0.00016368, 0.00153155, 0.00085814],
        [0.00238615, -0.00351922, 0.00120286],
        [-0.00193666, 0.0017103, 0.00261422],
        [-0.00656931, -0.00135882, -0.00277206],
        [-0.00191504, -0.00552892, -0.00061632],
        [0.00426028, -0.00083283, 0.00333572],
        [-0.00066618, -0.00139627, -2.521e-05],
        [-0.00272943, 0.00128386, 0.0016406],
        [0.00047803, -0.00036397, 0.00073035],
        [0.00066147, 0.00160913, 0.00187327],
        [-0.00125109, 0.00108747, -0.00641164],
        [0.00030589, -0.0027892, -0.00231222],
        [-0.0026824, 0.00321808, 0.00012717],
        [0.00092544, 3.001e-05, 0.00018743],
        [-0.00201435, 0.00188637, 0.00076065],
        [-0.00012858, -0.00018972, -1.586e-05],
        [0.00290826, -0.00329648, 0.00249525],
        [0.00507328, -0.00326755, 0.00256521],
        [0.00165754, -0.00426965, 0.00104453],
        [-0.00026657, -0.00285943, -0.00267618],
        [0.00257418, -0.00012013, -0.00053572],
        [0.00057151, 0.00024745, 0.0028575],
        [-0.00107674, -0.00100783, -0.00470687],
        [0.00347117, 0.00220611, 0.00257188],
        [-0.00039509, 0.00046396, 0.00093629],
        [0.00396571, 0.001497, 0.00176686],
        [-0.00222497, -0.00173173, -0.00069377],
        [-0.00727536, 0.00480964, -0.00415242],
        [0.00159479, -0.00013901, 5.429e-05],
        [7.796e-05, 0.00104252, -0.00311112],
        [0.00197024, -0.00193239, -0.0031601],
        [0.00335573, 0.00445396, -0.00117742],
        [-0.00140473, -0.00181723, 0.00209908],
        [0.00252951, 0.00043983, -0.00067786],
        [0.00124561, -0.0003759, -0.00047171],
        [-0.00099246, -0.00195902, 0.00265869],
        [0.00060951, -0.00119866, 0.00170498],
        [0.00053599, 0.00197525, 0.00145243],
        [0.00015608, 0.00093562, -0.0004886],
        [-0.00392595, 0.00564295, -0.00132835],
        [0.00411697, 0.00214019, 0.0030654],
        [0.00145876, -0.00127937, 0.00086125],
        [-0.00205714, 5.026e-05, 0.00053273],
        [0.00192432, -0.0004382, -0.00299915],
        [-0.00130712, 0.00193596, -0.0014288],
        [0.00061192, 0.00243524, 0.00108222],
        [-0.0016269, -0.00163698, 0.00137632],
        [0.00044874, 0.00049272, -0.00097448],
        [-0.00197579, -0.00506082, 0.00060004],
        [0.00186541, -0.00310439, -0.00123929],
        [-0.00049913, 0.00230775, 0.00286745]
    ],
    "relaxed_lattice": [
        [-5.02173864, -14.24682925, -8.39763394],
        [-7.51440091, -0.16335157, -4.2213542],
        [-0.1436768, -0.16717449, -8.63149802]
    ],