{
    "atom_type": [
        "Na",
        "V",
        "P",
        "O"
    ],
    "atoms_per_type": [
        7,
        8,
        12,
        48
    ],
    "coord_mode": "direct",
    "relaxed_basis": [
        [0.26876962, 0.47408557, 0.49100185],
        [0.74842777, 0.50090028, 0.50419833],
        [0.50268309, 0.99504931, 0.00012906],
        [0.98261161, 0.01183476, 0.02201376],
        [0.12558518, 0.88865296, 0.60662145],
        [0.06363416, 0.38213928, 0.74942962],
        [0.18809545, 0.74937798, 0.1138617],
        [0.32529917, 0.64016136, 0.63515906],
        [0.81730792, 0.64387122, 0.64986792],
        [0.06887362, 0.14425674, 0.14812472],
        [0.57243125, 0.14332983, 0.1439309],
        [0.18004125, 0.35415211, 0.35138456],
        [0.6773353, 0.35638276, 0.36227558],
        [0.43319174, 0.84833968, 0.85338238],
        [0.9234381, 0.86345603, 0.86256881],
        [0.12345426, 0.54373871, 0.95432442],
        [0.62522722, 0.53609877, 0.966116],
        [0.48352664, 0.24336669, 0.53920006],
        [0.97732453, 0.2571637, 0.54836887],
        [0.27196491, 0.95327499, 0.23733265],
        [0.76805038, 0.96398636, 0.25682471],
        [0.23071998, 0.03532095, 0.74339011],
        [0.72992766, 0.0405144, 0.74997171],
        [0.37963029, 0.45737441, 0.03470268],
        [0.86963096, 0.46663529, 0.04299823],
        [0.01740195, 0.75460235, 0.46536141],
        [0.52168121, 0.75086061, 0.45768345],
        [0.43817852, 0.71941998, 0.48099615],
        [0.93447883, 0.69836906, 0.51825873],
        [0.23939704, 0.87844221, 0.69531647],
        [0.74539538, 0.87445561, 0.70782713],
        [0.35448949, 0.50181996, 0.86880941],
        [0.84441089, 0.50057381, 0.87862702],
        [0.49726777, 0.20495019, 0.37153311],
        [0.00296444, 0.2023341, 0.38365855],
        [0.19100826, 0.97231984, 0.19326782],
        [0.68415287, 0.99722837, 0.21613499],
        [0.09938037, 0.38091558, 0.98768986],
        [0.60266846, 0.36744443, 0.00281521],
        [0.05843315, 0.29995329, 0.52871531],
        [0.56897314, 0.2888956, 0.50032573],
        [0.24631431, 0.12198341, 0.28588477],
        [0.75591433, 0.12939885, 0.29571096],
        [0.14422328, 0.52274635, 0.11714482],
        [0.64852504, 0.50355986, 0.13048281],
        [0.00592243, 0.80376066, 0.62523602],
        [0.50389565, 0.79392139, 0.62853303],
        [0.31431029, 0.9815788, 0.79816755],
        [0.81616349, 0.00320939, 0.79259055],
        [0.40425125, 0.61950029, 0.00517774],
        [0.89404639, 0.63308653, 0.00159146],
        [0.39226465, 0.41236828, 0.56331287],
        [0.88337916, 0.42356087, 0.56576902],
        [0.28169318, 0.76876855, 0.40888494],
        [0.78069943, 0.77777322, 0.42698211],
        [0.20384072, 0.57120538, 0.76350925],
        [0.70936064, 0.55536713, 0.77879424],
        [0.02571758, 0.91768923, 0.27517331],
        [0.53840381, 0.91957304, 0.2728579],
        [0.13536483, 0.06016481, 0.9112434],
        [0.6393717, 0.06169036, 0.92099769],
        [0.46240638, 0.26916719, 0.05879453],
        [0.95704962, 0.28532305, 0.05061236],
        [0.11262826, 0.58819703, 0.44183343],
        [0.61307597, 0.57768999, 0.44433895],
        [0.22150558, 0.22648323, 0.58047743],
        [0.72081508, 0.22634536, 0.58241052],
        [0.29195778, 0.44673563, 0.21704148],
        [0.78792021, 0.44122077, 0.23101903],
        [0.47598984, 0.07243987, 0.72151259],
        [0.96624598, 0.08619205, 0.73619674],
        [0.36542617, 0.93607464, 0.06819495],
        [0.85982966, 0.93781467, 0.0865388],
        [0.03712413, 0.73370688, 0.93027542],
        [0.54178838, 0.72223813, 0.94146782]
    ],
    "relaxed_energy": -778.64243542,
    "relaxed_forces": [
        [0.00272591, 0.00059219, -0.00014182],
        [-4.638e-05, 0.00324767, -0.00117613],
        [0.00099609, 0.00204624, 0.00426797],
        [-0.00129755, 0.00066988, -0.00056301],
        [-0.00168073, -0.00010634, -0.00100256],
        [-0.00274266, -0.00304839, -0.00476596],
        [-0.00063164, -0.00227597, -0.00424624],
        [-0.00100864, 0.00119072, 0.00064611],
        [0.00140642, 7.179e-05, 0.00031182],
        [-0.00189842, 0.00301355, -0.00084637],
        [0.00526789, -0.00126191, 0.00056625],
        [0.00114379, 0.00340692, 0.00348138],
        [0.00731365, -0.00100405, 5.125e-05],
        [0.00590716, -0.00162974, 4.26e-06],
        [0.00277086, -0.00048587, 0.0007412],
        [0.0049983, 0.00018518, 7.365e-05],
        [0.00409759, -0.00081503, 0.0006821],
        [-6.184e-05, -0.00468231, 0.00049318],
        [0.0028545, 0.00010188, -0.00234828],
        [0.0032401, 0.00440198, -0.00215096],
        [0.00049686, -0.00402741, 0.0007949],
        [-0.00191298, -0.00338547, 0.00050756],
        [-0.00027167, -0.00220055, -0.00471798],
        [-0.00098547, 0.00057666, 0.0003928],
        [-0.0032071, -0.0033081, 0.00100754],
        [0.00061575, -0.00037069, -0.00220593],
        [-0.00046347, 0.00283822, 0.00444974],
        [-0.00341516, -0.00076072, 0.00047411],
        [-4.312e-05, -0.00165408, -0.00067647],
        [0.00184307, 0.00070876, 0.00155584],
        [-0.00036358, -0.00099621, 0.00099232],
        [0.00042245, 0.00434861, -0.00468955],
        [-0.00288404, 0.00127925, -0.00294964],
        [-0.00399416, 0.00182812, 0.00091237],
        [-0.00319147, 0.00062381, -0.00069431],
        [-0.00486052, 0.00097589, -0.00103162],
        [-0.00376802, -0.00169144, -0.00240897],
        [-0.00276462, 0.00040422, -0.00066449],
        [-0.00134581, -0.00113595, 0.00518489],
        [-0.00034185, -0.0018615, -0.00135182],
        [0.00473802, 0.00253193, 0.00122169],
        [0.00108072, -0.00076709, 0.00333205],
        [-0.00108925, -0.00086672, -0.00248099],
        [1.371e-05, -0.00362004, 0.00166282],
        [0.00247153, -0.00164282, -0.00269672],
        [0.0003425, 0.00072343, 0.00106885],
        [0.00081989, -0.00116257, -0.00415156],
        [-0.0009414, 0.00254257, 0.00209637],
        [0.00292204, 0.00279277, 0.00065619],
        [9.01e-05, 0.00044229, -0.00147715],
        [-0.00021606, 0.00090328, 0.0032496],
        [-0.00105655, 0.00029922, 0.0029284],
        [-0.00024742, -0.00263571, 0.00423384],
        [-2.32e-06, -0.00124077, 0.00156164],
        [0.00191813, 0.00047944, 0.00450079],
        [-0.00401166, -0.00339199, -0.00091419],
        [-0.00147293, -0.00079436, -0.00125309],
        [0.00117398, 0.00060381, -0.00359237],
        [0.00327186, 0.00026572, 5.357e-05],
        [-0.00052107, 0.00275558, -0.00319262],
        [0.00068422, 0.00190191, 0.00163965],
        [-0.00226304, -0.00559373, 0.00167209],
        [-0.00352948, 0.00018877, 0.00056316],
        [-0.00135309, 0.0009337, -0.0011751],
        [0.00577091, 0.00176981, -0.00078122],
        [-0.00408935, 0.00217952, -0.00451864],
        [-0.00228874, -0.00041096, 0.00259138],
        [0.00051815, 0.00402193, 0.00468934],
        [0.00135309, 0.0016731, -0.00167229],
        [0.00073069, -0.0030871, 0.00071052],
        [-0.00500467, -0.00255103, -0.0012377],
        [0.00045355, 0.00238498, -7.175e-05],
        [-0.00239073, 0.00099226, 0.00162336],
        [-0.00156222, 0.00254363, 0.00374472],
        [0.00076738, -0.00097454, -0.00354382]
    ],
    "relaxed_lattice": [
        [-5.06084372, -14.19745912, -8.37186481],
        [-7.55272532, -0.14811187, -4.20470992],
        [-0.19423252, -0.13725501, -8.62419515]
    ],