{
    "atom_type": [
        "Na",
        "V",
        "P",
        "O"
    ],
    "atoms_per_type": [
        12,
        8,
        12,
        48
    ],
    "coord_mode": "direct",
    "relaxed_basis": [
        [0.25776158, 0.48264591, 0.49616358],
        [0.49194718, 0.98825655, 0.02685327],
        [0.99872331, 0.01267116, 0.99183318],
        [0.12597737, 0.87671638, 0.61821614],
        [0.6263437, 0.87126639, 0.61125238],
        [0.30622493, 0.24765645, 0.88918828],
        [0.80224622, 0.25487408, 0.85676674],
        [0.92501323, 0.59405387, 0.24689844],
        [0.57040033, 0.39607329, 0.75160755],
        [0.87272864, 0.13249487, 0.39037523],
        [0.19488103, 0.75004415, 0.11202077],
        [0.69566754, 0.74930237, 0.14233205],
        [0.32381534, 0.64209421, 0.64471052],
        [0.8243094, 0.63746002, 0.64443821],
        [0.07231451, 0.14007764, 0.14380856],
        [0.56846348, 0.14693736, 0.15484931],
        [0.18075803, 0.35583088, 0.35122457],
        [0.67416694, 0.36508019, 0.35862524],
        [0.42746991, 0.85805414, 0.85229982],
        [0.92960842, 0.85433775, 0.84588058],
        [0.12456625, 0.54480329, 0.96391605],
        [0.62318709, 0.54911019, 0.96349668],
        [0.478451, 0.25609772, 0.54974604],
        [0.9805156, 0.2473843, 0.53682682],
        [0.26951139, 0.95415101, 0.24827064],
        [0.77317713, 0.96203869, 0.24713057],
        [0.22852432, 0.0446418, 0.74714729],
        [0.72775693, 0.04039935, 0.75045271],
        [0.37601365, 0.45247237, 0.03586114],
        [0.87470592, 0.45057686, 0.03751509],
        [0.02460026, 0.74311694, 0.45723171],
        [0.52055677, 0.75818962, 0.46024327],
        [0.43696875, 0.71032976, 0.50985554],
        [0.94300481, 0.68730655, 0.50516429],
        [0.24251946, 0.86977401, 0.72203842],
        [0.74331025, 0.87412632, 0.71279302],
        [0.3486969, 0.46631478, 0.88546221],
        [0.85397325, 0.46847151, 0.87762988],
        [0.50316014, 0.20222054, 0.38667622],
        [0.99077811, 0.19233897, 0.38362267],
        [0.18742152, 0.96704248, 0.2129988],
        [0.68972057, 0.98547558, 0.21097164],
        [0.1032017, 0.37228744, 0.02187501],
        [0.6065241, 0.37782601, 0.99449517],
        [0.06441559, 0.29641338, 0.48384399],
        [0.55648705, 0.31106962, 0.52321159],
        [0.25067986, 0.13497111, 0.26492745],
        [0.75766324, 0.12859267, 0.28434572],
        [0.1497374, 0.53553741, 0.11410487],
        [0.64298238, 0.52636402, 0.12720056],
        [0.00904892, 0.803054, 0.61239266],
        [0.50988357, 0.81325515, 0.61354144],
        [0.30886648, 0.02340929, 0.79137294],
        [0.81382335, 0.01615436, 0.78156702],
        [0.3971461, 0.62636917, 0.97589666],
        [0.89249675, 0.62241311, 0.00062491],
        [0.38360261, 0.41304128, 0.57070404],
        [0.88869569, 0.40927346, 0.55888467],
        [0.27715809, 0.78309648, 0.42490908],
        [0.7878712, 0.77942796, 0.41163312],
        [0.2039076, 0.56338911, 0.77364664],
        [0.70801953, 0.56699334, 0.7809263],
        [0.02632072, 0.91139044, 0.27312229],
        [0.53385815, 0.91605219, 0.27057869],
        [0.13700282, 0.06342975, 0.91696397],
        [0.63930816, 0.06203662, 0.92119301],
        [0.46261678, 0.27711881, 0.05226725],
        [0.95580372, 0.26900985, 0.07225922],
        [0.11937688, 0.59045556, 0.42873824],
        [0.61174351, 0.59227094, 0.44313536],
        [0.21729563, 0.22039812, 0.57782799],
        [0.71585647, 0.22239616, 0.5849837],
        [0.29453383, 0.44059802, 0.22196974],
        [0.79080968, 0.4354341, 0.22118536],
        [0.46912886, 0.09020133, 0.73542625],
        [0.97413438, 0.08277055, 0.723186],
        [0.36069923, 0.9291054, 0.08297586],
        [0.86286725, 0.93974727, 0.07519512],
        [0.03890055, 0.72445209, 0.94075826],
        [0.54246703, 0.7310431, 0.93005975]
    ],
    "relaxed_energy": -815.72093121,
    "relaxed_forces": [
        [0.00059338, -0.00026537, 0.0002841],
        [0.002186, -0.00137125, -0.00067042],
        [-0.00043396, 0.00125129, -0.00015997],
        [-0.00115593, -0.0003093, -0.00377332],
        [0.00052302, 0.00065971, -0.00042374],
        [0.00063752, -0.00043587, -0.00217401],
        [-0.00171468, 0.00119826, 0.00162469],
        [0.00269339, 0.00337893, 0.00453076],
        [-0.00165668, -0.00043836, -0.0008926],
        [0.00097537, -0.00032683, -5.05e-05],
        [0.00024366, -0.00023687, 0.00018828],
        [0.00090172, -0.00048495, 0.00058968],
        [-4.64e-06, -2.734e-05, 0.00025142],
        [0.00063363, 0.00010141, -0.000271],
        [-0.00020913, -8.249e-05, 0.00034141],
        [-0.00065531, -0.0006416, -0.00086188],
        [-0.00041155, 0.00029055, -0.00045826],
        [-0.00049591, -0.00017266, 0.00024245],
        [0.0002111, -0.00018911, -8.3e-07],
        [-0.00146732, 0.00125196, 0.0008938],
        [-0.00198324, 0.00191379, -0.00125689],
        [-0.00065476, 0.00041986, 0.00088532],
        [0.00266464, 0.00062484, 0.00445152],
        [-0.00117111, -0.00125417, -0.00033871],
        [-0.00193998, -0.00166528, -0.00045857],
        [0.00055335, 0.00134468, -0.00078418],
        [-0.00175544, -0.00038745, -0.0001006],
        [-0.00084713, 0.00050228, -0.00372938],
        [0.0004151, 0.00044838, -2.316e-05],
        [0.00034614, 0.00013875, -0.00032656],
        [-0.00029529, -0.00174366, -0.00038499],
        [-0.00087377, -0.00233996, -0.00069271],
        [-0.00255416, -0.00265778, -0.00158546],
        [-0.0025546, -0.00053972, -0.00284966],
        [-0.00013331, 0.00101792, -0.00138663],
        [-0.00090664, 0.00074037, 4.738e-05],
        [0.00143674, -0.00233482, 0.00075184],
        [0.00056343, 0.0016787, 0.00176758],
        [-0.00150037, 0.00045358, 0.00354943],
        [0.00016657, 0.00157205, 0.00015976],
        [0.0014515, -9.597e-05, -0.00019436],
        [0.0020946, 0.00031595, -0.00096898],
        [-0.00205343, 0.00119263, -0.00117147],
        [0.00209905, -0.00110488, -0.00256725],
        [0.00067441, -0.00183008, 0.00100403],
        [0.00369296, 0.00321809, 0.00326589],
        [0.00054733, -0.0005615, -0.00044701],
        [-0.00140272, -0.0030937, 0.00197387],
        [-0.00037606, 0.00093623, -0.00152284],
        [-0.00225406, -0.00035087, -0.00052998],
        [-0.00254607, -0.00140545, -0.00571082],
        [0.00095363, 4.089e-05, 0.00091631],
        [0.00010937, 0.00066895, 0.00039631],
        [-0.00184796, -0.00133386, 0.00592975],
        [0.0014474, -0.00190175, 0.00274995],
        [0.00084489, 0.00108855, 0.00147273],
        [0.00017099, -0.00196872, -0.00186938],
        [0.00052489, 0.00071056, 0.000716],
        [0.00073439, 0.00268062, 0.00118841],
        [-0.00081525, 4.767e-05, -0.00124178],
        [0.00133808, 0.00056499, -1.175e-05],
        [-0.00059909, -0.00200903, -0.00106355],
        [0.00133895, 0.00129458, -0.00023022],
        [0.0031405, 0.00206819, 0.00189725],
        [0.00038012, 0.00021439, 0.00031884],
        [-0.00088046, -1.305e-05, -0.00084553],
        [-0.0001575, 0.00125475, 0.00138132],
        [0.00097265, -0.00149745, -0.00144394],
        [0.00069216, 6.769e-05, -8.847e-05],
        [-0.00044816, 0.0013579, 0.00052209],
        [-5.534e-05, -0.00018639, 0.00077367],
        [0.00132341, -0.0004944, 0.00098143],
        [-0.00013362, 0.00118371, 0.00071029],
        [-0.00067847, 0.00127406, -0.00229872],
        [-0.00227625, -0.00062823, -0.00164159],
        [-0.00138281, 0.00043982, 0.00045839],
        [0.00229708, -0.0015699, 0.00094522],
        [0.00016214, 0.00068074, 0.00167501],
        [6.84e-06, -0.00194778, -0.00110693],
        [0.00054007, -0.00039041, -0.00122754]
    ],
    "relaxed_lattice": [
        [-5.04734577, -14.34160168, -8.42568713],
        [-7.66753103, -0.05165341, -4.1911674],
        [-0.16335177, -0.05565227, -8.71256231]
    ],