{
    "atom_type": [
        "Na",
        "V",
        "P",
        "O"
    ],
    "atoms_per_type": [
        11,
        8,
        12,
        48
    ],
    "coord_mode": "direct",
    "relaxed_basis": [
        [0.25602817, 0.5192815, 0.46986796],
        [0.74539088, 0.51533106, 0.48934822],
        [0.50577202, 0.98732687, 0.00583008],
        [0.0025935, 0.97334042, 0.0210169],
        [0.12573415, 0.89140022, 0.61760041],
        [0.62317167, 0.89407454, 0.62292231],
        [0.30980782, 0.25068917, 0.87482866],
        [0.80803323, 0.24570745, 0.88088912],
        [0.05677799, 0.37873796, 0.74952733],
        [0.37366147, 0.10958788, 0.39110674],
        [0.87448388, 0.11953198, 0.39048792],
        [0.32442514, 0.64496062, 0.6427752],
        [0.81868053, 0.64310117, 0.65156376],
        [0.07086213, 0.14613431, 0.1440803],
        [0.57010163, 0.1492933, 0.14227466],
        [0.17985744, 0.36045199, 0.34662569],
        [0.67843608, 0.35773924, 0.35540501],
        [0.42968328, 0.84828629, 0.85818653],
        [0.93032113, 0.84721684, 0.85725834],
        [0.12522771, 0.53920884, 0.95093613],
        [0.62219831, 0.54131299, 0.96391213],
        [0.47861581, 0.2498962, 0.53393198],
        [0.97593872, 0.25498243, 0.54113015],
        [0.27353169, 0.96341371, 0.24971443],
        [0.77104856, 0.96277769, 0.25210179],
        [0.22649077, 0.04063071, 0.75357019],
        [0.7265448, 0.04197727, 0.75475883],
        [0.37738226, 0.45161995, 0.03665565],
        [0.87265009, 0.45234178, 0.04170046],
        [0.02282794, 0.75112073, 0.4640168],
        [0.52461156, 0.75275168, 0.46269929],
        [0.43226434, 0.73926002, 0.50392762],
        [0.93427101, 0.71273777, 0.52396623],
        [0.2383209, 0.87910138, 0.7083898],
        [0.73445975, 0.87771964, 0.71795649],
        [0.35103725, 0.47360763, 0.88133751],
        [0.84308357, 0.47466997, 0.89015895],
        [0.48425064, 0.20019274, 0.38038412],
        [0.98800724, 0.20810894, 0.38095668],
        [0.1857956, 0.01603952, 0.21351173],
        [0.68230948, 0.02167183, 0.21222894],
        [0.09561168, 0.38617341, 0.97573325],
        [0.59069776, 0.37852266, 0.01208673],
        [0.06054287, 0.29016638, 0.51025946],
        [0.56964682, 0.26881404, 0.48890261],
        [0.26734992, 0.12072145, 0.29480887],
        [0.76845496, 0.1216677, 0.28809006],
        [0.15508274, 0.48265418, 0.11390434],
        [0.65433831, 0.49629493, 0.11845426],
        [0.01948436, 0.79653644, 0.61787276],
        [0.51869806, 0.80138696, 0.61631758],
        [0.31087888, 0.01023807, 0.78860265],
        [0.81312096, 0.00922911, 0.78447277],
        [0.40648007, 0.61464636, 0.98435006],
        [0.90546036, 0.61393714, 0.97847677],
        [0.39042755, 0.42069866, 0.55667849],
        [0.88341125, 0.41824422, 0.56881852],
        [0.28035569, 0.77931869, 0.41759955],
        [0.77322665, 0.78238851, 0.42454226],
        [0.20922117, 0.55457909, 0.76483575],
        [0.70381104, 0.54776221, 0.77579096],
        [0.02796807, 0.91896655, 0.2798596],
        [0.5373305, 0.92057911, 0.27298083],
        [0.13383826, 0.0681599, 0.91657845],
        [0.6364667, 0.07154237, 0.92198982],
        [0.45842899, 0.26167706, 0.06599455],
        [0.95488484, 0.26453141, 0.05982122],
        [0.11155201, 0.58048112, 0.43912517],
        [0.60989304, 0.58064843, 0.43901951],
        [0.21650992, 0.22810334, 0.5845193],
        [0.71903064, 0.22364684, 0.58241261],
        [0.29741144, 0.43567515, 0.22496169],
        [0.79529464, 0.43772302, 0.23270544],
        [0.46533622, 0.08763234, 0.72590205],
        [0.96541197, 0.08663339, 0.72961603],
        [0.36210788, 0.94300789, 0.07726693],
        [0.85963258, 0.93261707, 0.08252015],
        [0.04790777, 0.729937, 0.9322858],
        [0.54478231, 0.73027553, 0.93885207]
    ],
    "relaxed_energy": -808.59950031,
    "relaxed_forces": [
        [-0.00012359, -0.0017681, -0.00039506],
        [-0.00029919, 0.00347512, -0.0004818],
        [0.0007197, 0.00051556, -0.00042465],
        [3.074e-05, -0.00020126, -0.00040743],
        [-9.769e-05, 0.00013128, 0.00153805],
        [-0.00122947, 5.596e-05, -0.00227091],
        [-0.00060734, -0.00105426, -0.00132917],
        [0.00030029, -0.00020036, -0.00130869],
        [-0.00072898, 0.00092219, -6.76e-06],
        [0.0023076, 0.00089881, 0.0012411],
        [-0.0012997, 0.00031287, -9.977e-05],
        [-0.00149657, 0.00032093, 0.00239763],
        [-0.00025311, 0.00034649, 0.00102069],
        [-0.00056534, 0.00107029, -0.00132587],
        [0.00093572, -0.0003301, -0.000199],
        [0.00111703, -0.00066835, 0.00128584],
        [0.00253622, 0.00066916, -0.00035599],
        [0.0045119, -0.00043332, 0.00069215],
        [-0.00025674, -0.00059387, -9.61e-06],
        [0.00030438, -0.00121411, -0.00356341],
        [0.00227678, 0.0048423, 0.00011416],
        [-0.00412443, 0.00467178, 0.00257052],
        [-0.00203298, 0.00230036, -0.00099913],
        [0.00066924, -0.00367255, -0.00043162],
        [-0.00273424, -0.00482296, -0.00654616],
        [0.00180051, -0.00390436, -0.00033443],
        [-0.0014211, -0.00344876, 0.00281111],
        [0.00017406, 0.00238651, 0.00551434],
        [-0.00218502, 0.00271861, 0.00235098],
        [0.00084207, 0.00084076, 0.00090835],
        [0.00303123, -0.00526968, -0.00386777],
        [-0.00169871, 0.00631065, 0.0010494],
        [-0.00033078, -0.00242028, -0.00085969],
        [0.00064862, 0.00228761, -2.614e-05],
        [-0.00215085, 0.00080764, -0.00323182],
        [0.00020281, -0.0014848, -0.00416171],
        [0.000402, 0.00021254, -0.00255049],
        [0.00211506, -0.0008519, 0.00099061],
        [-0.00094756, -0.00146634, 0.00071744],
        [0.00078936, 0.00460015, 0.0017303],
        [-0.00162964, 0.00311235, 0.00335503],
        [0.00150495, 0.00011062, -0.00011517],
        [-0.00234145, -0.00050248, -0.00124628],
        [-0.00172264, -0.00066257, 0.00025251],
        [0.00141577, -0.00718863, 0.00034517],
        [-0.00020138, 0.00132072, -0.00079752],
        [0.00292373, -0.00053023, 0.00422366],
        [-4.943e-05, 0.00116729, 0.00410703],
        [0.00050775, 1.659e-05, -0.00119639],
        [-0.00112741, -0.00039708, 0.0004826],
        [-0.00289122, -0.00124638, 0.00142162],
        [0.00118944, 0.00285805, 0.0023261],
        [-2.961e-05, 0.00065971, -0.00227878],
        [-0.0049143, -0.0025806, -0.00234724],
        [0.00097412, 0.0010257, 0.0003872],
        [0.00228103, -0.00550898, -2.331e-05],
        [0.00099057, -0.00200888, 0.00066054],
        [9.765e-05, 0.00105593, -0.00075529],
        [-0.00127297, 0.00137035, 0.00190231],
        [0.00037102, -0.0018068, 0.00232934],
        [-0.00120876, -0.00180762, 0.00098688],
        [-0.00190896, -0.00019301, -0.00040067],
        [-0.00313606, -0.00092302, 0.00165909],
        [0.00061391, 0.0032912, -0.00131651],
        [0.00021681, 0.00235067, -0.00221843],
        [0.00437162, -0.00389179, -0.00123902],
        [0.00115788, 0.00034569, -0.00105608],
        [-0.00028356, -0.00018731, 0.00022546],
        [-0.002855, 0.00496681, -0.00063136],
        [0.00055448, 0.0006979, -0.00023104],
        [0.00130097, -0.000266, -0.00217964],
        [0.00164979, 0.00043131, -0.00031814],
        [0.00025614, 0.00203285, -0.0002106],
        [0.00329281, 0.0001692, -0.00117884],
        [-0.00134182, -0.0008668, 0.00032012],
        [-9.037e-05, 0.00044063, -0.00018225],
        [0.00054644, -0.00081178, 0.00154167],
        [-0.0004459, -0.00088344, 0.00199712],
        [0.00010167, -0.00205241, -0.00034644]
    ],
    "relaxed_lattice": [
        [-4.98075807, -14.41546023, -8.40691496],
        [-7.55920006, -0.08626088, -4.22029335],
        [-0.12300967, -0.10646347, -8.68107782]
    ],