{
    "atom_type": [
        "Na",
        "V",
        "P",
        "O"
    ],
    "atoms_per_type": [
        12,
        8,
        12,
        48
    ],
    "coord_mode": "direct",
    "relaxed_basis": [
        [0.23134312, 0.51267261, 0.52794296],
        [0.75491983, 0.51208148, 0.484384],
        [0.50854475, 0.99245657, 0.98637813],
        [0.00695866, 0.99721376, 0.98486826],
        [0.30400259, 0.25047089, 0.89846876],
        [0.81162981, 0.25028721, 0.87747019],
        [0.43761563, 0.61345017, 0.24771158],
        [0.56084884, 0.38311146, 0.75265716],
        [0.37179923, 0.11289442, 0.38010005],
        [0.87677221, 0.11962822, 0.38018234],
        [0.19056898, 0.75034711, 0.12673882],
        [0.69985085, 0.74921946, 0.10316185],
        [0.32127458, 0.64542819, 0.64465755],
        [0.82516042, 0.64034965, 0.63772261],
        [0.07141691, 0.14596281, 0.14525807],
        [0.57494917, 0.1386918, 0.15141971],
        [0.17129455, 0.36085824, 0.36168905],
        [0.67742045, 0.35433205, 0.35315994],
        [0.42685152, 0.86119189, 0.85137426],
        [0.93117284, 0.85560935, 0.85317886],
        [0.1250796, 0.54532967, 0.96679614],
        [0.62439424, 0.54841151, 0.95219333],
        [0.47770379, 0.24909994, 0.54926193],
        [0.97735201, 0.24780099, 0.54008673],
        [0.26937606, 0.95262784, 0.25458045],
        [0.77238177, 0.9518925, 0.25173187],
        [0.23071916, 0.04830664, 0.75085803],
        [0.73224301, 0.04586292, 0.75096771],
        [0.3755448, 0.45260437, 0.04749078],
        [0.87519747, 0.45649999, 0.03299095],
        [0.01925602, 0.75097057, 0.45731309],
        [0.51993163, 0.74589374, 0.45148819],
        [0.44357847, 0.69212381, 0.46952954],
        [0.94103251, 0.69341786, 0.49279759],
        [0.26337393, 0.87501459, 0.70224888],
        [0.75471856, 0.872851, 0.71590224],
        [0.35963323, 0.47384302, 0.87970004],
        [0.85013544, 0.47058763, 0.8799116],
        [0.49711838, 0.19376405, 0.3877702],
        [0.99131081, 0.19013437, 0.38444445],
        [0.19076648, 0.97808624, 0.20335667],
        [0.69185864, 0.97565806, 0.20364735],
        [0.11542669, 0.36389039, 0.00820912],
        [0.60254163, 0.37984882, 0.99243226],
        [0.05771746, 0.30799323, 0.48945326],
        [0.55693529, 0.30545813, 0.51493831],
        [0.25447903, 0.12051333, 0.29160535],
        [0.74944217, 0.12181308, 0.29850179],
        [0.14989611, 0.53239847, 0.1205389],
        [0.64246262, 0.52779517, 0.11802041],
        [0.99686815, 0.81313306, 0.61491827],
        [0.49076714, 0.79757868, 0.62066019],
        [0.30904988, 0.0370593, 0.79616185],
        [0.8092697, 0.03140357, 0.79962019],
        [0.39460175, 0.62037565, 0.01578726],
        [0.88456379, 0.63537096, 0.99665907],
        [0.38450506, 0.41513929, 0.55974882],
        [0.88253842, 0.40600051, 0.56468716],
        [0.28321075, 0.76789451, 0.41384912],
        [0.78320929, 0.77301065, 0.4154339],
        [0.20991495, 0.56471412, 0.78134454],
        [0.70845897, 0.56046072, 0.77106136],
        [0.02688482, 0.915322, 0.26974884],
        [0.53207861, 0.90943616, 0.2676823],
        [0.14006854, 0.05128935, 0.91948337],
        [0.63669554, 0.0679606, 0.91505555],
        [0.45940741, 0.26878216, 0.07288229],
        [0.95834904, 0.27725816, 0.06224744],
        [0.11448828, 0.59542843, 0.43442258],
        [0.61422058, 0.58381507, 0.44044118],
        [0.21899642, 0.22590902, 0.58268294],
        [0.72001916, 0.22717124, 0.58410663],
        [0.29259033, 0.43057742, 0.23233946],
        [0.7918174, 0.43030337, 0.22426541],
        [0.46470527, 0.09350456, 0.73657509],
        [0.97040982, 0.08921331, 0.72774048],
        [0.36405566, 0.93337286, 0.08610037],
        [0.8624508, 0.94798448, 0.08058335],
        [0.04043715, 0.71916298, 0.94101309],
        [0.53923941, 0.72756556, 0.93195862]
    ],
    "relaxed_energy": -815.71117534,
    "relaxed_forces": [
        [0.00035115, 0.00015223, 0.0017556],
        [-0.00118282, 0.00064791, -0.00077356],
        [-0.00041246, -0.00077983, -0.00069932],
        [0.00072835, 0.00083265, -0.00026816],
        [-0.00028524, 0.00019245, -9.142e-05],
        [0.00031685, -0.00023861, -0.00045397],
        [-0.000543, 0.00029123, 0.0007687],
        [0.00014531, -0.00052821, -0.00167933],
        [0.00082919, 0.00012503, 0.00126357],
        [-0.00131411, -0.00203101, -0.00404716],
        [0.00039991, 0.00103471, 0.00233174],
        [0.00015982, 0.00033152, 0.00063564],
        [-0.0016076, 0.00471878, -9.909e-05],
        [-0.00040005, -0.00549941, -0.00241656],
        [0.00357179, -0.00592684, 0.00348124],
        [0.00341292, -0.00145035, 0.00081213],
        [-0.00024324, 0.00806565, 0.00108502],
        [-0.00220905, -0.00194456, 0.00056245],
        [-0.00113572, 0.00303368, -0.00019911],
        [-0.00172021, 0.00015622, 0.00125306],
        [0.00129732, 0.00627834, 0.00638537],
        [-0.00257062, -0.00479893, -0.00378203],
        [-0.00034533, -0.00075206, -0.00068492],
        [-0.00210557, -0.00149056, -0.00884958],
        [0.00373272, -0.00029025, 0.00379593],
        [-0.00033025, 1.906e-05, -0.0014637],
        [-0.00028664, -0.00170313, 0.00130337],
        [-0.00085451, 0.00227357, -0.00371521],
        [-0.0008776, 0.00136766, -0.00223024],
        [0.00214542, 0.00110812, 0.00041182],
        [0.00107986, -0.00021159, -8.047e-05],
        [0.00155204, -0.00422844, 0.00082121],
        [0.00106136, 3.109e-05, 0.00044245],
        [-0.0012838, -0.00172392, 0.00022339],
        [8.73e-06, -0.00160603, 0.00109245],
        [0.00288342, 5.266e-05, -0.00220035],
        [0.00056903, -0.00035656, 0.00159561],
        [0.00266635, -0.00071842, -0.00163675],
        [0.00172229, 0.00186339, -0.00267214],
        [-0.00066875, -0.00105958, 0.00149105],
        [0.00075157, -0.00077213, 0.00135869],
        [0.00085438, 0.00080081, -0.00138364],
        [0.00179467, -0.00217391, -0.00048385],
        [0.00049623, 0.00154435, -0.00270404],
        [-0.00098704, 0.00133493, -0.00111225],
        [0.00038592, 0.00126387, 0.00081573],
        [0.00235921, -0.00116952, 0.00423851],
        [-0.00050835, -0.0001236, 0.00128854],
        [-0.00246646, 0.00268292, 0.00075676],
        [-0.00210173, 0.00195761, 0.00028486],
        [-0.00131277, 0.00139544, -0.00094761],
        [-0.0009857, 0.00038773, 0.0014986],
        [-0.0003956, 0.00015429, -0.00065142],
        [-0.00079643, -0.00082259, 0.00087739],
        [-0.00128077, -0.00077602, 0.00086956],
        [8.308e-05, 0.0003579, -0.00028443],
        [-0.00146686, 0.00147752, 0.00125472],
        [-0.00035876, 0.00065554, 0.00161245],
        [-0.0016535, -0.00097365, -0.00224076],
        [-0.00211863, 0.00021673, -0.0034563],
        [-0.00212434, -0.00204516, 0.00068677],
        [0.00292222, 0.00217671, 9.037e-05],
        [7.6e-06, 6.545e-05, -0.00111523],
        [-0.00075909, -0.00128202, -0.00064289],
        [-0.00093277, 0.00010096, 0.00149319],
        [-0.00204341, -3.591e-05, -0.00070038],
        [-8.361e-05, -0.00029496, 3.98e-06],
        [0.00103942, -0.00156868, -0.00186441],
        [0.0031214, -0.00162299, 0.00114244],
        [-0.00112464, 0.00265489, -0.00243646],
        [-0.0011464, 0.00079067, 0.0036174],
        [0.00369743, -0.00109982, 0.0012922],
        [-0.00042713, -0.00058531, 0.00239345],
        [0.0004308, 0.00093134, -0.00112651],
        [-0.00253046, -0.00024141, -0.00067721],
        [0.00012439, 0.00238161, 0.00173695],
        [-0.00060952, -0.00187136, 0.00053674],
        [0.00112672, 0.00083388, -0.00033157],
        [0.00249845, -0.00137368, 0.00044308],
        [-0.0017368, -0.00057009, 0.00039783]
    ],
    "relaxed_lattice": [
        [-4.99319243, -14.3658073, -8.39616101],
        [-7.6438476, -0.10304204, -4.17945768],
        [-0.09237516, -0.12405449, -8.68357773]
    ],