{
    "atom_type": [
        "Na",
        "V",
        "P",
        "O"
    ],
    "atoms_per_type": [
        8,
        8,
        12,
        48
    ],
    "coord_mode": "direct",
    "relaxed_basis": [
        [0.24686119, 0.5223967, 0.48755977],
        [0.76471441, 0.48037203, 0.48929946],
        [0.48669152, 0.99297878, 0.03156422],
        [0.00201557, 0.00041943, 0.99359244],
        [0.62479834, 0.8944419, 0.61050211],
        [0.30747413, 0.24987149, 0.87958805],
        [0.55948824, 0.38376421, 0.75300744],
        [0.68808671, 0.74890214, 0.11639272],
        [0.31971829, 0.64575152, 0.65045097],
        [0.82628624, 0.63778082, 0.63462954],
        [0.06876923, 0.1402865, 0.14780645],
        [0.57205911, 0.14234616, 0.14714154],
        [0.17735107, 0.35945241, 0.35713682],
        [0.68076705, 0.35301026, 0.35472795],
        [0.42699499, 0.8589239, 0.85660421],
        [0.93091299, 0.85221276, 0.85474033],
        [0.12151985, 0.54026179, 0.96833355],
        [0.62657583, 0.543522, 0.95600858],
        [0.47989908, 0.25867604, 0.54518045],
        [0.980665, 0.24411681, 0.53699718],
        [0.26437044, 0.96347236, 0.25822519],
        [0.77270252, 0.95208386, 0.24078721],
        [0.22872194, 0.04653686, 0.75225805],
        [0.73266988, 0.0346631, 0.74330204],
        [0.37138401, 0.4560174, 0.04344497],
        [0.87938447, 0.45854975, 0.03152666],
        [0.01943549, 0.75135512, 0.45786034],
        [0.5228622, 0.75247833, 0.46481728],
        [0.43998681, 0.69404366, 0.52581575],
        [0.93418621, 0.70471883, 0.49673348],
        [0.24387311, 0.87158188, 0.73053372],
        [0.74499538, 0.87409281, 0.69507508],
        [0.34867695, 0.46438591, 0.88867542],
        [0.85446775, 0.49966923, 0.86546662],
        [0.51264925, 0.1949023, 0.38160486],
        [0.9928057, 0.19902077, 0.37355843],
        [0.18010506, 0.99237555, 0.21929369],
        [0.6939226, 0.96652912, 0.19501683],
        [0.09857025, 0.37005829, 0.01588601],
        [0.60713747, 0.38046436, 0.97695478],
        [0.06473791, 0.28682352, 0.49802339],
        [0.55841571, 0.30961037, 0.52614348],
        [0.25139522, 0.14112558, 0.279918],
        [0.74464921, 0.11740676, 0.29596642],
        [0.14439245, 0.51176548, 0.13360897],
        [0.6501445, 0.51404896, 0.11830706],
        [0.00283268, 0.79771161, 0.62233483],
        [0.51396501, 0.80959159, 0.61590893],
        [0.31005522, 0.03884589, 0.78273671],
        [0.81500926, 0.98407641, 0.80009746],
        [0.39607043, 0.62746791, 0.98225895],
        [0.90468683, 0.6234313, 0.99575291],
        [0.38463719, 0.41753292, 0.55916385],
        [0.88952065, 0.41443695, 0.55836403],
        [0.27619617, 0.78643804, 0.42944065],
        [0.78379446, 0.76572977, 0.41202289],
        [0.20738917, 0.54889653, 0.78498392],
        [0.71190237, 0.57268451, 0.76473918],
        [0.02684319, 0.91895339, 0.27260931],
        [0.5323795, 0.91004332, 0.27155947],
        [0.13565922, 0.07765838, 0.92375958],
        [0.63764067, 0.05743086, 0.90994387],
        [0.45844809, 0.27494957, 0.06495038],
        [0.95973264, 0.27146173, 0.05741326],
        [0.11003804, 0.58208246, 0.43911209],
        [0.61767168, 0.58480651, 0.44384854],
        [0.21174462, 0.2265199, 0.57867375],
        [0.72482327, 0.22286034, 0.57994703],
        [0.28826909, 0.44143677, 0.23250775],
        [0.79230794, 0.45133786, 0.21326075],
        [0.46885687, 0.09151494, 0.73609138],
        [0.96787842, 0.07634048, 0.72288953],
        [0.35566505, 0.94169213, 0.08522704],
        [0.86680948, 0.93578112, 0.0748997],
        [0.03911452, 0.72585435, 0.94091933],
        [0.54494893, 0.73175063, 0.93087142]
    ],
    "relaxed_energy": -786.10851164,
    "relaxed_forces": [
        [-0.00191586, -0.00014707, -0.00049394],
        [0.0018508, -0.00185954, 0.00213498],
        [-0.00080379, 0.0004956, 0.00015033],
        [-0.00039721, 0.00135893, -0.00092417],
        [-0.00154168, -0.00080666, -0.00201841],
        [0.000784, 0.00076019, 0.00066748],
        [-0.00157803, -0.0017088, -0.00358284],
        [0.00057782, 0.00154918, 0.00110598],
        [0.00106185, -0.00037045, 0.00069982],
        [0.00121721, -0.00087179, 0.00137136],
        [-0.0033001, -0.00187117, -0.00138806],
        [0.00036359, 0.00356175, 0.0044854],
        [-0.00054439, -0.00113751, 0.00167347],
        [0.00419766, -0.00146509, -0.00053494],
        [-0.00584046, 0.00069981, -0.00095613],
        [0.00030807, -0.0004414, -0.0008713],
        [0.00244849, -0.00107441, 0.00043969],
        [0.00911272, -0.00329645, 0.00044622],
        [-0.00074341, 0.00312405, -0.00419319],
        [-0.00181656, -0.00196247, 0.00147401],
        [0.00121521, -0.00195646, 0.00046181],
        [0.00311079, 0.00026075, -0.00255012],
        [-0.00304405, 0.00220092, 0.00470816],
        [0.00133042, 0.00458178, 0.0035306],
        [-0.006709, 0.00143261, -0.00052597],
        [0.00206739, -0.00378092, 0.00118332],
        [0.00323228, 0.00175604, -0.00419905],
        [-0.00309001, 0.00086956, 0.00386637],
        [-0.00071685, -0.00102752, -0.00262928],
        [-0.00140919, 0.00121319, -5.893e-05],
        [-0.00018689, -0.00014367, -0.0001713],
        [0.00094212, 0.00165411, -0.00038556],
        [3.194e-05, -0.00123634, -0.00100244],
        [-0.00117451, -0.00381679, 8.687e-05],
        [-0.00035666, -0.00313645, 0.00381772],
        [-0.00085665, -0.00343439, 0.0003643],
        [0.00140609, 0.00039404, 0.00188132],
        [0.00327881, 0.00157168, 0.00262912],
        [-0.00153096, 0.00021501, -0.00099413],
        [-0.00510812, -0.00080713, -0.00079588],
        [0.00170128, 0.00076172, -0.00030267],
        [-0.0008666, 3.033e-05, -0.00138204],
        [-0.00220455, 0.00013581, 0.00044703],
        [0.00055918, 0.00159903, -0.00052133],
        [-0.00176639, -0.00051159, -0.001214],
        [0.00128982, 0.00087546, 0.00163097],
        [-0.00105664, 0.00152007, 0.0042598],
        [-0.00097748, -0.00023948, -0.00103777],
        [0.00027806, -0.00312829, -0.00159868],
        [-0.00078982, -0.00054006, -0.0027771],
        [0.00274115, 2.343e-05, 0.00179132],
        [-6.245e-05, 0.00045131, -0.00097241],
        [-0.00080841, -0.00031886, -0.00103185],
        [0.00299133, 0.00190221, -0.00084988],
        [-0.00189182, 0.00035541, 4.98e-06],
        [0.00227161, -0.0009883, -0.00254973],
        [-0.00129731, 0.00014891, -0.0006282],
        [0.00316023, -0.00021993, -0.00252898],
        [-0.00055706, -0.00146126, 0.00086325],
        [0.00149312, 0.00229158, -0.00357945],
        [-0.00024538, -0.00096942, 0.00157489],
        [-2.215e-05, 8.697e-05, 0.00339859],
        [0.0002417, 0.00040999, -0.00374933],
        [-0.00248876, 0.00138107, 0.00037034],
        [3.836e-05, 0.00361421, -0.00117576],
        [7.863e-05, -0.00298417, -0.00050112],
        [0.00259715, -0.002693, 0.00066696],
        [0.00193481, 0.0010367, 0.0002396],
        [-0.00134935, 0.00338312, -0.00209643],
        [-0.00039483, -0.00080029, 0.00048343],
        [-0.00044999, -0.00011257, 0.00059197],
        [0.00185689, 0.00043053, 0.00048977],
        [0.00054817, -0.00147475, 0.00021755],
        [0.00132298, -0.00095045, 0.00017997],
        [-0.00110131, 0.00467811, 0.00034398],
        [-0.00264705, 0.00092971, 0.00203964]
    ],
    "relaxed_lattice": [
        [-5.03999758, -14.22239136, -8.38743074],
        [-7.58530091, -0.11599, -4.18392545],
        [-0.20477875, -0.14174219, -8.63284551]
    ],