{
    "atom_type": [
        "Na",
        "V",
        "P",
        "O"
    ],
    "atoms_per_type": [
        8,
        8,
        12,
        48
    ],
    "coord_mode": "direct",
    "relaxed_basis": [
        [0.24224003, 0.54965562, 0.4716137],
        [0.74224277, 0.54964979, 0.47160558],
        [0.50931692, 0.98766017, 0.99249015],
        [0.00930159, 0.98764831, 0.99251238],
        [0.30283263, 0.25034302, 0.87439377],
        [0.80285353, 0.25031168, 0.87439859],
        [0.37352888, 0.12597608, 0.39231396],
        [0.87353815, 0.12595053, 0.39231314],
        [0.32354996, 0.64266284, 0.64625781],
        [0.82355843, 0.64263987, 0.64626278],
        [0.07280917, 0.1369288, 0.14750107],
        [0.57280859, 0.13693108, 0.14750068],
        [0.17524687, 0.36338968, 0.35252029],
        [0.67524859, 0.36336798, 0.3525312],
        [0.43043121, 0.85306715, 0.85433554],
        [0.93042674, 0.85306662, 0.85434503],
        [0.12603156, 0.54142369, 0.9617124],
        [0.62604113, 0.54142576, 0.96171629],
        [0.47775214, 0.25205624, 0.53682568],
        [0.97775084, 0.25205444, 0.53683063],
        [0.2695388, 0.96137194, 0.25496396],
        [0.76953703, 0.96134455, 0.25499231],
        [0.22912129, 0.04075716, 0.75133897],
        [0.72913185, 0.04073693, 0.75134008],
        [0.3740933, 0.45621417, 0.03817566],
        [0.87410108, 0.45618546, 0.03818625],
        [0.0216255, 0.74329111, 0.46509311],
        [0.52162763, 0.74329069, 0.46510039],
        [0.43827652, 0.6805367, 0.52529047],
        [0.93827433, 0.68053232, 0.52528779],
        [0.25466561, 0.86844023, 0.7070253],
        [0.75466406, 0.86841891, 0.70703569],
        [0.34662187, 0.47143816, 0.88648347],
        [0.84666427, 0.47137559, 0.88646424],
        [0.48716259, 0.20477512, 0.37982777],
        [0.98716027, 0.20476696, 0.37983391],
        [0.18246719, 0.98199799, 0.23440817],
        [0.68246869, 0.98198979, 0.23441211],
        [0.11962261, 0.36009159, 0.99318997],
        [0.61961676, 0.36010874, 0.99321527],
        [0.06107081, 0.30724275, 0.48254548],
        [0.56108012, 0.30721512, 0.48255966],
        [0.25613669, 0.13105516, 0.29028078],
        [0.7561338, 0.13100116, 0.29035532],
        [0.15590718, 0.50539097, 0.12218291],
        [0.65591404, 0.50539121, 0.1221933],
        [0.01044064, 0.7898565, 0.62312948],
        [0.51045533, 0.78984018, 0.62313637],
        [0.31472659, 0.03569352, 0.76512714],
        [0.81474385, 0.03566423, 0.76511474],
        [0.39212805, 0.63133126, 0.98853304],
        [0.89213526, 0.63129289, 0.98855886],
        [0.38285963, 0.41642979, 0.56834376],
        [0.88285308, 0.41641476, 0.56835506],
        [0.29079684, 0.77601071, 0.41754425],
        [0.79079384, 0.77597308, 0.41754879],
        [0.20932183, 0.57557693, 0.77042079],
        [0.70934284, 0.57553306, 0.77043314],
        [0.01773558, 0.91558185, 0.28409688],
        [0.51773125, 0.91559056, 0.28411338],
        [0.14055759, 0.04893713, 0.92638266],
        [0.64057458, 0.0489128, 0.92639084],
        [0.45894136, 0.27323803, 0.06215752],
        [0.95893815, 0.27319331, 0.06221357],
        [0.1151358, 0.58260391, 0.42988051],
        [0.61513747, 0.58259772, 0.42988384],
        [0.21028611, 0.22329016, 0.57929686],
        [0.71029488, 0.22327921, 0.57931262],
        [0.29319105, 0.42972599, 0.23376445],
        [0.79319107, 0.42971093, 0.23375676],
        [0.4710318, 0.08574696, 0.72595493],
        [0.97103433, 0.08574549, 0.72596906],
        [0.35682009, 0.95211898, 0.07374609],
        [0.85682199, 0.95211877, 0.07377386],
        [0.03912182, 0.71487624, 0.95735452],
        [0.53914769, 0.71490528, 0.9573212]
    ],
    "relaxed_energy": -786.21400848,
    "relaxed_forces": [
        [-0.00360785, 0.00063435, 0.0013999],
        [-0.002888, 0.00079073, 0.00177206],
        [-0.00215053, 0.0011872, 0.00070202],
        [-0.00267964, 0.00109631, 0.00034569],
        [-0.00019202, 0.00087802, -1.1e-05],
        [-0.00108719, 0.00212338, -0.00014953],
        [-0.00380812, -0.00027718, -0.00037453],
        [-0.00431572, 0.00042588, -0.00036198],
        [0.00441698, -0.00444783, -0.00323995],
        [0.00555747, -0.0032299, -0.00145826],
        [-0.00425874, 0.00242828, 0.00106382],
        [-0.00397016, 0.00091373, 0.00044972],
        [-0.00337648, 0.00518737, 0.00444115],
        [-0.0056737, 0.0047098, 0.00349959],
        [-0.00210259, -0.00248138, -0.00030496],
        [0.0007226, -0.00234888, 0.00027561],
        [-0.00021056, -0.00151379, 0.00298189],
        [-0.00119048, -0.00155012, 0.00272746],
        [-0.00032161, -0.00349979, 0.0009594],
        [0.00161649, -0.00275555, 0.0016306],
        [-0.00019173, 0.00081348, 0.00199944],
        [-0.00201715, 0.00088521, 0.00145594],
        [-0.00336704, 0.00212692, -0.00336415],
        [-0.00287627, 0.00319909, -0.00232186],
        [-0.00190378, 0.00270161, 0.00116924],
        [-0.00051293, 0.00193803, 0.00114629],
        [0.00021562, 0.00380794, 0.00487622],
        [0.00157968, 0.00344192, 0.0053801],
        [-0.00148861, -0.00181441, -0.00097964],
        [-0.00150097, -0.00226945, -0.00104699],
        [0.00397521, -0.00114395, 0.00334682],
        [0.00319077, -0.00172617, 0.00194176],
        [0.00316708, -0.00549246, -0.0001554],
        [0.0024442, -0.00299627, 0.000587],
        [0.00065822, -0.00216792, 0.00270957],
        [0.00018789, -0.00282075, 0.00121737],
        [0.00693755, -0.00333026, -0.00206739],
        [0.00618098, -0.00063223, -0.00020522],
        [-0.00106677, -0.00631967, -0.00431949],
        [0.00147784, -0.00571573, -0.00285509],
        [0.00124415, 0.00302075, 0.00207378],
        [0.00204575, 0.00533323, 0.0028332],
        [-0.00030679, 0.00152533, -5.234e-05],
        [-0.00136886, 0.00295555, 0.00088772],
        [-0.00314047, 0.00160454, -0.00272944],
        [-0.00213489, 0.00165271, -0.00222659],
        [-0.00271753, 0.00013816, -0.00172583],
        [-0.00250315, 0.00099813, -0.00223632],
        [-0.00124255, 0.00073159, 0.00460903],
        [-0.0004369, 0.00100138, 0.00433893],
        [-0.00039517, 0.00296096, 0.00110809],
        [-0.00210486, 0.0027512, 0.00132111],
        [0.000358, 0.00420235, -0.0018006],
        [0.00019043, 0.00302193, -0.00091784],
        [-0.00123829, -0.00351249, -0.00283524],
        [-0.00028042, -0.00342602, -0.00496971],
        [-0.00102759, 0.00368171, -0.00311729],
        [-0.00248309, 0.00487945, -0.00294454],
        [5.884e-05, -0.00166951, -0.00177342],
        [-0.00077081, -0.00173917, -0.00031818],
        [0.00425784, -0.00662528, -0.00142555],
        [0.00404709, -0.00470829, -0.00296767],
        [0.00093106, -0.00447284, -0.00426263],
        [-0.00065295, -0.00414944, -0.00338185],
        [0.00139729, -0.00154512, -0.00347398],
        [0.00127925, -0.00085894, -0.00327696],
        [0.00690028, 0.00050236, -2.297e-05],
        [0.00623409, 0.0009228, 0.00048142],
        [0.0025652, -0.00185281, 0.00128251],
        [0.00345887, -0.00017799, 0.00030659],
        [0.00263793, 0.00085042, -0.00250907],
        [0.00089138, 5.114e-05, -0.00131711],
        [-0.00260582, -0.00062044, -0.00099503],
        [-0.00265848, -0.00017659, 0.00114106],
        [0.00182111, 0.00497808, 0.00281995],
        [0.00218013, 0.00701561, 0.00321357]
    ],
    "relaxed_lattice": [
        [-5.07559301, -14.27419704, -8.39866152],
        [-7.5891065, -0.13015316, -4.22913064],
        [-0.22937255, -0.17181107, -8.65400908]
    ],