{
    "atom_type": [
        "Na",
        "V",
        "P",
        "O"
    ],
    "atoms_per_type": [
        12,
        8,
        12,
        48
    ],
    "coord_mode": "direct",
    "relaxed_basis": [
        [0.2369103, 0.4993722, 0.52222644],
        [0.76161837, 0.50008714, 0.47750839],
        [0.48911863, 0.00421353, 0.02180296],
        [0.01046642, 0.00188807, 0.97370846],
        [0.62529557, 0.88566608, 0.62142159],
        [0.30227724, 0.25004152, 0.90523962],
        [0.81122463, 0.24803529, 0.87409326],
        [0.43680373, 0.61522104, 0.25063168],
        [0.55900544, 0.38513704, 0.75591044],
        [0.87777187, 0.10902126, 0.37344357],
        [0.19062539, 0.75165352, 0.11599602],
        [0.69782792, 0.75085253, 0.10634229],
        [0.32068104, 0.64486985, 0.65162468],
        [0.82709274, 0.63856339, 0.63565754],
        [0.07191859, 0.14479712, 0.1444502],
        [0.57111352, 0.14087847, 0.15096913],
        [0.1752442, 0.35714731, 0.35689105],
        [0.67681061, 0.35637704, 0.35681396],
        [0.42395827, 0.86508921, 0.85071538],
        [0.93270079, 0.85108532, 0.85149092],
        [0.12468259, 0.54557259, 0.96568153],
        [0.62294007, 0.54624959, 0.95504584],
        [0.48004983, 0.25286553, 0.55181972],
        [0.97775546, 0.24828157, 0.53580018],
        [0.26801056, 0.95253201, 0.25438432],
        [0.7719886, 0.95491419, 0.24595236],
        [0.23120213, 0.048205, 0.74947432],
        [0.72949105, 0.04280954, 0.75050647],
        [0.37452884, 0.45162705, 0.04807983],
        [0.87548523, 0.45321403, 0.03248637],
        [0.02151032, 0.75089661, 0.45485572],
        [0.52317005, 0.75040398, 0.45625917],
        [0.44459427, 0.69228657, 0.49394803],
        [0.9375076, 0.71082466, 0.48871017],
        [0.25642934, 0.85988069, 0.73632707],
        [0.7452911, 0.87717814, 0.70704259],
        [0.35827298, 0.46562272, 0.88276399],
        [0.84690555, 0.4756393, 0.88001882],
        [0.51075433, 0.19522418, 0.3863701],
        [0.98621534, 0.19601251, 0.38198107],
        [0.19138777, 0.96184079, 0.21037291],
        [0.69296765, 0.98244754, 0.19257151],
        [0.10886832, 0.36666758, 0.01737303],
        [0.60105349, 0.38019111, 0.98882565],
        [0.05904812, 0.30407328, 0.48443189],
        [0.55842279, 0.30385075, 0.5321822],
        [0.25080792, 0.13456315, 0.26709625],
        [0.74726011, 0.12171273, 0.30021018],
        [0.14903095, 0.53502434, 0.11796621],
        [0.64109666, 0.52130699, 0.12168429],
        [0.00013736, 0.81336754, 0.61118877],
        [0.5066953, 0.80657606, 0.6142727],
        [0.30990786, 0.04185266, 0.7906628],
        [0.80810528, 0.01195658, 0.80428672],
        [0.39882639, 0.61984257, 0.0003919],
        [0.88905961, 0.62801761, 0.99610921],
        [0.38772051, 0.41619911, 0.55760451],
        [0.88358175, 0.41165387, 0.56262232],
        [0.28466133, 0.77556137, 0.42193879],
        [0.77619576, 0.77751272, 0.4171339],
        [0.21043965, 0.55415166, 0.78172932],
        [0.70557891, 0.56499606, 0.76981079],
        [0.03138309, 0.91425526, 0.26532654],
        [0.53810393, 0.90520654, 0.26634649],
        [0.13924092, 0.06646862, 0.91689078],
        [0.63402659, 0.06801079, 0.91109045],
        [0.45835215, 0.27034533, 0.0740605],
        [0.95568855, 0.2706759, 0.06179023],
        [0.11357805, 0.58971204, 0.43665357],
        [0.61686382, 0.58366989, 0.44287929],
        [0.21863416, 0.21749861, 0.5776294],
        [0.72353635, 0.22490462, 0.58215405],
        [0.28945935, 0.44601797, 0.22726503],
        [0.79087589, 0.43221673, 0.22219832],
        [0.46810893, 0.09134906, 0.73856798],
        [0.96658442, 0.09153327, 0.72569232],
        [0.36392506, 0.92372059, 0.08905684],
        [0.86334982, 0.9468534, 0.08049719],
        [0.04185794, 0.72318512, 0.93508319],
        [0.54020095, 0.73053279, 0.93164568]
    ],
    "relaxed_energy": -815.67749739,
    "relaxed_forces": [
        [0.00215107, -0.00017437, -0.00053075],
        [-0.0031338, -5.272e-05, 0.00183111],
        [-0.00091698, 0.00016864, 0.00022621],
        [0.00020677, 0.00063766, -0.00020616],
        [-0.00059988, 0.00066479, -0.00134719],
        [0.00064338, 0.00075716, 0.00106388],
        [-0.00223357, 0.00097765, -0.00108545],
        [0.0022772, -0.00136069, 0.0012987],
        [-0.00182015, 0.00149637, -0.00022592],
        [-0.00205848, -0.00107547, -0.00187588],
        [0.00057275, 0.00053149, -0.00050543],
        [-0.00045409, 0.00209321, 0.00332151],
        [0.00149334, -0.00189184, 0.00145131],
        [-0.00206006, 0.00157697, 0.00110318],
        [6.601e-05, -0.00062829, 3.287e-05],
        [-0.00050108, -0.00108948, -0.00022689],
        [0.00299406, 0.00346736, -0.00207552],
        [-0.0001577, 0.00052001, -0.00106792],
        [-0.00192623, 0.00096182, 0.0008094],
        [-0.00121045, -0.00084868, -0.00060392],
        [0.00039202, -0.00133662, -0.0010194],
        [8.441e-05, 0.00051355, -0.00107429],
        [-0.00032847, -0.00090818, -0.0006809],
        [-0.00145569, -0.002671, -0.00030673],
        [0.0012747, -0.0006542, 0.00055893],
        [0.00199866, 0.00096441, 0.00304573],
        [0.00380715, 0.00089994, 0.00143426],
        [-0.00127822, 0.00025989, -0.00096451],
        [0.00070301, 0.00133649, -5.15e-06],
        [-0.00066782, 0.00043068, -0.00215246],
        [-0.00044766, -0.00039494, -0.00103214],
        [-0.00020465, 0.00108742, 0.00088013],
        [-0.00100864, -0.00088794, -0.00015108],
        [-0.00061986, 0.0021762, 0.001616],
        [0.00288994, -0.00345599, 0.00128017],
        [-0.00147216, 0.00235859, 0.00128847],
        [-0.00154076, 0.00020439, 0.00125831],
        [-0.00288616, -0.00227762, -0.00279599],
        [0.00147769, -0.00555468, -0.00200868],
        [-0.00094638, -0.00246883, -0.00123811],
        [0.00067437, -0.00064893, 0.00041833],
        [-0.00083115, 0.00229671, 0.00434096],
        [-0.00063776, 0.0017209, 7.288e-05],
        [-0.00200537, -0.00249361, 0.00078492],
        [0.00144605, 0.00154523, 0.00064094],
        [-0.00069403, -0.00106517, -0.00293847],
        [0.00063596, -0.00170483, 0.00038393],
        [0.00176561, -0.00191333, 0.00187137],
        [0.00060356, 0.0016255, 0.00021068],
        [0.0006901, -0.00141992, 0.00095049],
        [0.00066494, 0.0018812, -0.00206231],
        [0.00029917, 0.00243333, 0.00280905],
        [0.00068781, 0.00131183, 0.00105595],
        [0.00015689, -0.00222841, 0.00011261],
        [0.00191715, -0.00294466, -0.00217372],
        [-0.00075182, -0.00174897, -0.00216356],
        [0.00176419, -0.00060317, 0.00136544],
        [-0.00150098, 7.971e-05, -0.00130576],
        [0.00522627, 0.00113407, 0.00051113],
        [0.00020573, 0.0013938, 4.605e-05],
        [9.894e-05, 0.0009401, 0.00044775],
        [-0.00087448, -0.00115053, -0.00197385],
        [-0.00156854, -0.00058701, 0.00076986],
        [0.00114326, 0.00071196, 0.00022869],
        [-9.214e-05, -0.00022675, -0.00274551],
        [-0.00309754, 0.00096491, 0.00060614],
        [-0.00039365, 0.00129259, 9.945e-05],
        [-0.00102974, 0.0004548, -0.00084424],
        [0.00037194, 0.00117568, -0.00161928],
        [-0.00015413, 0.00039142, -2.101e-05],
        [0.00179353, -0.00136174, -0.00393552],
        [0.00168146, -7.997e-05, -0.00014143],
        [0.00151712, 0.00031407, 0.00240891],
        [0.00066794, 0.00373861, 0.00081725],
        [-0.0002612, 0.00141993, -0.00050025],
        [-0.00234058, 0.00098036, -0.00080051],
        [-2.064e-05, -0.00336101, 0.00249032],
        [-0.00029466, -0.00060824, -0.00127711],
        [-0.00120191, -0.0019688, 0.00194583],
        [0.00063513, 0.00195518, -0.00020605]
    ],
    "relaxed_lattice": [
        [-4.95579438, -14.40378177, -8.4101937],
        [-7.60565414, -0.09561531, -4.22048829],
        [-0.06179632, -0.13770177, -8.69221241]
    ],