{
    "atom_type": [
        "Na",
        "V",
        "P",
        "O"
    ],
    "atoms_per_type": [
        8,
        8,
        12,
        48
    ],
    "coord_mode": "direct",
    "relaxed_basis": [
        [0.24723002, 0.52980966, 0.47671851],
        [0.75039737, 0.51096603, 0.48666716],
        [0.49599255, 0.9910783, 0.02185853],
        [0.01529257, 0.98230078, 0.98586951],
        [0.62212409, 0.88974265, 0.62509715],
        [0.30491193, 0.25234371, 0.87670834],
        [0.80863024, 0.24841845, 0.88524186],
        [0.87718082, 0.11599385, 0.37891097],
        [0.32598896, 0.64773167, 0.64265158],
        [0.81937605, 0.64011187, 0.64877956],
        [0.07639844, 0.13514017, 0.14011069],
        [0.56395304, 0.15055604, 0.15059774],
        [0.17588267, 0.36034882, 0.35629759],
        [0.6804162, 0.36275643, 0.35151661],
        [0.42571393, 0.85595238, 0.86092309],
        [0.9342576, 0.84521337, 0.84739817],
        [0.12730867, 0.54158035, 0.96024901],
        [0.61971266, 0.54220556, 0.96587024],
        [0.47885167, 0.25404949, 0.53803278],
        [0.97818403, 0.24889673, 0.53519857],
        [0.26733867, 0.96045034, 0.25682973],
        [0.77112871, 0.96285826, 0.24779933],
        [0.23214791, 0.04429521, 0.74581194],
        [0.72701376, 0.03903852, 0.75711294],
        [0.3720565, 0.45594397, 0.04244051],
        [0.87868625, 0.45277253, 0.03380777],
        [0.02042088, 0.74780966, 0.45938533],
        [0.52453131, 0.74814491, 0.46405928],
        [0.44031333, 0.69399569, 0.51350299],
        [0.9314407, 0.71267163, 0.51407323],
        [0.25749964, 0.86792351, 0.70607848],
        [0.73354179, 0.87595158, 0.72228728],
        [0.35098056, 0.47294875, 0.88039671],
        [0.84794328, 0.47430649, 0.88512365],
        [0.4908471, 0.19971695, 0.38012381],
        [0.99039816, 0.20002798, 0.37639969],
        [0.18531825, 0.97321784, 0.22611745],
        [0.68178049, 0.0195659, 0.20991251],
        [0.11968185, 0.36148873, 0.99054972],
        [0.58971046, 0.38184939, 0.01020434],
        [0.06044277, 0.29692611, 0.49739227],
        [0.56678514, 0.28443185, 0.49369284],
        [0.24592024, 0.13873529, 0.28942749],
        [0.76819162, 0.12449048, 0.28131121],
        [0.14650708, 0.51816575, 0.12697682],
        [0.65262539, 0.50238549, 0.11837151],
        [0.01115084, 0.8023645, 0.61450573],
        [0.51206474, 0.79879255, 0.62192394],
        [0.31242869, 0.03272113, 0.78243137],
        [0.81571972, 0.9988622, 0.79022247],
        [0.39283512, 0.6260549, 0.99757358],
        [0.90525803, 0.62532705, 0.97398814],
        [0.38643973, 0.42282634, 0.55969316],
        [0.88330297, 0.41126478, 0.567173],
        [0.28712553, 0.77854869, 0.42218798],
        [0.77353493, 0.78243032, 0.42263571],
        [0.21216735, 0.57216651, 0.77320771],
        [0.70294622, 0.55250017, 0.77473108],
        [0.02704693, 0.91304474, 0.27234977],
        [0.52981537, 0.91717036, 0.27822491],
        [0.14114057, 0.05400972, 0.91638235],
        [0.63643627, 0.07364114, 0.92687345],
        [0.45526938, 0.2681336, 0.07082459],
        [0.96300048, 0.26958411, 0.05500345],
        [0.11103104, 0.5765809, 0.44157638],
        [0.61621566, 0.58203319, 0.43646128],
        [0.2159768, 0.22470731, 0.57505035],
        [0.72385996, 0.21927983, 0.58090106],
        [0.28787933, 0.4366965, 0.2291603],
        [0.80014642, 0.43788874, 0.22695722],
        [0.46725775, 0.08975305, 0.72867799],
        [0.96608935, 0.08053252, 0.7270924],
        [0.35734947, 0.95300627, 0.08086487],
        [0.86132372, 0.93149088, 0.07599624],
        [0.04044966, 0.71960921, 0.93842174],
        [0.54016663, 0.73344266, 0.94158627]
    ],
    "relaxed_energy": -786.08184775,
    "relaxed_forces": [
        [-0.00492765, -0.00058887, 0.00180816],
        [-0.00017478, 0.00103896, -0.0010898],
        [0.00161047, 0.00282952, 0.00109104],
        [-0.00028056, 0.00128572, -0.00167992],
        [0.00258635, -0.00049202, -0.00070199],
        [0.00180562, 0.00144925, 0.0039481],
        [-0.0009834, 0.00122433, -0.00235593],
        [-0.00183374, 1.918e-05, -0.00124028],
        [0.00355285, 5.061e-05, -0.00050574],
        [-0.00020144, 0.00128785, 0.00399284],
        [-0.00539529, -0.00243476, 0.00145842],
        [0.00115166, -0.00515916, -0.00417711],
        [-0.00108009, 0.00147642, 0.0011074],
        [0.00146601, -0.00318236, 0.00299956],
        [-0.00368352, 0.00081778, 0.0044258],
        [-0.00320644, 0.00022361, -0.00424759],
        [0.00669211, 0.0034976, 0.00554078],
        [0.00323489, -0.00352083, 0.00520648],
        [0.00313737, 0.00207843, 0.00221176],
        [-0.00382265, -0.00545735, -0.00436524],
        [-0.00423448, -0.00710329, -0.00272331],
        [-0.00214477, 7.159e-05, -0.00448875],
        [-0.00123876, -0.00247714, -0.00153288],
        [0.00258706, -0.00118072, 0.00301524],
        [0.0012883, -0.00077026, 0.00155063],
        [-0.00322711, 0.00264219, -0.00422625],
        [-0.0011835, -0.00088773, -0.00182844],
        [-4.642e-05, -0.00290305, 0.00178582],
        [0.00220177, 0.00187137, 0.001039],
        [0.0037379, 0.00116668, 8.893e-05],
        [0.00112162, 0.00167308, 0.00024422],
        [-0.00214046, -0.00302696, -0.00170731],
        [0.00185032, -0.00183728, 0.00443329],
        [-0.00146339, -0.00153527, -0.00110737],
        [-0.00028531, -0.00349159, -0.00035905],
        [-0.00188306, 0.00040096, -3.273e-05],
        [0.00212586, 0.00799942, 0.00207904],
        [-9.751e-05, -0.00056005, 0.00202331],
        [-0.00232656, 0.00019593, -0.00103768],
        [0.00251589, 0.00105077, 0.0010174],
        [-0.00198625, -0.00025111, 0.00116485],
        [-0.00424397, -0.00204726, -0.00112535],
        [-0.00026998, -0.00372065, 0.00338765],
        [0.00191313, 0.00109912, 9.71e-05],
        [0.00125738, -0.00250945, -0.00141487],
        [-0.00019034, 0.00113639, -0.00124909],
        [-0.00025908, 0.00143281, -0.00021267],
        [0.00306573, 0.00041363, 0.00126846],
        [0.00065081, -0.00110983, 0.0037112],
        [-0.00216641, -0.00129796, -0.00388911],
        [0.00051382, -0.00320222, 0.00340718],
        [0.00059272, 0.00227528, -0.00094318],
        [-0.00137754, 0.00145412, 0.00163821],
        [-0.00278054, 0.00369971, -0.00065476],
        [-0.00192332, -9.104e-05, -3.888e-05],
        [-0.00178579, -0.00074157, -0.00088908],
        [-0.00256293, -0.00237098, 5.049e-05],
        [-0.0007651, 0.00217529, -0.00319647],
        [-0.00185572, 0.00186149, -0.00158004],
        [0.00240636, 0.00049721, 0.00258861],
        [0.00068542, 0.00310983, -0.00358734],
        [0.00059166, 0.0044537, -0.00325169],
        [0.00036615, 0.0027891, 0.00086655],
        [0.00026921, -0.00681222, -0.00437023],
        [-0.00238567, -0.00492362, -0.00092424],
        [2.587e-05, 0.00392643, 0.00021095],
        [0.00264481, 0.0036334, 0.00311977],
        [-2.717e-05, 0.00059884, -0.00138865],
        [0.00204044, 0.00405194, -0.00283599],
        [-3.889e-05, 0.00154624, -0.00163527],
        [0.00651597, 0.00042793, -0.0014945],
        [0.00189947, 0.00051632, -0.00025017],
        [0.00368227, 0.00284621, 0.0022956],
        [-0.00097841, -0.00250851, -0.00081321],
        [-0.00126423, -0.00217223, -0.00129239],
        [0.00093493, 0.0020711, 0.00157071]
    ],
    "relaxed_lattice": [
        [-5.03644148, -14.26154501, -8.44157923],
        [-7.5489034, -0.11819245, -4.221568],
        [-0.16612849, -0.14080417, -8.64166434]
    ],