{
    "atom_type": [
        "Na",
        "V",
        "P",
        "O"
    ],
    "atoms_per_type": [
        12,
        8,
        12,
        48
    ],
    "coord_mode": "direct",
    "relaxed_basis": [
        [0.25272313, 0.51611024, 0.47955754],
        [0.74455045, 0.51002034, 0.50489128],
        [0.49865552, 0.99022321, 0.00385635],
        [0.01349342, 0.99697955, 0.98522992],
        [0.12514837, 0.87935201, 0.60740612],
        [0.30587309, 0.24754141, 0.87819384],
        [0.81191196, 0.25157652, 0.88696117],
        [0.94641507, 0.60947187, 0.25295571],
        [0.55446122, 0.38630898, 0.75122949],
        [0.37493741, 0.12061869, 0.39133646],
        [0.87302723, 0.10963154, 0.37935371],
        [0.69093657, 0.74731184, 0.11703149],
        [0.32110354, 0.64208552, 0.65037804],
        [0.82229298, 0.64317246, 0.6442883],
        [0.0703143, 0.13958432, 0.14784646],
        [0.57259242, 0.14493268, 0.14650475],
        [0.17947163, 0.36276292, 0.35030191],
        [0.67367074, 0.35711344, 0.35793651],
        [0.43137968, 0.85516046, 0.85127823],
        [0.92835435, 0.85519116, 0.8524538],
        [0.12406663, 0.54181647, 0.96031672],
        [0.62336551, 0.54685434, 0.95757743],
        [0.47580919, 0.25467911, 0.54622918],
        [0.97666845, 0.24692095, 0.53619738],
        [0.27134865, 0.96143086, 0.25441181],
        [0.77265676, 0.95250615, 0.25090431],
        [0.22759272, 0.04150312, 0.75216562],
        [0.730717, 0.04747412, 0.74949163],
        [0.37576744, 0.45285239, 0.03893441],
        [0.8744561, 0.45203041, 0.04464225],
        [0.02332755, 0.74159142, 0.45669609],
        [0.52222379, 0.7563786, 0.46234245],
        [0.43696754, 0.71252641, 0.51337508],
        [0.94334531, 0.68608553, 0.49099596],
        [0.23747606, 0.87575021, 0.71549815],
        [0.75906772, 0.8817434, 0.69650635],
        [0.34734313, 0.46635628, 0.88934482],
        [0.84755347, 0.48609101, 0.88452787],
        [0.49245431, 0.20467187, 0.3851623],
        [0.98045257, 0.19415829, 0.38735078],
        [0.17994597, 0.00100105, 0.23629646],
        [0.69286793, 0.98263319, 0.19841452],
        [0.09402547, 0.38009505, 0.01527885],
        [0.60488876, 0.37646658, 0.9871253],
        [0.06040132, 0.30160726, 0.47073285],
        [0.55589962, 0.30978917, 0.51304373],
        [0.26533257, 0.12613954, 0.28789106],
        [0.75600031, 0.11740637, 0.29479859],
        [0.15254871, 0.5182319, 0.11256558],
        [0.64909327, 0.51311403, 0.11998888],
        [0.00302542, 0.79870937, 0.61854429],
        [0.51351923, 0.8134737, 0.61085522],
        [0.31519284, 0.01172018, 0.78031913],
        [0.80995549, 0.03223163, 0.79524937],
        [0.40829355, 0.61406438, 0.97028008],
        [0.89380215, 0.61909533, 0.01627061],
        [0.3825676, 0.41845279, 0.5675501],
        [0.88297123, 0.40769228, 0.56763662],
        [0.28150739, 0.78027103, 0.42259735],
        [0.78837024, 0.76436145, 0.40878196],
        [0.20323809, 0.55769074, 0.77029724],
        [0.70826847, 0.56149687, 0.77599346],
        [0.02585066, 0.91194145, 0.27591713],
        [0.53246103, 0.91597165, 0.26997372],
        [0.13938938, 0.06717851, 0.92096342],
        [0.63849329, 0.05695382, 0.91418957],
        [0.46053505, 0.26628827, 0.05946849],
        [0.95303968, 0.26478827, 0.06993234],
        [0.11625952, 0.58302661, 0.43707185],
        [0.6136759, 0.58956908, 0.43958303],
        [0.21919969, 0.22100666, 0.58083746],
        [0.71583, 0.23396957, 0.58628966],
        [0.29976073, 0.43292431, 0.23054496],
        [0.79000248, 0.4344251, 0.23071304],
        [0.46361903, 0.09695694, 0.7357987],
        [0.97441727, 0.08273436, 0.72354785],
        [0.35690688, 0.94133408, 0.07944792],
        [0.86553031, 0.93706993, 0.08238413],
        [0.04131354, 0.72868554, 0.93724776],
        [0.54120297, 0.72720491, 0.94046807]
    ],
    "relaxed_energy": -815.63631224,
    "relaxed_forces": [
        [0.00122276, -0.00037084, -0.00037687],
        [-4.198e-05, -0.00024874, 0.00046218],
        [0.00060584, 8.106e-05, -0.00167982],
        [0.00072574, -0.00077983, 0.00083645],
        [0.00179445, 0.00011409, 0.00280896],
        [0.00106649, -3.52e-05, 3.683e-05],
        [-0.00054704, 0.00025119, 0.00052453],
        [0.00124904, 0.00012194, 0.00168459],
        [-0.00054711, -0.00018966, -0.00027207],
        [0.00016872, -0.00019685, -0.00136185],
        [-0.00070781, 0.00118771, -0.00021858],
        [-0.00060735, -0.00134873, -0.00232678],
        [-2.127e-05, -0.00091396, -0.00179741],
        [0.00447396, 0.00555577, 0.00099043],
        [-0.00277354, 0.00253728, -0.00020562],
        [0.00086565, 0.00655127, -0.00184859],
        [0.00091619, -0.00111409, -0.00022455],
        [0.00221867, -0.00050882, -0.00331659],
        [-0.00034824, -0.00414618, 4.107e-05],
        [-0.00102552, 0.00151134, 0.0012124],
        [0.00502954, 0.00157555, 0.00151013],
        [-0.00147405, 0.0015463, -0.00340511],
        [0.00042208, -0.00014528, 0.0009376],
        [-0.00095316, -0.00101, -0.00073951],
        [0.0006704, -0.00513495, -0.00221012],
        [-5.741e-05, -0.00011738, -0.00120157],
        [0.00032353, -0.00306087, 0.00159074],
        [-0.00027418, -0.00123042, -0.00158175],
        [-0.00092464, 0.00014602, 0.00061856],
        [-0.00659632, 0.0045857, 0.00158794],
        [0.00018702, 0.00143571, 0.00358136],
        [0.00049872, -0.00034618, -0.00304418],
        [-0.00019658, -0.00125276, 5.541e-05],
        [0.00251297, -0.00039472, 0.00143749],
        [-0.00165842, -0.00139045, 0.00033048],
        [-0.00457207, -0.0031305, 0.00157453],
        [-0.00010828, -0.00190081, -0.00071877],
        [-0.0013318, 0.00044195, -0.00204857],
        [-6.006e-05, -0.00177172, -0.00294418],
        [-8.671e-05, 0.00040774, 0.00196907],
        [0.00103031, 0.00323774, 0.00256751],
        [-0.00090091, -0.00071339, 0.00076217],
        [-5.856e-05, -0.00152459, 0.00081322],
        [0.00060718, -0.00025044, 0.00063601],
        [0.0006843, 0.00318942, 0.00201693],
        [-0.0006301, -0.00118524, -0.00208396],
        [0.00113867, 0.00136914, 0.00270299],
        [-0.0007389, -0.00022443, -0.00068741],
        [-0.00188189, 0.00023204, -0.00043472],
        [-0.00012744, -0.00054346, -0.00226645],
        [-0.00091412, 0.0018875, 0.00079022],
        [0.00028165, -0.00014425, 0.00141476],
        [0.00045395, 0.00100968, 0.0025378],
        [-0.00210022, -0.0005557, -0.00083522],
        [0.00044736, 0.00051675, -0.00203199],
        [0.00232793, 0.00107182, 0.00048615],
        [0.0009639, 0.00033233, -0.00087906],
        [0.00199374, -0.00116999, 0.00080792],
        [-0.00033091, -0.00071139, -9.864e-05],
        [-0.00127456, -0.00032521, -0.00040242],
        [0.00078167, -0.00111687, 0.00253176],
        [-0.00099704, 0.0019274, 0.00068781],
        [-0.00208949, 0.00083185, -0.00181615],
        [-0.00150674, 0.00053192, -0.00111355],
        [-0.00078261, 0.00150351, 0.00032532],
        [0.00057258, -2.367e-05, -0.00069714],
        [2.831e-05, 0.00033205, -0.00075247],
        [0.00193503, -0.00382057, 0.00161137],
        [-0.00122693, 0.00063755, 0.00124882],
        [3.44e-05, -0.00128373, -0.00130376],
        [0.00169697, -0.00091806, 5.136e-05],
        [-0.00199812, 0.00082135, 2.76e-06],
        [0.00089136, -3.673e-05, 0.00061764],
        [0.00022824, -0.00039327, 0.00080643],
        [0.00181864, -0.00161202, -0.00138252],
        [-4.415e-05, -0.00041887, 0.00242389],
        [-0.00042223, 0.00047062, -4.833e-05],
        [-0.00037301, -0.00080243, -0.00092392],
        [0.00053955, 0.00081227, 0.0016125],
        [-9.604e-05, -0.00025234, -0.00196591]
    ],
    "relaxed_lattice": [
        [-4.97668501, -14.24096397, -8.54651982],
        [-7.62789975, -0.02736144, -4.15850849],
        [-0.14330511, 0.07009228, -8.67534633]
    ],