{
    "atom_type": [
        "Na",
        "V",
        "P",
        "O"
    ],
    "atoms_per_type": [
        9,
        8,
        12,
        48
    ],
    "coord_mode": "direct",
    "relaxed_basis": [
        [0.25320398, 0.50572978, 0.48407239],
        [0.75592691, 0.4985127, 0.50050254],
        [0.49404325, 0.98980406, 0.0175282],
        [0.00216428, 0.00080409, 0.99687321],
        [0.12677302, 0.88160398, 0.61763105],
        [0.3045872, 0.24926765, 0.8814102],
        [0.56133694, 0.38121249, 0.75264813],
        [0.87213969, 0.11409921, 0.37808423],
        [0.69144081, 0.75148629, 0.12152659],
        [0.32502169, 0.63695114, 0.64489703],
        [0.82027755, 0.64631072, 0.64380746],
        [0.06783672, 0.14532743, 0.14605228],
        [0.57288545, 0.14148297, 0.15057012],
        [0.18083893, 0.3564286, 0.35234338],
        [0.67269764, 0.36092756, 0.35509799],
        [0.42851382, 0.85617429, 0.8515257],
        [0.93125697, 0.85543538, 0.85751438],
        [0.12477484, 0.54081022, 0.96348244],
        [0.62335283, 0.5475528, 0.95304656],
        [0.47906949, 0.24759332, 0.54762436],
        [0.97763459, 0.25424109, 0.53503692],
        [0.26908603, 0.96011315, 0.25483871],
        [0.77395265, 0.95702908, 0.24587429],
        [0.2279593, 0.04105416, 0.75008561],
        [0.7305401, 0.03924189, 0.74503602],
        [0.37426115, 0.45429013, 0.04064629],
        [0.87412731, 0.46105696, 0.03715831],
        [0.02328444, 0.74493948, 0.46424077],
        [0.52057101, 0.75389353, 0.46169126],
        [0.44073339, 0.69215615, 0.51151051],
        [0.93396593, 0.70631877, 0.51986013],
        [0.2423663, 0.87548901, 0.7115253],
        [0.74275804, 0.87953407, 0.69766202],
        [0.35127579, 0.46462126, 0.88451577],
        [0.84092696, 0.51055417, 0.8768307],
        [0.50679759, 0.19347214, 0.38172828],
        [0.97852164, 0.21247895, 0.38102278],
        [0.17891592, 0.99697747, 0.23372278],
        [0.69330198, 0.97288045, 0.20388566],
        [0.09863702, 0.37815525, 0.00711772],
        [0.60467169, 0.38063066, 0.98219929],
        [0.0686099, 0.29073451, 0.47382651],
        [0.55588195, 0.30195408, 0.52939975],
        [0.26168842, 0.12679649, 0.28587756],
        [0.75343435, 0.1229597, 0.29258006],
        [0.15879456, 0.49585383, 0.12136842],
        [0.64249882, 0.52687844, 0.11939312],
        [0.01869111, 0.78875674, 0.6204483],
        [0.5034904, 0.81131108, 0.62037026],
        [0.31356265, 0.01608823, 0.78618457],
        [0.81706456, 0.00147018, 0.77857809],
        [0.39785555, 0.62885088, 0.97909386],
        [0.89934892, 0.6218403, 0.00182608],
        [0.38413647, 0.406952, 0.5641078],
        [0.88749753, 0.41979944, 0.57200696],
        [0.28176873, 0.77591086, 0.42237952],
        [0.78923843, 0.77084482, 0.41582343],
        [0.20825631, 0.55506659, 0.77389907],
        [0.70583333, 0.57604038, 0.76671812],
        [0.02406763, 0.91750477, 0.28076278],
        [0.53254208, 0.91009563, 0.26994684],
        [0.1379504, 0.06819078, 0.91879383],
        [0.63860882, 0.05844751, 0.91542336],
        [0.46184753, 0.27670185, 0.05839759],
        [0.95196049, 0.27070769, 0.05861695],
        [0.11393878, 0.57904196, 0.43056708],
        [0.6142635, 0.58713369, 0.44963913],
        [0.21550897, 0.22557631, 0.57768453],
        [0.71806618, 0.22887991, 0.58001133],
        [0.29302475, 0.43916542, 0.22821433],
        [0.78909545, 0.44395247, 0.22485668],
        [0.46345049, 0.08435174, 0.73994526],
        [0.97775955, 0.08150996, 0.71742894],
        [0.35685829, 0.93976725, 0.0779254],
        [0.86619691, 0.93807431, 0.07923752],
        [0.04726006, 0.73093312, 0.94141588],
        [0.53570034, 0.72838562, 0.93457772]
    ],
    "relaxed_energy": -793.38797559,
    "relaxed_forces": [
        [-0.00106809, 0.00071711, 0.0005048],
        [-0.0014527, 0.00122411, 0.00066042],
        [0.00105212, 0.00150523, -0.00133618],
        [-0.00045974, 0.00116677, 5.505e-05],
        [0.00074986, -0.00170849, -0.00020016],
        [0.00023423, 0.00057574, 0.00224454],
        [0.00175911, -0.0007975, 0.00217388],
        [-0.00188801, 0.0006603, -0.00155832],
        [0.00095339, -0.00092304, 0.00243801],
        [0.00360221, -0.00040507, -0.00648049],
        [-0.00133061, 0.00040692, -0.00149649],
        [-0.00085551, -0.00078027, -0.00207217],
        [0.00117351, -0.00117163, -0.00259065],
        [-0.00437762, 0.00022722, 3.42e-05],
        [0.00394733, -0.00082777, -0.00222446],
        [0.0002511, 0.00075829, -0.00083766],
        [-0.00014279, 0.00219799, 0.00037147],
        [0.00199083, -0.00088102, -7.744e-05],
        [0.00111537, 0.00020582, 0.00037961],
        [-0.00321907, -0.00072492, -0.00462697],
        [-9.879e-05, 7.474e-05, 0.00199431],
        [-0.0008854, 0.0062845, 0.00276825],
        [0.00111584, -0.000807, -0.00247979],
        [0.00386623, 0.00395491, 0.0002615],
        [-0.00293124, -0.00470028, -0.00034894],
        [0.00728268, 0.00579663, 0.0016346],
        [-0.00247192, -0.00221008, 0.00200662],
        [0.00034528, -0.00069547, -0.00101656],
        [0.00204719, -0.00164962, 0.00527237],
        [0.00423457, 0.00317275, -0.00148545],
        [0.00076791, 0.00091311, -0.00180954],
        [0.00020146, -0.000127, -9.198e-05],
        [8.041e-05, -0.00142469, -0.00137918],
        [-0.00260496, 0.00056345, 0.00568441],
        [-0.00105976, 0.00306155, 0.00939547],
        [0.00041508, -0.00146438, -0.00045692],
        [-0.00104299, 0.00059444, 0.00133222],
        [0.0019655, 0.00234264, -0.00225534],
        [0.0008479, -2.567e-05, -0.00050364],
        [0.00241288, 0.000693, -0.00106069],
        [-0.00176034, -0.00196217, 9.946e-05],
        [0.00159342, 0.0073552, 0.00040514],
        [0.00181615, 0.00233617, 0.00124924],
        [0.004693, -0.00040283, 0.00465994],
        [0.00125942, -0.00069285, 0.00026764],
        [-0.0046038, 0.00128733, 0.00236321],
        [-0.00146553, -0.00073357, -0.00099703],
        [0.00053185, -0.00037971, 0.0045686],
        [-0.00153229, 0.00018638, -0.00594318],
        [0.00083814, -0.00670996, -0.00329472],
        [-0.00340868, 0.00221419, 0.00198713],
        [-0.00702556, -0.00299407, -0.00178177],
        [-0.00205957, 0.00057126, 0.00320252],
        [0.00287493, -0.00306978, -0.00069146],
        [-0.00096189, 0.00063321, -0.00269569],
        [-0.00084831, -0.0012915, -0.00249652],
        [-0.00053435, -0.00066764, -0.00217079],
        [-0.00195654, -7.466e-05, 0.00096752],
        [-0.00129934, 0.00029235, -0.00050382],
        [0.00013917, 0.00255307, -0.00091144],
        [0.00033061, -0.00074977, -4.337e-05],
        [-0.00029457, -9.751e-05, 0.00101378],
        [-0.00163146, -0.00477708, 0.00343443],
        [1.407e-05, -0.00386188, -0.00017782],
        [0.00227278, -0.0051272, -0.0012929],
        [-0.0033197, 0.00220616, -0.00246153],
        [0.00133621, -0.00245022, -0.00065118],
        [3.214e-05, 0.00010423, -2.843e-05],
        [0.00198845, -0.00028664, -0.00335637],
        [-0.00078331, -0.0052669, -0.00273791],
        [8.15e-06, 0.0009906, -0.00124699],
        [0.00182822, 0.00132396, 0.00268222],
        [-0.00347686, -0.00136649, -0.00036638],
        [-0.00090612, -0.00054843, 0.00217087],
        [0.00077552, 0.00189166, -0.00064005],
        [-0.00053751, 0.00075102, -0.00015309],
        [-0.00044934, 0.00304079, 0.00274803]
    ],
    "relaxed_lattice": [
        [-5.10856049, -14.23106777, -8.31861305],
        [-7.62298761, -0.07215053, -4.15797852],
        [-0.23398315, -0.08343709, -8.62165686]
    ],