{
    "atom_type": [
        "Na",
        "V",
        "P",
        "O"
    ],
    "atoms_per_type": [
        7,
        8,
        12,
        48
    ],
    "coord_mode": "direct",
    "relaxed_basis": [
        [0.24651611, 0.51341844, 0.49656576],
        [0.75501123, 0.4822802, 0.50512258],
        [0.00277247, 0.99884361, 0.00072815],
        [0.31796505, 0.25054461, 0.89166745],
        [0.54435418, 0.32095662, 0.75006417],
        [0.37727678, 0.10334067, 0.36017968],
        [0.68261957, 0.75702131, 0.10484284],
        [0.31948159, 0.64773489, 0.64176087],
        [0.82276423, 0.64139621, 0.64514541],
        [0.06869071, 0.14737322, 0.14703573],
        [0.57527189, 0.13824078, 0.14644991],
        [0.17250488, 0.36428147, 0.36268104],
        [0.68098472, 0.35424682, 0.34242055],
        [0.4293837, 0.85808489, 0.86278417],
        [0.93372171, 0.8609933, 0.84786915],
        [0.12193049, 0.54136956, 0.96729313],
        [0.62681951, 0.54120411, 0.9576833],
        [0.47689545, 0.24656371, 0.53521595],
        [0.97934594, 0.2511652, 0.54174012],
        [0.26503437, 0.96284333, 0.25716567],
        [0.77345009, 0.95513872, 0.24256976],
        [0.23024829, 0.04555882, 0.75661474],
        [0.73845212, 0.03665902, 0.74350002],
        [0.37107793, 0.46929119, 0.03986429],
        [0.87741594, 0.46266783, 0.03013444],
        [0.02104013, 0.7544467, 0.46299771],
        [0.51979466, 0.74432979, 0.46737232],
        [0.43682776, 0.70495659, 0.49345489],
        [0.93707549, 0.70775474, 0.50892666],
        [0.25059428, 0.87608067, 0.71841342],
        [0.75156902, 0.8520323, 0.73713168],
        [0.35485285, 0.48204531, 0.87509915],
        [0.85573305, 0.4828395, 0.86741048],
        [0.48851158, 0.19211148, 0.38178703],
        [0.99524449, 0.20209055, 0.38078679],
        [0.18091643, 0.00816187, 0.20769187],
        [0.69409181, 0.95167691, 0.21737714],
        [0.09385145, 0.37721221, 0.01329855],
        [0.61236034, 0.36030951, 0.01193699],
        [0.06420309, 0.29983303, 0.50139741],
        [0.56174434, 0.29362526, 0.4893758],
        [0.25234018, 0.13195537, 0.29331887],
        [0.75589072, 0.13945691, 0.25117011],
        [0.14464803, 0.5094654, 0.13278583],
        [0.64459266, 0.54047009, 0.11267146],
        [0.00902157, 0.80512582, 0.6219944],
        [0.49474922, 0.79984113, 0.63206399],
        [0.31244102, 0.02643297, 0.79713244],
        [0.82216448, 0.01793782, 0.77572432],
        [0.38100385, 0.647634, 0.00726364],
        [0.90178136, 0.63281033, 0.97584464],
        [0.38367268, 0.41238609, 0.562744],
        [0.88818461, 0.42105849, 0.56015839],
        [0.27079226, 0.78198709, 0.42846745],
        [0.78893542, 0.78605696, 0.42585654],
        [0.21059059, 0.53990329, 0.78874178],
        [0.70876487, 0.56761114, 0.76683562],
        [0.03204922, 0.92159802, 0.27462968],
        [0.53482905, 0.90866745, 0.2772264],
        [0.13535686, 0.07565752, 0.92070339],
        [0.64522068, 0.07156109, 0.91093774],
        [0.45893962, 0.29297668, 0.06079948],
        [0.95853239, 0.27527641, 0.06516146],
        [0.11278267, 0.58330226, 0.44394472],
        [0.61050761, 0.56955745, 0.46085685],
        [0.22218789, 0.2271864, 0.57841383],
        [0.72434625, 0.20955101, 0.56766369],
        [0.28809888, 0.43074642, 0.2296114],
        [0.78884667, 0.46124671, 0.21070617],
        [0.46640296, 0.08467315, 0.73065618],
        [0.97342702, 0.08350433, 0.72851617],
        [0.35688845, 0.94353178, 0.08595159],
        [0.86808456, 0.91649647, 0.0772028],
        [0.04296904, 0.73078839, 0.93439417],
        [0.53573992, 0.71259459, 0.93146406]
    ],
    "relaxed_energy": -778.31911277,
    "relaxed_forces": [
        [-0.00041951, 0.00111324, -0.00075939],
        [0.0015828, 0.0010664, -0.00089953],
        [-0.00241961, -0.00015489, 0.00162163],
        [0.00018313, -4.48e-05, 0.00191052],
        [0.00398166, 0.002388, 0.00281261],
        [0.00048885, -0.00013024, -0.00055344],
        [-0.00018749, -0.00146084, 0.00061659],
        [-0.00175934, 0.0012239, -0.00055011],
        [0.00018271, -0.00072184, -0.00095829],
        [0.00100018, -0.00075706, 0.00098572],
        [0.000596, -1.549e-05, 0.00022675],
        [0.00282345, 0.00459384, -0.00214153],
        [-0.00101728, 0.0001677, 0.00189195],
        [-0.00345133, 0.00135046, 0.00148816],
        [0.00035944, -0.00119752, -0.00113496],
        [-0.00059247, -0.0037548, 0.00138421],
        [0.00170266, -0.0057042, -0.00462139],
        [0.00290362, 0.00459654, 0.00302403],
        [-0.00304681, -0.00346357, -0.00051848],
        [0.00090722, -0.00101759, 0.00074503],
        [-0.001848, 0.00131014, 0.00359359],
        [-0.00401311, -0.00055205, 0.00087982],
        [-0.00115251, 0.00138186, 0.0033743],
        [-0.00013968, -0.00051921, -0.0028187],
        [0.00253781, -0.00225784, 0.00048614],
        [-0.00088029, 0.0009167, 1.248e-05],
        [-0.00112691, 0.00417926, -0.00156358],
        [-0.0009402, 0.00039322, 0.0014408],
        [0.00076572, 0.00272338, 1.975e-05],
        [-0.00420133, -0.00049734, -0.00239086],
        [0.00158707, 0.00052313, -0.00177997],
        [0.00026496, -0.00094318, 0.00258293],
        [0.00077299, 0.00134563, 0.00060668],
        [0.00183516, -0.00062064, -0.00086617],
        [-0.00289892, 0.00197799, -0.00091959],
        [0.00093708, 0.00089344, -0.00386613],
        [0.0006523, 0.00293192, -0.00045557],
        [0.00063699, -0.00385252, 0.00127146],
        [0.00117546, -0.00079572, -0.00198423],
        [0.00035214, -0.00212192, 0.00034484],
        [-0.00152054, -0.00169598, 0.0010667],
        [-0.00028262, -0.00096009, -0.00211818],
        [-0.00144527, 0.00097447, 0.00181217],
        [0.00134614, -0.00048286, -0.00066479],
        [-0.00185878, 0.00205547, 0.00238407],
        [0.00016725, 0.00045052, 1.813e-05],
        [-0.00269016, -0.00186025, 0.00139871],
        [0.00111541, 0.00013384, 0.00011136],
        [-5.791e-05, -0.00011194, -0.00042791],
        [0.00093195, 0.00049539, -0.00012427],
        [0.00028556, 0.00134094, 0.00072457],
        [1.546e-05, -0.00172729, -0.00043517],
        [-0.00023549, 0.00051877, 0.00065764],
        [-0.00014333, -0.00232613, 0.00035608],
        [0.00126996, 7.454e-05, -0.00510304],
        [-0.0011473, 0.00059398, -0.00239584],
        [0.00060333, 0.00184254, 0.00088304],
        [-0.00110433, 8.648e-05, -0.00031768],
        [-5.96e-05, -0.00229828, -3.896e-05],
        [0.00180717, -0.00142507, 0.00045315],
        [-0.00063489, 0.00062975, -0.00077426],
        [-0.00035154, -0.00049894, -0.00129432],
        [-0.00136979, -0.00050881, -0.0012041],
        [-0.00018667, -0.00079294, 0.00085948],
        [0.00181049, -0.00220842, -0.00134873],
        [0.00347589, -0.00018787, -0.00091821],
        [0.00282136, -0.00093632, -0.00082733],
        [-0.00185358, -0.00160229, 0.00018597],
        [0.00109736, 0.00079474, -0.00052541],
        [-0.00024255, -0.00230936, 0.0005325],
        [0.00166481, 0.00291428, 0.00255495],
        [-0.00095761, 0.00057661, 0.00037441],
        [0.00058646, -0.00067581, 0.00092178],
        [-0.00075684, 0.00303422, -0.00079778],
        [-0.00023438, 0.00159862, 0.00148315]
    ],
    "relaxed_lattice": [
        [-5.00181326, -14.22776514, -8.46329545],
        [-7.54224837, -0.13868978, -4.29902025],
        [-0.15582721, -0.17260613, -8.66010624]
    ],