{
    "atom_type": [
        "Na",
        "V",
        "P",
        "O"
    ],
    "atoms_per_type": [
        4,
        8,
        12,
        48
    ],
    "coord_mode": "direct",
    "relaxed_basis": [
        [0.50052256, 0.99222548, 0.00378737],
        [0.81488893, 0.24773556, 0.89099837],
        [0.94256918, 0.62073988, 0.25104896],
        [0.19266981, 0.75535849, 0.11929364],
        [0.32776695, 0.6352884, 0.63720325],
        [0.81977174, 0.64857941, 0.65067135],
        [0.07093645, 0.15136926, 0.13504873],
        [0.57297606, 0.13643783, 0.14836596],
        [0.17869579, 0.35014104, 0.36205628],
        [0.672017, 0.36550243, 0.36069694],
        [0.42397079, 0.86556954, 0.85378414],
        [0.92848138, 0.85584622, 0.84937505],
        [0.12855147, 0.52776849, 0.96544447],
        [0.6188589, 0.54052096, 0.97804322],
        [0.48239843, 0.24533314, 0.54050334],
        [0.98555337, 0.24947244, 0.54220629],
        [0.26385505, 0.95991864, 0.25279071],
        [0.76483243, 0.9647277, 0.24958459],
        [0.2345229, 0.03765084, 0.74861348],
        [0.73295716, 0.04412998, 0.7503491],
        [0.38015256, 0.46101234, 0.01887994],
        [0.87176208, 0.46738846, 0.03890869],
        [0.0170028, 0.75035557, 0.45401623],
        [0.5165188, 0.7515844, 0.46122954],
        [0.43045277, 0.72560829, 0.48124245],
        [0.93700794, 0.71225071, 0.46854689],
        [0.25987243, 0.84505007, 0.74262483],
        [0.76432971, 0.84732841, 0.7328013],
        [0.38794299, 0.46625517, 0.83298956],
        [0.87231938, 0.47517786, 0.85931413],
        [0.50435102, 0.18488227, 0.38173114],
        [0.00792805, 0.23585054, 0.35479137],
        [0.18409709, 0.97844569, 0.20758308],
        [0.6869195, 0.97679261, 0.20544505],
        [0.12333127, 0.35109866, 0.98068815],
        [0.6115387, 0.35870308, 0.00813488],
        [0.06458416, 0.28567477, 0.53172787],
        [0.57124226, 0.27398869, 0.50731298],
        [0.24400834, 0.14728728, 0.2627174],
        [0.7462492, 0.15894477, 0.24161867],
        [0.12030681, 0.51251519, 0.15860331],
        [0.61894963, 0.53414048, 0.15763147],
        [0.98645003, 0.78818629, 0.63763239],
        [0.49013311, 0.80887819, 0.62769252],
        [0.31046587, 0.03679971, 0.78801375],
        [0.80939223, 0.03390304, 0.79690231],
        [0.38358451, 0.64375949, 0.99513372],
        [0.88163813, 0.64208121, 0.01586927],
        [0.39626381, 0.43075814, 0.53601138],
        [0.88999632, 0.42425515, 0.56932822],
        [0.27082096, 0.7946788, 0.43745706],
        [0.77345734, 0.79960931, 0.4351154],
        [0.22223238, 0.5540289, 0.80693889],
        [0.71390984, 0.5538468, 0.81073908],
        [0.03208174, 0.92531011, 0.27871751],
        [0.53666055, 0.91162882, 0.26902999],
        [0.13824304, 0.06829668, 0.9145786],
        [0.63610407, 0.06780004, 0.91269288],
        [0.46182124, 0.27989463, 0.07937823],
        [0.95915076, 0.29074726, 0.08349432],
        [0.11280306, 0.583937, 0.43218404],
        [0.60281, 0.56622293, 0.46881194],
        [0.2266331, 0.2027187, 0.55833637],
        [0.72829331, 0.19867582, 0.56107086],
        [0.28392152, 0.4464543, 0.17958308],
        [0.78025982, 0.44196611, 0.20857674],
        [0.46649286, 0.0835935, 0.73312807],
        [0.96807039, 0.07531718, 0.71773908],
        [0.36047037, 0.92207161, 0.08624127],
        [0.86259745, 0.91966557, 0.0839491],
        [0.0417475, 0.70373805, 0.92246755],
        [0.53742083, 0.72290357, 0.92455623]
    ],
    "relaxed_energy": -754.41720086,
    "relaxed_forces": [
        [-0.00264101, 0.00069831, 0.00172936],
        [-0.00173191, 0.00045849, -0.00221208],
        [0.0037953, 0.00200176, 0.00313186],
        [0.00258101, 0.00270165, 0.00325623],
        [0.00192454, 0.00264563, -0.00071799],
        [-0.00309999, -0.00237161, 0.00141135],
        [0.00573579, 0.00430891, -0.00259235],
        [0.00259869, -0.00363369, 0.00369956],
        [0.00382036, -0.00108954, -0.00391495],
        [-0.00084303, -0.00287119, -0.00741629],
        [-0.00087831, -0.00147008, 0.00046749],
        [-0.00105605, 0.00150723, -0.00186586],
        [0.00166726, -0.00204453, -0.00014337],
        [0.00079413, -0.00026675, 0.00065457],
        [-0.00102622, -0.00348424, 0.00093665],
        [0.00226875, -0.00298959, -0.00333441],
        [-0.0036057, -0.00228349, 0.00416779],
        [-0.00094685, 0.00321558, 0.00110342],
        [0.00739428, 0.00097891, -0.00178653],
        [0.00601321, -0.00364786, 5.998e-05],
        [0.00269679, 0.00363858, 0.00175839],
        [0.00103793, 0.00166575, 0.00150507],
        [0.00193598, -0.00128631, 0.00173995],
        [-0.00315313, 0.00010074, -0.0071594],
        [-0.00148148, -0.00214687, 0.00045182],
        [0.00277445, -0.00399234, 0.00105259],
        [0.00122784, 0.00155974, -0.0013699],
        [-0.00183944, -0.00169522, 0.00567221],
        [0.00301952, 0.00108776, 0.00194219],
        [-0.00483942, 0.00025919, 0.00272878],
        [-0.00109608, -0.00045043, 0.00302738],
        [0.00313751, 0.0032681, -0.0007928],
        [0.0034972, -0.00281647, -0.00200188],
        [-0.00388224, 0.00146182, 0.00060782],
        [0.00033283, 0.00203312, 0.00020521],
        [0.00106781, -0.00048329, 0.00293888],
        [-0.00286182, 0.00266818, 0.00295197],
        [-0.00234643, -0.00072229, -0.00585852],
        [-0.00017749, 0.00434175, 0.00038121],
        [0.0005145, 0.00063907, 5.598e-05],
        [-0.00123238, -0.00247905, -0.00604283],
        [-0.00460436, 0.00049704, -0.0007471],
        [-0.00032905, -0.00024841, -0.00207363],
        [-0.00547245, 0.0014728, -0.00034571],
        [-0.00071837, 0.0023469, 0.00264839],
        [-0.00430523, -0.00104148, -0.00331379],
        [0.00034875, -0.00247415, 0.00114107],
        [0.00204634, -0.0021122, -0.00238673],
        [0.00084588, -0.00175955, -0.00055512],
        [0.00197085, 0.00283211, -8.762e-05],
        [-0.00156706, 0.00374848, -0.00056948],
        [0.00035656, -0.00078154, -0.00045323],
        [0.00257706, 0.00226862, 0.00598304],
        [-0.00121913, -0.00392438, -0.00010787],
        [0.00119863, 0.00172971, -4.348e-05],
        [0.00184337, 0.00023425, 0.00211682],
        [-0.00037189, 0.00518212, -0.00069019],
        [-0.00098572, 0.00025953, 0.00102489],
        [-0.00237402, 0.00016494, 0.00183347],
        [-0.00071303, 0.00142106, -0.00177604],
        [0.00337014, -0.00250523, 0.00166518],
        [-0.00372323, 0.00010569, 0.00302184],
        [-0.00090878, -0.00124265, 0.00472544],
        [-0.00491866, -0.00090441, -0.00126888],
        [-0.00213742, -0.00600345, -0.00352423],
        [-0.00284174, 0.00187986, -0.00121604],
        [-0.00391055, 0.00279007, -0.00310449],
        [0.0026233, -0.00168224, -0.00022536],
        [0.00352516, 0.00140092, 0.00344221],
        [-0.0011593, -0.00242016, -0.00192063],
        [0.00249549, -0.00454791, -0.00252505],
        [-0.00203827, 0.0042982, -0.00109627]
    ],
    "relaxed_lattice": [
        [-5.18242534, -14.18094868, -8.60228725],
        [-7.54924711, -0.23242263, -4.31208216],
        [-0.22690105, -0.24778932, -8.65619004]
    ],