{
    "atom_type": [
        "Na",
        "V",
        "P",
        "O"
    ],
    "atoms_per_type": [
        5,
        8,
        12,
        48
    ],
    "coord_mode": "direct",
    "relaxed_basis": [
        [0.25542381, 0.51881315, 0.47039027],
        [0.50915724, 0.98035921, 0.00079489],
        [0.31028368, 0.25507331, 0.8741785],
        [0.80950967, 0.24718228, 0.88384225],
        [0.90550614, 0.57531527, 0.25742951],
        [0.32486876, 0.65268884, 0.63957743],
        [0.82056858, 0.64404975, 0.64812248],
        [0.07863152, 0.14022254, 0.13439762],
        [0.56839153, 0.13935453, 0.15187387],
        [0.17525436, 0.36228142, 0.36464904],
        [0.67958236, 0.36446164, 0.3497997],
        [0.42996036, 0.8591237, 0.85189938],
        [0.92618571, 0.85551553, 0.84890381],
        [0.12619303, 0.53154268, 0.97019907],
        [0.6246197, 0.54017832, 0.97280345],
        [0.48045726, 0.25405394, 0.53295483],
        [0.98558322, 0.24930616, 0.53983568],
        [0.26651775, 0.9631097, 0.25726627],
        [0.76263437, 0.96130269, 0.25271383],
        [0.23378479, 0.04917214, 0.74860064],
        [0.73135348, 0.03909454, 0.75140722],
        [0.37390964, 0.46239246, 0.03478473],
        [0.87665467, 0.45901518, 0.02964846],
        [0.01735102, 0.75603915, 0.45443177],
        [0.52417997, 0.74488736, 0.46039374],
        [0.44102942, 0.68838044, 0.50187856],
        [0.93903361, 0.70227388, 0.48226803],
        [0.26233885, 0.87823953, 0.69857023],
        [0.76124981, 0.84556366, 0.72979267],
        [0.35477295, 0.47412785, 0.87521549],
        [0.86392935, 0.45940855, 0.8696946],
        [0.49010496, 0.20240936, 0.3793316],
        [0.0062711, 0.24200644, 0.3517009],
        [0.18155924, 0.97895851, 0.22770398],
        [0.67675798, 0.97519053, 0.23042344],
        [0.14232878, 0.33313018, 0.98450393],
        [0.61445432, 0.3532536, 0.0208038],
        [0.06312143, 0.29889171, 0.52445531],
        [0.56478068, 0.31370525, 0.46994289],
        [0.24229406, 0.13590096, 0.29892191],
        [0.74788813, 0.1493181, 0.25068244],
        [0.13790066, 0.51448385, 0.14095895],
        [0.64792058, 0.53366389, 0.12341132],
        [0.99137541, 0.78399455, 0.64198433],
        [0.50307792, 0.79476353, 0.62309669],
        [0.31491181, 0.04049021, 0.78120875],
        [0.81354438, 0.03926559, 0.77411273],
        [0.383172, 0.6401877, 0.00184887],
        [0.86767781, 0.65630569, 0.99896096],
        [0.38372325, 0.42043253, 0.56479498],
        [0.88839736, 0.41720369, 0.57251043],
        [0.28401059, 0.77696892, 0.42203729],
        [0.7809909, 0.78739911, 0.42554855],
        [0.20591925, 0.59199307, 0.78121906],
        [0.71051779, 0.56183419, 0.7836487],
        [0.0211058, 0.94209063, 0.29175884],
        [0.52767856, 0.91641203, 0.2743406],
        [0.14309634, 0.04809388, 0.92844078],
        [0.63980309, 0.053913, 0.92540833],
        [0.46508285, 0.28428469, 0.05616503],
        [0.97567685, 0.31535311, 0.0450531],
        [0.11476973, 0.59555658, 0.43114877],
        [0.616961, 0.57416219, 0.43911325],
        [0.2136425, 0.23795176, 0.5846524],
        [0.71447294, 0.19935184, 0.57377409],
        [0.29014068, 0.42433836, 0.22499186],
        [0.79992109, 0.40058404, 0.22372951],
        [0.47636418, 0.08900686, 0.72228974],
        [0.97440363, 0.07032333, 0.71372649],
        [0.35684607, 0.9581224, 0.07790158],
        [0.85425664, 0.92506768, 0.07561578],
        [0.02646777, 0.67233888, 0.9659569],
        [0.53587628, 0.71514516, 0.95038915]
    ],
    "relaxed_energy": -762.50811441,
    "relaxed_forces": [
        [0.00026672, 0.00162644, -0.00208209],
        [0.00319707, -0.00124255, 0.00071152],
        [-0.00016862, 2.081e-05, 0.00040342],
        [0.00036696, -0.00074324, 0.00177019],
        [0.00098343, 0.00068481, 0.00035252],
        [0.00027426, -0.00167376, -0.00108267],
        [-0.00072901, 0.00042068, -0.00095346],
        [-0.00077511, -0.00194134, -0.00057741],
        [-0.00062129, 0.00081072, -0.00077046],
        [-0.00060027, -0.00191349, -0.00044434],
        [-0.00049207, 0.00476017, 0.0014176],
        [3.595e-05, -0.00065978, 0.00114996],
        [0.0002188, -0.00084466, 0.00021361],
        [-0.00159356, 0.00045433, 0.00106605],
        [0.00250016, 0.00529534, 0.00109406],
        [-0.00380733, -0.00814832, -0.00284479],
        [-0.00042346, -0.00266529, 0.00021436],
        [0.00056576, 0.00019471, 0.00068914],
        [0.00258204, 0.00334154, 0.00109389],
        [0.00134534, 0.00015897, -0.00247655],
        [0.0013862, 0.00115141, 0.00013755],
        [0.00203243, 0.00067987, 0.00068957],
        [0.0008571, 0.0025231, -0.00163753],
        [-0.00090234, -0.00040306, -0.00052943],
        [-0.00260302, 0.00691646, -0.00088451],
        [-0.00370511, -0.00672929, -0.00229269],
        [-0.00378481, -0.00320855, 0.00063246],
        [-0.00353467, 3.271e-05, -0.00538339],
        [-0.00381555, 0.00162875, -0.00272789],
        [0.00355105, -0.00133173, -0.0032106],
        [0.00110861, -0.00237304, -0.00211384],
        [0.00256201, 0.00208674, -0.00254934],
        [7.94e-05, 0.00150171, -0.00034164],
        [-0.00245935, -0.0036404, 0.00040948],
        [0.00267556, -0.00207003, -0.00204659],
        [-0.00069739, -0.00233453, 0.00015043],
        [-0.0031964, 0.001458, 0.00220285],
        [0.00016166, -0.00090528, 0.00174808],
        [0.00333335, 0.00431889, -0.00327883],
        [-0.00145774, -0.0031688, 0.00217728],
        [-0.00156766, 0.00155863, -0.00323381],
        [-0.00075016, -0.00137859, -0.00067261],
        [0.00118305, 0.00152093, -0.00208446],
        [-7.564e-05, -0.00044897, 0.00122241],
        [-0.00300188, 0.00249911, -0.00607397],
        [7.685e-05, -0.00590935, -0.00350384],
        [-0.00039642, 0.00207154, 0.0020889],
        [-0.00515236, -0.00245998, 0.00150119],
        [-0.00039262, 0.00153609, -0.00091858],
        [0.00253692, -0.0020435, 0.00327929],
        [0.00298826, -0.00071113, 0.00209566],
        [-0.00300501, 0.00070185, 0.0045583],
        [-0.0021808, 0.0033439, 0.00277292],
        [0.00255063, 0.00342259, 0.00081508],
        [0.00333585, 0.00576441, -0.00173313],
        [0.00081763, -0.00095985, -0.00025048],
        [0.00425725, -0.00017246, -0.00161288],
        [-0.00123281, -0.00318377, -0.00045873],
        [0.00021223, 2.333e-05, 0.0037746],
        [-0.0018682, 0.00224831, 0.0030115],
        [-0.0001917, 0.00061925, -0.00144632],
        [0.00012712, -0.001161, -0.00029122],
        [0.00349652, -0.00283352, 0.00114857],
        [-0.00057721, -0.00202345, -0.00145633],
        [-0.00110668, 0.00083641, 0.00297552],
        [-0.00107315, -0.00105614, -6.48e-06],
        [-0.00167676, -0.00160086, 0.00165093],
        [0.00774746, 0.00316006, 0.00112422],
        [-0.00030913, 5.466e-05, 0.00042851],
        [0.00202486, -0.00418662, 0.006281],
        [8.985e-05, 0.00118509, -0.00151036],
        [-0.00045858, -0.00032704, 0.00038117],
        [-0.00114445, 0.00584105, 0.00604748]
    ],
    "relaxed_lattice": [
        [-5.05311573, -14.11990697, -8.510319],
        [-7.50440883, -0.18318405, -4.32911524],
        [-0.16762577, -0.25506916, -8.70590004]
    ],