{
    "atom_type": [
        "Na",
        "V",
        "P",
        "O"
    ],
    "atoms_per_type": [
        11,
        8,
        12,
        48
    ],
    "coord_mode": "direct",
    "relaxed_basis": [
        [0.26158127, 0.50518932, 0.47091513],
        [0.7486536, 0.5031298, 0.50280201],
        [0.48801674, 0.99949913, 0.02511699],
        [0.0075196, 0.97184201, 0.01377812],
        [0.12722557, 0.88669281, 0.61277004],
        [0.62493718, 0.89369718, 0.62388507],
        [0.30508866, 0.25016226, 0.88380229],
        [0.80615126, 0.24914799, 0.8833292],
        [0.06082827, 0.38085901, 0.747646],
        [0.87486354, 0.12033029, 0.38374914],
        [0.69071897, 0.7533862, 0.12020108],
        [0.32426749, 0.64114136, 0.64291078],
        [0.82305141, 0.64158756, 0.64717146],
        [0.07315388, 0.13961659, 0.14517852],
        [0.56619937, 0.14739826, 0.14977132],
        [0.18385632, 0.35910289, 0.34602935],
        [0.67304848, 0.36187034, 0.35954133],
        [0.42736021, 0.84949067, 0.8526311],
        [0.93055268, 0.85503477, 0.85362956],
        [0.1241069, 0.54141374, 0.95582529],
        [0.62144274, 0.54871596, 0.9657308],
        [0.47607267, 0.24573129, 0.54178052],
        [0.97866727, 0.25552587, 0.53802543],
        [0.2727893, 0.95701872, 0.24865418],
        [0.77074659, 0.95905822, 0.24949438],
        [0.22927341, 0.04245285, 0.7451672],
        [0.72751091, 0.0454402, 0.75225137],
        [0.37544864, 0.45498462, 0.03344442],
        [0.8737635, 0.45208632, 0.03931419],
        [0.02535967, 0.75049402, 0.46214129],
        [0.5222508, 0.74970797, 0.46317625],
        [0.44014493, 0.69354213, 0.51770404],
        [0.93952386, 0.69911492, 0.52470721],
        [0.24085719, 0.88211249, 0.70229929],
        [0.74219273, 0.87548935, 0.71687671],
        [0.34847705, 0.47460584, 0.88087726],
        [0.84450276, 0.46887356, 0.89037142],
        [0.49048361, 0.18954104, 0.38796259],
        [0.99019437, 0.20494851, 0.38118957],
        [0.18373228, 0.99122012, 0.22484106],
        [0.68742075, 0.98349082, 0.21148687],
        [0.09896328, 0.38144561, 0.98294841],
        [0.60319003, 0.37408951, 0.01671489],
        [0.06278758, 0.30094546, 0.49844465],
        [0.56313605, 0.27617406, 0.50758445],
        [0.2652593, 0.1258549, 0.27225518],
        [0.75612769, 0.13127328, 0.28162651],
        [0.15086841, 0.50006933, 0.11635386],
        [0.64720543, 0.53517887, 0.11825212],
        [0.01522134, 0.80925739, 0.61318039],
        [0.51188836, 0.8061666, 0.61693527],
        [0.31282356, 0.00862188, 0.79021209],
        [0.81242158, 0.01960001, 0.78735331],
        [0.40173161, 0.62871088, 0.97370319],
        [0.89935995, 0.62184172, 0.97737734],
        [0.38471694, 0.40730955, 0.56870874],
        [0.88435836, 0.4143881, 0.56814257],
        [0.28402433, 0.77552624, 0.41703404],
        [0.77865683, 0.78226467, 0.42347868],
        [0.20735358, 0.56099064, 0.76747124],
        [0.70363165, 0.5665863, 0.77583966],
        [0.02583808, 0.91813102, 0.27837196],
        [0.5325014, 0.90732674, 0.27266924],
        [0.13690239, 0.06936134, 0.91244544],
        [0.63781355, 0.06173447, 0.92217548],
        [0.45924866, 0.27730764, 0.05616599],
        [0.95611634, 0.26717726, 0.06155833],
        [0.11554115, 0.58456429, 0.44373331],
        [0.61587465, 0.586751, 0.43985395],
        [0.21662355, 0.23150231, 0.58366252],
        [0.720838, 0.22289825, 0.5785721],
        [0.29373867, 0.44904048, 0.21776303],
        [0.79300912, 0.44120919, 0.22924345],
        [0.46431394, 0.07872685, 0.73334471],
        [0.97155623, 0.08947281, 0.72681445],
        [0.36067693, 0.9304425, 0.07449233],
        [0.86184166, 0.93817346, 0.08109396],
        [0.04429252, 0.7292664, 0.93140478],
        [0.53898786, 0.73244299, 0.93457559]
    ],
    "relaxed_energy": -808.37126281,
    "relaxed_forces": [
        [0.00104337, -0.00057176, -0.00095045],
        [-0.00053257, 0.00030831, -0.00136667],
        [0.00512988, 0.00031214, -0.00036763],
        [-0.00255008, -0.00125908, 0.00375532],
        [-0.00165327, -0.00218915, 0.00124469],
        [-0.00151073, 0.00123911, -0.00075023],
        [-0.0023248, -0.00121193, -0.00066017],
        [0.00027614, -0.00382685, -0.00157154],
        [-0.00070025, 3.69e-05, -0.00161051],
        [0.00320802, -0.00089021, 0.00275815],
        [0.0018111, 0.00190485, 0.00153001],
        [0.00189973, 0.00593782, 0.00204149],
        [-0.00298777, 0.00199493, 0.00334919],
        [-0.00309437, 0.00367722, -0.00657419],
        [0.00252266, -0.00669359, -0.00350615],
        [-0.00099173, 0.00275356, 0.00265943],
        [-0.00041268, 0.00294379, -0.00091772],
        [-0.00200413, -0.00047494, -0.00066565],
        [0.00234572, -0.00171713, 0.00237322],
        [-0.00062738, -0.00619806, 0.00513977],
        [0.00257348, -7.09e-05, -0.00257143],
        [0.00230994, -0.00251093, -0.00291653],
        [0.002968, -0.0023204, -0.00143763],
        [-0.00079278, 0.0009224, 0.00202558],
        [-7.403e-05, 0.0016391, 0.00048584],
        [0.00137169, 0.00317033, 0.00247158],
        [0.00397939, -0.00075815, 0.00599123],
        [-0.00335444, -0.00335017, -0.00364876],
        [-0.00102634, -0.00154831, 0.00131699],
        [0.00386769, 0.00117558, 0.00319217],
        [-0.00074742, -0.00330398, -0.00260508],
        [0.00068565, -0.00063152, -0.00122151],
        [0.00124759, -2.449e-05, -0.0020538],
        [-0.00323255, 0.00547799, -0.00332792],
        [-0.00126247, -0.00327993, 0.0023428],
        [0.00368496, -0.00172565, -0.00298866],
        [-0.0021651, 0.00154494, 0.0022925],
        [-0.00557405, 0.00263815, 0.00019652],
        [-0.00121718, 0.00249148, 0.00412063],
        [-0.00081542, 0.00191519, -0.00019121],
        [-0.00245648, 0.00069195, -0.00028408],
        [0.00095566, -0.00129503, 0.0017245],
        [0.00543051, 0.00030347, 0.00491236],
        [-0.00285577, -0.0025451, -0.00030629],
        [0.00062711, 0.00025557, -0.00260924],
        [-0.00244292, -0.00293874, 0.00241906],
        [0.00233704, 0.0018416, -0.0033103],
        [0.00144928, -1.115e-05, -0.0066279],
        [0.0028445, 0.00166143, -0.00152317],
        [0.00036175, 0.0010443, -0.00031559],
        [-0.00811164, -0.0043425, -0.00266705],
        [-0.00054035, 0.00161273, -0.0015361],
        [0.00074307, -0.00655976, -0.00491629],
        [0.00828217, 0.00097253, 0.00288379],
        [0.00042445, 0.00215807, -0.00115639],
        [-0.00281001, 0.00357487, 0.00214205],
        [-0.00491057, 0.00621074, -0.00270572],
        [0.00301458, -0.00200828, -0.00389299],
        [0.00031967, -0.00019457, -0.00124679],
        [-0.00125436, -0.00154033, -0.00107786],
        [-0.00078826, -0.0045835, 0.00668751],
        [-0.00194971, -0.00242454, 0.00496844],
        [-0.00195336, -0.00058384, 0.00406586],
        [0.00280366, -0.00087796, -0.00375065],
        [0.00174562, 0.00076665, -0.005946],
        [0.00176419, 0.00090004, 0.00296077],
        [-0.00293386, 0.00087145, -0.00386184],
        [0.00020258, -0.00273277, 0.00492451],
        [0.00281926, -4.37e-05, 0.00143131],
        [0.00264877, -0.0001878, -0.00183407],
        [0.00052766, 0.00087875, 0.00092849],
        [-0.00477569, -0.00082167, 0.00587783],
        [0.00669068, 0.00437784, -0.00073714],
        [-0.00467799, -3.898e-05, -0.00629961],
        [0.00029728, 0.00280702, 0.00202538],
        [0.00208122, -0.00120436, 0.00077508],
        [0.0030324, -8.515e-05, 0.00092856],
        [-0.00522732, 0.00460934, -7.65e-05],
        [-0.00498829, 0.00195471, -0.0003576]
    ],
    "relaxed_lattice": [
        [-4.96864874, -14.29105268, -8.43149144],
        [-7.59751474, -0.05108498, -4.21368271],
        [-0.13384428, -0.06827991, -8.69638097]
    ],