{
    "atom_type": [
        "Na",
        "V",
        "P",
        "O"
    ],
    "atoms_per_type": [
        6,
        8,
        12,
        48
    ],
    "coord_mode": "direct",
    "relaxed_basis": [
        [0.75429081, 0.47397346, 0.51543823],
        [0.49837573, 0.00462695, 0.99932484],
        [0.99447133, 0.0081918, 0.00137227],
        [0.29734137, 0.25554963, 0.87255648],
        [0.1948337, 0.74979006, 0.12873874],
        [0.69291955, 0.75005266, 0.11520535],
        [0.32421281, 0.63893477, 0.6447439],
        [0.81933374, 0.6407362, 0.64864068],
        [0.07033415, 0.14536636, 0.14326643],
        [0.57007824, 0.14442729, 0.15373891],
        [0.17545293, 0.35874769, 0.35583131],
        [0.67961137, 0.3560607, 0.35339686],
        [0.42806334, 0.85566401, 0.85463666],
        [0.93050141, 0.86266823, 0.84610986],
        [0.12294015, 0.5532927, 0.96675674],
        [0.6234976, 0.54391841, 0.96543132],
        [0.47955448, 0.2513175, 0.54196172],
        [0.97749264, 0.25355489, 0.53560779],
        [0.26510617, 0.96755852, 0.25017733],
        [0.76934459, 0.95919038, 0.24694874],
        [0.23594241, 0.0310084, 0.74733052],
        [0.73199227, 0.03921968, 0.75162537],
        [0.37674015, 0.45049936, 0.03312206],
        [0.87817458, 0.45958108, 0.02955219],
        [0.01846042, 0.74725802, 0.4628885],
        [0.52144696, 0.74654811, 0.46464411],
        [0.43932708, 0.69001154, 0.51243353],
        [0.93195667, 0.70603681, 0.51094176],
        [0.26383557, 0.82661167, 0.7618952],
        [0.74375876, 0.85727739, 0.7409262],
        [0.36553374, 0.44932566, 0.86888173],
        [0.85043143, 0.4869512, 0.87090597],
        [0.501082, 0.18492049, 0.38332571],
        [0.99060558, 0.20327568, 0.37817492],
        [0.18639773, 0.96616298, 0.22039764],
        [0.68802837, 0.96874288, 0.2128413],
        [0.11519838, 0.37010743, 0.00615717],
        [0.60355455, 0.36585915, 0.02261897],
        [0.06578326, 0.29876392, 0.48267458],
        [0.56282212, 0.29490647, 0.50221237],
        [0.24599037, 0.16978198, 0.22793012],
        [0.75230333, 0.14052018, 0.26065373],
        [0.1369449, 0.54994355, 0.13014317],
        [0.64307223, 0.53944296, 0.1211259],
        [0.00102529, 0.81115044, 0.6193491],
        [0.49873166, 0.80927756, 0.62545196],
        [0.3135147, 0.0326598, 0.78439541],
        [0.81366119, 0.01440877, 0.79350764],
        [0.38897762, 0.63459216, 0.98521586],
        [0.89794239, 0.63486285, 0.97896494],
        [0.38799563, 0.42235596, 0.54969626],
        [0.88685228, 0.42543047, 0.55754103],
        [0.27830764, 0.81834086, 0.4362913],
        [0.77925792, 0.78647262, 0.43103724],
        [0.21435207, 0.5711417, 0.78376345],
        [0.70808218, 0.55658879, 0.77548236],
        [0.03393173, 0.90517931, 0.26827125],
        [0.53079326, 0.91204493, 0.27294695],
        [0.14095623, 0.06233382, 0.91268254],
        [0.63774305, 0.06914835, 0.92560625],
        [0.46034082, 0.27240162, 0.07507653],
        [0.96247769, 0.27840725, 0.04767884],
        [0.10817593, 0.57021702, 0.45706036],
        [0.6157787, 0.58442248, 0.44689908],
        [0.22801768, 0.18010414, 0.55706062],
        [0.72332736, 0.21295868, 0.5748695],
        [0.28601186, 0.43970039, 0.21344514],
        [0.7918981, 0.4498578, 0.21750146],
        [0.4636681, 0.08756906, 0.7355207],
        [0.96962592, 0.08847394, 0.7265242],
        [0.36055533, 0.92656889, 0.0812801],
        [0.86425597, 0.91846994, 0.08138471],
        [0.0410404, 0.73407949, 0.92389302],
        [0.53715031, 0.72419511, 0.93467032]
    ],
    "relaxed_energy": -770.77193812,
    "relaxed_forces": [
        [-0.00233782, -0.00016507, -0.00104875],
        [0.00034926, -0.00157369, 0.00124114],
        [-9.175e-05, 0.00102486, -0.00191644],
        [0.00039052, 0.00055073, 0.00123716],
        [0.00121051, -0.00059172, -0.0001477],
        [0.00041909, 0.0006268, 0.00039971],
        [0.00013737, 0.00946265, 0.00275924],
        [0.00484122, 0.00062179, 0.00296245],
        [-0.001532, 0.00233923, -0.00334582],
        [-0.00730879, -0.00119719, -0.00403246],
        [-0.00150287, -0.00028859, -0.0026992],
        [-0.00185862, 1.486e-05, -0.0023311],
        [0.00091954, -0.00096439, 0.0080408],
        [0.00066095, -0.00070907, 0.00029825],
        [0.00395542, 0.00509466, 0.0006657],
        [0.00063359, -0.00371868, -0.00210073],
        [-0.0023086, -0.00282756, -0.00050034],
        [-0.00392821, 0.002598, 0.00183672],
        [-0.0004886, 0.00423626, 0.00332273],
        [-0.00167617, 7.908e-05, -0.00278191],
        [0.00523718, -0.00122275, 0.00265316],
        [-0.00656638, -0.00336569, 0.00206547],
        [0.00137865, -0.00031418, 0.00854406],
        [-0.00580528, -0.00042213, -0.00367206],
        [0.00082825, -0.00662607, -0.00250309],
        [0.00579315, 0.00186672, -0.00229429],
        [0.00088074, 0.00216995, -0.0024536],
        [0.00053946, 3.808e-05, -8.043e-05],
        [0.00027706, 0.00211013, -0.00585628],
        [0.00087088, -0.00158041, 0.00016465],
        [-9.777e-05, -0.001288, -0.0020382],
        [-0.00093897, -3.14e-05, 8.583e-05],
        [0.00043153, -0.0041712, 0.00399145],
        [0.00073792, -0.00111087, 0.0011184],
        [0.00079491, 0.0026569, 0.00181518],
        [-0.00068374, 0.00205626, 0.00171873],
        [-0.0025112, 0.00243934, -0.00183059],
        [0.00686873, 0.00069709, 0.00108104],
        [0.00037892, -0.00093702, 0.00144739],
        [0.00311744, 0.00070194, -0.00074671],
        [0.00032024, -0.00067467, 0.00153919],
        [0.00218154, -0.0005249, 0.00231523],
        [0.00075996, -7.938e-05, 0.00157819],
        [-8.422e-05, 0.00026431, 0.00140054],
        [-0.0006986, -0.00067448, -0.00247351],
        [-0.00216112, 0.00283303, -0.00417994],
        [0.00275593, -0.00182928, -0.00096895],
        [-0.00044016, -0.0028499, -1.175e-05],
        [-0.00232965, -0.00143024, 0.00027223],
        [-0.00067782, -0.00181019, -0.00201093],
        [-0.00071688, 0.00268603, 0.00090845],
        [-0.00330277, -0.00148243, -0.00216972],
        [-0.00411499, 0.00657379, -0.00099702],
        [0.00060177, -0.00132082, -0.00341215],
        [0.00325478, 0.00212253, 0.00481673],
        [-0.0006807, -0.00240447, -0.00160621],
        [-7.496e-05, -0.00106615, -0.00083819],
        [-0.00039881, -0.00125923, 0.00204825],
        [0.0008736, 0.0019636, 0.00177028],
        [-0.00055641, 0.00241153, -0.0034992],
        [0.00288129, -0.00326585, -0.00177605],
        [0.0008082, 0.00052754, -0.00126837],
        [0.00226218, -0.000491, 0.00055883],
        [-0.00019646, 0.00092404, 0.00074386],
        [0.00261521, 0.00025939, 0.00379133],
        [0.00105158, -0.00274923, -0.00163881],
        [0.00120533, 0.00055088, 0.00043274],
        [-0.0013831, 0.00037257, -0.00038785],
        [-0.00096706, 0.00070209, -0.00057165],
        [-0.00152899, -0.00146322, -0.00257306],
        [0.00067397, -0.00106149, 0.00106728],
        [-0.00087148, -0.0026246, 0.0016849],
        [-0.00101771, -0.000896, -0.00147539],
        [-0.00205925, -0.00051346, 0.00186118]
    ],
    "relaxed_lattice": [
        [-4.98852874, -14.21569232, -8.57938252],
        [-7.51750261, -0.14038173, -4.30088523],
        [-0.1540848, -0.19929234, -8.61942673]
    ],