{
    "atom_type": [
        "Na",
        "V",
        "P",
        "O"
    ],
    "atoms_per_type": [
        6,
        8,
        12,
        48
    ],
    "coord_mode": "direct",
    "relaxed_basis": [
        [0.24759181, 0.51547074, 0.49064599],
        [0.74278465, 0.50504283, 0.51065824],
        [0.01270766, 0.99541059, 0.98285485],
        [0.37593393, 0.0980078, 0.3568458],
        [0.875222, 0.12341607, 0.38126463],
        [0.66867939, 0.75203386, 0.10006452],
        [0.32232566, 0.64368861, 0.64544134],
        [0.81844201, 0.63882406, 0.65175815],
        [0.07080689, 0.14209205, 0.14578021],
        [0.56901718, 0.15750247, 0.14957488],
        [0.17595966, 0.36026136, 0.34850624],
        [0.67813815, 0.35002114, 0.35774216],
        [0.42739078, 0.86142587, 0.86428155],
        [0.93594661, 0.85514677, 0.84677021],
        [0.12788697, 0.53768187, 0.95610892],
        [0.62123769, 0.54829008, 0.96182207],
        [0.47932447, 0.24749802, 0.53980368],
        [0.9767128, 0.25160336, 0.53720609],
        [0.26388075, 0.95996439, 0.25717814],
        [0.77212675, 0.96396825, 0.25125941],
        [0.23166219, 0.03230393, 0.74652392],
        [0.73592756, 0.03583052, 0.75109826],
        [0.37692828, 0.464361, 0.03838266],
        [0.87576574, 0.461892, 0.03323628],
        [0.02091678, 0.74267778, 0.46744366],
        [0.52028985, 0.75014861, 0.47623897],
        [0.43001768, 0.73826671, 0.50079865],
        [0.93257585, 0.70139151, 0.52692563],
        [0.24272916, 0.86747481, 0.70591515],
        [0.74123285, 0.86526051, 0.73116942],
        [0.35337902, 0.5016318, 0.87278428],
        [0.84284002, 0.49456159, 0.88026118],
        [0.47841653, 0.22215919, 0.37654221],
        [0.98039471, 0.21300174, 0.37999685],
        [0.17270217, 0.98804062, 0.25017147],
        [0.67731756, 0.01149851, 0.24123976],
        [0.10486942, 0.37222232, 0.99962098],
        [0.59920711, 0.37541704, 0.00832575],
        [0.06283304, 0.29969703, 0.48031697],
        [0.57188129, 0.26903664, 0.48427643],
        [0.25747596, 0.12415935, 0.28907135],
        [0.77607094, 0.11993751, 0.27555413],
        [0.15483873, 0.50396656, 0.11975117],
        [0.64978656, 0.51170401, 0.11986532],
        [0.01503674, 0.78618982, 0.62648169],
        [0.50892418, 0.77916804, 0.64706195],
        [0.32421624, 3.76e-06, 0.75422729],
        [0.8322704, 0.00525201, 0.74624192],
        [0.39472895, 0.63008801, 0.01243401],
        [0.9019495, 0.62808548, 0.97943572],
        [0.39405233, 0.42971646, 0.56606871],
        [0.88305822, 0.4167692, 0.57591598],
        [0.28955575, 0.77028508, 0.41368262],
        [0.78784794, 0.77621668, 0.42192822],
        [0.21178852, 0.56159913, 0.76760358],
        [0.70407816, 0.56680349, 0.77074523],
        [0.02237686, 0.91670839, 0.28363131],
        [0.53579595, 0.92504679, 0.29013227],
        [0.14463297, 0.0497095, 0.92488823],
        [0.65543568, 0.05553623, 0.9376048],
        [0.4639373, 0.279083, 0.05697487],
        [0.9566862, 0.27193032, 0.0556582],
        [0.11334061, 0.57571533, 0.43620977],
        [0.60981343, 0.58206684, 0.43985284],
        [0.21550935, 0.21770564, 0.57395419],
        [0.71901888, 0.22041492, 0.58215845],
        [0.29425006, 0.42550624, 0.22993615],
        [0.79018933, 0.45287631, 0.22348043],
        [0.4656943, 0.0812036, 0.72431423],
        [0.97516092, 0.07746652, 0.72341436],
        [0.34638873, 0.94861769, 0.06588673],
        [0.85609821, 0.92717582, 0.06871877],
        [0.04273048, 0.72406581, 0.94289261],
        [0.53485705, 0.72796141, 0.95055534]
    ],
    "relaxed_energy": -770.60332141,
    "relaxed_forces": [
        [0.00145172, 0.00299413, -0.00125098],
        [-0.0001071, 0.00234471, 0.00554445],
        [0.00043984, 0.00139844, -0.00132529],
        [-0.00137269, -0.00137383, -0.00180576],
        [-0.00199885, -0.00331478, -0.00263432],
        [-0.00054314, 0.00424145, 0.00333942],
        [0.00141759, 0.00013986, -0.00496867],
        [0.00183452, -0.00246934, -0.00163784],
        [0.00069575, 0.00112644, -0.00058439],
        [0.00199892, -0.00276788, 0.00341526],
        [-0.00517809, -8.166e-05, -0.00232274],
        [-0.00101505, 0.00225908, -0.00461052],
        [0.00167845, 0.00286782, 0.0032444],
        [0.00333755, -0.00011617, -0.00390602],
        [0.002957, 0.00239686, -0.00088909],
        [0.0009541, -0.00189527, -0.00173737],
        [0.00050657, -0.00262962, -0.00494318],
        [0.00143814, 0.00144921, -0.0007256],
        [-0.00069861, -0.00134584, 0.00064769],
        [0.00270504, -0.00417108, 0.00024132],
        [2.465e-05, -0.00435736, -0.00096789],
        [0.00347329, 0.00159237, 0.00223768],
        [-0.0002677, 0.00044871, -0.00355561],
        [-0.00087894, -0.00019558, -0.00493475],
        [-0.00200114, 0.00255456, 0.00431643],
        [0.00143966, 0.00698215, 0.00192172],
        [-0.00177234, 0.00060585, 0.00077125],
        [-0.00285237, 0.00141996, -0.0015639],
        [0.00010995, 0.00259081, -0.00152948],
        [-0.00192408, 0.00032918, -0.00136466],
        [-0.00162455, 0.00069242, 0.00603939],
        [0.00374715, 0.00151738, -0.00109886],
        [-0.00494841, 0.00216848, -0.00248548],
        [0.002742, -8.898e-05, 0.00107384],
        [-0.00092951, 0.00431654, -0.00031022],
        [-0.00073972, 0.00391914, 0.0003733],
        [-0.00637591, -0.00074272, -0.00310904],
        [-0.00247245, 0.00223852, 0.00536733],
        [-3.633e-05, 0.00371663, 0.00283713],
        [0.00395253, 0.00120499, 0.00094671],
        [0.00042617, 0.00118585, -0.00342879],
        [0.00149056, 0.00014192, 0.00080337],
        [0.00266257, -0.00198861, -0.00079574],
        [0.0047988, 0.00042142, 0.00155121],
        [0.00084092, -0.00125641, 0.00339859],
        [0.00335547, -0.00198172, -0.00115455],
        [-2.448e-05, -0.00204414, -9.156e-05],
        [0.00295553, -0.00103414, 0.00438117],
        [0.0006895, 0.00120737, -0.00485528],
        [-0.00224961, -0.00286493, 0.00276295],
        [-0.00239043, 0.00014996, -0.00202854],
        [-0.00055797, -0.00191783, 0.00352561],
        [-0.00311447, 0.00421396, 0.00654927],
        [-0.0051935, -0.00042005, -5.142e-05],
        [0.00484024, 0.00090072, 0.00052101],
        [-0.00223258, -0.00203056, 0.00227847],
        [0.00018825, 0.00194029, -0.004879],
        [-0.00233723, -0.00079448, -0.00256374],
        [-0.00131343, 0.00064516, -0.00185406],
        [0.0008679, -0.00416327, 0.00166257],
        [-0.00208544, 0.00395221, -0.00274292],
        [-0.00309211, 0.00263222, 0.00234005],
        [-0.00325894, -0.00234863, 0.00202165],
        [0.0014686, 0.00095573, 0.00036095],
        [0.00696696, 0.00049826, -0.00356245],
        [-2.923e-05, -0.00249783, 0.00330509],
        [0.00110153, -0.00480842, 0.00550087],
        [-0.00119173, -0.00167479, -1.249e-05],
        [-0.00147188, -4.016e-05, -0.00093432],
        [0.00017096, -0.00229224, 0.00337879],
        [-0.00118275, -0.00544878, 0.00457071],
        [-0.0007809, -0.00117709, -0.00388714],
        [0.00023115, -0.00410244, 0.00157556],
        [0.00028412, -0.00592414, -0.0057016]
    ],
    "relaxed_lattice": [
        [-5.13205495, -14.16469165, -8.64568493],
        [-7.57360261, -0.13670868, -4.2882559],
        [-0.24118157, -0.11912584, -8.63799056]
    ],