{
    "atom_type": [
        "Na",
        "V",
        "P",
        "O"
    ],
    "atoms_per_type": [
        12,
        8,
        12,
        48
    ],
    "coord_mode": "direct",
    "relaxed_basis": [
        [0.24697296, 0.51727871, 0.48324835],
        [0.50100864, 0.99026329, 0.00545259],
        [0.00677895, 0.99640442, 0.99885072],
        [0.12660061, 0.89079176, 0.62471312],
        [0.62734875, 0.87493343, 0.60633912],
        [0.30272843, 0.25055334, 0.88483794],
        [0.80983422, 0.25173444, 0.85557368],
        [0.9189396, 0.57386473, 0.24505631],
        [0.57896371, 0.42107529, 0.75908297],
        [0.37405281, 0.1147906, 0.3820225],
        [0.87384833, 0.12053206, 0.39450988],
        [0.6940821, 0.74826037, 0.14656965],
        [0.3168886, 0.64890452, 0.65089311],
        [0.82479284, 0.641551, 0.6478035],
        [0.07189572, 0.14257298, 0.14268897],
        [0.56855382, 0.15032014, 0.1585791],
        [0.18320081, 0.35146676, 0.35116889],
        [0.67476572, 0.36175944, 0.35227289],
        [0.4286764, 0.85260864, 0.85639842],
        [0.93184045, 0.8475822, 0.84013916],
        [0.11899812, 0.54294339, 0.96803923],
        [0.62746081, 0.55266884, 0.96062168],
        [0.47170654, 0.25942811, 0.53531745],
        [0.98531713, 0.23947069, 0.5375499],
        [0.27464727, 0.96219313, 0.24780645],
        [0.77020894, 0.9617478, 0.25172645],
        [0.2266511, 0.0434141, 0.75427124],
        [0.72860301, 0.03745797, 0.74764511],
        [0.37862575, 0.45228288, 0.03087608],
        [0.87301228, 0.44446857, 0.03989267],
        [0.02692597, 0.74317554, 0.46587668],
        [0.51726981, 0.75879808, 0.46189155],
        [0.42603881, 0.74086442, 0.50839962],
        [0.93290474, 0.71938315, 0.5350346],
        [0.23566539, 0.87747112, 0.71983708],
        [0.72974358, 0.8720334, 0.72866622],
        [0.3476345, 0.47544792, 0.8829776],
        [0.84754429, 0.46469676, 0.88692826],
        [0.47522355, 0.21054813, 0.38513144],
        [0.98624099, 0.20328858, 0.38198092],
        [0.18998737, 0.020115, 0.20205595],
        [0.67452144, 0.98228142, 0.26711326],
        [0.08641791, 0.38940008, 0.00911472],
        [0.60432022, 0.37937329, 0.0147006],
        [0.07996745, 0.23834046, 0.49823298],
        [0.56016723, 0.2992818, 0.47161076],
        [0.27396894, 0.12260328, 0.27799031],
        [0.76626934, 0.13018081, 0.27018912],
        [0.15139563, 0.49649488, 0.12196422],
        [0.6508555, 0.53795096, 0.11407671],
        [0.02784863, 0.78698117, 0.61589863],
        [0.51299271, 0.80696759, 0.61282459],
        [0.30995093, 0.01011098, 0.79375826],
        [0.82442833, 0.01329679, 0.7336083],
        [0.41182942, 0.61307851, 0.96821959],
        [0.89605178, 0.61757108, 0.98743712],
        [0.38088878, 0.42183354, 0.56976026],
        [0.90398597, 0.41921582, 0.55365718],
        [0.27501344, 0.78502341, 0.42378897],
        [0.79680171, 0.77738622, 0.40858031],
        [0.19945509, 0.5629131, 0.77721404],
        [0.71131549, 0.55549795, 0.77401867],
        [0.03062392, 0.9123201, 0.28226112],
        [0.53260076, 0.91942291, 0.26948957],
        [0.13420236, 0.07657549, 0.91497408],
        [0.65275264, 0.05795363, 0.9356525],
        [0.46483416, 0.27030413, 0.04210264],
        [0.95105777, 0.25990316, 0.07733863],
        [0.11170872, 0.5723633, 0.43669103],
        [0.60267707, 0.58481246, 0.44543788],
        [0.22491874, 0.21944987, 0.57583745],
        [0.70233066, 0.22278864, 0.59148986],
        [0.30197289, 0.43354923, 0.22306451],
        [0.78928827, 0.44126207, 0.22754031],
        [0.46723262, 0.09202061, 0.72249695],
        [0.96536835, 0.08013023, 0.7302444],
        [0.3659493, 0.92742784, 0.08185265],
        [0.84585073, 0.94067518, 0.06418681],
        [0.03579959, 0.72840264, 0.95782821],
        [0.54838006, 0.73545163, 0.92216369]
    ],
    "relaxed_energy": -815.79319395,
    "relaxed_forces": [
        [0.00090947, -0.00098179, -0.00121791],
        [0.00022661, 2.028e-05, 0.00221529],
        [-0.00117677, 0.00075924, -0.00084672],
        [-0.00185509, 0.00015282, -0.00073287],
        [0.00159739, 0.00065995, 0.00049541],
        [-0.0001534, -0.00047485, -0.00018443],
        [0.00022976, -0.00309037, -0.00237687],
        [-0.00129925, -0.00212511, 0.00143579],
        [0.0036788, 0.00205547, 0.00074582],
        [0.00155812, 0.00212905, 0.00184731],
        [-0.00078023, 0.00040662, 0.00042769],
        [-0.00222348, -0.00220496, -0.00323491],
        [-0.00511924, 0.00357697, 0.00242677],
        [0.00511706, -0.00105391, -0.00121167],
        [-0.00021201, 0.00108407, 0.00114093],
        [0.00358004, 0.00328025, -0.00274999],
        [-0.00021673, 0.00552903, -0.00271217],
        [-0.00117417, -0.00279753, 0.00267667],
        [-0.00018028, 0.00011979, 0.00931125],
        [-0.00039697, -0.0013646, 0.00035877],
        [-0.00056021, 0.00197548, 0.00434812],
        [0.00731507, -0.00071062, 0.00064812],
        [-0.00177594, -0.00278162, 0.00285523],
        [-0.00128993, -0.00699416, -0.00174115],
        [0.00065121, -0.00184133, -0.00111255],
        [0.00043206, -0.00235593, -0.00460107],
        [0.00039815, 0.00044424, -0.00219691],
        [-0.00011718, 0.00109674, 0.0007301],
        [-0.00249595, -0.00162466, 0.00502663],
        [-0.00033047, -0.00079157, -0.00031986],
        [-0.0036708, 0.00106573, -0.00246035],
        [-0.00161741, 0.00252068, -0.00373248],
        [0.00060719, 0.00126861, 0.0010606],
        [-0.00216177, -0.00287713, -0.00163671],
        [-0.00035127, -0.00026581, 0.00165778],
        [-0.00119899, -0.00097844, -0.00068973],
        [0.00347451, 0.00392816, -0.00195413],
        [0.00022569, -0.00105948, 0.00070597],
        [-0.00074522, 0.00098204, 0.00397925],
        [0.00108778, 0.00018561, -0.00010297],
        [0.00095428, 0.00203617, 0.0009856],
        [-0.00191024, 0.00072405, -0.00081709],
        [-0.0001978, -0.00021281, -0.00191791],
        [0.00028803, 0.00055953, -4.764e-05],
        [-0.00207008, 7.943e-05, 0.00234917],
        [0.00220585, 0.00263318, 0.00306056],
        [-0.00281346, 0.00075174, -4.706e-05],
        [-0.00036073, -0.00145021, -0.00051554],
        [-0.00271604, -0.00152474, -0.00076027],
        [0.00128899, 0.00131112, 0.00078629],
        [8.28e-06, 0.00048935, -0.00031216],
        [0.0010898, 0.00094117, -0.00291816],
        [0.00106783, -0.00401132, -0.00325601],
        [-0.00016808, -0.00073, -0.00036375],
        [0.00844559, 7.869e-05, 0.00028305],
        [-0.00170313, -6.92e-06, 0.00102194],
        [-0.00122416, 0.00155733, 0.00022708],
        [-0.00268681, 0.00290905, -0.00090103],
        [-0.00180978, 0.00045415, 0.00043634],
        [-0.00128245, -0.00217428, 4.99e-05],
        [7.61e-05, -0.00012611, -0.001112],
        [0.00076146, -0.00093218, 0.00158594],
        [0.00130496, 0.00064561, -0.0005523],
        [-0.00014984, 0.00062844, 0.00172405],
        [-0.00153378, -0.00332664, 0.00185053],
        [-0.00061403, -0.0002029, 0.00017044],
        [0.00361088, 0.00050521, 0.00107131],
        [0.00029531, -0.00110504, -0.00162768],
        [0.00014256, -0.00236124, -0.00029213],
        [-0.00166794, 0.00241383, -0.00052359],
        [-0.00224541, 0.00107785, 0.00239411],
        [0.00114555, 0.00109974, -7.268e-05],
        [-0.00149955, 0.0019523, -0.00267893],
        [-0.00048365, -0.0011837, 0.00103438],
        [0.00484933, -0.00041578, -0.00096937],
        [-0.00217294, -0.00072313, 5.234e-05],
        [0.00089207, 0.00290053, -0.00488836],
        [-0.00010938, -0.00067693, 0.00062517],
        [-0.001452, 0.00074333, -0.0012052],
        [0.00245828, -0.00219483, -0.00220743]
    ],
    "relaxed_lattice": [
        [-4.99273931, -14.45646574, -8.53375843],
        [-7.60140922, -0.09195785, -4.26292412],
        [-0.15575073, -0.14047772, -8.75256531]
    ],