{
    "atom_type": [
        "Na",
        "V",
        "P",
        "O"
    ],
    "atoms_per_type": [
        4,
        8,
        12,
        48
    ],
    "coord_mode": "direct",
    "relaxed_basis": [
        [0.25225046, 0.4842377, 0.51525872],
        [0.98449578, 0.02307825, 0.00966931],
        [0.50122342, 0.99989643, 0.00271005],
        [0.18888682, 0.75133659, 0.11676678],
        [0.32477824, 0.6382923, 0.64329298],
        [0.814268, 0.64419943, 0.65312988],
        [0.06640464, 0.15292892, 0.14842901],
        [0.57066435, 0.13771423, 0.15573419],
        [0.17284053, 0.35517699, 0.36647047],
        [0.68145697, 0.36091469, 0.35873192],
        [0.42707648, 0.85886453, 0.86286354],
        [0.92889847, 0.86371938, 0.8543097],
        [0.12485815, 0.54482844, 0.96405024],
        [0.62128694, 0.53866941, 0.97758402],
        [0.48179376, 0.24425358, 0.54099788],
        [0.97404602, 0.2620767, 0.54419109],
        [0.26467862, 0.96016015, 0.25530372],
        [0.76832818, 0.97505153, 0.24823686],
        [0.22976816, 0.03801755, 0.75395376],
        [0.73138866, 0.03147027, 0.75986012],
        [0.3758759, 0.45487559, 0.04215584],
        [0.87224637, 0.46977183, 0.03536027],
        [0.01685056, 0.75575673, 0.46930699],
        [0.51990653, 0.74522765, 0.46919399],
        [0.42979532, 0.71349409, 0.5031103],
        [0.93179983, 0.7123397, 0.51626656],
        [0.2461963, 0.85848922, 0.73238151],
        [0.74140182, 0.84410937, 0.7653772],
        [0.35724187, 0.48167886, 0.87325694],
        [0.85823909, 0.47866817, 0.86875938],
        [0.49318226, 0.18732884, 0.38562661],
        [0.99910417, 0.2044291, 0.3797356],
        [0.18401834, 0.98414908, 0.20484365],
        [0.68470043, 0.98795397, 0.21979655],
        [0.10255952, 0.37464667, 0.00614021],
        [0.59699463, 0.36969382, 0.02725703],
        [0.06015284, 0.30818796, 0.50788819],
        [0.57039241, 0.27498862, 0.49732149],
        [0.24055591, 0.13515423, 0.29512587],
        [0.76028234, 0.16194715, 0.24042329],
        [0.14403442, 0.52485112, 0.13030042],
        [0.63670379, 0.52326411, 0.14603478],
        [0.00549901, 0.81372107, 0.62313546],
        [0.49804914, 0.79957273, 0.63302888],
        [0.31142431, 0.00715832, 0.80393568],
        [0.81513906, 0.01816204, 0.78914867],
        [0.39052869, 0.63016256, 0.01116828],
        [0.90023825, 0.63569602, 0.98083845],
        [0.39153156, 0.42441214, 0.54816179],
        [0.88469976, 0.43667698, 0.551715],
        [0.27390232, 0.77669291, 0.42980549],
        [0.77454631, 0.81530002, 0.44291141],
        [0.21425998, 0.55354201, 0.7810451],
        [0.70797961, 0.5535914, 0.79353196],
        [0.03091428, 0.91999838, 0.27254099],
        [0.53394572, 0.90835413, 0.27603145],
        [0.13407754, 0.06573753, 0.92293556],
        [0.63617073, 0.08594898, 0.91964211],
        [0.45829187, 0.26773872, 0.07513319],
        [0.95754413, 0.28077656, 0.07394612],
        [0.11241827, 0.58558279, 0.44610008],
        [0.60562233, 0.56343746, 0.46615327],
        [0.22212089, 0.21941388, 0.57795352],
        [0.72532366, 0.19152624, 0.56545739],
        [0.28541565, 0.44055243, 0.22642396],
        [0.78498895, 0.46198512, 0.21801543],
        [0.46408961, 0.08339148, 0.73680504],
        [0.96546392, 0.09424638, 0.73394477],
        [0.35969391, 0.94116004, 0.08750382],
        [0.86370244, 0.91661857, 0.08977309],
        [0.04245591, 0.73389304, 0.93134148],
        [0.53493286, 0.72543213, 0.94443662]
    ],
    "relaxed_energy": -755.4049169,
    "relaxed_forces": [
        [0.00063979, 0.00256279, 0.00010249],
        [0.00118733, 0.00089117, 0.00177973],
        [-0.00264734, -0.0007917, -0.00260338],
        [0.00159969, 0.00041045, -0.00143458],
        [-0.00198574, 0.00370584, 0.00313731],
        [-0.00188878, -0.00384218, -0.00072098],
        [0.00109483, -0.00114863, -0.00165423],
        [0.00371732, 7.875e-05, 0.00286687],
        [0.00157576, 0.00099581, 0.00137077],
        [-0.00317538, 0.00239238, -0.0015316],
        [-0.00268395, 0.00371225, 0.00231769],
        [0.00113012, 0.00479839, 0.00324117],
        [0.00192346, 0.00531793, 0.00013057],
        [0.00189333, -0.00334161, -0.00027939],
        [-0.0004566, -0.00169166, -0.0027757],
        [0.00031106, -0.00279043, 0.00128848],
        [-0.00049802, 0.00608704, 0.00232682],
        [0.00072472, 0.00068903, -0.00067249],
        [0.0002682, 0.00112246, -0.00193034],
        [0.00331274, 0.00194936, -0.004999],
        [-0.00185626, 0.00044855, -0.00237918],
        [0.00247505, -0.00391639, -0.00042566],
        [0.00200057, 0.00559646, 0.0015065],
        [0.0039817, -0.00127267, 0.00077484],
        [0.00040853, -0.00375199, -0.00173073],
        [-0.00165755, 0.0015498, 0.0029521],
        [-0.0052472, -0.00222967, -0.00193944],
        [0.00064793, 0.00096961, -0.00042828],
        [0.00486286, 0.0004195, 0.00066066],
        [0.00190069, 0.00094447, 0.00135463],
        [0.00089965, -0.00020103, 0.00138015],
        [-0.00126626, 0.00085868, -0.00091702],
        [-0.00149654, -0.00184434, -0.00081839],
        [0.00141019, -0.00169229, -0.00417524],
        [-0.00645908, -0.00376426, -0.00456856],
        [-0.00021867, -0.00012341, 0.00187104],
        [-8.219e-05, 0.00174119, 0.00082894],
        [0.00118624, 0.00064526, -0.00368619],
        [0.00050047, -0.00084413, 0.00317602],
        [0.00544289, 0.00061682, 0.00128702],
        [-0.0023568, 0.00110112, 0.00359089],
        [-0.00094134, -0.0014761, -0.00402835],
        [-0.00188028, 0.00076477, -0.00220452],
        [-0.00154645, 0.00251995, -0.00146461],
        [-0.00507053, -0.00282372, -0.00139253],
        [0.00174249, -0.00266772, 0.00140103],
        [-0.00203357, 0.00286794, 0.0028475],
        [-0.00339942, -0.00214035, 0.00027224],
        [-0.00019758, 0.00458963, 0.0005053],
        [-0.00030932, -0.0017401, -0.00094009],
        [-0.00018752, -0.00491215, -0.00376064],
        [-0.00225249, 0.0005555, 0.00097081],
        [-3.87e-06, -0.0003711, 0.00035528],
        [0.00285038, 0.00543482, -0.00213843],
        [0.00202779, 0.00193511, -0.00036584],
        [0.00100824, 0.00034034, -0.00072569],
        [0.00076318, -0.00476522, 0.00225318],
        [0.0004986, 0.00340539, -0.00148769],
        [-0.00243112, 0.001197, -0.00122938],
        [-4.722e-05, -0.00104916, 0.00207167],
        [0.00149485, -0.0033978, 0.00148234],
        [-0.00063122, 0.00040109, -0.00076977],
        [0.00354416, 0.0007215, -0.0002542],
        [-0.00520715, 0.00167291, 0.00791549],
        [-0.00364109, -0.00159051, 0.00174281],
        [0.00190652, -0.00227041, 0.00204671],
        [-0.00242456, -0.00255353, 0.00095504],
        [0.00015264, -0.00010531, 0.00112908],
        [-0.00183228, -0.00193572, -0.00169129],
        [0.00174034, -0.0018064, -0.00270357],
        [0.00387544, -0.00420988, -0.00022905],
        [0.00131368, -0.00294946, 0.00116286]
    ],
    "relaxed_lattice": [
        [-5.04635864, -14.06146732, -8.48094481],
        [-7.52349482, -0.17073163, -4.2292088],
        [-0.26447895, -0.13947613, -8.5889345]
    ],