{
    "atom_type": [
        "Na",
        "V",
        "P",
        "O"
    ],
    "atoms_per_type": [
        6,
        8,
        12,
        48
    ],
    "coord_mode": "direct",
    "relaxed_basis": [
        [0.24558335, 0.50813317, 0.50373447],
        [0.74644487, 0.49508566, 0.51064975],
        [0.50722023, 0.99661672, 0.98595962],
        [0.94795485, 0.6364529, 0.24957188],
        [0.37592772, 0.11993973, 0.37422295],
        [0.17398441, 0.75011297, 0.09867302],
        [0.32179763, 0.6418401, 0.64242995],
        [0.82009823, 0.64331654, 0.65282929],
        [0.06849048, 0.14931515, 0.14305753],
        [0.57175224, 0.14184103, 0.14116699],
        [0.17522256, 0.35401658, 0.36179143],
        [0.68051103, 0.35110049, 0.35443987],
        [0.4350955, 0.85371362, 0.85103388],
        [0.92378783, 0.86420644, 0.86042574],
        [0.12455127, 0.54018344, 0.9519609],
        [0.62724847, 0.53422647, 0.96173347],
        [0.47931477, 0.25003599, 0.53610913],
        [0.9799123, 0.24757816, 0.54167007],
        [0.27279927, 0.96262927, 0.24583395],
        [0.76770931, 0.95922682, 0.25581174],
        [0.23387147, 0.03990567, 0.74989212],
        [0.72839049, 0.03728516, 0.75107693],
        [0.37526331, 0.46346535, 0.03386927],
        [0.87590036, 0.4634511, 0.04493863],
        [0.01671243, 0.75396874, 0.46523072],
        [0.52274972, 0.74191716, 0.46381403],
        [0.4345937, 0.70410148, 0.51191733],
        [0.93621412, 0.71361456, 0.48122917],
        [0.24507625, 0.87315222, 0.71383209],
        [0.74443396, 0.87411178, 0.70284697],
        [0.3449045, 0.50589679, 0.87260487],
        [0.85467381, 0.51365803, 0.86721589],
        [0.48587071, 0.20880667, 0.37672868],
        [0.99592963, 0.22343911, 0.36160809],
        [0.18665808, 0.99286994, 0.21401461],
        [0.68336986, 0.98652758, 0.22487562],
        [0.10748552, 0.36495916, 0.99205787],
        [0.60397916, 0.37191328, 0.99462051],
        [0.06527989, 0.27861272, 0.51528221],
        [0.56451944, 0.29357199, 0.4923177],
        [0.26189772, 0.12681075, 0.28605832],
        [0.75082113, 0.12662936, 0.30133898],
        [0.13594758, 0.52189426, 0.12478336],
        [0.64939407, 0.50496902, 0.12620792],
        [0.99547213, 0.78622859, 0.64011721],
        [0.51256807, 0.78733011, 0.62417199],
        [0.32429778, 0.99363714, 0.78344108],
        [0.8127671, 0.9909645, 0.80321131],
        [0.40270595, 0.62431125, 0.99337545],
        [0.89158175, 0.62864331, 0.03088012],
        [0.385768, 0.41871918, 0.56784336],
        [0.88996403, 0.42587022, 0.55594782],
        [0.2857084, 0.7775621, 0.42033687],
        [0.78602883, 0.77008681, 0.42317913],
        [0.20842924, 0.56489543, 0.76898808],
        [0.71340432, 0.55476714, 0.77729224],
        [0.03248617, 0.92671727, 0.28194694],
        [0.52596697, 0.91474335, 0.27990356],
        [0.14580836, 0.05933279, 0.92549938],
        [0.63692664, 0.05696342, 0.92012849],
        [0.45335785, 0.27000458, 0.06011556],
        [0.96331696, 0.28280792, 0.05209944],
        [0.11149724, 0.58858558, 0.43336631],
        [0.61412167, 0.57084588, 0.43755665],
        [0.22802004, 0.22331225, 0.57939143],
        [0.72161484, 0.22222682, 0.5818316],
        [0.28787216, 0.45501243, 0.21849372],
        [0.79215707, 0.42802342, 0.22749386],
        [0.47142641, 0.07973539, 0.72375908],
        [0.9621864, 0.08099634, 0.72112463],
        [0.36482132, 0.9338355, 0.07640378],
        [0.85997924, 0.9385759, 0.08602136],
        [0.03577045, 0.71937061, 0.92962502],
        [0.54292738, 0.72375064, 0.93475897]
    ],
    "relaxed_energy": -770.54380099,
    "relaxed_forces": [
        [0.00018393, 0.00114226, -0.00027518],
        [-0.00104973, 0.00029884, 0.00299619],
        [-0.0001116, -0.00054148, 0.00036493],
        [-0.00064519, 0.00093878, 0.00364253],
        [-0.00198781, 0.00113747, -0.00273918],
        [0.00331667, 0.00432319, 0.00110704],
        [0.00327908, -0.00282401, 0.00034821],
        [-0.00272828, -0.00244145, -0.00461735],
        [0.00161872, 0.0048413, -0.0044339],
        [0.00234642, 0.00126092, -0.00250193],
        [0.00256154, -5.957e-05, 0.00086681],
        [-0.00403754, -0.0005122, -0.00143102],
        [-0.0022872, -0.00084789, 0.00247636],
        [0.00428125, -0.00076926, -0.00171902],
        [0.00194578, -0.00126952, 0.00096465],
        [-0.00082414, 0.00055057, 0.00113321],
        [-0.00245075, 0.00476645, -0.00285336],
        [0.00232887, -0.0001065, -0.00071091],
        [-0.00337333, -0.00199096, -0.00184608],
        [-0.0052413, -0.00088438, 0.00095102],
        [0.00279726, 0.00081996, 0.0002271],
        [-0.00020315, 0.00296254, 0.0016966],
        [-0.00144886, 0.00197192, 0.00027444],
        [-0.00299269, 0.0007088, 0.00807155],
        [0.00211216, -0.00698932, -0.00574237],
        [0.00306445, -0.00355691, 0.00085221],
        [-0.00198176, -0.00299419, 0.00147698],
        [0.00116131, 0.00215692, 0.00256634],
        [0.00048997, -0.00520328, -0.00240705],
        [-0.00262448, 0.00131287, 0.00069602],
        [0.00215613, 0.00293932, 0.00242376],
        [-0.00488754, 0.00439985, -0.00226942],
        [0.00392957, 0.00144714, 0.00598697],
        [-0.00549792, 0.00038051, -0.00015365],
        [-0.00136582, -0.00113791, -0.00303391],
        [0.00291767, -0.00097983, 0.00290421],
        [0.00349076, 0.00315351, 0.00495944],
        [0.00247079, 0.00113002, -0.00391359],
        [0.00033248, -0.00055913, 0.00079319],
        [0.00110552, 0.00277228, -0.00206516],
        [0.003578, 0.00031958, -0.00151999],
        [-0.00215652, -0.00109543, -0.00239019],
        [0.0015757, -0.00110558, -0.00215281],
        [-0.00144504, 0.00222735, -0.00560957],
        [0.00261699, -0.00091715, 0.0013103],
        [-0.00231785, 0.00079981, -0.00218324],
        [-0.00045236, 0.00106586, -0.00224676],
        [-0.00106498, -0.00034442, 0.00581303],
        [-0.00042238, 0.00316362, 0.00102337],
        [0.00178721, -0.00274686, -0.00555929],
        [0.00340537, 0.00193645, -0.0017052],
        [-0.00200878, -0.00174254, -0.00208598],
        [-0.00355243, -0.00023032, 0.00153563],
        [0.00110453, -0.00503562, 0.00297604],
        [-0.0020732, -0.0047619, 0.00380274],
        [0.00142185, 0.00055691, -0.00183845],
        [-0.0020539, -0.00138463, -0.00544938],
        [-0.00302471, -0.00272629, 0.00276287],
        [0.00083045, 0.00169127, -0.00383039],
        [-0.00249626, 0.00635837, -0.0034152],
        [-6.307e-05, 0.00196389, -0.00027134],
        [0.00384247, 0.00057288, 0.00305602],
        [0.00181982, -0.00371976, 0.00340013],
        [-0.00213526, -0.00026762, 0.00073266],
        [6.846e-05, 0.00099154, -0.0010951],
        [0.00185759, -0.0004946, 0.00184512],
        [0.00089622, 0.00136162, 0.00184515],
        [-0.00073809, 0.00141986, -0.00186901],
        [-0.00049966, 7.459e-05, 6.799e-05],
        [-0.00443676, -0.00413775, 0.00645508],
        [0.00028426, 0.00240584, 0.00052645],
        [0.00177615, -0.00404422, 0.00270988],
        [-0.00109269, -0.00350272, -6.351e-05],
        [0.00301764, -0.00039968, -0.00164373]
    ],
    "relaxed_lattice": [
        [-5.10410971, -14.18862534, -8.44416215],
        [-7.53838486, -0.14832051, -4.24990338],
        [-0.18419192, -0.13193378, -8.63100368]
    ],