{
    "atom_type": [
        "Na",
        "V",
        "P",
        "O"
    ],
    "atoms_per_type": [
        11,
        8,
        12,
        48
    ],
    "coord_mode": "direct",
    "relaxed_basis": [
        [0.23829507, 0.49579766, 0.52645494],
        [0.75308887, 0.51638506, 0.48504455],
        [0.50056408, 0.99810223, 0.00196293],
        [0.00713417, 0.99477058, 0.98596845],
        [0.30619573, 0.25240486, 0.89152651],
        [0.80855462, 0.25343529, 0.87982936],
        [0.43604806, 0.6097298, 0.25123959],
        [0.56204405, 0.38614267, 0.75414627],
        [0.87503869, 0.11747904, 0.37762488],
        [0.19491787, 0.74648552, 0.11581626],
        [0.69696486, 0.75212194, 0.11003451],
        [0.32269415, 0.64597396, 0.64318334],
        [0.82467817, 0.64370185, 0.6367576],
        [0.07200679, 0.14188035, 0.14191607],
        [0.57477399, 0.14073121, 0.15088022],
        [0.17267469, 0.35365675, 0.36104],
        [0.67543145, 0.35710152, 0.35858682],
        [0.4224827, 0.86383226, 0.85278522],
        [0.93242025, 0.85546138, 0.85170972],
        [0.12572119, 0.54113598, 0.96598935],
        [0.62282218, 0.54974445, 0.9543089],
        [0.48117079, 0.24940044, 0.55239926],
        [0.9778073, 0.24846713, 0.53744005],
        [0.26487042, 0.95247358, 0.25528767],
        [0.77382293, 0.95473731, 0.2489735],
        [0.229799, 0.04882278, 0.74704451],
        [0.73422196, 0.04841073, 0.74860751],
        [0.37343556, 0.44974072, 0.04990057],
        [0.87458915, 0.45769084, 0.03232244],
        [0.02169863, 0.7441805, 0.45792811],
        [0.51809805, 0.75108677, 0.4528278],
        [0.44370275, 0.69624825, 0.46481676],
        [0.94402459, 0.68282924, 0.4977565],
        [0.26145839, 0.86961259, 0.70990786],
        [0.76133157, 0.88021634, 0.70020531],
        [0.35866227, 0.47218973, 0.88061926],
        [0.8498685, 0.47187258, 0.87910135],
        [0.50861926, 0.21056269, 0.37735231],
        [0.99403102, 0.19090351, 0.38152401],
        [0.18848532, 0.96641167, 0.20566084],
        [0.69523454, 0.97758261, 0.19771551],
        [0.11586144, 0.35973326, 0.00676278],
        [0.60956446, 0.37436827, 0.9827587],
        [0.05957111, 0.3149567, 0.48099765],
        [0.55727809, 0.30390032, 0.53631597],
        [0.2391286, 0.12891825, 0.29321738],
        [0.75012016, 0.1242012, 0.29799667],
        [0.14976064, 0.52520773, 0.12287136],
        [0.64000434, 0.52628326, 0.12172545],
        [0.00262833, 0.80229277, 0.61518573],
        [0.48902646, 0.78882741, 0.63045716],
        [0.3062781, 0.04618542, 0.79000669],
        [0.8122706, 0.03304374, 0.79612452],
        [0.38040539, 0.62851426, 0.02897579],
        [0.88601509, 0.63597785, 0.99330586],
        [0.38608257, 0.41440158, 0.56379251],
        [0.88325309, 0.40618927, 0.56526927],
        [0.28182271, 0.76942534, 0.41492438],
        [0.78668676, 0.77297947, 0.41148716],
        [0.21060873, 0.56186734, 0.7813194],
        [0.70595346, 0.57440162, 0.77091066],
        [0.02726727, 0.91008097, 0.27153052],
        [0.53498471, 0.9134352, 0.27020679],
        [0.13871004, 0.05071394, 0.91914209],
        [0.63949178, 0.06135684, 0.91407446],
        [0.46253859, 0.27862383, 0.06469567],
        [0.95742075, 0.27557301, 0.0636049],
        [0.11771361, 0.58495978, 0.42990607],
        [0.61387623, 0.58770907, 0.43990279],
        [0.21014883, 0.22756718, 0.5836966],
        [0.7216598, 0.23389387, 0.58435807],
        [0.28928943, 0.41633145, 0.23321716],
        [0.79077139, 0.43455519, 0.22290085],
        [0.46607203, 0.08840942, 0.73609641],
        [0.97562268, 0.08815043, 0.72269441],
        [0.35885617, 0.94415254, 0.08546603],
        [0.86492404, 0.95156453, 0.07702173],
        [0.04051862, 0.71646305, 0.94346452],
        [0.53320328, 0.72163227, 0.94257324]
    ],
    "relaxed_energy": -808.52454545,
    "relaxed_forces": [
        [0.00077452, 0.00011819, -6.428e-05],
        [-0.00117645, 0.00039838, -0.00113301],
        [0.00073388, -0.00069405, 8.1e-07],
        [0.00140285, 0.00029933, -0.00025344],
        [0.00059561, 0.00010837, -0.00039933],
        [-0.00029887, 0.0014381, -0.00111392],
        [0.00195544, 0.00025339, 0.00104642],
        [-0.0011917, -0.00078881, 0.00038361],
        [-1.213e-05, 0.0005462, 1.354e-05],
        [0.00170831, -0.00086842, 0.00092388],
        [-0.00036757, -0.00039123, -0.002349],
        [-1.381e-05, 0.00027658, 0.00022798],
        [0.00080131, -0.00071789, 0.00019679],
        [-0.00181007, 0.00167253, -0.00070858],
        [-0.00054808, 0.0017055, -0.00052047],
        [-0.00046735, -0.0005443, 0.00136616],
        [-0.000842, 0.00046541, -0.00057493],
        [-0.00040285, -0.00049879, -0.00014318],
        [0.00040402, -0.00112086, 0.00049961],
        [-0.00383621, -0.00050454, -0.00122951],
        [-0.00046864, -0.0006822, -0.00161664],
        [3.253e-05, -0.00145116, -0.00025897],
        [-0.00044127, -0.0011934, 0.00129032],
        [0.00038814, 0.00225712, 0.00036371],
        [-0.0005036, -0.00136387, 0.00050013],
        [0.00058297, 0.00029925, 0.00018435],
        [-0.00219162, 0.00093752, -1.678e-05],
        [0.00045983, -0.00069584, -0.00126241],
        [0.00063857, -9.376e-05, -0.00291382],
        [0.00284743, 0.00010628, -0.00114061],
        [-0.00113411, 0.00270251, 8.701e-05],
        [0.00023611, -0.00067305, 0.00042987],
        [0.00045297, 0.00200576, -0.00091356],
        [0.00148143, -0.00027941, -0.00072263],
        [0.00037863, -0.00321424, 0.00220374],
        [4.387e-05, -0.00174813, 0.00085312],
        [-0.00106966, 0.00137782, 0.00222889],
        [-0.00044981, -0.00229877, 0.00091037],
        [0.00012071, 0.00136691, 0.00043283],
        [0.00107262, -0.00109809, -0.00028038],
        [0.00051701, -0.00157026, -0.00127128],
        [0.00750485, 0.00217685, 0.00266978],
        [0.00046416, -0.00297827, 0.00064938],
        [0.00196673, 0.00521385, 0.0003954],
        [0.00060281, -0.00051222, -1.103e-05],
        [0.00309419, -0.0009771, 0.00140167],
        [-0.00014446, 0.00060253, -0.00105834],
        [-0.00290429, 0.0022017, 0.00467084],
        [-0.00024532, -0.00111031, -0.00018755],
        [-8.47e-05, 0.00181516, 0.00170453],
        [0.00042518, -0.00025369, -0.00010845],
        [0.00035324, -0.00052701, -0.00062371],
        [-0.00049639, -0.00041395, -0.00069998],
        [2.141e-05, -0.00054701, 0.00080974],
        [-0.00079738, 0.00094319, 0.00026937],
        [-0.00048122, -0.00096638, -0.00028696],
        [-0.00164777, 0.00391923, -0.00126737],
        [0.00139193, -0.00063718, 0.00073109],
        [0.00186823, -0.00093192, -0.00255679],
        [-0.00020618, 0.00212254, -0.00057092],
        [-0.00173139, -0.00096063, -0.00064135],
        [-0.00261845, 0.00221421, 0.00199178],
        [-0.00132289, -0.00083697, 0.00043218],
        [0.00072803, 0.00069044, 0.00025518],
        [0.00097976, -0.0010801, -0.00015978],
        [-0.00240961, -0.0016068, 0.00065323],
        [-0.00169951, 0.00183364, 2.357e-05],
        [-0.00362028, 0.00261868, -0.00224106],
        [-0.00065311, -0.0005216, -0.00091749],
        [0.00151473, 4.416e-05, -0.00384554],
        [-0.00060506, -0.00012021, -0.00057361],
        [-0.00138076, -0.00443977, -0.00053139],
        [0.00023853, 0.0003441, -0.00030706],
        [-0.00038195, -0.00198768, 0.00075897],
        [2.027e-05, 0.00167594, 0.00069224],
        [0.0007951, -0.00135183, 0.00171038],
        [-0.00057151, -0.00064752, 0.00052583],
        [0.00105007, -0.00016369, 0.00081485],
        [0.00058006, -0.00068846, 0.00017197]
    ],
    "relaxed_lattice": [
        [-4.9993629, -14.33522935, -8.42464108],
        [-7.61067837, -0.12243386, -4.1883671],
        [-0.1127179, -0.15117682, -8.70105113]
    ],