{
    "atom_type": [
        "Na",
        "V",
        "P",
        "O"
    ],
    "atoms_per_type": [
        11,
        8,
        12,
        48
    ],
    "coord_mode": "direct",
    "relaxed_basis": [
        [0.23560985, 0.50565835, 0.52748108],
        [0.74966283, 0.53053723, 0.47283849],
        [0.51792584, 0.97627282, 0.9872887],
        [0.00706731, 0.00060224, 0.98332929],
        [0.30989399, 0.24944104, 0.89249062],
        [0.80661977, 0.25196349, 0.8838671],
        [0.43837075, 0.60955474, 0.25123173],
        [0.55998809, 0.37812483, 0.7484819],
        [0.37234311, 0.11180577, 0.37936293],
        [0.87542502, 0.12558759, 0.37773566],
        [0.19092505, 0.75079257, 0.12741597],
        [0.3220869, 0.64600277, 0.64237794],
        [0.82200375, 0.64286073, 0.63991975],
        [0.07019932, 0.1480644, 0.14442873],
        [0.5760422, 0.13767004, 0.14388837],
        [0.16900112, 0.36111776, 0.36603593],
        [0.68150613, 0.35580095, 0.34960188],
        [0.42738899, 0.85845799, 0.85382581],
        [0.93046456, 0.85362133, 0.85332267],
        [0.12422694, 0.5469183, 0.96566861],
        [0.6230082, 0.53943919, 0.95185553],
        [0.48128206, 0.24419525, 0.54592224],
        [0.97471343, 0.24899806, 0.54157171],
        [0.2681892, 0.95436915, 0.25586196],
        [0.77664557, 0.95843785, 0.24794818],
        [0.23013268, 0.04866756, 0.75209692],
        [0.73279877, 0.04201671, 0.75119251],
        [0.37378318, 0.45347233, 0.04812582],
        [0.87494711, 0.46208185, 0.03235529],
        [0.01813266, 0.75088692, 0.46063804],
        [0.52053598, 0.74528369, 0.4522924],
        [0.44298551, 0.6962053, 0.46704391],
        [0.94036967, 0.69160258, 0.50079039],
        [0.26055933, 0.87817658, 0.70282801],
        [0.75619603, 0.87807074, 0.70130045],
        [0.35601882, 0.48342427, 0.87776069],
        [0.84874702, 0.47897751, 0.87954372],
        [0.49632813, 0.20136211, 0.37985922],
        [0.98928065, 0.1931887, 0.3849451],
        [0.18897891, 0.97844852, 0.20675814],
        [0.69373679, 0.01216551, 0.19519621],
        [0.11019842, 0.36906332, 0.01151511],
        [0.59745831, 0.38227077, 0.97447675],
        [0.05534671, 0.30345909, 0.49920622],
        [0.56192402, 0.2937318, 0.51492988],
        [0.25148816, 0.12244312, 0.2949226],
        [0.7695609, 0.11938651, 0.28790188],
        [0.14416367, 0.53759849, 0.12483607],
        [0.64464928, 0.48940599, 0.12387374],
        [0.99413778, 0.8153115, 0.62219383],
        [0.4911954, 0.78842136, 0.62762875],
        [0.30816982, 0.03580162, 0.79918896],
        [0.811488, 0.02068468, 0.80268021],
        [0.39207374, 0.62040283, 0.02203118],
        [0.89766124, 0.63256031, 0.98473125],
        [0.3872504, 0.40991806, 0.56411537],
        [0.88010096, 0.40658562, 0.56970165],
        [0.28215269, 0.7670668, 0.41736547],
        [0.78459713, 0.77611888, 0.41158823],
        [0.21067397, 0.55874811, 0.78440611],
        [0.70628905, 0.56107928, 0.76990956],
        [0.02527401, 0.91681608, 0.27449624],
        [0.53051474, 0.91577902, 0.27361404],
        [0.13903618, 0.05304614, 0.92127653],
        [0.63747927, 0.06811754, 0.91047287],
        [0.45616261, 0.26787316, 0.06984259],
        [0.95838885, 0.27910195, 0.05890428],
        [0.11335157, 0.59629834, 0.44202256],
        [0.61251768, 0.5795811, 0.44278922],
        [0.21763936, 0.22944041, 0.58391008],
        [0.72322461, 0.22800347, 0.58358191],
        [0.28947338, 0.43230137, 0.23193921],
        [0.79436833, 0.44126421, 0.22259204],
        [0.46845634, 0.08406677, 0.73347387],
        [0.96692494, 0.08363069, 0.72980233],
        [0.36267483, 0.93498762, 0.08925083],
        [0.86825255, 0.93464164, 0.07545862],
        [0.04166306, 0.72666121, 0.92901408],
        [0.5380718, 0.72095085, 0.94384328]
    ],
    "relaxed_energy": -808.52742783,
    "relaxed_forces": [
        [-0.0024862, -0.00202284, 0.00104832],
        [0.00291083, -9.082e-05, 0.00014884],
        [-0.00189689, -0.00074064, 0.0007703],
        [0.00033529, -0.00151781, -0.00049828],
        [-0.00334822, -0.00397569, 0.0006397],
        [0.00075854, 0.00013346, -0.00035197],
        [0.00264002, -0.00061559, 0.00149581],
        [0.00240788, 0.00159999, 0.00220503],
        [0.00245604, 0.00085287, 0.00442617],
        [0.00062311, -0.00017103, -0.00136141],
        [0.00120564, -0.00093582, -0.00056133],
        [0.0022878, -0.00299438, 0.00278602],
        [-0.00173878, -0.00201538, -0.00034204],
        [-0.00109456, -0.00060882, -0.00196246],
        [0.00018633, 0.00521314, -0.00207107],
        [-0.00171856, -0.00300736, 0.00224238],
        [0.00387309, 0.00387137, 0.00014266],
        [-0.00067061, -0.00038354, 7.723e-05],
        [0.00052038, 0.00047666, 0.00049428],
        [0.00239864, -9.946e-05, 0.00111446],
        [-0.00099238, 0.00252594, 0.00257405],
        [0.00189147, -0.00078612, -0.00301573],
        [-0.00058341, -0.00177073, -0.00076307],
        [0.00126906, 0.00064738, 0.00028241],
        [0.00127986, 0.00321319, -0.00093702],
        [-0.00173507, 0.00128109, -0.00234519],
        [-0.00101339, 0.00172651, 0.00072552],
        [0.00065174, -0.0017812, -0.0018976],
        [-0.00115004, -0.00122336, 0.00037172],
        [0.00082976, 0.00281131, 0.00031191],
        [-0.00091826, -0.00056577, 0.00116289],
        [-0.00289996, -1.851e-05, 0.00185229],
        [-0.00382399, -0.00398686, 0.00054191],
        [-0.0024542, -0.00045366, 0.00269176],
        [-0.00013688, 0.00065039, -0.00014204],
        [-0.00345293, 0.00067429, -0.00165528],
        [0.00152838, -0.00176108, -0.00359791],
        [-0.001497, 0.00176857, -0.0031178],
        [0.00128185, -0.00091726, -0.0028065],
        [0.00038587, -0.00033705, -0.0002202],
        [-0.00109305, -0.00357437, -0.00232303],
        [-0.00499809, -0.00294593, -0.00070774],
        [-0.00258917, 0.00180376, 0.00041154],
        [0.00251611, 0.00180758, -0.0037657],
        [-0.00352777, 0.00152181, 0.00148186],
        [0.00028788, -0.00048436, 0.00067797],
        [0.0007228, 0.00112696, 0.00011282],
        [0.00279081, 0.00184007, -0.00098757],
        [-0.00087961, -0.00162562, -0.00058844],
        [0.00153968, 0.00380151, -0.00559388],
        [-0.00226548, 0.0008317, 0.00093363],
        [-0.00264065, -0.00184836, 0.00384168],
        [0.00337384, -0.00407815, -0.00113896],
        [0.00319936, 0.00021167, -0.00416439],
        [-0.00470958, -0.00139187, -0.00057302],
        [-0.00172399, -0.00036857, -2.28e-06],
        [0.00192397, -0.00081548, 0.00279394],
        [0.00063431, 4.396e-05, 1.951e-05],
        [-0.00118969, 0.00160396, 0.00405163],
        [-0.00177289, -0.00013543, -0.00264299],
        [0.00267549, 0.00271776, 0.00031594],
        [0.00312426, -0.00124192, -0.00132827],
        [0.00444176, 0.00143942, 0.00014254],
        [0.0017253, -0.00127918, -0.00140989],
        [0.0022729, -0.0004413, 0.00305167],
        [0.00200943, 0.00351331, 0.00134788],
        [-0.00143158, 0.00023242, 0.00198046],
        [0.00075333, -0.00017209, -0.00029932],
        [-0.00078379, 0.00129095, -0.00158109],
        [-0.00135781, -0.00024561, -0.00154417],
        [0.00190128, 0.00061914, 0.00123771],
        [0.00015641, -0.00016012, -0.00068814],
        [0.00049327, -0.00094034, 0.00161077],
        [-0.00502934, -5.825e-05, -0.00484976],
        [0.00420577, -9.827e-05, 0.00036655],
        [-0.00214279, 0.00135264, 0.00089033],
        [0.0016543, -0.00089508, 0.00421896],
        [-0.00069845, 0.00276995, 0.00256968],
        [-0.00167874, -0.00039362, 0.00167283]
    ],
    "relaxed_lattice": [
        [-5.07053427, -14.35886291, -8.36292437],
        [-7.64464544, -0.10431225, -4.15587209],
        [-0.16955204, -0.11248795, -8.65924186]
    ],