{
    "atom_type": [
        "Na",
        "V",
        "P",
        "O"
    ],
    "atoms_per_type": [
        3,
        4,
        6,
        24
    ],
    "coord_mode": "direct",
    "relaxed_basis": [
        [0.24988222, 0.89593771, 0.62862506],
        [0.1146689, 0.36155381, 0.75052692],
        [0.29129105, 0.75425361, 0.08516665],
        [0.65221531, 0.64285737, 0.64278559],
        [0.14347919, 0.14774786, 0.14827201],
        [0.36551525, 0.342316, 0.35772579],
        [0.8563206, 0.85440515, 0.86530367],
        [0.25495406, 0.52731454, 0.96022315],
        [0.96489424, 0.25137584, 0.53618691],
        [0.55037903, 0.96657627, 0.24575068],
        [0.46047156, 0.03038138, 0.75679701],
        [0.75444554, 0.47170155, 0.03375941],
        [0.02751099, 0.75819936, 0.47043536],
        [0.82984699, 0.76727314, 0.50139775],
        [0.46688386, 0.85921346, 0.74335094],
        [0.77005861, 0.4983781, 0.83955999],
        [0.00067735, 0.22822364, 0.36055209],
        [0.36979801, 0.01991676, 0.2044549],
        [0.21399925, 0.37777765, 0.96215218],
        [0.15143985, 0.22943994, 0.53760949],
        [0.53650929, 0.13579854, 0.26377397],
        [0.26437176, 0.48097564, 0.14722123],
        [0.02119418, 0.77352434, 0.63769994],
        [0.6309201, 0.97812987, 0.80319278],
        [0.81157967, 0.62641558, 0.0052074],
        [0.80599346, 0.43955973, 0.54778182],
        [0.54404711, 0.79697975, 0.43247953],
        [0.44765145, 0.54624042, 0.79796688],
        [0.07882771, 0.91829699, 0.28511253],
        [0.27446441, 0.06668071, 0.92600888],
        [0.91506181, 0.28019803, 0.08519209],
        [0.1799681, 0.56993114, 0.44588225],
        [0.44597175, 0.20931954, 0.58171883],
        [0.55744035, 0.48516335, 0.1791022],
        [0.91150311, 0.08141604, 0.71279677],
        [0.73276752, 0.91676695, 0.08623583],
        [0.10287739, 0.72645418, 0.91505851]
    ],
    "relaxed_energy": -384.62750246,
    "relaxed_forces": [
        [0.00538254, 0.00109318, 0.00546549],
        [-0.00427269, -0.00040104, -0.00237278],
        [-0.00132525, 0.0038807, 0.00554027],
        [-0.0028084, -0.00581346, 0.00170427],
        [-0.00123121, 0.0020535, -0.00058367],
        [0.00120263, -0.00465155, 0.00053928],
        [0.00314856, -0.00085293, 0.00436595],
        [7.395e-05, 0.00113905, 0.00326591],
        [0.00289652, -0.00094419, -0.00129467],
        [-0.00427025, -0.00439967, -0.00308141],
        [-0.00335953, -0.00629403, -0.0032584],
        [-0.00232782, -0.00861608, -0.00091096],
        [-0.00149191, 0.00116919, -0.00523065],
        [0.00600801, 0.00017105, -0.0011571],
        [-0.00202691, 0.00448808, 0.00055625],
        [0.00167456, 0.00064171, 0.00109954],
        [0.00266014, 0.00061316, 0.00268048],
        [0.00117588, 0.00118232, -0.00781796],
        [-0.00165838, 0.0027421, 0.00115272],
        [0.00663939, -0.00230634, -0.00167538],
        [-0.00064853, 0.00221228, -0.00401882],
        [0.00053233, 0.00171506, -0.00129683],
        [-0.00033174, -0.00021029, 0.0056584],
        [0.00017339, -0.00127898, -0.00280228],
        [0.00026956, 0.00360987, -0.00169339],
        [0.00017378, 0.00591107, -0.00771085],
        [-0.0040051, 0.00147183, -0.00084743],
        [-0.00123601, 0.00115733, -0.00030405],
        [-0.0017199, -0.00177151, -0.00087507],
        [-0.00227258, 0.00146639, 0.00764924],
        [0.00236035, 0.00353057, -0.00458943],
        [-0.00183974, -0.00117784, -0.00124748],
        [0.00137856, 0.00250903, 0.00468951],
        [0.00178894, 7.505e-05, 0.00333423],
        [-0.00559926, 0.00119235, 0.00271626],
        [0.00181026, -0.00283938, 0.004213],
        [0.00307584, -0.00246761, -0.00186218]
    ],
    "relaxed_lattice": [
        [-2.55681156, -7.04809532, -4.3094056],
        [-7.56000217, -0.16515546, -4.48645027],
        [-0.17347197, -0.14869268, -8.80197068]
    ],
    "relaxed_mag_basis": [
        0.0,
        0.0,
        0.001,
        1.055,
        1.069,
        1.798,
        1.016,
        0.004,
        0.005,
        0.007,
        0.003,
        0.006,
        0.005,
        -0.038,
        0.004,
        -0.005,
        0.006,
        -0.04,
        -0.005,
        -0.0,
        -0.02,
        -0.009,
        -0.004,
        0.005,
        -0.035,
        -0.002,
        -0.001,
        -0.035,
        -0.006,
        -0.001,
        -0.03,
        -0.013,
        -0.008,
        -0.0,
        -0.031,
        -0.008,
        -0.001
    ],
    "relaxed_magmom": 4.9999
}