{
    "atom_type": [
        "Na",
        "V",
        "P",
        "O"
    ],
    "atoms_per_type": [
        5,
        8,
        12,
        48
    ],
    "coord_mode": "direct",
    "relaxed_basis": [
        [0.74158394, 0.51512676, 0.50206002],
        [0.50093015, 0.98641832, 0.01457271],
        [0.01289414, 0.99622218, 0.97723898],
        [0.30512538, 0.24808833, 0.87465162],
        [0.87660482, 0.11002394, 0.37980051],
        [0.32176992, 0.64447276, 0.64681623],
        [0.81954547, 0.64339088, 0.64387254],
        [0.07641538, 0.13881472, 0.14080143],
        [0.56824198, 0.14392586, 0.15152656],
        [0.17875894, 0.36691062, 0.34797989],
        [0.67783559, 0.35996483, 0.35319091],
        [0.43203936, 0.84936295, 0.85776057],
        [0.9283763, 0.86119175, 0.85168625],
        [0.12158667, 0.54931525, 0.96778457],
        [0.62572478, 0.53615371, 0.96191018],
        [0.48136722, 0.2521474, 0.54164509],
        [0.97992591, 0.25314867, 0.53038814],
        [0.26561524, 0.96991076, 0.25175401],
        [0.76975571, 0.96268602, 0.24886333],
        [0.23550617, 0.03345289, 0.74890052],
        [0.72704678, 0.03673379, 0.75696186],
        [0.37513685, 0.4535473, 0.03688485],
        [0.87772294, 0.46077524, 0.03373973],
        [0.01952299, 0.74528067, 0.46254463],
        [0.52148199, 0.74820926, 0.46522907],
        [0.43521374, 0.71318088, 0.50210699],
        [0.92927916, 0.72709773, 0.49086457],
        [0.25777166, 0.83111674, 0.75670046],
        [0.74518935, 0.86583207, 0.7136885],
        [0.36274972, 0.45564741, 0.87322982],
        [0.85484129, 0.49150425, 0.8695698],
        [0.49626605, 0.20284482, 0.38033801],
        [0.98628632, 0.20311501, 0.37626605],
        [0.18234318, 0.98424943, 0.2165234],
        [0.68401291, 0.0108604, 0.20379157],
        [0.10361033, 0.36907635, 0.0160266],
        [0.59991795, 0.37407757, 0.99735256],
        [0.06891025, 0.2890116, 0.47748025],
        [0.56879516, 0.2877853, 0.50060583],
        [0.24714204, 0.17347457, 0.22713922],
        [0.76283838, 0.12226554, 0.29112962],
        [0.13087729, 0.54566311, 0.13597916],
        [0.65458163, 0.48996394, 0.12831602],
        [0.9966596, 0.80978717, 0.62290752],
        [0.5124543, 0.78957956, 0.62593153],
        [0.31410324, 0.03112634, 0.78071735],
        [0.81186792, 0.00656371, 0.79260874],
        [0.39492664, 0.62543067, 0.99126754],
        [0.90056922, 0.62721585, 0.99696907],
        [0.39094075, 0.43166822, 0.55682266],
        [0.88990106, 0.43176024, 0.55175112],
        [0.26854093, 0.81894531, 0.44465366],
        [0.77584293, 0.77732814, 0.4221583],
        [0.21175351, 0.55303184, 0.79074776],
        [0.71168404, 0.55396056, 0.77538741],
        [0.03456047, 0.91282781, 0.27015909],
        [0.53625181, 0.91395255, 0.27410663],
        [0.13929013, 0.07215221, 0.91190584],
        [0.63419459, 0.06279669, 0.9233769],
        [0.45661379, 0.26479955, 0.08536786],
        [0.96180653, 0.27027461, 0.06110391],
        [0.10429542, 0.56280247, 0.46796541],
        [0.61376902, 0.57463518, 0.4385142],
        [0.2241835, 0.18198292, 0.5595254],
        [0.72193751, 0.21831746, 0.57624086],
        [0.28401566, 0.44263341, 0.21710738],
        [0.79406217, 0.43507267, 0.22599412],
        [0.46532536, 0.09162267, 0.73575004],
        [0.96704001, 0.0892325, 0.72304197],
        [0.35982956, 0.9240128, 0.09049586],
        [0.86224664, 0.93329557, 0.07649066],
        [0.03997957, 0.73462297, 0.92097185],
        [0.54340407, 0.72290073, 0.95086975]
    ],
    "relaxed_energy": -762.99839069,
    "relaxed_forces": [
        [-0.00172612, -0.00126727, 0.00285659],
        [-0.00161717, -0.00086707, -0.00143182],
        [-0.00118339, -0.00154493, 0.00104551],
        [-0.00117206, 0.00089649, -0.00251185],
        [0.00142273, -0.00072656, 0.00267035],
        [-0.00284279, -0.0007496, -0.00030971],
        [-0.00068983, -0.0014268, -0.00301594],
        [3.17e-06, -0.00610259, 0.0021778],
        [0.00028307, 0.00427554, 0.00197443],
        [-0.00094316, -0.00091062, -0.00333926],
        [-1.879e-05, -8.307e-05, 0.00274325],
        [-0.00382584, -0.00023851, 0.00040658],
        [0.00022754, -0.00211069, -0.00123472],
        [0.00167985, -0.00098893, 0.00076438],
        [-0.00142379, 0.00084311, -0.00314201],
        [0.00183407, -5.473e-05, 0.00149151],
        [-0.00161382, 0.00151135, -0.00086229],
        [-0.00169088, -0.0039464, -0.00404682],
        [0.00361367, 0.00242881, 0.00081568],
        [-0.00059677, -0.00032345, -0.00307439],
        [0.00140844, 0.00034361, 0.00105398],
        [-0.00386663, -0.00062991, 0.00096622],
        [-0.00331511, -0.00236806, -0.00249938],
        [-0.0018739, 0.00026161, 0.00289978],
        [0.00263129, 0.00131806, -0.0003],
        [0.00347569, 0.00240008, -0.00162211],
        [-0.0027648, -0.00040817, -0.00420108],
        [0.00636308, 0.00061971, -0.00125535],
        [0.00145854, 0.00395002, 0.00584719],
        [0.00467675, -0.00029373, -0.00130208],
        [-0.00133081, -0.00065104, -0.00109231],
        [-0.00162835, 0.00149774, 0.00029421],
        [0.00187541, 0.00016749, -0.00287507],
        [0.00098256, 0.00323379, 0.00169188],
        [0.00360267, -0.00362354, -7.136e-05],
        [0.00168469, 0.00228575, 0.00081506],
        [-0.00507413, -0.00101559, 8.72e-05],
        [0.00163792, -0.00073793, 0.0011861],
        [-0.00851246, -0.00234261, 0.000361],
        [0.00089915, 0.00162506, -0.00089754],
        [0.00101763, -0.00068232, 0.00250142],
        [0.00353922, 0.00527077, -0.00362789],
        [-0.00244953, -0.00357808, 0.00377884],
        [0.00305365, -0.00225633, -0.00095492],
        [-0.00126161, 0.00029762, 6.107e-05],
        [-0.0016244, -0.00327991, -0.00604896],
        [0.00081684, -0.00121142, -9.931e-05],
        [0.00390523, -0.00034323, -1.273e-05],
        [-0.00015301, -0.00153228, -0.00031258],
        [-0.00087002, -0.00152951, -0.00183701],
        [-0.00367648, -0.00338093, -0.00047752],
        [2.788e-05, 0.00028501, 0.00321489],
        [0.00035707, 0.00249028, 0.00490749],
        [-0.00128318, -0.00221026, -0.00269889],
        [0.00426523, -0.00063929, -0.00019217],
        [-0.00093865, -0.00320874, -0.00114712],
        [0.00234173, -1.147e-05, 0.00140561],
        [-0.00193625, 0.00053788, -0.00126147],
        [-0.00213729, 0.00245014, -0.00106689],
        [-4.603e-05, 0.00080688, 0.00156798],
        [0.00204054, 0.00049465, 0.00115631],
        [-0.00028352, 0.00281631, 0.00023834],
        [0.00088378, -0.00052351, 0.00171817],
        [0.00154507, -1.995e-05, -0.00312805],
        [-0.00168102, -0.00074749, 0.00086927],
        [-0.00153143, 0.00053385, -0.00195266],
        [-0.00314835, 0.00198809, 0.00065208],
        [0.0024234, 0.00430118, -0.00073602],
        [0.0020176, 0.00143725, 0.00129185],
        [0.00225128, -0.00220138, -0.00039428],
        [0.00030022, 0.00092475, 0.00205966],
        [0.00015069, 0.00668771, 0.00227583],
        [3.403e-05, 0.00178729, 0.00518605]
    ],
    "relaxed_lattice": [
        [-4.97132333, -14.18785245, -8.57994263],
        [-7.45837561, -0.16591396, -4.29809401],
        [-0.14591843, -0.15286854, -8.61412048]
    ],