{
    "atom_type": [
        "Na",
        "V",
        "P",
        "O"
    ],
    "atoms_per_type": [
        8,
        8,
        12,
        48
    ],
    "coord_mode": "direct",
    "relaxed_basis": [
        [0.2471076, 0.48290961, 0.52068777],
        [0.74312488, 0.52269573, 0.49906552],
        [0.48489138, 0.03853927, 0.99854404],
        [0.0057736, 0.9936919, 0.99096463],
        [0.80733686, 0.24772431, 0.88577422],
        [0.8795173, 0.12382132, 0.38967475],
        [0.19536788, 0.74599651, 0.12015475],
        [0.69358178, 0.75271995, 0.10716177],
        [0.32653943, 0.63387329, 0.63796315],
        [0.82095338, 0.64193135, 0.64973904],
        [0.07633041, 0.14106396, 0.13809604],
        [0.57025795, 0.1445394, 0.15534035],
        [0.17688331, 0.35037888, 0.3554976],
        [0.6723478, 0.36546372, 0.35534796],
        [0.42319985, 0.8658412, 0.85601419],
        [0.93448931, 0.85285591, 0.85005251],
        [0.12932457, 0.53976027, 0.96055052],
        [0.62061326, 0.54675538, 0.96752388],
        [0.4785801, 0.24612556, 0.54510271],
        [0.97834498, 0.25300354, 0.53605449],
        [0.26961001, 0.95217334, 0.25113676],
        [0.76844951, 0.95862492, 0.25086414],
        [0.23473514, 0.03691614, 0.74246561],
        [0.7298829, 0.04655671, 0.75512368],
        [0.37511445, 0.46238356, 0.03307217],
        [0.87597174, 0.45289023, 0.03414533],
        [0.02358075, 0.74319492, 0.46217369],
        [0.51696251, 0.75430335, 0.46008375],
        [0.43930333, 0.69080259, 0.49435077],
        [0.93855344, 0.6956119, 0.51399961],
        [0.26177896, 0.85766724, 0.70960812],
        [0.74548696, 0.86121094, 0.7496797],
        [0.36039935, 0.47352301, 0.86828302],
        [0.85001286, 0.46010108, 0.88604684],
        [0.50046793, 0.18686458, 0.38233746],
        [0.99672634, 0.19519358, 0.37856617],
        [0.19097635, 0.96340257, 0.20980472],
        [0.68744592, 0.96856005, 0.21248018],
        [0.11611301, 0.36509107, 0.99473587],
        [0.61315565, 0.35346322, 0.03193939],
        [0.06124294, 0.31416817, 0.48461575],
        [0.55837959, 0.3009071, 0.50576216],
        [0.24380905, 0.12616224, 0.29368097],
        [0.74778695, 0.14507621, 0.26422636],
        [0.15338649, 0.51990387, 0.11887938],
        [0.63746096, 0.55331119, 0.11986169],
        [0.01208525, 0.80201829, 0.61192986],
        [0.49195145, 0.80753896, 0.62497766],
        [0.31406084, 0.02380417, 0.78733703],
        [0.81384624, 0.03458404, 0.78256535],
        [0.37584821, 0.65210322, 0.00136247],
        [0.89113624, 0.63247232, 0.98013684],
        [0.38539225, 0.41215872, 0.55564283],
        [0.88348015, 0.41465565, 0.55933234],
        [0.28627707, 0.76875182, 0.4179008],
        [0.77808485, 0.78769417, 0.42821734],
        [0.21432818, 0.57024893, 0.77156811],
        [0.70470705, 0.55965823, 0.78040129],
        [0.03049967, 0.90866143, 0.27063368],
        [0.5254175, 0.92272427, 0.2712668],
        [0.14309889, 0.04616133, 0.91605617],
        [0.63631301, 0.07880271, 0.92587164],
        [0.46443627, 0.29474711, 0.05860056],
        [0.9595344, 0.26930893, 0.06678817],
        [0.11815891, 0.57743726, 0.43338847],
        [0.6131464, 0.59564943, 0.43676664],
        [0.2199859, 0.21789339, 0.57464625],
        [0.72077696, 0.21677186, 0.57505296],
        [0.29112089, 0.42761981, 0.22143055],
        [0.79157201, 0.43680456, 0.22723815],
        [0.46906905, 0.07910873, 0.73116197],
        [0.97274861, 0.09108004, 0.72612107],
        [0.36227465, 0.94406953, 0.07846908],
        [0.86163717, 0.93553926, 0.08102619],
        [0.04384584, 0.71918255, 0.94076945],
        [0.5303954, 0.71137143, 0.93585909]
    ],
    "relaxed_energy": -786.12851298,
    "relaxed_forces": [
        [0.00214312, 0.00222228, 0.00226868],
        [-0.00254886, -0.00139244, 0.00051714],
        [-0.00398897, 0.00212189, -0.00144856],
        [-0.00014253, 0.00038184, 0.00124059],
        [0.00021416, -0.00145609, -0.00365586],
        [-0.00113979, 0.0029336, 0.00117132],
        [-0.00020138, 6.068e-05, 0.00043027],
        [-0.00527467, -0.00014305, 0.00095449],
        [0.00059874, 0.00173912, 0.00176594],
        [-0.00291011, -0.0021867, -0.00016751],
        [-0.00077992, -0.00066936, -0.00246501],
        [0.00300983, -0.00282337, -0.00023297],
        [0.00155682, -0.00210292, -0.00078869],
        [-0.00191906, 0.00278422, 0.00197357],
        [0.00110616, 0.00080947, -0.00103452],
        [0.00022021, -0.00250209, 0.00240193],
        [0.00108535, -0.00209692, -0.00180239],
        [0.00276558, 0.00336816, 0.00716549],
        [-0.00318755, -0.00210837, -0.00415666],
        [-0.00100415, -0.00041566, 0.00095505],
        [0.00267928, -0.00117707, -0.00064999],
        [0.00049895, 0.00120168, 0.00131579],
        [0.00068721, -0.00183654, 0.00229966],
        [0.00268446, 0.00038446, -0.00307834],
        [-0.00224514, -0.0008681, 0.00310328],
        [0.00120146, 0.00013592, 0.00086809],
        [-0.00199358, -0.00331222, 0.00195895],
        [0.00402204, -0.00271601, -0.0011821],
        [-0.00047566, 0.00113573, -6.082e-05],
        [0.00143513, 0.00378093, 9.05e-06],
        [0.00196542, -0.00377834, 8.181e-05],
        [-0.00297428, 0.00029443, -0.0050429],
        [-0.00211181, 0.00054096, -0.00023081],
        [-0.00116225, 0.00242123, 0.00070594],
        [0.00086372, -0.0031501, -0.00133913],
        [-0.00112208, -0.0011441, -0.00063296],
        [0.00356334, -0.0002507, 0.00061164],
        [0.00185951, 0.00045943, 0.00141072],
        [-0.00385573, -0.00028494, 0.00076027],
        [0.00187883, -0.00716925, 0.00165863],
        [-0.00044451, 0.00028597, 0.00253557],
        [-0.00056193, -0.00259712, -0.00550222],
        [-0.00224361, -0.00126182, -0.00017745],
        [0.00645321, 0.00193242, 0.00027932],
        [0.00019182, -0.00036753, -0.00279864],
        [-0.00354285, 0.00404517, -0.00277425],
        [-0.00185753, -0.00266669, 0.00042939],
        [-0.00196427, 0.00233125, -4.67e-05],
        [-0.00137351, -0.00196586, -0.00120348],
        [0.00313645, -0.00293971, 0.00394395],
        [0.00073117, 0.00084773, 0.00131341],
        [0.00152257, 0.00365859, -0.00310949],
        [0.00384627, 0.00111278, 0.00233345],
        [0.00239873, 0.00120143, 0.00081303],
        [-2.36e-06, 0.00237972, -0.00113861],
        [0.00278597, -0.00147784, -5.17e-06],
        [-0.00381467, 0.00043465, 0.00072246],
        [-0.00484048, 0.00183979, -0.00207733],
        [0.00020598, -0.00089307, 0.00057961],
        [-0.00374988, 0.00261662, -0.00398909],
        [0.0026591, 0.00025981, -0.00048887],
        [0.00377779, -0.00212942, -0.00155445],
        [-0.00055445, -0.00016882, -0.00382493],
        [9.057e-05, 0.00784414, 0.00083972],
        [-0.0032537, -0.00178923, -0.00107426],
        [-0.00041351, 0.00222374, -0.00124238],
        [0.00021142, -0.00211998, -0.00174124],
        [-0.00053166, 0.00152326, 0.00070347],
        [-0.00072405, -0.00234863, -0.00011218],
        [0.00200547, 0.00526881, 0.0073337],
        [0.00243639, -0.00194464, 0.00294261],
        [0.00049041, 0.00240162, -0.00030332],
        [-0.00213055, 2.252e-05, -0.00404078],
        [0.0022994, -0.00285724, 0.00243827],
        [-0.00157199, 0.00131784, 0.00133843],
        [0.00133097, 0.000788, 0.00099935]
    ],
    "relaxed_lattice": [
        [-4.98982665, -14.17781863, -8.57002572],
        [-7.54465118, -0.10754994, -4.28737443],
        [-0.13845321, -0.13121234, -8.68063778]
    ],