{
    "atom_type": [
        "Na",
        "V",
        "P",
        "O"
    ],
    "atoms_per_type": [
        10,
        8,
        12,
        48
    ],
    "coord_mode": "direct",
    "relaxed_basis": [
        [0.23872122, 0.51680178, 0.50144514],
        [0.74598476, 0.47831345, 0.52832042],
        [0.49673809, 0.01091393, 0.00406572],
        [0.00980105, 0.01163279, 0.9665971],
        [0.62381557, 0.8826846, 0.61453855],
        [0.31104821, 0.25231619, 0.88166269],
        [0.43994874, 0.61505849, 0.24881595],
        [0.93944422, 0.62475081, 0.2505961],
        [0.87304391, 0.10475679, 0.37419131],
        [0.69435809, 0.75207023, 0.12246677],
        [0.32058264, 0.64722826, 0.648442],
        [0.82114659, 0.63999378, 0.64583527],
        [0.07296823, 0.14160939, 0.14086874],
        [0.56786257, 0.14692703, 0.14529219],
        [0.18014875, 0.35690927, 0.35532511],
        [0.67769432, 0.35955351, 0.35580713],
        [0.42575065, 0.85736227, 0.85493365],
        [0.93168066, 0.85357861, 0.85240806],
        [0.12656289, 0.5391927, 0.9618889],
        [0.62531936, 0.5468729, 0.96405141],
        [0.47764001, 0.24874445, 0.54150665],
        [0.98096793, 0.2462675, 0.53406238],
        [0.26736491, 0.96195317, 0.25679151],
        [0.77197528, 0.95992393, 0.24185201],
        [0.22909779, 0.05004386, 0.74903327],
        [0.72736363, 0.03550494, 0.74894141],
        [0.37267866, 0.45697043, 0.04662768],
        [0.88008147, 0.45811589, 0.04240203],
        [0.02158012, 0.74746291, 0.45337199],
        [0.52173355, 0.74674601, 0.45977765],
        [0.44154748, 0.69237867, 0.4952777],
        [0.93714327, 0.71619705, 0.4731216],
        [0.24723455, 0.87872603, 0.71576948],
        [0.73610408, 0.87969795, 0.69703816],
        [0.3487026, 0.48268664, 0.88583966],
        [0.85508632, 0.50850825, 0.875535],
        [0.49391704, 0.18657882, 0.38932406],
        [0.99249289, 0.20108612, 0.36932515],
        [0.18423241, 0.00098637, 0.20971393],
        [0.69014131, 0.98962443, 0.19707496],
        [0.09999376, 0.37387861, 0.00563194],
        [0.59528954, 0.38459681, 0.02376386],
        [0.06431537, 0.29845256, 0.48316519],
        [0.56079707, 0.29634914, 0.49779684],
        [0.25460173, 0.12726372, 0.29703832],
        [0.75610017, 0.12100157, 0.292706],
        [0.15566094, 0.49366778, 0.12527634],
        [0.65393031, 0.53002025, 0.11501117],
        [0.00609594, 0.78564885, 0.62079775],
        [0.50562854, 0.79878552, 0.6216096],
        [0.30811836, 0.04006293, 0.78695824],
        [0.81292425, 0.97893837, 0.79569549],
        [0.39491347, 0.62438023, 0.01228708],
        [0.90761048, 0.61150691, 0.02182999],
        [0.38492836, 0.41566869, 0.55864899],
        [0.89018857, 0.4166986, 0.55016869],
        [0.28169164, 0.77450046, 0.41679838],
        [0.7797172, 0.77218209, 0.4107138],
        [0.21000411, 0.54965732, 0.77826333],
        [0.704995, 0.5646545, 0.77250412],
        [0.03098953, 0.921162, 0.27039376],
        [0.53485759, 0.90500044, 0.26944395],
        [0.13673289, 0.07455782, 0.92008884],
        [0.63637169, 0.05805602, 0.91655941],
        [0.4558016, 0.27481619, 0.06713509],
        [0.95894358, 0.26459399, 0.06711547],
        [0.11300106, 0.58276063, 0.42474584],
        [0.61619473, 0.58309392, 0.44059984],
        [0.21004412, 0.23285624, 0.58202967],
        [0.72469335, 0.21767641, 0.57841663],
        [0.28925095, 0.43795028, 0.23389412],
        [0.79669828, 0.43753492, 0.22958964],
        [0.467481, 0.08665737, 0.73384859],
        [0.9726452, 0.08048927, 0.71600039],
        [0.35922442, 0.94232489, 0.08578399],
        [0.86707617, 0.93258723, 0.08224774],
        [0.04451219, 0.72226985, 0.95230122],
        [0.54155904, 0.73391043, 0.94295817]
    ],
    "relaxed_energy": -800.87946288,
    "relaxed_forces": [
        [0.00062467, -0.00081132, -0.00056577],
        [-2.504e-05, -0.00059701, 0.0009167],
        [-0.00015453, 0.00029671, -0.00046119],
        [-0.00030271, -0.0007289, 0.00227626],
        [0.0012391, 0.0003831, 0.00191858],
        [-0.00111519, -0.00118257, 0.00043317],
        [0.00132311, -0.00111261, 0.00085027],
        [-0.00163387, -0.00010058, -0.00070416],
        [0.00117488, 0.00094126, 0.00195112],
        [-0.00026289, 0.00074257, -0.00019149],
        [0.00832557, -0.00055368, 0.00268948],
        [-0.00320605, 0.0029913, -0.00028006],
        [0.00043036, -0.00115391, 0.00254846],
        [0.00069588, -8.3e-06, 0.00048372],
        [0.00052051, -0.00171974, -0.00269559],
        [0.00231329, 0.00350416, 7.338e-05],
        [-0.00081729, -0.003015, -0.00419032],
        [0.00023805, 0.00233458, -1.833e-05],
        [-0.00477441, -0.00015284, -0.00462217],
        [-0.00113087, 0.00063111, 0.00031392],
        [0.0002303, -0.00158546, -0.00239103],
        [0.00037172, -0.00023727, -0.0053439],
        [0.00305428, 0.00203318, -0.00080275],
        [0.00116387, 0.0015925, 0.00047319],
        [-0.0056943, -0.0025181, -0.00369212],
        [0.0042973, -0.00409013, 0.00253478],
        [0.00402744, 0.00192331, 0.0030291],
        [-0.00236845, -0.00118357, -0.00409572],
        [0.0010781, -0.00018695, -0.00296496],
        [-0.00060013, 0.00390837, 0.00410726],
        [0.00269719, 0.00213814, -0.00261871],
        [-0.00066346, 0.00208294, 0.00211331],
        [0.00188659, 0.00252818, 0.00253051],
        [-0.00134407, 0.00013527, -0.00207284],
        [-0.0015176, 0.00287199, 5.897e-05],
        [0.00058075, -0.00167293, -0.0001546],
        [0.00156609, -0.00091451, 0.00044168],
        [-0.0031663, -0.00103581, 0.00080327],
        [-0.00227855, 0.0011535, -0.00089114],
        [0.00326635, -0.00377438, -0.00074356],
        [0.00199269, 0.00152164, 0.00190028],
        [-0.00285165, -0.00013547, 0.00041682],
        [0.0007204, -0.00036087, 0.00048731],
        [-0.00125472, -0.00138046, 0.00018277],
        [0.00031086, 0.00057701, -0.00015455],
        [-0.0007096, -0.00167781, -0.00022755],
        [0.00035656, 0.00021647, 0.00077641],
        [-0.0005717, -0.00119334, -0.00099683],
        [-0.00031453, -0.00266335, 0.00087691],
        [-0.0001477, -0.00040041, 0.00058489],
        [0.00176892, -0.00130639, -0.00337267],
        [0.00110666, -0.00064637, 0.00243776],
        [-0.0009708, 0.00165565, -0.00181198],
        [0.00090982, -0.00159477, 0.0002395],
        [0.00164281, -7.088e-05, 0.00055975],
        [0.00010062, -0.00156551, 0.00168985],
        [-0.00022426, 0.00092488, -0.00317798],
        [0.00054309, -0.00331768, -0.00108374],
        [0.0005945, -0.00086457, 0.00158283],
        [-0.00100926, -0.00134709, -0.00071429],
        [-0.00218841, -0.00234731, -0.00011607],
        [0.00285783, 0.00179161, 0.00260521],
        [-0.00298542, -0.00312412, -0.00220361],
        [0.0005163, 0.00083901, 0.00197971],
        [0.00115502, 0.00431944, 0.00439651],
        [-0.0029651, -0.00010956, -0.00049576],
        [-0.00223347, 0.001595, 0.00051492],
        [0.00173931, -0.0002898, 0.00128685],
        [-0.00190149, 0.0011384, -0.00230508],
        [-0.00148873, -0.00119416, -2.364e-05],
        [-0.00154325, 0.00061716, 0.00271564],
        [0.00213317, -0.00022345, 0.00032071],
        [-0.00085444, 0.00021739, 0.00069894],
        [-0.00117075, 9.965e-05, 6.941e-05],
        [-0.00148464, 0.00144018, -0.00100985],
        [-0.00015762, -5.511e-05, -0.00173375],
        [0.00012213, 0.00244347, 0.00088097],
        [-0.00159284, 0.00261489, 0.00117669]
    ],
    "relaxed_lattice": [
        [-4.98843162, -14.37592686, -8.33670312],
        [-7.57582838, -0.12011754, -4.1941187],
        [-0.1234192, -0.14264835, -8.64641862]
    ],