{
    "atom_type": [
        "Na",
        "V",
        "P",
        "O"
    ],
    "atoms_per_type": [
        10,
        8,
        12,
        48
    ],
    "coord_mode": "direct",
    "relaxed_basis": [
        [0.25270211, 0.50542172, 0.49589277],
        [0.74247275, 0.51319101, 0.50624816],
        [0.50354432, 0.01667894, 0.97414155],
        [0.00145105, 0.9850009, 0.00410422],
        [0.80704746, 0.2475094, 0.88538217],
        [0.05959921, 0.3798041, 0.75021053],
        [0.37389723, 0.11878012, 0.37064517],
        [0.87562039, 0.12214864, 0.3852286],
        [0.19347065, 0.74833805, 0.11656926],
        [0.69224646, 0.75197448, 0.11593449],
        [0.32210592, 0.63764432, 0.64186927],
        [0.82197633, 0.64187846, 0.64344664],
        [0.07542551, 0.14560244, 0.14621685],
        [0.56859016, 0.14541835, 0.15023847],
        [0.17890098, 0.35265772, 0.35210908],
        [0.67223201, 0.35954148, 0.35803488],
        [0.43056203, 0.85849914, 0.8567809],
        [0.93035056, 0.85712807, 0.85398263],
        [0.12561705, 0.54759377, 0.9546839],
        [0.62292457, 0.54741698, 0.96340217],
        [0.47336323, 0.24899728, 0.5410272],
        [0.97899069, 0.25145699, 0.5445167],
        [0.27566985, 0.95148749, 0.24795737],
        [0.76838143, 0.95546233, 0.25483707],
        [0.23353114, 0.037028, 0.7505598],
        [0.72962698, 0.04446156, 0.75311634],
        [0.37680078, 0.46159601, 0.03213306],
        [0.87409771, 0.45311263, 0.03896421],
        [0.02323182, 0.74982603, 0.4586808],
        [0.51801733, 0.7466646, 0.46474929],
        [0.43525621, 0.69228947, 0.50845873],
        [0.94154863, 0.69887156, 0.50012391],
        [0.25228, 0.87173113, 0.70371365],
        [0.75079714, 0.86403871, 0.72919608],
        [0.34901219, 0.49586459, 0.87434729],
        [0.85161875, 0.46399952, 0.88334919],
        [0.48064099, 0.19690287, 0.38834223],
        [0.99836611, 0.19716894, 0.38176895],
        [0.19513711, 0.97473846, 0.2041801],
        [0.68622839, 0.97602485, 0.21547073],
        [0.10625792, 0.38007454, 0.98067523],
        [0.60144309, 0.37313243, 0.02234678],
        [0.06004269, 0.30382063, 0.5119123],
        [0.5576706, 0.29449979, 0.49294459],
        [0.25734823, 0.11694369, 0.29706066],
        [0.75296373, 0.13204862, 0.28201523],
        [0.14949151, 0.5192737, 0.11477615],
        [0.64508946, 0.54091143, 0.11716152],
        [0.00799472, 0.80449644, 0.61481292],
        [0.49805965, 0.80545739, 0.62294792],
        [0.31453532, 0.99949951, 0.80367318],
        [0.81178632, 0.03246795, 0.78695995],
        [0.39759173, 0.62998631, 0.99815961],
        [0.89452134, 0.62713067, 0.98383756],
        [0.38191101, 0.41639664, 0.5670477],
        [0.88466283, 0.41217754, 0.56228091],
        [0.2890374, 0.76730908, 0.41371824],
        [0.78002966, 0.77798658, 0.42450942],
        [0.20966189, 0.57496102, 0.76687603],
        [0.70760511, 0.55259015, 0.78019216],
        [0.03379083, 0.91353584, 0.26890767],
        [0.52392724, 0.91156738, 0.27682895],
        [0.13928648, 0.05856278, 0.91581896],
        [0.63788675, 0.06324291, 0.92297212],
        [0.45675375, 0.27510861, 0.05924176],
        [0.95863607, 0.27015769, 0.0643762],
        [0.11698248, 0.58294996, 0.4378156],
        [0.61181159, 0.58732815, 0.44020181],
        [0.22480048, 0.22237253, 0.58510161],
        [0.71910037, 0.21966171, 0.57873699],
        [0.29272748, 0.44173707, 0.22143294],
        [0.79186301, 0.43756618, 0.22846726],
        [0.46373349, 0.08454833, 0.72908984],
        [0.96761572, 0.09183602, 0.73367761],
        [0.36842457, 0.93530474, 0.08004328],
        [0.85994422, 0.93847273, 0.08390382],
        [0.04181357, 0.72713747, 0.93484195],
        [0.5397465, 0.73015468, 0.92717116]
    ],
    "relaxed_energy": -800.73971469,
    "relaxed_forces": [
        [0.00075925, 0.00053775, 0.000795],
        [-0.0020077, 0.00024073, 0.00144765],
        [-0.00036553, 0.00033188, -0.0006281],
        [0.00052833, 0.00221742, -0.00106535],
        [0.00090364, 0.00125395, 0.00159435],
        [-0.00096284, 2.691e-05, -0.00067612],
        [1.442e-05, 0.00046748, -0.00026661],
        [-0.00308971, -0.00375742, -0.00515108],
        [-0.0007354, 0.00148343, 0.0003413],
        [-0.00067796, -1.983e-05, 0.00124187],
        [-0.00046133, -0.00228524, -0.00046411],
        [0.00345647, -0.00254814, -0.00046913],
        [0.00622699, -0.00068933, -0.0014796],
        [-0.00171346, 0.00244624, 0.00266665],
        [0.00094742, -0.00130602, -0.00368114],
        [-0.00175824, -0.00196512, 0.00095177],
        [-0.00021166, -0.00119311, -0.00261307],
        [0.00068314, 0.00166419, 2.479e-05],
        [-0.00180034, 0.00074904, 0.00016683],
        [0.00025552, 0.00280066, -0.00078233],
        [0.00098456, -0.00136968, 0.00047592],
        [-0.00147089, 0.00048814, -0.00301862],
        [-0.00140382, 0.00017823, -0.00086304],
        [0.00048095, -0.00177819, 0.00186991],
        [-0.00190154, 0.00033187, 0.00116361],
        [-0.00167441, 0.00168659, -0.00090475],
        [0.00131222, -0.0021074, -0.00098528],
        [-0.00199461, -0.00034807, -0.00068966],
        [-7.439e-05, -0.00253643, 0.00011109],
        [-0.00096153, 0.00103039, 0.00034657],
        [-0.00014863, -0.00019874, 0.00036331],
        [-0.00130878, 0.00135749, -0.00407155],
        [-0.00078508, -0.00139528, -0.00082815],
        [0.0021779, 0.00233674, -8.086e-05],
        [-0.0004218, 0.00148672, 0.00126507],
        [0.00054688, 0.0035398, 0.00385769],
        [-0.00025406, -0.00064766, -0.00021821],
        [-0.00284657, 0.00121087, -0.00542444],
        [-0.00089693, -0.00172266, -0.00050032],
        [0.00077424, 0.00205352, -7.665e-05],
        [0.00341778, 0.00202785, 0.00455772],
        [-0.00028736, -0.00171305, -0.00012429],
        [0.00070096, -0.00083475, -0.00028204],
        [-0.00057131, 0.00058012, 0.00058816],
        [0.00229752, 0.00084622, -0.00248792],
        [-0.00364001, 0.00026298, 0.00064494],
        [0.00381261, 0.00090154, -0.00251622],
        [-0.00154455, -0.00034083, 0.002623],
        [-0.00117838, -0.00163339, 0.00072296],
        [0.00218206, -0.00028457, 0.00097914],
        [0.00155806, -0.00118622, -0.00204214],
        [-0.00112863, -0.00175751, 0.00216074],
        [0.00125201, 0.00290937, -0.00076989],
        [0.00068803, -0.00292359, 0.00287897],
        [-0.00124468, 0.00056931, -0.00122752],
        [-0.00049571, -0.00117259, 0.00136931],
        [0.00180167, 0.00138828, -0.00173953],
        [-0.00016025, 0.000341, 0.00084166],
        [0.00151955, -0.0007926, -0.00013003],
        [-1.821e-05, -0.000556, 0.00256604],
        [-0.00461373, -0.00011946, 0.00128517],
        [0.00114044, -0.00018426, -0.00158084],
        [0.00014386, -0.00053731, 0.00111408],
        [-0.00108851, -0.00022425, 0.00059132],
        [0.00092022, 0.00047736, -0.00065167],
        [-0.00070562, 0.00172577, -0.00045559],
        [-0.00068973, 0.0024083, -0.00080456],
        [0.00265716, -0.00156612, 0.0020262],
        [0.00047372, -0.00141348, -3.737e-05],
        [0.00195214, -0.0027034, 0.00229772],
        [-0.00108179, -0.00091236, 0.00224697],
        [-0.00092584, -0.00050407, 0.00020477],
        [-0.00197392, -0.00116252, -0.00232604],
        [0.00047064, -0.00037915, -0.00190984],
        [-9.876e-05, 0.00150951, 0.00106533],
        [0.0015587, -0.00055702, 0.0013932],
        [0.00286511, 0.00229541, -9.43e-06],
        [-9.001e-05, 0.00116377, 0.00319229]
    ],
    "relaxed_lattice": [
        [-4.95122354, -14.31396016, -8.39549794],
        [-7.56595392, -0.09187547, -4.20408147],
        [-0.10414611, -0.13514033, -8.67419231]
    ],