{
    "atom_type": [
        "Na",
        "V",
        "P",
        "O"
    ],
    "atoms_per_type": [
        6,
        8,
        12,
        48
    ],
    "coord_mode": "direct",
    "relaxed_basis": [
        [0.25429347, 0.48992727, 0.50150099],
        [0.76095741, 0.48312025, 0.49809178],
        [0.48058267, 0.00373602, 0.03255852],
        [0.12355252, 0.90345473, 0.63632265],
        [0.62593654, 0.88632245, 0.62113141],
        [0.16790552, 0.75389536, 0.09322143],
        [0.32451172, 0.63810961, 0.64503926],
        [0.82295703, 0.64616102, 0.64743159],
        [0.06473687, 0.15412188, 0.14096333],
        [0.57100813, 0.14240572, 0.14501566],
        [0.18108233, 0.34952089, 0.3530097],
        [0.68198199, 0.35467209, 0.35582118],
        [0.43134292, 0.84951096, 0.85218539],
        [0.92623766, 0.85659118, 0.8656698],
        [0.1230305, 0.54009522, 0.95809475],
        [0.62627887, 0.53690806, 0.96519754],
        [0.48133495, 0.2495964, 0.53621855],
        [0.97779548, 0.25146348, 0.531081],
        [0.26841688, 0.96530967, 0.24674278],
        [0.77064807, 0.96386152, 0.24715845],
        [0.23400121, 0.04186033, 0.74563936],
        [0.72779133, 0.03663427, 0.7540321],
        [0.37636474, 0.45736394, 0.03726923],
        [0.87595513, 0.46113768, 0.03868081],
        [0.0180197, 0.75495455, 0.46758947],
        [0.52465369, 0.74760401, 0.4617508],
        [0.43573596, 0.71298518, 0.51503443],
        [0.92541869, 0.72950374, 0.51283712],
        [0.23545869, 0.87012732, 0.73399178],
        [0.73247218, 0.87645456, 0.71590612],
        [0.35588715, 0.47658266, 0.8769142],
        [0.84869227, 0.50439627, 0.87528586],
        [0.50198096, 0.19340129, 0.37281512],
        [0.98370406, 0.22274671, 0.36373745],
        [0.17627444, 0.00737297, 0.22713155],
        [0.68455012, 0.9965513, 0.21327762],
        [0.09589493, 0.378668, 0.99787669],
        [0.60160518, 0.37426868, 0.9996339],
        [0.07250683, 0.24653276, 0.50259978],
        [0.5689962, 0.27834051, 0.50473556],
        [0.26776142, 0.13086968, 0.26771868],
        [0.75328977, 0.13253722, 0.29130953],
        [0.14637899, 0.50692275, 0.12154233],
        [0.65017521, 0.50337051, 0.12787105],
        [0.01071842, 0.78869883, 0.63067631],
        [0.52250182, 0.79095635, 0.6154598],
        [0.32671958, 0.99490246, 0.7670601],
        [0.81302618, 0.98272641, 0.80046398],
        [0.41013224, 0.623227, 0.97326109],
        [0.90037961, 0.6274389, 0.00256736],
        [0.39148606, 0.41944465, 0.54650596],
        [0.89319989, 0.4324504, 0.55384147],
        [0.27608492, 0.7854431, 0.42474989],
        [0.77790745, 0.78148691, 0.42425703],
        [0.20740336, 0.56081263, 0.77026501],
        [0.71113759, 0.56133014, 0.77384267],
        [0.03141242, 0.92172185, 0.27925626],
        [0.53558539, 0.91283636, 0.2717883],
        [0.1483052, 0.06891976, 0.92749729],
        [0.63448715, 0.07314704, 0.92263119],
        [0.45533138, 0.26741925, 0.08129864],
        [0.96083584, 0.27711776, 0.05023358],
        [0.10470761, 0.57973338, 0.43561125],
        [0.61438964, 0.56948503, 0.43738653],
        [0.22246821, 0.22429016, 0.57605975],
        [0.72317464, 0.21980134, 0.57983427],
        [0.2866357, 0.47595745, 0.21246582],
        [0.79305974, 0.43788452, 0.22771934],
        [0.47078769, 0.07638463, 0.72415213],
        [0.9571026, 0.08235704, 0.71547813],
        [0.35833974, 0.92393382, 0.07604719],
        [0.86216228, 0.93756843, 0.08064813],
        [0.0404146, 0.73098914, 0.93271776],
        [0.5435407, 0.7281496, 0.93812946]
    ],
    "relaxed_energy": -770.6675362,
    "relaxed_forces": [
        [0.00010697, -0.00069275, -0.00051693],
        [-7.554e-05, 3.595e-05, -0.00054315],
        [0.00065354, 0.00304136, -0.00152539],
        [0.00105055, 0.00019106, 0.00266723],
        [0.00092952, 7.526e-05, -0.00098303],
        [0.00195936, 0.00444585, 0.00524055],
        [-0.00146159, 0.00268044, -0.00218293],
        [-0.00358159, 0.00063818, -0.00346298],
        [0.00149049, -0.00073845, 0.00389567],
        [-0.00277383, 0.00101177, 0.00143222],
        [-0.00183635, -0.00222374, -0.00212844],
        [0.00183555, -0.00169112, -0.00174301],
        [0.00157188, 0.0005786, -0.00065193],
        [0.0014329, 0.00111357, 0.00471141],
        [-0.00066293, -0.00326387, 0.00692686],
        [0.00313563, 0.00274202, 0.00201841],
        [0.00014337, 0.00448377, -0.0016468],
        [0.00323578, 0.00115587, 0.00016928],
        [-4.34e-05, 0.00250783, -0.00127577],
        [-0.00459788, -0.00167089, -0.0011542],
        [-0.0002335, -0.00066663, -0.0008559],
        [-9.947e-05, -0.00416485, -0.00174982],
        [0.00037901, -0.00111619, 0.00297096],
        [-0.00364872, -0.00386157, -0.00096422],
        [-0.00175591, 0.00131926, -0.00503909],
        [0.00130541, 0.00063133, -0.00355494],
        [-0.00187319, -0.0060198, -0.00150178],
        [0.00229308, 0.00529424, 0.00102172],
        [-0.00076051, 0.00219676, 6.272e-05],
        [5.769e-05, 0.00044806, 0.00149436],
        [-0.00065679, 0.00183568, -0.00283168],
        [-0.00464036, -0.00055281, 0.00311903],
        [0.0006662, -0.00033828, 0.00138947],
        [-0.00181453, 0.00090203, -0.00124888],
        [-0.00115934, 0.00086318, -0.00523836],
        [-0.00073798, 0.00079081, -0.00104609],
        [-0.00070378, -0.00126663, 0.00337817],
        [-0.00290466, 2.053e-05, 0.0002467],
        [0.00106942, -0.00135936, -0.00128875],
        [0.00084114, 0.00106619, -0.00090756],
        [-0.00294297, -0.00226913, -0.00436633],
        [-0.00104112, 0.00165398, -7.88e-06],
        [0.00468797, -0.00331238, -0.0018198],
        [0.00118053, 5.822e-05, -0.00068229],
        [0.00234152, -0.00259143, 0.0056541],
        [0.00254169, -0.00424393, -0.00044524],
        [0.00106295, -0.00312062, 0.00673508],
        [0.00131085, 0.00419005, 0.0036099],
        [-0.0007621, 0.00103702, 0.00233163],
        [0.00175295, -3.184e-05, 0.00352384],
        [0.00319474, -0.00224148, -0.00030431],
        [0.00091596, 0.00083771, -0.00274071],
        [-0.00165085, -0.00057695, 0.00414148],
        [0.00190014, -0.00139543, -0.00052436],
        [0.0018688, 0.00136153, 8.132e-05],
        [-0.00148985, -0.00398639, 0.00075363],
        [-0.0005777, -0.00166525, -2.305e-05],
        [0.00046142, 3.682e-05, 0.00044651],
        [0.00117545, -0.00412257, -0.00249082],
        [-0.00045637, 0.00348007, -0.0026919],
        [0.0006306, 0.00036462, -0.00317021],
        [0.00116741, -0.00109443, 0.00158444],
        [0.00249188, -0.00245206, 0.0048702],
        [0.00146259, -0.00065829, 0.00186677],
        [-0.00110231, 0.00397782, 0.00128193],
        [-0.0029046, 5.506e-05, -8.453e-05],
        [-0.00052233, 0.00177042, -0.00065553],
        [0.00123711, -0.00090779, -0.0036225],
        [0.00254025, 0.00323277, -0.00037014],
        [-0.00414955, -0.0007315, 0.00421637],
        [-0.00202592, 0.00419397, 0.00069543],
        [-0.00173372, 0.00284907, -0.00636374],
        [-0.00083939, -0.00446822, -0.00377351],
        [0.00013828, 0.00032791, -0.00435887]
    ],
    "relaxed_lattice": [
        [-5.08433671, -14.18104415, -8.50435026],
        [-7.53424708, -0.1336876, -4.2352385],
        [-0.22987238, -0.15195622, -8.658604]
    ],