{
    "atom_type": [
        "Na",
        "V",
        "P",
        "O"
    ],
    "atoms_per_type": [
        7,
        8,
        12,
        48
    ],
    "coord_mode": "direct",
    "relaxed_basis": [
        [0.24771477, 0.51546639, 0.48761134],
        [0.74794922, 0.48248459, 0.52265595],
        [0.49940957, 0.00219237, 0.00159569],
        [0.99980545, 0.01625438, 0.985769],
        [0.30847987, 0.25096424, 0.88252039],
        [0.94181949, 0.62390128, 0.25063239],
        [0.69179135, 0.75018806, 0.11414514],
        [0.3245159, 0.64539775, 0.63669713],
        [0.82043851, 0.63695535, 0.65004034],
        [0.07588832, 0.13401616, 0.13897421],
        [0.56900815, 0.14880453, 0.15162059],
        [0.17590791, 0.36060311, 0.36038789],
        [0.67801233, 0.35619905, 0.35974402],
        [0.42915792, 0.85366125, 0.8531276],
        [0.92584746, 0.86415775, 0.84941175],
        [0.12335146, 0.54128557, 0.96045411],
        [0.62427276, 0.54247531, 0.96629291],
        [0.4802053, 0.24809313, 0.54436865],
        [0.98390616, 0.24136224, 0.53775361],
        [0.26881557, 0.96094057, 0.24770249],
        [0.76790617, 0.95720424, 0.24960747],
        [0.23272517, 0.04379076, 0.74620343],
        [0.72829805, 0.04197909, 0.75478445],
        [0.37271405, 0.45976677, 0.03845058],
        [0.87969715, 0.4563811, 0.03883883],
        [0.01813636, 0.7513551, 0.45569599],
        [0.52046924, 0.75042273, 0.45828964],
        [0.44187919, 0.6979475, 0.48673207],
        [0.93730817, 0.70844404, 0.47728063],
        [0.25721332, 0.86963965, 0.70798038],
        [0.74296249, 0.8612467, 0.74127199],
        [0.3582753, 0.46651546, 0.87599343],
        [0.86385556, 0.48289726, 0.86879564],
        [0.50357922, 0.18336691, 0.38408465],
        [0.00803213, 0.18943804, 0.37090807],
        [0.18967513, 0.99394722, 0.18842425],
        [0.68954111, 0.97616206, 0.19864397],
        [0.10479579, 0.36939254, 0.99530285],
        [0.60121478, 0.36869278, 0.02050225],
        [0.06667808, 0.28866957, 0.50771457],
        [0.55922383, 0.30195168, 0.50975663],
        [0.24980019, 0.14036931, 0.27421072],
        [0.74698035, 0.12945258, 0.28509091],
        [0.13539232, 0.51551176, 0.13724779],
        [0.64362203, 0.53345803, 0.12480034],
        [0.99439829, 0.80406865, 0.62340316],
        [0.49413397, 0.80989454, 0.62510639],
        [0.31046142, 0.02960407, 0.79563577],
        [0.81064724, 0.0077786, 0.807986],
        [0.39036464, 0.63648039, 0.99469562],
        [0.9005073, 0.62560905, 0.00768849],
        [0.38460262, 0.41136621, 0.55791945],
        [0.89316307, 0.41379159, 0.54333138],
        [0.27451515, 0.7832909, 0.41820015],
        [0.78153495, 0.77032603, 0.41690051],
        [0.2108078, 0.5556294, 0.78112801],
        [0.71021578, 0.54882724, 0.78234574],
        [0.03586589, 0.91339174, 0.26582684],
        [0.53281301, 0.91731176, 0.27001003],
        [0.137149, 0.06547129, 0.91142272],
        [0.63379144, 0.07635926, 0.92243415],
        [0.45587968, 0.27729118, 0.08087717],
        [0.96305239, 0.27061256, 0.07173611],
        [0.11020681, 0.57839039, 0.44959],
        [0.61614299, 0.5898555, 0.44323309],
        [0.22116464, 0.22661497, 0.57390489],
        [0.72461915, 0.21711713, 0.57989368],
        [0.2836674, 0.44688315, 0.22051889],
        [0.79197648, 0.44710635, 0.2199458],
        [0.46707987, 0.08289462, 0.734303],
        [0.97089358, 0.07773647, 0.72601979],
        [0.36304539, 0.93942057, 0.07727203],
        [0.86499603, 0.92903661, 0.08354065],
        [0.03836642, 0.72569403, 0.9345082],
        [0.53925192, 0.7251148, 0.93227652]
    ],
    "relaxed_energy": -778.58011157,
    "relaxed_forces": [
        [-0.00221382, 0.00205756, 0.00108225],
        [0.00061812, -0.0007357, 7.229e-05],
        [-0.0048544, 0.00073305, -0.00058844],
        [0.00019982, 0.00122504, -0.00028901],
        [0.00073265, 0.00144518, 0.00099023],
        [-0.00029237, 0.00083209, -0.00054386],
        [0.00256526, -0.00023702, 0.00153552],
        [-0.00312721, 0.00016342, -0.00161752],
        [-0.00176876, -0.00292656, 0.00099611],
        [0.00301158, -0.00335509, -0.00043912],
        [0.00242844, 0.00097903, -0.0005498],
        [-0.00116494, 0.00446892, 0.00174674],
        [-0.00041818, 0.00302164, -0.00289762],
        [0.00247744, 0.00705773, 0.00146274],
        [-0.00616315, -0.00483662, 0.00014838],
        [-0.00183078, -0.00037206, -1.242e-05],
        [0.00536323, -0.00214632, 0.00059518],
        [0.00012884, -0.00136439, 0.0019057],
        [-0.00022726, -0.00072613, -0.00162611],
        [0.00302194, 7.03e-06, 0.00196316],
        [0.00251734, 0.00036439, 3.559e-05],
        [-0.00090529, -0.00286923, 0.00052522],
        [0.00318528, -0.00072257, 0.0027088],
        [-0.00052371, -0.00242732, -0.0019182],
        [-0.00225026, 0.00058915, -0.00154059],
        [0.00139517, 0.00183168, 0.00019983],
        [0.00022072, -0.00164933, 0.00352194],
        [-0.0001329, 0.001021, 0.00034724],
        [-0.00070962, 0.00208148, -0.00103117],
        [-0.00265719, 0.00096813, 0.00061634],
        [0.00387944, -0.00035749, -0.00303244],
        [-0.00042574, -0.00271, -0.00030185],
        [-0.00200082, -0.000125, -0.00058645],
        [0.00081785, -0.00073499, 0.00039092],
        [-0.0012256, -0.00178279, -0.00225502],
        [0.00222589, -0.00144372, 0.00292373],
        [0.00044345, -0.00362342, -0.00388049],
        [-0.00279619, -0.00278065, 0.00157018],
        [-0.00016626, 0.00197529, -0.0037156],
        [-0.000668, -0.00313418, -0.00262647],
        [-0.00124293, 0.00251744, 0.00155078],
        [0.00167712, 0.00028369, 0.00275342],
        [-6.806e-05, -0.00229554, -0.00151114],
        [-0.00028422, 0.00154007, 0.00090316],
        [-0.0045365, 0.00052137, 0.00089714],
        [0.00031585, 4.806e-05, -0.00131589],
        [-0.00059417, -0.00137744, -0.00237563],
        [-0.00066272, -0.00105761, 0.00115495],
        [-0.00136652, 0.00341082, 0.00101841],
        [0.00071121, 0.00162972, -0.0001032],
        [0.00353096, 0.00132913, -0.0006524],
        [0.00104064, 0.00076836, 0.00101403],
        [0.00062323, -0.00177553, 7.221e-05],
        [-0.00148034, -0.00145119, 0.00011683],
        [0.00111641, 0.00155518, -0.0014563],
        [-0.00151714, 0.00204525, -0.00129548],
        [0.0027423, -0.0001564, -0.00129211],
        [-0.00129469, -0.00058873, 0.00031758],
        [-0.00038347, -0.00095459, 0.00163723],
        [-0.00015075, 7.636e-05, 0.00153764],
        [-0.00145448, 0.00397254, -0.00365409],
        [-5.974e-05, 0.00054046, -0.00121682],
        [0.00069569, 0.0005071, 0.00103963],
        [0.00206679, -0.00122364, 0.00149006],
        [0.00113106, -0.00103874, -0.00062586],
        [0.00099834, 0.00078942, 0.00037088],
        [0.0008732, -0.00082637, 0.00147124],
        [-0.00194194, 0.00172669, 0.00210829],
        [-0.00035407, 0.00104225, -0.00069306],
        [-0.0052159, -0.00031728, 0.00192124],
        [0.00411808, 0.00130756, -0.00109863],
        [0.00036443, -0.00027961, -0.00072146],
        [-2.813e-05, 0.00112905, 0.00045056],
        [0.00232672, 0.0015028, 0.00277513],
        [-0.00040627, -0.00466188, -0.00247426]
    ],
    "relaxed_lattice": [
        [-5.04121444, -14.18671163, -8.4477794],
        [-7.54176135, -0.13665717, -4.20988109],
        [-0.16483005, -0.14584759, -8.6305959]
    ],