{
    "atom_type": [
        "Na",
        "V",
        "P",
        "O"
    ],
    "atoms_per_type": [
        4,
        8,
        12,
        48
    ],
    "coord_mode": "direct",
    "relaxed_basis": [
        [0.7557836, 0.51019904, 0.47794001],
        [0.00268492, 0.00905637, 0.98824468],
        [0.55376968, 0.37630164, 0.75140584],
        [0.1995364, 0.74604714, 0.15959641],
        [0.32425624, 0.63550579, 0.62999187],
        [0.81970148, 0.64925768, 0.6418837],
        [0.07012107, 0.15107837, 0.14442678],
        [0.57327169, 0.14168484, 0.1461258],
        [0.17415253, 0.35446743, 0.36785693],
        [0.68050277, 0.35441279, 0.35256834],
        [0.42746727, 0.85279414, 0.86236359],
        [0.92760767, 0.85959949, 0.85861366],
        [0.12717465, 0.53931371, 0.96230254],
        [0.62387056, 0.53285937, 0.95960131],
        [0.48739793, 0.24518249, 0.53668669],
        [0.97613585, 0.25406668, 0.53893124],
        [0.26784476, 0.9655035, 0.24875189],
        [0.77146731, 0.96099034, 0.24814443],
        [0.23448952, 0.02989938, 0.74462577],
        [0.73174821, 0.04261128, 0.75404826],
        [0.37169169, 0.46612902, 0.03832128],
        [0.87674619, 0.46495228, 0.03274032],
        [0.01412555, 0.75397734, 0.4617087],
        [0.51728943, 0.74591531, 0.46696257],
        [0.43926822, 0.70418435, 0.47783139],
        [0.93241689, 0.71123561, 0.48465268],
        [0.24767683, 0.86035363, 0.71120787],
        [0.75235493, 0.87991479, 0.70216616],
        [0.36616849, 0.49729094, 0.85264208],
        [0.85480584, 0.50158507, 0.86441195],
        [0.51603352, 0.24086352, 0.33680506],
        [0.99045558, 0.21320915, 0.37136937],
        [0.18004442, 0.98236705, 0.22895084],
        [0.69057378, 0.99075653, 0.20153155],
        [0.10690633, 0.36244432, 0.00797878],
        [0.6189544, 0.36249449, 0.95894994],
        [0.05940747, 0.30463928, 0.49760933],
        [0.56591374, 0.28662884, 0.52997984],
        [0.24377012, 0.13179912, 0.29944027],
        [0.74965281, 0.12700956, 0.30305866],
        [0.13684976, 0.52620734, 0.13396161],
        [0.64273994, 0.48854001, 0.13404565],
        [0.99127815, 0.80072421, 0.63006191],
        [0.50233692, 0.72695579, 0.66606208],
        [0.32510732, 0.9967065, 0.76728887],
        [0.81328082, 0.01087548, 0.80421925],
        [0.36807023, 0.65054263, 0.03123071],
        [0.89293193, 0.63280706, 0.01263237],
        [0.39121006, 0.40402614, 0.57154084],
        [0.88179613, 0.42141829, 0.56642022],
        [0.2885407, 0.77450494, 0.4139923],
        [0.78232212, 0.77458242, 0.41816684],
        [0.21543391, 0.54936224, 0.78454577],
        [0.7046974, 0.58958596, 0.77389302],
        [0.0293488, 0.92465719, 0.27248569],
        [0.52353875, 0.93716883, 0.31277913],
        [0.14757812, 0.04088653, 0.93188404],
        [0.63734769, 0.06202793, 0.92642178],
        [0.46156995, 0.29507598, 0.06306531],
        [0.9663049, 0.28274553, 0.0428493],
        [0.10757658, 0.58403747, 0.44145962],
        [0.61528763, 0.58277228, 0.41967602],
        [0.21256257, 0.22073523, 0.58605151],
        [0.71826479, 0.2342844, 0.58729098],
        [0.28389408, 0.4269788, 0.21485667],
        [0.79351881, 0.42880173, 0.2210966],
        [0.48331488, 0.05301849, 0.68973952],
        [0.97140141, 0.07995146, 0.7226816],
        [0.35327674, 0.96340988, 0.06377144],
        [0.86594831, 0.94742324, 0.07898407],
        [0.04064211, 0.72187115, 0.92404797],
        [0.52867815, 0.70192121, 0.95674388]
    ],
    "relaxed_energy": -754.91356986,
    "relaxed_forces": [
        [0.00154302, 0.00136285, -0.00203435],
        [0.00118167, 0.00034368, 0.00070059],
        [0.00139653, 0.00148318, 0.00133069],
        [-0.00085345, -0.00155579, -0.00623058],
        [-0.00332078, -0.00066093, 0.00185863],
        [-0.0013521, -0.00207993, 0.00235043],
        [-0.00365746, -0.00524472, -0.00112641],
        [-0.00217334, 0.00046033, 0.00340175],
        [-0.00405268, 0.00473045, 0.00158824],
        [0.00039438, -0.00152359, -0.00010013],
        [-0.00162151, -0.00276004, 0.00340042],
        [-0.00592835, -0.00311871, 0.00219285],
        [0.00226924, 0.0018824, -0.00588474],
        [0.0012081, 0.00309713, -0.00029436],
        [0.00342674, -0.0003691, 9.85e-06],
        [0.00258751, -0.00080101, -0.0029545],
        [0.00051113, -0.0007967, 0.00057811],
        [0.00231194, 0.00381865, -0.00595022],
        [0.00181997, -0.00309818, -0.0013343],
        [0.00209859, 0.00014485, 0.00341733],
        [-0.00115181, 0.00074645, -0.0017893],
        [0.00078571, 0.00393753, -0.00193224],
        [0.0018216, -0.00149636, -0.00233465],
        [-0.00071209, 0.00127198, -0.00406937],
        [-0.00296752, 0.00199073, 0.00092334],
        [-0.00210824, 0.000189, -0.00240505],
        [0.00016765, 0.00065513, 0.00114676],
        [-0.00423531, -0.00275699, -0.00296472],
        [0.00156835, -0.00055531, -0.00031872],
        [0.00639591, -0.00347901, -0.0046505],
        [0.00048645, 0.00277067, 0.00053666],
        [0.00121177, 0.00636986, -0.00108353],
        [-0.00134611, 0.00415325, -0.00016697],
        [-0.00183673, -0.00207657, -0.0015571],
        [0.00357741, -0.00220778, 0.00024222],
        [-0.00469602, 0.00088622, -0.00075409],
        [0.00483888, -0.00242183, 0.00282874],
        [-0.00267334, -0.00091008, 0.00359995],
        [0.00097057, -0.00350381, -0.00091742],
        [-0.00072901, 0.00165376, 0.00351638],
        [0.00136463, -0.00148782, 0.00183809],
        [0.00120458, -0.00048414, 0.00109789],
        [0.00134792, -0.00058468, -0.00180974],
        [-3.312e-05, 0.00094919, -0.0025604],
        [-0.00021497, -0.00248565, 0.00258603],
        [0.00385508, 0.00026068, 0.00250117],
        [0.00046367, 0.00011832, 0.00068958],
        [-0.00212921, -0.00360465, 0.00047832],
        [-0.00572168, 0.00422865, -0.00181033],
        [-0.00478252, -0.00182276, -0.00200936],
        [-0.00295396, -0.00352036, 0.00303066],
        [-0.00261555, -0.00216882, 0.00170723],
        [0.00368389, 0.00057017, 0.00388188],
        [7.035e-05, 0.00187591, 0.00159041],
        [-0.00213229, -0.00251351, -0.00075615],
        [0.00171218, 0.00182582, -0.00126684],
        [-0.00105359, 0.00646993, -0.00549026],
        [0.00048377, 0.00390163, -0.0008668],
        [0.00241645, 0.00211087, -0.00253005],
        [-0.00111377, -0.00678442, -0.00055993],
        [-0.00217908, -0.0010968, 0.00246945],
        [-0.00315687, -0.00081552, 0.00200383],
        [0.00292717, 0.0001809, -0.00567356],
        [3.03e-06, -0.00069273, 0.00241972],
        [7.268e-05, 0.00344504, 0.0001614],
        [-0.00061788, 0.00171259, -0.00060906],
        [0.00840183, 0.00238231, 0.00351979],
        [-0.00264551, 0.0036866, 0.00222584],
        [0.00140547, -0.00123313, 0.00355311],
        [0.00085074, -0.00527273, 0.00598368],
        [0.00441134, -0.00063184, 0.0001279],
        [-0.00048201, 0.00094934, 0.00130679]
    ],
    "relaxed_lattice": [
        [-5.07276313, -14.10760379, -8.55834225],
        [-7.48744221, -0.16291701, -4.30699234],
        [-0.17295093, -0.16039709, -8.62287599]
    ],