{
    "atom_type": [
        "Na",
        "V",
        "P",
        "O"
    ],
    "atoms_per_type": [
        8,
        8,
        12,
        48
    ],
    "coord_mode": "direct",
    "relaxed_basis": [
        [0.24127174, 0.53432619, 0.48789816],
        [0.76246902, 0.48622613, 0.48636947],
        [0.50659214, 0.96761254, 0.01665236],
        [0.99814267, 0.00317709, 0.99984648],
        [0.62544684, 0.88482391, 0.60420312],
        [0.31051622, 0.25016395, 0.87654854],
        [0.55972921, 0.37236454, 0.74921118],
        [0.37598036, 0.12152215, 0.39689035],
        [0.31793422, 0.64839712, 0.64815125],
        [0.82472162, 0.63777441, 0.64155365],
        [0.06578511, 0.14995121, 0.14841582],
        [0.57533359, 0.13711712, 0.14263733],
        [0.17404273, 0.36355317, 0.35905561],
        [0.68470093, 0.35397164, 0.34703348],
        [0.42786533, 0.85396668, 0.86065183],
        [0.9309202, 0.85288539, 0.85273764],
        [0.12068288, 0.54294089, 0.96455545],
        [0.62755929, 0.53428535, 0.95224597],
        [0.47859389, 0.25653275, 0.53825796],
        [0.98006004, 0.24657135, 0.54022292],
        [0.26649233, 0.96837802, 0.25679582],
        [0.77571801, 0.95643043, 0.24546745],
        [0.22567568, 0.04720064, 0.75742411],
        [0.73211683, 0.0304966, 0.74611052],
        [0.3708845, 0.45530921, 0.04331984],
        [0.87673522, 0.46260781, 0.034771],
        [0.01904086, 0.75431746, 0.46000694],
        [0.5232618, 0.74792539, 0.46421431],
        [0.43670078, 0.70147554, 0.52030189],
        [0.93500235, 0.70948152, 0.50041277],
        [0.24203701, 0.87907278, 0.7225991],
        [0.7419391, 0.87347146, 0.69628727],
        [0.34372504, 0.47392977, 0.88966903],
        [0.85111497, 0.5023826, 0.86704849],
        [0.49356065, 0.20340998, 0.37899439],
        [0.99206966, 0.20548075, 0.37387969],
        [0.18129991, 0.01571693, 0.20970124],
        [0.68612158, 0.98520184, 0.22687348],
        [0.09395833, 0.37915795, 0.00899832],
        [0.60247977, 0.37740705, 0.97373983],
        [0.064955, 0.29054004, 0.498377],
        [0.5631545, 0.29857995, 0.50293158],
        [0.25758325, 0.1329874, 0.29530604],
        [0.76569473, 0.11496215, 0.28728548],
        [0.14797073, 0.50269237, 0.13066417],
        [0.65306131, 0.4922925, 0.11599668],
        [0.00705602, 0.79429549, 0.62649095],
        [0.51113799, 0.80617899, 0.6183845],
        [0.3112542, 0.032845, 0.78207933],
        [0.81781209, 0.98430054, 0.79054391],
        [0.39523872, 0.62308527, 0.9907338],
        [0.90581782, 0.62133074, 0.99428767],
        [0.38393023, 0.41756888, 0.56407808],
        [0.88917559, 0.41559596, 0.5627348],
        [0.27531668, 0.78556157, 0.42501396],
        [0.78943895, 0.76687299, 0.41492889],
        [0.20622889, 0.5492727, 0.78197841],
        [0.71012151, 0.56510249, 0.76037469],
        [0.02819192, 0.92421154, 0.27625095],
        [0.5264865, 0.91724858, 0.27812122],
        [0.13451158, 0.07576304, 0.92709066],
        [0.63912961, 0.05495419, 0.9144098],
        [0.45595723, 0.269135, 0.0622638],
        [0.95845597, 0.27387926, 0.05577544],
        [0.11100465, 0.58622592, 0.43462439],
        [0.61421829, 0.57868323, 0.44900947],
        [0.21291558, 0.23130792, 0.58219295],
        [0.71999548, 0.22181095, 0.58441416],
        [0.29058007, 0.43238242, 0.23808164],
        [0.79245321, 0.44902225, 0.21722998],
        [0.4713147, 0.08755601, 0.7290019],
        [0.97107312, 0.07731124, 0.72330215],
        [0.35782429, 0.94773894, 0.08445347],
        [0.86419134, 0.93062989, 0.07037756],
        [0.04013908, 0.73088833, 0.94216398],
        [0.54481079, 0.72333792, 0.93246147]
    ],
    "relaxed_energy": -786.09120894,
    "relaxed_forces": [
        [-0.00216211, -0.00014155, -0.00155835],
        [0.00023772, 5.762e-05, 0.00053662],
        [0.00209105, 0.00119414, 0.00194625],
        [7.59e-05, 0.00028874, -0.00113819],
        [-0.00045913, -0.0019112, -0.00100951],
        [0.00119764, -0.0012847, 0.00096776],
        [-0.00056445, -0.00243129, 0.00164117],
        [0.00250887, 0.00028634, 0.00366202],
        [-0.00061397, -0.00075419, -0.00208958],
        [0.00134556, 0.00309822, -0.00139139],
        [-0.00177382, 0.00327346, 0.00188026],
        [0.00047585, -0.00494831, 0.00374859],
        [-0.00026864, 0.00184678, -0.0014388],
        [0.00290299, -0.00060403, 0.00035812],
        [0.00547456, -0.00471365, 0.00364931],
        [0.00148132, -0.00117679, 0.00016912],
        [0.00247565, 0.00017382, -0.00075371],
        [0.00291339, -0.00171732, 0.00054233],
        [0.0010902, -0.00032982, 0.00010594],
        [-0.00057919, 0.00177812, -0.00240073],
        [0.00011517, 0.00053615, 0.00185817],
        [0.00264336, 0.00339343, 0.00163641],
        [0.00076715, 0.00015509, -0.00118499],
        [-0.00070597, -0.00064749, 0.00183716],
        [0.00089862, 0.00116707, -0.00089267],
        [-0.00204206, -5.613e-05, -9.95e-06],
        [3.936e-05, 0.00086594, 0.00045822],
        [-0.00094238, 0.00012072, 4.665e-05],
        [0.00268972, -0.00024733, -0.00519189],
        [-0.0031638, 0.0005895, 0.0013091],
        [0.00056456, 0.00140002, -0.00384396],
        [-0.00099872, 0.0002985, 0.00077584],
        [0.00480592, 0.00021699, -0.00033872],
        [-0.00109761, -0.00243417, 0.0013756],
        [0.00230262, 0.00327135, 0.00335523],
        [-0.00396679, 0.00020757, -0.00136326],
        [0.00226463, 0.00502661, -0.00314275],
        [-0.00199536, 0.00388728, -0.00491065],
        [-0.00124898, -0.00333784, 0.00029548],
        [-0.00483802, -0.00407267, 0.00187831],
        [0.000205, 0.00280589, -0.00708188],
        [0.00396868, -0.00262323, 0.00631653],
        [0.00164974, 0.00048871, -0.00261798],
        [-0.00109037, -0.00329881, 0.00271956],
        [0.00339779, 0.00339872, -0.00162544],
        [-0.00447408, 0.00040329, -0.00089509],
        [-0.00732505, 0.00250896, -0.0004991],
        [0.00061813, -0.00353483, -0.00012073],
        [-0.00030203, -0.00193114, 0.00378741],
        [-0.00393934, -0.00062199, 0.00104994],
        [-0.00066461, 0.00330076, 0.00331225],
        [0.00029798, -0.00182971, 0.00598804],
        [-0.00223942, -0.00254582, 0.00032625],
        [0.00018112, 0.0034797, -0.00092659],
        [0.00346854, 4.037e-05, -0.00113323],
        [-0.00207441, -0.00227184, 0.00064868],
        [0.00055492, -0.00184161, -0.00478611],
        [-0.00284191, -7.619e-05, 0.00446099],
        [-0.00231115, 0.00204547, -0.00316248],
        [0.00420485, 0.00197848, 0.00164772],
        [0.00081322, -0.00088807, -0.00366772],
        [-0.00156129, 0.0001994, 0.00236064],
        [-0.00248252, -0.00039801, -0.00204122],
        [-0.00406325, -0.00144462, 0.00149152],
        [-0.00341004, -0.00091412, -0.00155352],
        [0.0005703, 0.00055142, 0.00216938],
        [0.00125771, 0.00333594, 0.00055785],
        [-0.00059352, -6.616e-05, 0.00152068],
        [0.00156902, 1.793e-05, -0.00337359],
        [0.00162792, 5e-06, -9.371e-05],
        [0.00367087, -0.00358524, -0.00227787],
        [0.00147705, 0.00218902, 0.00148072],
        [-0.0027503, 0.00099362, -0.00036366],
        [0.00433001, 8.387e-05, 0.00333083],
        [-0.00512643, -0.00088598, -0.00567267],
        [-0.00055387, -0.00139414, -0.00265094]
    ],
    "relaxed_lattice": [
        [-5.09964761, -14.19583948, -8.39405823],
        [-7.59891812, -0.09651203, -4.20446018],
        [-0.21481008, -0.08920463, -8.61747653]
    ],