{
    "atom_type": [
        "Na",
        "V",
        "P",
        "O"
    ],
    "atoms_per_type": [
        10,
        8,
        12,
        48
    ],
    "coord_mode": "direct",
    "relaxed_basis": [
        [0.25008607, 0.51289295, 0.48229082],
        [0.73660037, 0.49290429, 0.53710767],
        [0.5071242, 0.99973596, 0.98390154],
        [0.00224434, 0.01134142, 0.9882687],
        [0.12582099, 0.88315608, 0.614305],
        [0.30656904, 0.24931704, 0.88337687],
        [0.94219569, 0.61110184, 0.25052437],
        [0.37773665, 0.11752452, 0.37987654],
        [0.87154272, 0.11671413, 0.37958083],
        [0.69086505, 0.74916124, 0.13365404],
        [0.32225395, 0.63944477, 0.64545957],
        [0.81870916, 0.64659787, 0.64989517],
        [0.06842467, 0.14743915, 0.14430714],
        [0.57418116, 0.14636126, 0.14033031],
        [0.1822921, 0.35628815, 0.35067133],
        [0.6715129, 0.35994705, 0.36089494],
        [0.43257869, 0.84923664, 0.8510023],
        [0.9286408, 0.85596479, 0.85711879],
        [0.12493522, 0.5412377, 0.95879917],
        [0.62514507, 0.54791441, 0.96237847],
        [0.47588814, 0.24966583, 0.53901693],
        [0.97645111, 0.25002563, 0.54048917],
        [0.27345563, 0.95973378, 0.24947019],
        [0.77183908, 0.95577246, 0.25147557],
        [0.22814452, 0.03753096, 0.75496429],
        [0.73034537, 0.03992132, 0.74489595],
        [0.37879645, 0.45469932, 0.03392665],
        [0.87348125, 0.46041727, 0.04544578],
        [0.0227276, 0.74343369, 0.46153797],
        [0.52022843, 0.75173868, 0.46220361],
        [0.43485459, 0.71354969, 0.50625047],
        [0.93735012, 0.7011932, 0.49878397],
        [0.23886008, 0.87444633, 0.7133609],
        [0.74805095, 0.87805786, 0.68864166],
        [0.34965017, 0.47553825, 0.88268072],
        [0.84466836, 0.51736699, 0.87858352],
        [0.48923373, 0.19662935, 0.38185284],
        [0.97688761, 0.21532548, 0.38191284],
        [0.18351899, 0.01356612, 0.22009389],
        [0.69120316, 0.97812464, 0.20805232],
        [0.09104251, 0.38661284, 0.00598865],
        [0.60842105, 0.37485076, 0.00254606],
        [0.06480308, 0.28700321, 0.4820681],
        [0.55763428, 0.29926001, 0.4983884],
        [0.27203275, 0.11952191, 0.28365408],
        [0.75614353, 0.11879426, 0.29659181],
        [0.15886935, 0.4964205, 0.11223266],
        [0.64593809, 0.534792, 0.12188285],
        [0.01143912, 0.78575234, 0.62526323],
        [0.50355515, 0.81465378, 0.61875344],
        [0.31405022, 0.00170384, 0.79421867],
        [0.81698893, 0.00291, 0.77550352],
        [0.40493002, 0.6249051, 0.97858981],
        [0.89924195, 0.61810817, 0.02119968],
        [0.38218859, 0.41214671, 0.56654543],
        [0.8864008, 0.42045325, 0.57299977],
        [0.27987973, 0.77714698, 0.41907528],
        [0.78756052, 0.76439386, 0.41561002],
        [0.20482266, 0.55581192, 0.7672664],
        [0.70830379, 0.57237094, 0.7752572],
        [0.02492299, 0.91914001, 0.28213398],
        [0.53114304, 0.91451549, 0.2718034],
        [0.1372031, 0.06796489, 0.92020255],
        [0.64303668, 0.04186908, 0.92043877],
        [0.46300651, 0.27117773, 0.05411233],
        [0.95090083, 0.27036542, 0.06379081],
        [0.11398339, 0.58057265, 0.43044685],
        [0.61227185, 0.58895393, 0.4461985],
        [0.2245092, 0.21789999, 0.58013469],
        [0.71683532, 0.22567261, 0.58175022],
        [0.30104854, 0.434828, 0.22620832],
        [0.78886416, 0.44324261, 0.23128839],
        [0.46332634, 0.08673273, 0.73119002],
        [0.97277884, 0.07874283, 0.72237219],
        [0.3620013, 0.93267789, 0.07504421],
        [0.86593011, 0.92883842, 0.08703407],
        [0.04465817, 0.7312552, 0.94476267],
        [0.54082932, 0.72986306, 0.93322217]
    ],
    "relaxed_energy": -800.98663668,
    "relaxed_forces": [
        [-0.00063615, 0.00063846, -0.00277526],
        [-0.00087598, 0.00022024, -0.00073436],
        [0.00081152, 0.00204537, 0.00134817],
        [0.00043918, -3.836e-05, 0.00054105],
        [0.00011538, -6.3e-07, 0.00041498],
        [0.0015638, -0.00161618, 0.00070969],
        [0.00056524, 0.00097157, -0.00168148],
        [0.00030095, -0.00066811, -0.00349216],
        [-0.00061354, 0.00058348, 0.00101993],
        [0.00074282, 0.00206205, 0.00217206],
        [-0.0028522, -0.00249353, 0.00041758],
        [-0.0007255, -0.00082893, 8.947e-05],
        [0.00072569, -0.00277375, -0.00016405],
        [0.001759, 0.00290592, 0.00088494],
        [0.00139018, -0.00282928, 0.00056876],
        [-0.00098281, 0.00274626, 0.00112039],
        [-0.00095279, 0.00306803, -0.00337911],
        [0.0013372, -0.00167561, -0.00023302],
        [0.00090727, 0.00676576, 0.00018541],
        [0.0003324, -0.00384327, -5.305e-05],
        [0.0013646, -0.003678, -0.00108992],
        [0.00307594, 0.0012149, 0.00320597],
        [-0.00480448, -0.00140812, -0.00035573],
        [0.00133662, -0.00437294, 0.00319682],
        [-0.00283795, -0.00565842, -0.00321031],
        [0.00562554, -0.00037365, 0.00296403],
        [0.00336089, 0.00100312, -0.00295803],
        [-0.00348977, -0.0042597, -0.00050526],
        [-0.00033367, -0.00060543, 0.00170307],
        [-0.00468302, -0.00274532, 0.00300416],
        [0.00048233, 0.00385642, -0.0010445],
        [0.00306845, -0.00655785, 0.00062171],
        [0.00214007, -0.00037767, 0.00086101],
        [-0.00631323, -0.00119811, -0.00286746],
        [0.00200824, 0.00030979, -0.00219356],
        [-0.0012072, -0.00142566, -0.00327695],
        [-0.0017902, -7.48e-05, -0.0045832],
        [0.00016412, -0.00198961, 0.00019773],
        [0.00226485, 0.00297457, -0.00271502],
        [-0.00037582, -0.00092915, 0.00516554],
        [-0.00169239, -0.00214309, -0.00332665],
        [-0.00048591, -0.00061647, 0.00055345],
        [-0.00829679, -0.00371843, -7.146e-05],
        [-0.00258167, 0.00552518, -0.00139111],
        [0.00206166, 0.00227922, 0.00023546],
        [-0.00047707, 0.00176861, 0.00177769],
        [-0.00156265, -0.00084803, 0.00202077],
        [-0.00057865, 0.00249926, 0.00299243],
        [0.00227352, 0.00136486, 0.00439879],
        [0.00068161, -0.00112671, 0.00017689],
        [-0.00111855, 0.00027649, 0.00338414],
        [-0.00057712, -0.00064571, -0.00335176],
        [-0.0002757, 0.00088794, 0.00193409],
        [0.0058414, 0.003108, 0.00059628],
        [-0.0004833, 0.00267729, -0.00173193],
        [-0.00088974, 0.0003134, -0.00176538],
        [0.00199175, -0.00087769, -0.00393617],
        [0.00194464, 0.00141241, 0.00346272],
        [0.00131598, 3.163e-05, 0.00286867],
        [-0.00295543, 0.00507865, -0.00087717],
        [0.00376889, 0.00109354, -0.00061418],
        [0.00357597, 0.00167329, -0.00649492],
        [0.0015723, -0.00086335, -0.00036156],
        [0.00030977, 0.000165, 0.00164104],
        [-0.00195537, 0.00229164, 0.00207182],
        [-0.0028857, 0.00085343, 0.00110483],
        [-0.00312221, -0.00144942, -0.00102719],
        [-0.00490796, 0.00266616, 0.00023185],
        [0.00277273, 0.00167905, -0.00088796],
        [-0.00380455, 0.00117733, -9.721e-05],
        [-0.0010759, -0.00357815, 0.00595852],
        [0.00287145, -0.00100896, 0.00030825],
        [-0.00442056, -0.00043125, -0.00146758],
        [0.00126308, -0.00394175, 0.00056476],
        [0.00105451, 0.00345968, -0.0021196],
        [0.00173593, 0.00189668, 0.00048537],
        [0.00361292, -0.00413168, 0.00127551],
        [0.0030911, 0.00225809, -0.00160157]
    ],
    "relaxed_lattice": [
        [-5.00569666, -14.36916337, -8.3874629],
        [-7.57287913, -0.10413115, -4.20225339],
        [-0.13299583, -0.11866301, -8.64629909]
    ],