{
    "atom_type": [
        "Na",
        "V",
        "P",
        "O"
    ],
    "atoms_per_type": [
        9,
        8,
        12,
        48
    ],
    "coord_mode": "direct",
    "relaxed_basis": [
        [0.24474749, 0.47455894, 0.53449485],
        [0.76056077, 0.50925761, 0.4683781],
        [0.48600493, 0.02947674, 3.886e-05],
        [2.872e-05, 0.99960943, 0.00136688],
        [0.80593653, 0.25317197, 0.88290219],
        [0.43674386, 0.6191762, 0.24861815],
        [0.5638006, 0.39613339, 0.74672027],
        [0.19741946, 0.74728646, 0.11387046],
        [0.68769605, 0.74841663, 0.11027401],
        [0.31999957, 0.63832062, 0.64645569],
        [0.82816409, 0.64717527, 0.6348329],
        [0.06838334, 0.14708005, 0.14851911],
        [0.57987802, 0.1355364, 0.14663269],
        [0.17701951, 0.34878585, 0.36001576],
        [0.67513599, 0.35486236, 0.35854921],
        [0.41948852, 0.8705654, 0.85352035],
        [0.93309727, 0.85475497, 0.85547063],
        [0.12600689, 0.53536012, 0.96861219],
        [0.62639012, 0.54899545, 0.95056913],
        [0.48257955, 0.24817496, 0.54778004],
        [0.9802694, 0.25059997, 0.54077771],
        [0.26424522, 0.95390618, 0.25655319],
        [0.77164697, 0.95054035, 0.24951211],
        [0.22569607, 0.04385335, 0.75310824],
        [0.73740204, 0.04762878, 0.74317778],
        [0.37574051, 0.45802153, 0.04349148],
        [0.87552109, 0.45816565, 0.03357884],
        [0.02357396, 0.74763148, 0.45941497],
        [0.51400763, 0.75474582, 0.45207732],
        [0.43797631, 0.70103682, 0.46669268],
        [0.94337869, 0.688307, 0.49772343],
        [0.24763992, 0.86517824, 0.72387495],
        [0.76520286, 0.87072789, 0.70129419],
        [0.36389636, 0.48365132, 0.87108946],
        [0.85710218, 0.47357782, 0.86971303],
        [0.51719044, 0.21069063, 0.36615546],
        [0.99883914, 0.19426154, 0.38088631],
        [0.18580997, 0.98166216, 0.20094723],
        [0.69681251, 0.94799225, 0.20599625],
        [0.10227961, 0.36340665, 0.01678652],
        [0.62842293, 0.36283189, 0.96592218],
        [0.05831692, 0.31864323, 0.49291501],
        [0.55643524, 0.30124039, 0.54230307],
        [0.23778972, 0.12312526, 0.30987755],
        [0.73714969, 0.1311222, 0.28861668],
        [0.15082512, 0.51316065, 0.12622167],
        [0.63805461, 0.52974808, 0.12192367],
        [0.00470749, 0.79623796, 0.62113164],
        [0.4883261, 0.78560473, 0.63026183],
        [0.30383362, 0.02949678, 0.79725343],
        [0.81423513, 0.03021912, 0.79432883],
        [0.37628208, 0.64134727, 0.03156997],
        [0.88911083, 0.63445061, 0.9959496],
        [0.38824111, 0.41469195, 0.5512906],
        [0.88424717, 0.41378134, 0.56440333],
        [0.27498702, 0.7682695, 0.41964232],
        [0.79053058, 0.77057227, 0.41498155],
        [0.21000288, 0.54706345, 0.78492955],
        [0.71141228, 0.58927527, 0.76806853],
        [0.03100347, 0.91490396, 0.27317629],
        [0.52865842, 0.9198789, 0.26817792],
        [0.13283742, 0.06058476, 0.92634047],
        [0.64230636, 0.05471407, 0.91237663],
        [0.46849709, 0.29339976, 0.0557553],
        [0.95897659, 0.27502507, 0.06645622],
        [0.11912192, 0.58553435, 0.42643449],
        [0.61146544, 0.58933858, 0.43415823],
        [0.21026208, 0.22455446, 0.58619485],
        [0.72100102, 0.23237792, 0.58190162],
        [0.29306636, 0.41403102, 0.22910203],
        [0.78750361, 0.4421908, 0.21329194],
        [0.46856325, 0.07961906, 0.72691901],
        [0.97370316, 0.08897588, 0.72699774],
        [0.35929644, 0.94128453, 0.09397427],
        [0.86376335, 0.95077186, 0.07825328],
        [0.0411511, 0.71687844, 0.94802354],
        [0.53417926, 0.71254537, 0.93676055]
    ],
    "relaxed_energy": -793.5929828,
    "relaxed_forces": [
        [0.00208656, 0.0008822, 0.00026218],
        [-0.0022318, -0.00158714, 0.00253126],
        [-0.00205825, 0.00413885, -0.00152858],
        [0.00059381, 0.00035532, -0.00033616],
        [0.00014697, -0.00098286, -0.00023015],
        [0.0004395, 0.00201921, 0.00102134],
        [-0.00416545, 0.00210344, -0.00139108],
        [0.00056903, 0.0005829, 6.925e-05],
        [-0.00254585, 6.295e-05, -0.00103439],
        [-0.00341645, 0.00036218, -0.00096334],
        [0.00147466, -0.00402513, -0.00209953],
        [0.00433006, 0.00369714, 0.00556826],
        [-0.00454721, 0.00064533, 0.00241487],
        [0.00130058, 0.00631721, -0.00327777],
        [0.00773565, -0.00197745, 0.00045448],
        [-0.00052909, 0.0011035, -0.00010823],
        [-0.00121046, -0.00483943, -0.00331334],
        [0.00012942, 0.00110418, -0.00108015],
        [-0.00439014, 0.00038336, -0.00212839],
        [0.0026334, 0.00019872, -0.0077817],
        [0.00257586, 0.00168132, -0.00092526],
        [-8.387e-05, 0.00132276, -0.00052305],
        [-0.00411202, -0.00166143, -0.00375854],
        [-0.00099704, -0.00103766, -0.00102139],
        [-0.00059953, -0.00259354, 0.00268583],
        [-0.00395828, 0.00457641, 0.00137905],
        [-0.00148818, -0.00098502, -0.00170822],
        [0.00253541, 0.000664, 0.00247469],
        [0.0028916, 0.00092621, -0.00471597],
        [-0.00242622, 0.00091515, 0.00069112],
        [0.00113422, 0.00258535, 0.00177501],
        [0.00432268, -0.00220093, -0.00036162],
        [-0.00390657, 0.00106389, -0.00195171],
        [0.00129174, -0.0015677, -0.00189901],
        [0.00121625, -0.00074018, 0.00415125],
        [7.247e-05, -0.00313171, 0.00397518],
        [-0.00076888, 0.00339564, -0.00337983],
        [0.00212146, -0.00133699, -0.00028876],
        [0.00307789, -0.00250059, 0.00172535],
        [-0.00123744, -0.00165426, 0.00206188],
        [0.00400618, -0.00080732, 0.00086681],
        [-0.00374339, -0.00695502, 0.00031124],
        [-0.00043775, 0.00026341, -0.00111699],
        [0.00638437, -0.00442132, 0.00235119],
        [-0.00083698, 0.00032749, -0.00089497],
        [0.00237112, -0.00024575, -0.00022455],
        [-0.00221464, 0.00026632, -0.00220362],
        [0.00095156, 0.00028059, -0.00489564],
        [-0.00051071, -0.00174013, 0.00797075],
        [-0.00376576, 0.00188001, 0.00211796],
        [-0.00150334, 0.00094374, 0.00255697],
        [0.0022518, 0.00290343, -0.00067173],
        [0.00683033, 0.0010255, 0.00156265],
        [-5.28e-06, 0.00129563, -0.000161],
        [-0.00134978, -0.00171384, 0.00183332],
        [0.00230943, 0.00114879, 0.00112272],
        [-0.00268322, 0.00096495, 0.00484641],
        [0.00066889, -0.00061305, 0.00023612],
        [-0.00207488, -0.00039683, -0.00038014],
        [-0.00282408, -0.00139289, 0.00021905],
        [-0.00129497, 0.00027555, 0.0001543],
        [0.00057065, -0.00161987, 0.00255083],
        [-0.0006753, 0.00052142, -0.00144866],
        [0.00091866, -0.00263682, -0.00362173],
        [0.00136143, -0.0030111, -0.0023331],
        [0.00108968, -0.00221459, -0.00270682],
        [-0.00596966, 0.0062841, -0.0020757],
        [0.00129616, 0.00139021, 0.00172713],
        [-0.00057969, -0.00097479, -0.00229943],
        [0.001064, 0.00201237, 0.00280282],
        [-0.00082564, -0.00034633, 0.00097759],
        [-0.00019827, -0.00106287, 0.00201755],
        [-0.00420562, -0.00260547, -0.00074685],
        [0.00172948, 0.0008317, -0.00021821],
        [0.00025716, -8.706e-05, 0.00272365],
        [0.00135058, 0.0027631, 0.00087255],
        [0.00228097, -0.00079846, -0.00125731]
    ],
    "relaxed_lattice": [
        [-4.97708141, -14.26061242, -8.48838712],
        [-7.5356563, -0.15247492, -4.23662253],
        [-0.09467647, -0.17152604, -8.70359682]
    ],