{
    "atom_type": [
        "Na",
        "V",
        "P",
        "O"
    ],
    "atoms_per_type": [
        6,
        8,
        12,
        48
    ],
    "coord_mode": "direct",
    "relaxed_basis": [
        [0.25365456, 0.49994036, 0.49436277],
        [0.75104753, 0.5029095, 0.49331893],
        [0.50341998, 0.99900292, 0.9963267],
        [0.82337543, 0.24636596, 0.90219247],
        [0.04931833, 0.3610588, 0.74635139],
        [0.17765574, 0.75719822, 0.09675499],
        [0.32239443, 0.64297423, 0.64325698],
        [0.82398489, 0.64327027, 0.63906516],
        [0.07535602, 0.13772564, 0.14983697],
        [0.56898975, 0.1417969, 0.1486786],
        [0.17910914, 0.35852292, 0.34744656],
        [0.67515189, 0.35641328, 0.36319258],
        [0.43415657, 0.85923596, 0.84745829],
        [0.92476565, 0.85672476, 0.86418086],
        [0.12673193, 0.53398376, 0.95780738],
        [0.6244113, 0.53528397, 0.96793185],
        [0.47902884, 0.25258328, 0.540437],
        [0.98353335, 0.23990912, 0.54506384],
        [0.27204924, 0.9565064, 0.24136488],
        [0.76335743, 0.95660829, 0.25978676],
        [0.23665673, 0.04273159, 0.74445678],
        [0.7311177, 0.04251178, 0.75515831],
        [0.37700975, 0.46459499, 0.03063457],
        [0.87170068, 0.46941355, 0.04317917],
        [0.01508219, 0.75771918, 0.45757023],
        [0.51997348, 0.75182806, 0.45960863],
        [0.43673685, 0.70337259, 0.50404642],
        [0.93926943, 0.70377646, 0.47783741],
        [0.25034513, 0.86403256, 0.72645942],
        [0.75395175, 0.86718733, 0.72459571],
        [0.35387533, 0.49050477, 0.86599517],
        [0.86677785, 0.47103962, 0.86913518],
        [0.49572805, 0.20548756, 0.37463516],
        [0.01372087, 0.1845731, 0.37332448],
        [0.19452535, 0.95470999, 0.20518156],
        [0.6806209, 0.98923586, 0.21295083],
        [0.12504511, 0.34266293, 0.00124594],
        [0.5998434, 0.37044456, 0.0093845],
        [0.06237058, 0.2912389, 0.51720464],
        [0.55977686, 0.30239939, 0.50645085],
        [0.2485034, 0.13881536, 0.26180232],
        [0.74464968, 0.13167727, 0.29236948],
        [0.13938582, 0.53539562, 0.11869033],
        [0.64313337, 0.50671734, 0.13876812],
        [0.98783276, 0.80300562, 0.63083818],
        [0.50477226, 0.80267994, 0.62276361],
        [0.31866318, 0.01609891, 0.78641588],
        [0.81044906, 0.03616995, 0.79380384],
        [0.40070689, 0.63255986, 0.9822868],
        [0.87002597, 0.66061885, 0.00875688],
        [0.384452, 0.42019127, 0.56269194],
        [0.88848305, 0.40379315, 0.55768104],
        [0.2848907, 0.78362145, 0.42393339],
        [0.77217332, 0.77552991, 0.4313793],
        [0.20632611, 0.57564146, 0.7668971],
        [0.71558329, 0.53521409, 0.79291145],
        [0.03146219, 0.9247944, 0.27050692],
        [0.52640033, 0.92304559, 0.27457015],
        [0.14139426, 0.07479784, 0.91395431],
        [0.63616012, 0.07117433, 0.92340885],
        [0.45796488, 0.27498038, 0.06350059],
        [0.96703306, 0.31089887, 0.06170978],
        [0.11018634, 0.58622744, 0.44733464],
        [0.61384258, 0.58375933, 0.43871342],
        [0.22309637, 0.22296403, 0.57245735],
        [0.7156926, 0.22405249, 0.57972753],
        [0.28720273, 0.46318318, 0.20969096],
        [0.79053223, 0.42487186, 0.22794103],
        [0.47252031, 0.08055971, 0.72536872],
        [0.97009609, 0.07267491, 0.73206833],
        [0.36790382, 0.92148492, 0.07763373],
        [0.85562934, 0.9396197, 0.08685644],
        [0.03093846, 0.69219552, 0.93707716],
        [0.54447545, 0.72669515, 0.93139244]
    ],
    "relaxed_energy": -770.82497928,
    "relaxed_forces": [
        [0.00160956, -0.00053307, 0.00145204],
        [-3.654e-05, 0.00035982, -0.00048038],
        [0.00110278, 0.00021695, 0.00060724],
        [0.00039915, -9.764e-05, -0.00369469],
        [0.00136908, 0.00213073, 0.00107561],
        [-0.00305182, -0.00327913, 0.0006801],
        [0.00603428, 0.0022899, -0.00426305],
        [-0.00027721, 0.00123439, -0.00515564],
        [-0.00280477, -0.00225301, 0.00064311],
        [-0.00135494, 0.00039907, 0.00641509],
        [-0.00278939, -0.0059479, 0.00448171],
        [0.00311296, -0.00488661, 0.00042967],
        [0.0010778, 0.00213593, 0.00310794],
        [-0.00142142, -0.00107758, 0.00150747],
        [-0.00028042, 0.00015205, 0.00081758],
        [-2.188e-05, 0.00494913, 8.404e-05],
        [0.00363683, 0.00067862, 0.00143717],
        [0.00138692, 6.775e-05, -0.00022085],
        [-0.00809982, 0.00160828, -0.00437546],
        [-0.00489945, -0.00058816, -0.00288926],
        [-0.00245739, -0.00388263, -0.00405443],
        [0.00188309, 0.00066627, -0.00327899],
        [-0.00043876, -0.00356828, 0.00288363],
        [-0.00246803, -0.00011313, -0.00110949],
        [0.00223434, -0.00275479, -0.00066427],
        [-0.00074649, -0.00067421, 0.00379947],
        [-0.00148685, -0.00054938, -0.00076947],
        [0.0010514, -0.00042255, 0.00060234],
        [0.00056888, -0.00228663, -0.0044366],
        [0.00234777, -0.00186661, 0.00184746],
        [0.00373164, -0.00130112, 0.00108818],
        [-0.00125853, -0.00080884, -0.00151613],
        [-0.00100711, 0.00063057, 0.00048675],
        [0.00082852, -0.0009819, -0.00037322],
        [0.00287496, 0.00059613, 0.00037981],
        [0.00130605, -0.00576786, -0.00569905],
        [0.00368476, -0.00144574, -0.00442554],
        [0.00339215, 0.0014827, 0.00382111],
        [-0.00062413, -0.00211253, 0.00127439],
        [-0.00213167, -0.00332236, -0.00215377],
        [0.00195872, 0.00147212, 0.00359238],
        [0.00016925, 0.00147803, -0.00211717],
        [-0.00562888, -0.00076004, 0.00130389],
        [-0.00032795, -0.00111576, -0.00275109],
        [-0.00149895, -0.00017769, 0.00061844],
        [-0.00166886, -0.00172223, 0.00016439],
        [0.0023442, 0.00331643, 0.00507875],
        [8.18e-05, -0.00185085, -0.00038242],
        [0.00436723, 0.00095959, 0.00355535],
        [-0.00196244, 0.00538289, 0.00169729],
        [-0.00110239, 0.00324937, -0.00099286],
        [-0.00031871, 0.00047176, 0.00064331],
        [-0.00220725, 0.00612291, -0.0019441],
        [0.000455, 0.00206038, 0.00261736],
        [-0.00120119, 0.00227467, -0.00103621],
        [0.00057444, 3.55e-05, 0.00043697],
        [0.00041365, -0.00178015, 0.00210735],
        [0.00246396, 0.00144762, 0.00020997],
        [-6.737e-05, 0.00044711, -0.00225008],
        [0.00162517, 0.00400808, -0.00289256],
        [-0.00150021, 9.253e-05, -0.00124293],
        [-0.00208327, 0.0008236, -0.00061353],
        [0.00219701, 0.00081306, 0.00131467],
        [0.0018233, 0.00209393, 0.00223838],
        [0.00260046, -0.00495743, 0.00246486],
        [-0.00181439, 0.00037664, 0.00174271],
        [-0.00161871, -0.00095249, 0.00055689],
        [0.00088496, 0.00100799, -0.0001467],
        [-0.00235433, 0.0036423, -0.00024532],
        [-0.00172284, -0.00011863, -0.00182728],
        [-0.00171408, 0.00079719, -0.00164629],
        [0.00293483, 0.00156539, -0.00046841],
        [-0.00120918, -0.00030364, -0.00048964],
        [-0.0008693, 0.00072319, 0.00134201]
    ],
    "relaxed_lattice": [
        [-5.11320047, -14.18820383, -8.52619996],
        [-7.56315151, -0.19239025, -4.28739012],
        [-0.18821622, -0.15337858, -8.62356362]
    ],