{
    "atom_type": [
        "Na",
        "V",
        "P",
        "O"
    ],
    "atoms_per_type": [
        12,
        8,
        12,
        48
    ],
    "coord_mode": "direct",
    "relaxed_basis": [
        [0.25648706, 0.48971409, 0.49368464],
        [0.75115421, 0.46866069, 0.52592763],
        [0.49866922, 0.00863622, 0.00042693],
        [0.9804125, 0.02372913, 0.01583205],
        [0.12410165, 0.88374688, 0.61669466],
        [0.62527645, 0.87710602, 0.6175953],
        [0.30922569, 0.25222409, 0.88501455],
        [0.44771696, 0.61011484, 0.24680282],
        [0.93880193, 0.6244662, 0.25044702],
        [0.05597495, 0.3925493, 0.74966198],
        [0.18805041, 0.74908648, 0.11251579],
        [0.69209996, 0.75008239, 0.11993006],
        [0.32615225, 0.64691457, 0.63979351],
        [0.82107126, 0.64314397, 0.64657988],
        [0.0721059, 0.14256789, 0.14533156],
        [0.56986632, 0.14444046, 0.14299272],
        [0.17834582, 0.35461679, 0.35808048],
        [0.67912715, 0.3539328, 0.36021919],
        [0.42958769, 0.85103795, 0.85218315],
        [0.92338362, 0.86341895, 0.85594351],
        [0.12544632, 0.5476109, 0.95401143],
        [0.62797045, 0.54075182, 0.96220296],
        [0.47913708, 0.24757411, 0.5428772],
        [0.98093363, 0.25241415, 0.54648482],
        [0.27034612, 0.95223502, 0.24414368],
        [0.76782254, 0.95678034, 0.24883711],
        [0.22875808, 0.04796149, 0.74597268],
        [0.72548501, 0.03967031, 0.74775411],
        [0.37563466, 0.45397099, 0.04452726],
        [0.87731211, 0.46131661, 0.04758323],
        [0.01976632, 0.75533999, 0.45408073],
        [0.523415, 0.74734515, 0.45402091],
        [0.44327787, 0.69490533, 0.48483277],
        [0.94037212, 0.70355348, 0.48453305],
        [0.24717465, 0.88530434, 0.6935895],
        [0.73708675, 0.87995926, 0.69827937],
        [0.35024374, 0.48711631, 0.88335876],
        [0.85926241, 0.50573532, 0.87331391],
        [0.49482778, 0.19577064, 0.38400208],
        [0.01133992, 0.2027919, 0.37432716],
        [0.19327375, 0.96929479, 0.19254836],
        [0.68841235, 0.97742684, 0.20234945],
        [0.10855882, 0.38049118, 0.97682563],
        [0.59982342, 0.37956977, 0.01297745],
        [0.05877976, 0.3023089, 0.52924818],
        [0.55884802, 0.2989554, 0.50598784],
        [0.24347475, 0.12367273, 0.28857447],
        [0.74644645, 0.1215335, 0.29732605],
        [0.14527668, 0.51548513, 0.12266993],
        [0.65158382, 0.5235831, 0.11975003],
        [0.00514641, 0.79953403, 0.61896028],
        [0.50488401, 0.79973697, 0.61740052],
        [0.30713315, 0.01674159, 0.80017092],
        [0.80804741, 0.98745712, 0.80165096],
        [0.39742248, 0.61998707, 0.01400967],
        [0.90481618, 0.61710638, 0.02239374],
        [0.38508129, 0.4132049, 0.56481481],
        [0.88996597, 0.41910613, 0.55163802],
        [0.28242832, 0.76949225, 0.40923986],
        [0.77923189, 0.77059727, 0.41403837],
        [0.20897237, 0.57205874, 0.76960853],
        [0.7083144, 0.56098552, 0.77394167],
        [0.03321438, 0.9129978, 0.26686502],
        [0.53401877, 0.9066827, 0.26810474],
        [0.13485389, 0.06203787, 0.91127581],
        [0.63494546, 0.0560151, 0.91718688],
        [0.45609948, 0.27084014, 0.0689691],
        [0.96135454, 0.27745012, 0.06122955],
        [0.11343023, 0.58879885, 0.43798208],
        [0.61692609, 0.5858762, 0.43545855],
        [0.2148089, 0.23534054, 0.58744088],
        [0.71828151, 0.22208838, 0.5849238],
        [0.28904871, 0.44464198, 0.22479854],
        [0.79370187, 0.44486569, 0.22673305],
        [0.46784288, 0.08446155, 0.73046729],
        [0.97037824, 0.08509292, 0.72595531],
        [0.36469132, 0.93606909, 0.08200851],
        [0.86233878, 0.93249181, 0.08868028],
        [0.04339605, 0.7324996, 0.93346485],
        [0.54480359, 0.7282792, 0.93747084]
    ],
    "relaxed_energy": -815.69703761,
    "relaxed_forces": [
        [0.00053591, 0.00013022, -0.00016323],
        [0.00196098, -0.00027278, 0.00084209],
        [-0.00049346, 0.0033232, -0.00074589],
        [-0.00207034, 0.00127455, -0.0017271],
        [-0.00213795, -2.736e-05, -0.0023679],
        [0.00036705, -0.0015413, -0.00117609],
        [0.00278593, 0.00107298, 0.00147771],
        [0.00050715, -0.00045411, -0.00085906],
        [0.00073881, 0.00083216, 0.00299644],
        [-0.00169544, -0.00213397, 7.3e-06],
        [-0.00026498, -0.00012556, 4.019e-05],
        [-0.00236426, 0.0001161, 0.00045064],
        [0.00319154, 0.0014872, 6.293e-05],
        [-0.00168357, 0.00564776, -0.00326706],
        [-0.00012723, -0.00209008, 0.00147341],
        [0.00135218, 0.0017453, 0.00147747],
        [-0.00187423, 0.00454813, -0.0017883],
        [-0.00158145, 0.00273384, 0.00160622],
        [0.00414292, 0.00115305, -0.00490018],
        [0.00219521, -0.00568622, -0.00421102],
        [0.00333939, 0.00260577, -0.00436815],
        [-0.00103946, -0.00097655, -0.00075073],
        [0.00283622, -0.00137558, -0.00480111],
        [0.00413388, -0.00190802, 0.00534814],
        [0.00107893, 0.00530688, 0.00148709],
        [0.00078171, 0.00878915, -0.00033298],
        [0.00091072, 0.00372154, -0.0005868],
        [-0.00235185, -0.004069, -0.00148468],
        [0.00141444, -0.00144568, 0.00231719],
        [-0.0004684, -0.00288157, 0.00366507],
        [-0.0025326, 0.00194128, 4.405e-05],
        [-0.00107162, 0.00067018, -0.00105586],
        [-0.00090565, 0.00018636, -0.00184986],
        [2.308e-05, 0.00239394, 0.00388866],
        [0.00578871, -0.00559258, -0.00221657],
        [0.00157205, -0.00046472, -0.00015488],
        [0.00566167, -0.00098501, 0.00202389],
        [0.00361423, -0.00103081, 0.00347515],
        [0.0080912, -0.00026967, 0.0050391],
        [0.00156664, -0.00302636, -0.00141508],
        [-0.00045195, -0.00466607, -0.00586459],
        [-0.00048676, -0.00484114, -0.00299217],
        [-0.00261678, -0.00062041, -0.00200422],
        [0.00208938, 0.00424231, -0.00635698],
        [-0.00273674, -0.00252854, -0.00338101],
        [0.00032835, 0.00060469, 0.0027512],
        [0.00135277, 0.00150711, -0.00028505],
        [0.00182998, 7.698e-05, -1.2e-07],
        [-0.00287821, 0.00356676, 0.00350422],
        [-0.00439129, -0.00278449, 5.998e-05],
        [-0.00268667, 0.00526854, -0.00065889],
        [0.00144016, 0.0013709, -0.00157344],
        [-0.00378734, -0.00086786, -0.00176309],
        [-0.00266141, 0.00551546, 0.00380595],
        [0.00027531, 0.0019737, 0.00390473],
        [-0.00215491, 0.00108223, 0.00234286],
        [-0.00104839, -8.763e-05, -0.00021919],
        [-0.00480765, 0.00250629, 0.00403958],
        [-0.00082713, 1.215e-05, -0.00169546],
        [-0.0030681, -0.00116711, 5.276e-05],
        [-0.00176991, -0.00582679, 0.0021824],
        [0.00276458, -0.00072343, 0.00124853],
        [0.0006841, 0.00087668, 0.00441129],
        [-0.00145035, 3.642e-05, -0.00010538],
        [-0.00165253, -0.00458447, 0.00026962],
        [-0.00137047, 0.00141812, -0.00468774],
        [-0.00024241, 0.00161429, -0.0022586],
        [-0.00217656, 0.00022633, 0.00113065],
        [0.00282461, -0.00391646, -0.00037031],
        [0.00365411, -0.00609413, -0.00078171],
        [0.00096267, -0.00134277, 0.00079216],
        [0.00069682, 0.00093797, -0.00216981],
        [-0.00128832, 0.00283606, 0.00277279],
        [-0.00171989, -0.00039868, 0.00292386],
        [-0.00171628, 0.001103, -0.00093942],
        [-0.00229744, 0.00148819, 0.00274744],
        [-0.00073695, -0.00195407, 0.00032361],
        [-0.00175738, -0.00640228, 0.00247446],
        [-0.0021822, -0.00065357, -7.208e-05],
        [0.00013311, -0.00212691, -0.00105907]
    ],
    "relaxed_lattice": [
        [-5.04976057, -14.40825807, -8.356308],
        [-7.62717452, -0.10245819, -4.16441636],
        [-0.09365683, -0.10758423, -8.66958033]
    ],