{
    "atom_type": [
        "Na",
        "V",
        "P",
        "O"
    ],
    "atoms_per_type": [
        8,
        8,
        12,
        48
    ],
    "coord_mode": "direct",
    "relaxed_basis": [
        [0.25748513, 0.46541611, 0.51564031],
        [0.7425591, 0.53445974, 0.48441102],
        [0.50001339, 4.532e-05, 0.99995703],
        [5.419e-05, 0.99991354, 0.99992463],
        [0.12518985, 0.8864569, 0.60887111],
        [0.80891282, 0.25063162, 0.87397772],
        [0.87477548, 0.11348389, 0.39103034],
        [0.19110571, 0.74934997, 0.12610716],
        [0.32487916, 0.63439394, 0.64524073],
        [0.81855491, 0.64569264, 0.64860988],
        [0.07174945, 0.14703258, 0.14237456],
        [0.56740059, 0.14560871, 0.14928548],
        [0.18145178, 0.35430441, 0.35130001],
        [0.67515746, 0.36559021, 0.35478579],
        [0.43256361, 0.85442407, 0.85077848],
        [0.92818897, 0.85299464, 0.85761337],
        [0.12756403, 0.54418568, 0.96075304],
        [0.62075671, 0.54289998, 0.96386549],
        [0.48058347, 0.24740203, 0.53885194],
        [0.97675142, 0.25474839, 0.53381845],
        [0.27402463, 0.9542893, 0.24495629],
        [0.76694261, 0.96764166, 0.25435708],
        [0.23304063, 0.03238531, 0.74566579],
        [0.72594669, 0.04581376, 0.75506887],
        [0.37921678, 0.45711111, 0.03619978],
        [0.87246993, 0.4557818, 0.03915097],
        [0.02320417, 0.74511861, 0.46614214],
        [0.51944663, 0.75265023, 0.46117173],
        [0.4350909, 0.70703214, 0.50577347],
        [0.93514841, 0.70872914, 0.51825865],
        [0.24194414, 0.86461066, 0.71152995],
        [0.74077831, 0.87617539, 0.72348688],
        [0.35239166, 0.49362395, 0.8713405],
        [0.84386016, 0.47368198, 0.88836326],
        [0.49245526, 0.20148642, 0.375833],
        [0.98593158, 0.19630368, 0.38288415],
        [0.18870243, 0.96767659, 0.22321949],
        [0.68165659, 0.01190542, 0.21044405],
        [0.10402518, 0.37469591, 0.01143087],
        [0.59362931, 0.37789713, 0.01215162],
        [0.06484417, 0.29094544, 0.48171337],
        [0.56496514, 0.29291587, 0.49427464],
        [0.25927606, 0.1239345, 0.27644503],
        [0.75809618, 0.13538253, 0.2884591],
        [0.1561827, 0.52625355, 0.11155116],
        [0.64760621, 0.50624573, 0.12876792],
        [0.01397841, 0.80351116, 0.61713208],
        [0.50753805, 0.79862173, 0.62419604],
        [0.31832021, 0.98820133, 0.78956928],
        [0.81120643, 0.03254435, 0.77691049],
        [0.40631904, 0.62218387, 0.98784866],
        [0.89607517, 0.62525373, 0.9883279],
        [0.38918583, 0.41562174, 0.56177632],
        [0.88391102, 0.41873029, 0.56067128],
        [0.28733323, 0.77119897, 0.42105251],
        [0.77616987, 0.7860004, 0.42340104],
        [0.2106731, 0.56152315, 0.76677683],
        [0.70610595, 0.54778535, 0.78069474],
        [0.03103723, 0.9118536, 0.27278632],
        [0.52879137, 0.92086284, 0.27532463],
        [0.1424091, 0.05244928, 0.91990288],
        [0.63501624, 0.07555038, 0.92610454],
        [0.45936087, 0.26911337, 0.05927344],
        [0.95394498, 0.26866586, 0.06764329],
        [0.11605091, 0.58113502, 0.43930322],
        [0.61086661, 0.58452966, 0.43815708],
        [0.22377961, 0.21401718, 0.57664166],
        [0.71266235, 0.22890786, 0.5788993],
        [0.2938829, 0.45222118, 0.21939749],
        [0.78938134, 0.43854604, 0.2331079],
        [0.47116809, 0.0792779, 0.72472725],
        [0.96891235, 0.08796324, 0.72717946],
        [0.3649314, 0.9245673, 0.07385737],
        [0.85758469, 0.94742349, 0.08017311],
        [0.04609002, 0.73126621, 0.93225773],
        [0.54062991, 0.73092433, 0.94082185]
    ],
    "relaxed_energy": -786.10259635,
    "relaxed_forces": [
        [-0.00048797, 0.00262714, -0.00151882],
        [0.00071506, -0.00314787, 0.00129458],
        [2.003e-05, 0.00023129, -0.00028036],
        [-0.00022004, 0.00031606, -0.00010959],
        [-0.00105267, -0.00051222, -0.0011017],
        [0.00038181, -0.0005066, 0.0020752],
        [0.00145043, 1.019e-05, 0.00082204],
        [-0.00047932, 0.00119776, -0.00071557],
        [0.00235203, 0.00311456, 0.00136596],
        [-0.00785576, 0.00318023, 0.00328619],
        [-0.00151882, 0.00131083, -0.00014822],
        [0.00277403, -0.00220496, -0.00052974],
        [0.00539545, 0.00089284, -0.00266635],
        [-0.00176704, -0.00269346, -0.00094302],
        [-0.00356612, 0.00173986, 0.00148825],
        [0.00029372, -0.0021947, -0.00043376],
        [-0.00083838, -0.00145377, -0.00149746],
        [0.00219737, -0.00157805, -0.00106565],
        [0.00366253, 0.00228084, -0.00462675],
        [-0.00127918, -0.0046672, -0.00146991],
        [-0.00113978, 0.00113927, -0.00158213],
        [0.00465021, 0.00155932, -0.00189694],
        [-0.00303678, -0.00255594, 0.0016625],
        [0.00137087, -0.00290602, -0.00052489],
        [-0.00242522, 0.00125823, 0.00062186],
        [0.00093076, 0.00406181, 0.00177708],
        [-0.00309455, 0.00557717, 0.00013895],
        [-0.00230031, -0.00177365, 0.00379091],
        [0.00100743, -0.00089238, -0.00147048],
        [-0.00166771, -0.0012989, -0.00358929],
        [0.00128964, 0.00011803, -0.00163475],
        [0.00274064, 0.00125597, -0.00058692],
        [0.00378148, 0.00168004, 0.00098442],
        [0.00049454, -0.00277642, -9.266e-05],
        [0.00089192, 0.00109673, -1.894e-05],
        [0.0011371, -0.00266076, 0.00281389],
        [-0.00019149, 0.00079283, -0.0014524],
        [0.00445994, -0.00065254, 0.00088759],
        [0.00216389, 0.00185099, -1.772e-05],
        [-0.00567378, -0.00464358, -0.00346489],
        [0.00032652, -8.551e-05, 0.00274859],
        [-0.0009641, 0.00106483, 0.00087629],
        [0.00105202, -0.00132488, 0.00314851],
        [-0.00090033, -0.00093271, 0.00257019],
        [-0.00056794, 0.00270743, -0.00010714],
        [-0.00532652, -0.00249147, 0.00077602],
        [-0.00090312, 0.00110473, -0.00408427],
        [0.00018599, -0.00034332, -0.00161981],
        [-0.00401752, 0.0001992, -3.534e-05],
        [0.00051655, 0.00077792, 0.00290787],
        [0.00535328, 0.00449992, 0.00380039],
        [-0.00316923, -0.00260829, 4.87e-06],
        [0.0025702, 0.0014997, 0.00169266],
        [-0.0013394, 0.00265811, 0.00272414],
        [-0.00012982, 0.00108729, -0.00105739],
        [-0.00157458, -0.0030791, 0.0005594],
        [-0.00097312, 0.00196002, 2.267e-05],
        [-0.00017885, -0.00207308, -0.00264921],
        [-0.00048638, 0.00243276, 0.00027118],
        [0.00688013, 0.00213113, -0.00233101],
        [-0.00092509, 0.00025087, -0.00059367],
        [-0.00254986, -4.083e-05, -0.00256739],
        [-0.00041339, 0.00273687, -0.0007211],
        [-0.00087707, -0.00110278, 0.00107345],
        [0.0030483, -0.00281082, -0.00185931],
        [-0.00231013, -0.00102396, -0.00240143],
        [0.00241152, 0.00300051, -0.00096925],
        [0.00084216, -0.00063868, 9.131e-05],
        [-0.0001581, 0.00143454, 0.00228176],
        [0.00101178, -0.00199696, -0.00069355],
        [-0.00585624, -0.00269097, 0.00186801],
        [0.00130669, -0.00323457, -9.551e-05],
        [0.00214373, -0.00042368, 0.00339434],
        [0.0010476, -0.0002063, 0.00055865],
        [0.00012043, 0.00134302, -0.00037478],
        [-0.00076209, -0.00195389, 0.00121935]
    ],
    "relaxed_lattice": [
        [-5.05035149, -14.28391521, -8.42332079],
        [-7.56734084, -0.10660407, -4.2155133],
        [-0.1935515, -0.13960534, -8.61485016]
    ],