{
    "atom_type": [
        "Na",
        "V",
        "P",
        "O"
    ],
    "atoms_per_type": [
        7,
        8,
        12,
        48
    ],
    "coord_mode": "direct",
    "relaxed_basis": [
        [0.258728, 0.49666417, 0.49090216],
        [0.75603911, 0.48361387, 0.50131859],
        [0.4944271, 0.99952504, 0.01582899],
        [0.98652799, 0.00803376, 0.01512309],
        [0.62509263, 0.87793502, 0.62536806],
        [0.06210403, 0.38575995, 0.75146427],
        [0.18409954, 0.75155505, 0.11470693],
        [0.32315454, 0.64349386, 0.63967234],
        [0.82076524, 0.63994806, 0.64309134],
        [0.07437131, 0.14483414, 0.14623466],
        [0.5696137, 0.1396909, 0.14662967],
        [0.17748041, 0.35307619, 0.35747091],
        [0.68072568, 0.35488511, 0.35519889],
        [0.42740167, 0.8548306, 0.86293952],
        [0.9270071, 0.86050356, 0.85282278],
        [0.12454749, 0.55074569, 0.95335615],
        [0.62340059, 0.5337178, 0.96745485],
        [0.48016213, 0.24863673, 0.53847901],
        [0.98052261, 0.25221712, 0.54574922],
        [0.27144559, 0.95364461, 0.24729079],
        [0.76868319, 0.96158432, 0.24568095],
        [0.23452029, 0.04182683, 0.74302237],
        [0.72605604, 0.03753358, 0.75141505],
        [0.37643913, 0.45912479, 0.03747949],
        [0.87440183, 0.46338446, 0.04018742],
        [0.01642135, 0.75678538, 0.45807504],
        [0.52228078, 0.745527, 0.46492594],
        [0.43678862, 0.69939036, 0.50846383],
        [0.93379748, 0.71191608, 0.4916398],
        [0.25299213, 0.8743849, 0.69905797],
        [0.73532432, 0.8763095, 0.70908463],
        [0.35539359, 0.49347192, 0.87087621],
        [0.85663292, 0.49102275, 0.8735135],
        [0.49530795, 0.19709464, 0.3781392],
        [0.01117058, 0.20654074, 0.37251842],
        [0.19438202, 0.96444394, 0.20011989],
        [0.68226204, 0.00766187, 0.19863506],
        [0.10975001, 0.38337497, 0.96928066],
        [0.59442354, 0.37510842, 0.00570899],
        [0.05906079, 0.29245044, 0.54090115],
        [0.56716407, 0.28427423, 0.50071171],
        [0.2462668, 0.12575741, 0.29097326],
        [0.75403198, 0.12572269, 0.29210074],
        [0.14311642, 0.52357449, 0.11997437],
        [0.64828718, 0.49771758, 0.13223354],
        [0.0008561, 0.79763743, 0.62587959],
        [0.50965024, 0.79291851, 0.62663059],
        [0.31761687, 0.99877959, 0.79731984],
        [0.81101693, 0.00014049, 0.79132158],
        [0.40160859, 0.62597089, 0.00086153],
        [0.89708909, 0.63462372, 0.00050965],
        [0.38864788, 0.41667048, 0.56134065],
        [0.88703981, 0.41919239, 0.55719044],
        [0.28919364, 0.76712907, 0.41228161],
        [0.76982847, 0.77989238, 0.41758236],
        [0.21246847, 0.57868766, 0.7682727],
        [0.70551791, 0.55662578, 0.7785956],
        [0.03143667, 0.91836271, 0.26960728],
        [0.53027271, 0.91393939, 0.2783516],
        [0.14060975, 0.05846169, 0.91241247],
        [0.63323628, 0.06650499, 0.92069186],
        [0.45706643, 0.26997231, 0.07163697],
        [0.9618238, 0.28269374, 0.05973008],
        [0.1107128, 0.58488515, 0.44269816],
        [0.61443273, 0.57700267, 0.43980861],
        [0.2244039, 0.23048927, 0.58215796],
        [0.71646318, 0.22316852, 0.57871352],
        [0.28801272, 0.45524193, 0.21699278],
        [0.79024658, 0.44166831, 0.22623081],
        [0.47281391, 0.07565032, 0.72472715],
        [0.96229363, 0.08199868, 0.72951393],
        [0.36582954, 0.93906131, 0.07757201],
        [0.86058342, 0.93739229, 0.07937153],
        [0.04025128, 0.73595692, 0.92702301],
        [0.54129417, 0.7265709, 0.94211074]
    ],
    "relaxed_energy": -778.53906757,
    "relaxed_forces": [
        [-0.0002456, -0.00121701, 0.00067201],
        [-0.00014366, -0.00044761, -0.00115362],
        [-6.329e-05, -0.00015338, -0.00026407],
        [0.00035061, -0.00044437, 0.00087077],
        [-0.00076211, 0.00013986, 0.00015032],
        [0.00120391, -0.00058238, 0.00123427],
        [5.265e-05, -0.00118737, 8.847e-05],
        [0.00535096, 0.00447949, 0.00035162],
        [-0.00399334, -0.00123866, -0.00218742],
        [0.00095083, 0.00257546, -0.00752965],
        [-0.00118778, 0.00022759, 0.000228],
        [-0.00131225, 7.972e-05, -0.00154827],
        [-0.00103308, -0.00061198, 0.00099343],
        [0.00259251, 8.901e-05, -0.00030571],
        [0.00239945, -0.00436103, 0.00131942],
        [0.0039328, -0.00194268, 0.00303258],
        [0.00135553, 0.00017874, -0.00086468],
        [0.00180301, -0.0033578, 0.00076129],
        [-0.0012925, 0.00335642, 0.00156442],
        [0.00032608, -0.00109631, 0.00014269],
        [-0.00086839, 0.00097142, -0.00099314],
        [0.00075591, -0.0012064, 0.00138564],
        [-0.0006067, -9.837e-05, 0.0009923],
        [-0.00063616, -0.00470026, -0.00095111],
        [-0.00039557, 0.00437705, 0.00250205],
        [-0.00451297, -0.00041698, 0.00045512],
        [-0.00137962, -0.00182067, 0.00024122],
        [0.00021516, -0.00049545, 0.00012878],
        [-0.00274717, -0.00047697, -0.00317981],
        [-0.00063853, -0.00035372, 0.00095565],
        [0.00136074, 0.00056046, -0.00038052],
        [0.0004074, 0.0009056, 0.00225117],
        [0.00132275, 0.00362845, -0.00232525],
        [0.00042647, -0.00041326, 0.00039364],
        [0.00152753, 0.00133052, 0.00764181],
        [-0.0015608, 0.00384774, 0.00214553],
        [0.00073687, -0.00131446, -0.00087072],
        [-0.00010679, 0.00092813, -0.00311826],
        [-0.00192506, 8.626e-05, -0.00205198],
        [-0.00050336, 7.317e-05, -0.00210798],
        [7.036e-05, -8.33e-05, 0.00142465],
        [0.00208155, -0.00187311, 0.00135777],
        [-0.00313142, -0.00103041, 0.00047848],
        [0.0011977, -0.00065963, 0.00054486],
        [-0.00204419, -0.00059641, -0.0016442],
        [-0.00214885, -0.00240448, -0.00268519],
        [-0.00087485, 0.00146058, -0.00222158],
        [0.00015653, 0.00165511, 0.00111493],
        [-0.0007736, 0.00100258, 0.00102346],
        [0.00067422, 0.00036805, 0.00187197],
        [-0.00188025, -0.00126064, 0.00218417],
        [-0.00159804, 0.00130616, 0.0002337],
        [0.00046097, -0.00050965, -0.00455291],
        [-5.625e-05, 8.472e-05, -0.00065387],
        [-0.00010311, 0.00014138, -0.00080453],
        [0.00389826, -0.0016342, 0.0007117],
        [-0.00042928, 0.00124144, -0.00048764],
        [0.00364283, -0.0005075, -0.00307023],
        [-0.00022424, 0.00063605, 0.00058287],
        [0.00225638, 0.00079612, 0.00464928],
        [-0.00076104, -0.00029071, -0.00320069],
        [0.00065327, 0.00213045, 0.00082324],
        [0.00244427, -0.00057551, 0.00226132],
        [-0.00201984, -0.00116277, 0.00021974],
        [0.00129895, -0.00110517, -0.0003715],
        [0.00049365, -0.00056224, 0.00152337],
        [-0.00087152, -0.00051591, -0.00046425],
        [0.00148679, 0.00229692, -0.00015966],
        [-0.00206751, -0.00096655, -0.00018248],
        [-0.00118737, 0.0005183, 0.00155676],
        [-0.00165929, 0.00048557, -0.00179946],
        [-0.00036944, -0.00064805, -0.00075092],
        [0.000761, 0.00034186, 0.00010025],
        [0.00223099, 0.00091768, 0.00027035],
        [-0.00276412, 0.00110532, -0.0005538]
    ],
    "relaxed_lattice": [
        [-5.02017082, -14.22057527, -8.33136426],
        [-7.51767659, -0.14148869, -4.21176348],
        [-0.15967043, -0.18599251, -8.65409264]
    ],