{
    "atom_type": [
        "Na",
        "V",
        "P",
        "O"
    ],
    "atoms_per_type": [
        8,
        8,
        12,
        48
    ],
    "coord_mode": "direct",
    "relaxed_basis": [
        [0.23950324, 0.49653228, 0.52596825],
        [0.75071667, 0.52163994, 0.47415356],
        [0.50970468, 0.01231591, 0.96449634],
        [0.99774496, 0.00698431, 0.00188163],
        [0.80524521, 0.25329427, 0.87639113],
        [0.4435524, 0.61973938, 0.25349788],
        [0.377313, 0.11938384, 0.37313175],
        [0.19269156, 0.75121834, 0.1135501],
        [0.31497019, 0.63943635, 0.65146848],
        [0.829666, 0.64653956, 0.6357919],
        [0.06471818, 0.15434213, 0.15432779],
        [0.57992947, 0.13114993, 0.13347137],
        [0.17876127, 0.35804872, 0.35497901],
        [0.67516873, 0.35538402, 0.36241393],
        [0.42845313, 0.85667154, 0.84967774],
        [0.9279182, 0.85687152, 0.86283413],
        [0.12201375, 0.54610117, 0.968913],
        [0.62770731, 0.54184524, 0.95621619],
        [0.47827075, 0.24621662, 0.53577532],
        [0.9797425, 0.24829072, 0.54371007],
        [0.26991877, 0.95908549, 0.2477209],
        [0.76809482, 0.95825841, 0.25803758],
        [0.22594755, 0.041328, 0.75622959],
        [0.73544408, 0.04411163, 0.74388465],
        [0.38081433, 0.45622226, 0.03509206],
        [0.87197615, 0.46256124, 0.04099011],
        [0.02263575, 0.74915149, 0.46107871],
        [0.51715022, 0.74485237, 0.45633868],
        [0.43424273, 0.70153231, 0.48680049],
        [0.94347947, 0.68971617, 0.4926731],
        [0.23558163, 0.87153575, 0.73028959],
        [0.76519241, 0.87127252, 0.69446741],
        [0.35397023, 0.49881921, 0.87428334],
        [0.85690729, 0.47838861, 0.8723216],
        [0.49678751, 0.20392245, 0.3667687],
        [0.99510382, 0.18940952, 0.38582563],
        [0.18683907, 0.99481275, 0.20132543],
        [0.68815489, 0.97352515, 0.21870958],
        [0.09575817, 0.37511288, 0.0253543],
        [0.61996187, 0.3651907, 0.97635141],
        [0.06246113, 0.29714225, 0.49626551],
        [0.5585967, 0.29266822, 0.51153292],
        [0.26000498, 0.12078671, 0.28921481],
        [0.7402731, 0.13514998, 0.30318996],
        [0.15236425, 0.52379861, 0.11871908],
        [0.6374224, 0.51090965, 0.13689153],
        [0.00115411, 0.7949884, 0.62592157],
        [0.49737968, 0.7956549, 0.62153517],
        [0.31176429, 0.9943145, 0.80330056],
        [0.81167437, 0.03136005, 0.79338754],
        [0.40455874, 0.62233432, 0.00444052],
        [0.88817636, 0.6342828, 0.00839148],
        [0.38530677, 0.41285887, 0.55398175],
        [0.88531696, 0.41603195, 0.5613638],
        [0.28121101, 0.76990876, 0.41272874],
        [0.78505094, 0.77510459, 0.42329791],
        [0.20471002, 0.55390583, 0.7811058],
        [0.71425585, 0.57386084, 0.77732597],
        [0.03282682, 0.91546437, 0.27111222],
        [0.52637838, 0.91277772, 0.27192723],
        [0.13402045, 0.07663824, 0.92422275],
        [0.64237534, 0.04942419, 0.91169777],
        [0.46272106, 0.26917114, 0.05810987],
        [0.95654226, 0.27773824, 0.07191205],
        [0.11777573, 0.58711416, 0.43147495],
        [0.60960002, 0.57471396, 0.44183686],
        [0.22586817, 0.21852491, 0.57946188],
        [0.72032077, 0.22804925, 0.57541117],
        [0.29768513, 0.44038544, 0.22528969],
        [0.78601875, 0.43720339, 0.22290525],
        [0.46705823, 0.07411553, 0.72015787],
        [0.96620255, 0.08862747, 0.73439035],
        [0.36550978, 0.92661224, 0.08153316],
        [0.85842725, 0.96022281, 0.08609124],
        [0.03728707, 0.72810505, 0.95059364],
        [0.54053664, 0.722196, 0.935254]
    ],
    "relaxed_energy": -785.98029691,
    "relaxed_forces": [
        [-0.0005478, 0.00170816, 0.0003174],
        [0.00072946, -0.00077712, -0.00083706],
        [-0.0006076, 0.00106876, 0.00156983],
        [-0.00032413, -4.589e-05, 0.00033234],
        [-0.00038689, -0.00096413, 0.00061971],
        [0.00117891, -0.00223741, 4.938e-05],
        [0.00160519, -0.00010073, -0.00012426],
        [0.00149606, -0.00067637, 0.00145014],
        [0.00357615, -0.0003718, 0.00332812],
        [6.859e-05, -0.00013385, -0.00041615],
        [-0.00663681, -5.68e-05, -0.0058771],
        [-0.00098663, -0.00184509, 0.00088449],
        [-0.00716432, -0.00091459, -0.00046386],
        [-2.388e-05, 0.00403934, -0.00309618],
        [-0.00078606, 0.00172451, -0.00316882],
        [-0.002042, 0.00259162, 0.00537378],
        [0.00391828, -0.00145365, -0.00388767],
        [0.00257997, 7.273e-05, 0.0005412],
        [0.00109185, 0.00177881, -0.00130705],
        [0.00013815, 0.00105333, 0.00170084],
        [0.00814169, 0.00035904, 0.00383115],
        [5.918e-05, -0.00116961, -0.000584],
        [-0.00264608, 0.00093473, 0.00255428],
        [-3.303e-05, -0.00112976, 0.00039537],
        [7.719e-05, 0.00043851, 0.00241169],
        [-0.00168852, -0.00088869, -0.00062885],
        [-0.004446, 0.00225554, -0.00035418],
        [0.00203356, 0.00161779, -0.00087322],
        [-0.00206944, 1.767e-05, 0.00113155],
        [-0.00188393, -0.00125449, 0.00064159],
        [2.011e-05, 0.00050265, 0.00169876],
        [-0.00099978, 0.00123643, -0.00272549],
        [0.00126174, -0.00253057, -0.00042072],
        [-0.00298575, -0.00414884, 0.0005609],
        [-0.00088262, 9.089e-05, -0.00072966],
        [-0.00181735, -0.00197313, 0.00280842],
        [-0.00140484, 0.00024929, -1.989e-05],
        [0.00230679, 0.00201276, 0.0016305],
        [0.00492299, 0.00183276, 0.00087336],
        [-0.00163368, -0.00072158, 0.00054604],
        [0.00202348, 0.00122033, -0.00288096],
        [-0.00078655, 0.00522995, 0.00180767],
        [0.00093999, 0.0006583, -0.00220859],
        [0.00077767, 0.00163739, -0.0001224],
        [-0.00127411, 0.00391818, 0.00659151],
        [0.0001833, 0.0028714, 0.00180357],
        [-0.00033076, -0.00122774, -0.00086315],
        [0.00176686, -0.00160996, -0.00092561],
        [0.00047203, -0.00316797, -0.00217411],
        [-0.00156836, -0.00076241, -0.00052816],
        [0.00194467, 0.00106685, 0.00129892],
        [-0.0008371, -0.00027731, -0.0009751],
        [-0.00321172, 0.00075564, -0.00027776],
        [0.00249458, -0.0025628, -0.00093948],
        [-0.00157119, 0.00042039, -0.00154892],
        [0.00131078, -0.00244047, -0.00198339],
        [-0.00225676, 0.00133112, -0.00369967],
        [0.0011657, -0.00136239, -0.00156593],
        [0.00270753, -0.00012708, -0.0017343],
        [-0.00058818, 0.00084835, -0.00062936],
        [0.00112027, 0.00181344, 0.0002447],
        [-0.00159903, 0.00042484, 0.00038241],
        [-0.0002691, -0.00056129, -0.00017073],
        [-0.00032338, -0.00288656, -0.00182023],
        [0.00237598, -0.00389156, 0.00087093],
        [0.00012974, -0.0027976, 0.00041703],
        [0.001511, 0.00124392, -0.00058383],
        [0.00194016, -0.00048462, 0.00085908],
        [0.00267656, 0.00267255, 0.00033669],
        [0.00026305, -0.00110611, 0.00258021],
        [0.0007436, -0.00012361, 0.00085746],
        [-0.00066382, -7.97e-05, -0.00108505],
        [-0.00168866, -0.00107505, -0.00180724],
        [-0.00268461, 0.00044598, 0.00036388],
        [0.00109407, -0.00389184, -0.00329103],
        [-0.00119639, 0.00168625, 0.00366427]
    ],
    "relaxed_lattice": [
        [-5.04486672, -14.21150803, -8.50917978],
        [-7.55725799, -0.11588507, -4.19000967],
        [-0.1931656, -0.09710464, -8.66263315]
    ],