{
    "atom_type": [
        "Na",
        "V",
        "P",
        "O"
    ],
    "atoms_per_type": [
        4,
        8,
        12,
        48
    ],
    "coord_mode": "direct",
    "relaxed_basis": [
        [0.24928834, 0.50006114, 0.50313422],
        [0.49875166, 0.00667983, 0.99888026],
        [0.9329526, 0.61231901, 0.25400037],
        [0.1639014, 0.74719411, 0.08818269],
        [0.32755032, 0.64199301, 0.63387765],
        [0.81774856, 0.64272492, 0.65137316],
        [0.07197323, 0.15349934, 0.13151061],
        [0.5707579, 0.13941618, 0.14986505],
        [0.17797762, 0.34407668, 0.367799],
        [0.6778761, 0.3587956, 0.36235847],
        [0.43081278, 0.85636407, 0.85661448],
        [0.92642136, 0.86316373, 0.85567399],
        [0.12796974, 0.53177233, 0.95313082],
        [0.62461106, 0.53150428, 0.97161891],
        [0.48172732, 0.24773263, 0.5417874],
        [0.98412588, 0.25033295, 0.53782759],
        [0.27040906, 0.96358226, 0.24900858],
        [0.76545106, 0.96523709, 0.25042414],
        [0.23636521, 0.03953874, 0.74702475],
        [0.72932598, 0.03629992, 0.75415888],
        [0.37488225, 0.46427713, 0.03635506],
        [0.87487973, 0.46884843, 0.03870915],
        [0.01536192, 0.75115752, 0.46426367],
        [0.52109385, 0.74807714, 0.45973093],
        [0.43621903, 0.70322468, 0.49177933],
        [0.93483885, 0.71778027, 0.47374302],
        [0.25577287, 0.86762449, 0.71049315],
        [0.74427888, 0.86090771, 0.72849251],
        [0.3591226, 0.48956585, 0.86461997],
        [0.8662712, 0.50669375, 0.85333162],
        [0.50133213, 0.19725384, 0.37464092],
        [0.00576544, 0.25446133, 0.34058635],
        [0.18459001, 0.00966072, 0.20328182],
        [0.68492587, 0.97951501, 0.2118258],
        [0.11878424, 0.36483832, 0.95800385],
        [0.60456741, 0.36431973, 0.00572245],
        [0.06840237, 0.28238607, 0.52435449],
        [0.56243998, 0.29303229, 0.51282102],
        [0.25529703, 0.12474013, 0.30016906],
        [0.74726679, 0.14010656, 0.27663258],
        [0.14193573, 0.48915934, 0.1359191],
        [0.6359647, 0.50889165, 0.14770315],
        [0.99345991, 0.77090513, 0.65083361],
        [0.49933963, 0.79336276, 0.62901445],
        [0.3185565, 0.01168306, 0.79199453],
        [0.81242304, 0.01299792, 0.79101492],
        [0.39221772, 0.63450752, 0.00614442],
        [0.88979156, 0.63382164, 0.02456193],
        [0.38777084, 0.41964168, 0.55356968],
        [0.89241019, 0.41915922, 0.57114996],
        [0.27920189, 0.77634165, 0.41840896],
        [0.78114566, 0.78370769, 0.42678274],
        [0.2131693, 0.57488205, 0.77321311],
        [0.71368398, 0.55070056, 0.79460234],
        [0.03359087, 0.92608905, 0.28927107],
        [0.52722783, 0.92066461, 0.2748246],
        [0.14432723, 0.05157403, 0.92255273],
        [0.63463454, 0.07172096, 0.9208821],
        [0.45657997, 0.27610416, 0.07424055],
        [0.96510612, 0.28753919, 0.06184541],
        [0.11080975, 0.58280264, 0.43274488],
        [0.61253107, 0.57806192, 0.43990445],
        [0.22469082, 0.22686778, 0.57716036],
        [0.7196511, 0.20979876, 0.57176606],
        [0.2821282, 0.45580895, 0.21365336],
        [0.78960773, 0.43288638, 0.21411732],
        [0.47000874, 0.07769476, 0.72860849],
        [0.97717853, 0.06531847, 0.70056515],
        [0.36371338, 0.94363296, 0.07888258],
        [0.86073018, 0.929679, 0.08042086],
        [0.03837498, 0.71078247, 0.94522537],
        [0.5392447, 0.7188282, 0.93698894]
    ],
    "relaxed_energy": -754.93663757,
    "relaxed_forces": [
        [-0.00090347, -0.00041245, 0.0024612],
        [-0.00040744, -0.00063332, 0.00138535],
        [-0.00036758, -0.00122721, -0.00151385],
        [-0.00062196, 0.00526524, 0.00711832],
        [0.00162615, -0.00344467, 0.00223856],
        [-0.00140543, 4.707e-05, -0.00273431],
        [0.00267767, -0.00159754, 0.00191572],
        [-0.00064533, 0.00129013, 0.00038795],
        [0.00218878, 0.00235151, 0.00040254],
        [-0.00059495, 0.00394995, -0.00376713],
        [-0.00490266, -0.00062063, 0.00053842],
        [-0.00024056, 0.00230188, 0.00407816],
        [-0.0006689, 0.00433105, -0.00275667],
        [-0.00060639, -0.00183794, 0.00211249],
        [0.00390282, -0.00161023, 0.00378082],
        [-0.00310949, -0.00033316, -0.00156693],
        [-0.00298183, -0.0008665, 0.00224038],
        [-0.00040112, -0.0013652, -0.00013475],
        [-0.00600869, 0.00014841, -0.00443275],
        [0.00424597, 2.477e-05, -0.00054387],
        [9.567e-05, -0.0009649, -0.00306099],
        [-0.00076886, -0.00503659, 0.00052394],
        [0.00074327, 0.00061282, -0.00390784],
        [0.0027021, 0.00441526, 0.00258772],
        [-0.00480458, -0.00668596, -0.00553579],
        [-0.00262395, -0.00290921, -0.00264071],
        [-0.00312868, 0.0023465, -0.0029477],
        [-0.00283995, 0.00746681, 0.00111793],
        [-0.00167913, 0.00158361, 0.00742471],
        [-0.00258225, 0.00151138, 0.00601825],
        [-0.00190857, -0.00030173, -0.00152729],
        [0.00102381, -0.00028928, 0.00064174],
        [-0.00432373, -0.00010126, -0.00103195],
        [0.00095804, -2.434e-05, -0.00079065],
        [-0.00388257, 0.00191654, 0.00294515],
        [0.00154257, 0.00217902, -0.00098877],
        [0.00570599, -0.00268787, 0.00278449],
        [0.00030729, 0.00487926, -0.00174088],
        [-0.00077594, -0.00764761, -0.00284165],
        [-0.00341251, 0.00239894, 0.00133411],
        [0.00531093, 0.00033738, 0.00286319],
        [-0.00035925, -5.004e-05, 0.00015946],
        [0.00251238, -0.0014455, 0.00285904],
        [-0.00126554, 0.0011595, 0.00532361],
        [0.00285983, -0.00124254, -0.00063428],
        [0.00651857, -0.00291202, -0.00125793],
        [-0.00359136, -0.00067556, -0.00222315],
        [0.00111472, -0.00066465, -0.00604826],
        [-0.00839932, 0.00289599, -0.00269887],
        [-0.00223499, -0.00225154, -0.0007781],
        [-0.00018877, 0.00306696, -0.00233283],
        [0.00651311, 0.00040858, -0.00238824],
        [0.00427607, 0.00012275, 0.00089112],
        [0.00538502, -0.00283967, -1.981e-05],
        [0.00251966, -0.00243569, -0.00070782],
        [0.00569446, 0.00106522, -0.00218391],
        [0.00197266, 0.00245994, -0.0027659],
        [-0.00077557, 0.0019221, -0.00123496],
        [0.0024964, -0.0039522, -0.00113903],
        [0.00585837, -0.00186732, 0.00195887],
        [0.00178478, 0.00421987, 0.0009127],
        [-0.00027689, 0.00107109, 0.00044441],
        [0.00312289, -0.0009157, -0.00119342],
        [0.00203041, -0.00343353, 0.00172971],
        [-0.003506, 0.00590493, -0.00154239],
        [-0.00495333, 1.005e-05, 0.00059949],
        [0.00105581, -0.00168798, -0.00223628],
        [-0.00129267, -5.025e-05, 0.0017794],
        [-0.00053703, -0.00290788, 0.00132796],
        [-0.00179838, -0.00013117, 0.00035936],
        [-0.00139289, -0.0018821, -0.00207176],
        [-0.00157772, -0.00172154, 0.00267521]
    ],
    "relaxed_lattice": [
        [-5.12459355, -14.14590556, -8.46792909],
        [-7.5623269, -0.20177577, -4.27422364],
        [-0.23697172, -0.18245751, -8.60184337]
    ],