{
    "atom_type": [
        "Na",
        "V",
        "P",
        "O"
    ],
    "atoms_per_type": [
        2,
        4,
        6,
        24
    ],
    "coord_mode": "direct",
    "relaxed_basis": [
        [0.62290791, 0.25316726, 0.88422901],
        [0.75317175, 0.1235441, 0.38465322],
        [0.64267576, 0.64314448, 0.64715711],
        [0.14326665, 0.14260215, 0.14716245],
        [0.35418395, 0.36385484, 0.3486187],
        [0.86371359, 0.85418955, 0.84869223],
        [0.2449966, 0.54392266, 0.96778541],
        [0.96059901, 0.2511571, 0.53256739],
        [0.52724097, 0.96761884, 0.25162643],
        [0.46759468, 0.02732581, 0.75161429],
        [0.75114437, 0.46060833, 0.03239844],
        [0.04405264, 0.74489344, 0.46771659],
        [0.85864719, 0.72727855, 0.51401199],
        [0.49836486, 0.837189, 0.75159522],
        [0.71596513, 0.4621592, 0.87727552],
        [0.9624997, 0.215985, 0.37722872],
        [0.33724869, 0.99781805, 0.25179824],
        [0.22834161, 0.35797539, 0.01400134],
        [0.14076417, 0.28057703, 0.47646258],
        [0.52251645, 0.15293682, 0.23657846],
        [0.28802574, 0.52209546, 0.13202955],
        [0.02182212, 0.78798349, 0.63213769],
        [0.65272217, 0.02300783, 0.73662663],
        [0.77986249, 0.64117739, 0.97623261],
        [0.78395058, 0.43291348, 0.56303194],
        [0.56518344, 0.80067567, 0.42619777],
        [0.41800705, 0.56485766, 0.78427669],
        [0.06438917, 0.91827078, 0.28447412],
        [0.30051601, 0.06492332, 0.9262819],
        [0.93318422, 0.28441468, 0.06276883],
        [0.2176581, 0.56627262, 0.45032958],
        [0.43294011, 0.18631762, 0.56500377],
        [0.58751921, 0.42826942, 0.22419475],
        [0.92855324, 0.08736312, 0.72420888],
        [0.68631923, 0.93303828, 0.06495208],
        [0.06593446, 0.71695459, 0.95077087]
    ],
    "relaxed_energy": -376.9355374,
    "relaxed_forces": [
        [4.553e-05, 0.00253821, 0.00415272],
        [0.00224268, -0.00035185, 0.00475458],
        [0.00023409, 0.0004267, -0.00116881],
        [0.00107111, -0.00225276, -0.00187993],
        [-0.00152212, -0.00031489, -0.00158955],
        [-0.00028831, -0.00045515, 0.00268982],
        [-0.00102504, 0.00283704, -0.00164734],
        [0.00063441, -0.00671633, 0.00215964],
        [0.00630628, -0.00022119, -0.00664212],
        [0.00221686, 0.00360817, -0.00498439],
        [-0.00497353, 0.00531712, 0.00106515],
        [0.00125795, -0.00222078, -0.00079291],
        [-0.0009295, -0.00542763, -0.00315792],
        [-0.0001126, -0.00015952, -0.00364601],
        [0.00108249, -2.028e-05, -0.00059944],
        [-0.00043875, 0.0002024, -0.00079496],
        [0.0013747, 0.00169235, -0.00145137],
        [-0.00469289, 0.0013392, -0.00332989],
        [-0.0013573, 0.00508152, 0.00182403],
        [0.00224353, 0.00158164, 0.00128634],
        [-0.00371249, 0.00315211, 0.00537675],
        [0.00103657, -0.00173624, 0.00146445],
        [0.00267976, 0.00131907, 0.00143885],
        [0.00248191, -0.00298901, 0.00138306],
        [-0.00415074, -0.00085819, 0.00215249],
        [-0.00655482, -0.00066767, 0.00635318],
        [0.00115582, 0.00479556, -0.00134359],
        [0.005708, 0.00084505, -0.00285713],
        [-0.00071891, -0.00588504, 0.00625229],
        [-0.00142196, -0.00275731, 0.00117759],
        [-0.00280669, 0.00308852, -0.00178632],
        [0.00457301, -0.00176706, -0.0026709],
        [-0.00063066, -0.0029002, 0.00186391],
        [-0.0029878, 1.468e-05, 0.00072988],
        [-0.00047619, 0.00374836, -0.00271807],
        [0.00245558, -0.00388658, -0.00306409]
    ],
    "relaxed_lattice": [
        [-2.60650277, -7.12555838, -4.30150153],
        [-7.58297064, -0.22613414, -4.3029175],
        [-0.29174245, -0.21301892, -8.67750016]
    ],
    "relaxed_mag_basis": [
        0.0,
        0.0,
        1.011,
        1.012,
        1.01,
        1.01,
        0.005,
        0.004,
        0.003,
        0.003,
        0.004,
        0.005,
        -0.001,
        -0.031,
        -0.002,
        -0.002,
        -0.031,
        -0.001,
        0.003,
        -0.004,
        -0.042,
        -0.042,
        -0.004,
        0.003,
        -0.034,
        -0.0,
        -0.006,
        -0.006,
        -0.0,
        -0.033,
        -0.002,
        -0.028,
        -0.002,
        -0.002,
        -0.029,
        -0.002
    ],
    "relaxed_magmom": 3.9996
}