{
    "atom_type": [
        "Na",
        "V",
        "P",
        "O"
    ],
    "atoms_per_type": [
        5,
        4,
        6,
        24
    ],
    "coord_mode": "direct",
    "relaxed_basis": [
        [0.25046235, 0.83428889, 0.59909456],
        [0.62313274, 0.25018008, 0.87714173],
        [0.90032253, 0.68169719, 0.25172788],
        [0.75530306, 0.15641855, 0.39691345],
        [0.38134136, 0.75336918, 0.11701937],
        [0.64606065, 0.64206224, 0.65820952],
        [0.15105706, 0.14495841, 0.14333306],
        [0.34829594, 0.35692183, 0.34997457],
        [0.84622512, 0.85194417, 0.85050867],
        [0.24784424, 0.53579895, 0.97250646],
        [0.96250328, 0.24875754, 0.53472478],
        [0.52956235, 0.96519865, 0.24959598],
        [0.46641277, 0.03836855, 0.74701001],
        [0.74547661, 0.45669866, 0.03149118],
        [0.04467695, 0.74288721, 0.46434191],
        [0.87704649, 0.70817526, 0.50096895],
        [0.50050672, 0.84125908, 0.76751851],
        [0.72316488, 0.45104459, 0.87789127],
        [0.98790076, 0.2159861, 0.3714171],
        [0.36132668, 0.95620286, 0.2536019],
        [0.26288731, 0.33784027, 0.01925223],
        [0.13729219, 0.28910257, 0.48242819],
        [0.49134682, 0.16133625, 0.23595323],
        [0.25862505, 0.54383134, 0.1350548],
        [0.01844439, 0.77754696, 0.62739544],
        [0.64003536, 0.04295499, 0.74139638],
        [0.73082914, 0.65320316, 0.99105786],
        [0.78797774, 0.42205606, 0.56056847],
        [0.56979747, 0.81051142, 0.42755814],
        [0.41179978, 0.57660269, 0.78889722],
        [0.06072632, 0.92021956, 0.28633443],
        [0.29580598, 0.07597944, 0.91811202],
        [0.9156195, 0.29910423, 0.07670001],
        [0.22564668, 0.57424766, 0.43201502],
        [0.44070968, 0.1852372, 0.56019152],
        [0.56829626, 0.42391057, 0.21421475],
        [0.95117876, 0.07300575, 0.71156939],
        [0.70494336, 0.93036725, 0.07682164],
        [0.06269664, 0.68719264, 0.94935142]
    ],
    "relaxed_energy": -400.05881054,
    "relaxed_forces": [
        [0.00197246, -0.00018633, -0.00122808],
        [0.00146874, 0.00115187, 0.00614194],
        [-0.00304582, 0.00095604, -0.00138315],
        [0.00067732, -0.00038255, -0.00065573],
        [-0.00114412, -0.0011733, 0.00153644],
        [0.00191439, -0.00072326, -8.907e-05],
        [0.00042805, 0.00291772, -0.00048104],
        [0.0014088, 0.0011744, -5.984e-05],
        [-0.00092405, 0.00126046, 0.00062629],
        [-0.00217505, 0.00132386, -0.00058333],
        [0.00431641, 0.00265414, 0.00217495],
        [-0.00038117, 6.401e-05, 0.00112862],
        [-0.00085365, 0.00067628, -0.00030794],
        [-0.00257426, -0.00177145, 0.00307613],
        [0.0015789, -0.0023194, -0.0019336],
        [0.00280026, 0.00116368, -0.0009776],
        [-0.00247569, -0.00061156, 0.00011746],
        [-0.00053717, 0.00053943, 0.00267108],
        [0.00382623, -0.00025538, 0.00086616],
        [0.00138457, -0.00121305, -0.00152601],
        [0.00119859, 0.00080329, 0.00185095],
        [-0.00329131, -0.00267553, -0.0009359],
        [0.00055163, -0.00072991, 0.00059075],
        [-0.00352549, -0.00402923, -0.00026728],
        [0.00166378, 0.00225854, -0.00127662],
        [0.0009525, -0.00077607, 0.00103738],
        [-0.00244343, -0.00195089, 0.00063428],
        [-0.00027766, 7.805e-05, -0.00083668],
        [-0.0008578, -8.949e-05, -0.00270844],
        [-0.00039282, -0.00398193, -0.00106384],
        [0.00071783, -0.00162086, 0.00164745],
        [-0.00417894, 0.00032511, -0.00010531],
        [0.00043635, 0.00269119, -0.00246326],
        [-0.00200846, -0.00105251, -0.00123212],
        [0.00252654, 0.00210073, -0.00241872],
        [0.00298878, 0.0032519, -0.00377811],
        [0.00198501, -0.00050018, 0.00147531],
        [-0.0001731, -0.00017056, 0.00082725],
        [-0.00353718, 0.00082272, -9.076e-05]
    ],
    "relaxed_lattice": [
        [-2.64186204, -7.29161547, -4.46559527],
        [-7.68348574, -0.25940141, -4.42597279],
        [-0.34822517, -0.27349267, -8.96525621]
    ],
    "relaxed_mag_basis": [
        0.0,
        0.0,
        -0.0,
        -0.0,
        -0.0,
        1.827,
        1.812,
        1.09,
        -1.844,
        0.006,
        0.002,
        0.002,
        0.001,
        0.004,
        -0.0,
        -0.001,
        -0.0,
        -0.006,
        -0.012,
        0.0,
        -0.006,
        -0.045,
        0.01,
        -0.003,
        0.006,
        -0.001,
        -0.007,
        -0.005,
        0.007,
        -0.004,
        -0.001,
        -0.005,
        0.002,
        0.008,
        0.009,
        -0.034,
        -0.005,
        0.003,
        -0.006
    ],
    "relaxed_magmom": 3.0001
}