{
    "atom_type": [
        "Na",
        "V",
        "P",
        "O"
    ],
    "atoms_per_type": [
        10,
        8,
        12,
        48
    ],
    "coord_mode": "direct",
    "relaxed_basis": [
        [0.24500641, 0.48096557, 0.52984667],
        [0.74116852, 0.48042596, 0.53629439],
        [0.50086053, 0.01887594, 0.97324173],
        [0.99145497, 0.02358824, 0.9982304],
        [0.12462952, 0.88248876, 0.6160294],
        [0.43914545, 0.62234298, 0.24946546],
        [0.94130558, 0.60646896, 0.24987629],
        [0.37642646, 0.10996587, 0.37904371],
        [0.19340093, 0.75257484, 0.12333181],
        [0.69430553, 0.74702159, 0.12259404],
        [0.32117532, 0.64034177, 0.64682429],
        [0.82144623, 0.64544778, 0.64772546],
        [0.06662658, 0.14982544, 0.14835721],
        [0.57522652, 0.14253077, 0.13514133],
        [0.17817161, 0.35954261, 0.35767317],
        [0.67755473, 0.34967133, 0.35591703],
        [0.4320257, 0.85374975, 0.85102336],
        [0.92476764, 0.86384951, 0.85667343],
        [0.12506789, 0.54583164, 0.96366762],
        [0.62911625, 0.54229536, 0.95760815],
        [0.47893705, 0.24652295, 0.53456946],
        [0.97666603, 0.254377, 0.54427246],
        [0.27178, 0.96151019, 0.24539838],
        [0.76996758, 0.95439626, 0.25140429],
        [0.22684329, 0.0362931, 0.75048742],
        [0.73109608, 0.04221091, 0.74122886],
        [0.37963401, 0.45892368, 0.04228949],
        [0.87336587, 0.45972391, 0.04627694],
        [0.02076913, 0.74978089, 0.46251284],
        [0.52195846, 0.74301912, 0.45452769],
        [0.43944006, 0.70476545, 0.47546589],
        [0.94061536, 0.69600225, 0.49419164],
        [0.23708242, 0.88221853, 0.69515641],
        [0.75452481, 0.87430408, 0.68902954],
        [0.35118934, 0.51311325, 0.87906204],
        [0.84676205, 0.51207463, 0.87868337],
        [0.49074671, 0.20461115, 0.37207096],
        [0.9825519, 0.22409582, 0.38108048],
        [0.18653162, 0.99616748, 0.20575448],
        [0.69079908, 0.97266001, 0.20563857],
        [0.09701327, 0.38232838, 0.01657815],
        [0.61026728, 0.37185491, 0.99548028],
        [0.06102878, 0.3029596, 0.49433313],
        [0.56308238, 0.30412382, 0.4812655],
        [0.25781828, 0.12009519, 0.29681833],
        [0.74648846, 0.12298498, 0.29915766],
        [0.15174781, 0.52785769, 0.1170616],
        [0.65385386, 0.51402404, 0.11987219],
        [0.0043333, 0.79743655, 0.62577344],
        [0.50514849, 0.78565699, 0.61826644],
        [0.31363649, 0.98102041, 0.79527664],
        [0.81271446, 0.01689485, 0.78261407],
        [0.40599773, 0.61358544, 0.02235781],
        [0.88616065, 0.62777323, 0.03401318],
        [0.38813641, 0.41618216, 0.55667143],
        [0.88414439, 0.42349278, 0.57632284],
        [0.27951391, 0.77228651, 0.41242854],
        [0.78690927, 0.7670473, 0.41468076],
        [0.20421397, 0.56699176, 0.77335891],
        [0.70954628, 0.57351581, 0.7703957],
        [0.0311298, 0.91484672, 0.27551505],
        [0.5337169, 0.91024413, 0.26726146],
        [0.13700384, 0.05334459, 0.92007972],
        [0.64209429, 0.04207847, 0.91450793],
        [0.45999217, 0.26796369, 0.0603808],
        [0.95797964, 0.28105054, 0.05478011],
        [0.11616864, 0.58953243, 0.4359297],
        [0.61592803, 0.5776861, 0.42772451],
        [0.22309058, 0.22090918, 0.58229872],
        [0.71269416, 0.22688332, 0.5807592],
        [0.2969728, 0.43624049, 0.23083233],
        [0.78905903, 0.42637913, 0.23091699],
        [0.47393609, 0.08061162, 0.7164543],
        [0.97372857, 0.08404187, 0.72407957],
        [0.36505547, 0.93486696, 0.08374405],
        [0.86319945, 0.93899349, 0.08612272],
        [0.04009603, 0.7320367, 0.94223629],
        [0.54294984, 0.72254583, 0.94892681]
    ],
    "relaxed_energy": -801.01837499,
    "relaxed_forces": [
        [-0.00181564, -0.00173965, -0.00089391],
        [-0.00200447, 0.00171171, -0.00021373],
        [-6.87e-05, -6.242e-05, 0.00091873],
        [-0.00326903, -0.0013406, 0.00043611],
        [-6.371e-05, -0.00092993, 0.00160117],
        [9.091e-05, -0.00046972, -0.00231499],
        [-0.00089004, 0.00049601, 0.00152528],
        [0.00091362, -0.00100749, 0.0007934],
        [0.00188024, 0.00077265, 3.43e-06],
        [-0.00158731, -0.00017587, -0.00145417],
        [-0.00226327, -0.00275424, -0.00151153],
        [-0.00479056, -0.0059599, 0.00405221],
        [0.00028634, -0.00023339, 0.00010185],
        [0.00186133, -0.00400425, 0.00440248],
        [0.0037965, 0.00142625, 0.00133963],
        [0.00411636, 0.00100144, -0.00622137],
        [-0.00198983, -0.00109315, 0.00195326],
        [-0.00249468, -5.47e-06, 0.0009618],
        [-0.00046573, -0.00080005, -0.00230896],
        [0.00372651, 0.00433064, -0.00278006],
        [0.00255833, -0.00373532, 0.00039021],
        [-0.00592669, 0.00052467, -0.00060068],
        [-0.00285776, -0.00045489, 1.463e-05],
        [0.00111783, 0.00160199, 0.0003632],
        [-0.001489, 0.00130159, 0.00026453],
        [0.00175632, 0.00259678, -0.00041585],
        [-0.000802, -0.00275756, -0.00601782],
        [0.00279095, 0.00431146, 0.00030542],
        [0.00284396, -0.00050208, 0.00049092],
        [-0.00234073, 0.00035397, 0.00232596],
        [0.00451868, -0.00246107, 0.00164488],
        [-0.00284667, -0.00339216, 0.00282026],
        [0.00233512, -0.00131777, 0.00375571],
        [0.00068196, -0.00493355, 0.00286609],
        [-0.00269413, -0.00038709, 0.00506507],
        [0.00459923, 0.00358618, -0.00316167],
        [0.00048991, -0.00174556, -0.00102063],
        [-0.00044062, -0.00018245, 0.00333521],
        [-0.00319631, 0.00210551, -0.00036276],
        [-0.0014774, 0.00068098, 0.00391216],
        [-0.00230609, -0.00443136, -0.00287021],
        [-0.00125289, -0.00284136, 0.00411376],
        [0.00127912, 0.00692984, 0.00074385],
        [0.00384928, -0.00119065, -0.00244936],
        [0.00112181, 0.00143902, 0.00012647],
        [0.00235916, -0.00171228, -0.00461005],
        [-0.00486971, 0.00247764, 0.0065772],
        [0.00200044, 0.00145772, -0.00181659],
        [-0.0011342, 0.0010327, -3.2e-06],
        [0.00029774, 0.00420467, -0.00157654],
        [0.0004496, 5.449e-05, -0.00066499],
        [0.00414165, -0.00664573, -0.00135852],
        [-0.0001567, -0.0007094, -0.00276516],
        [0.0015276, 0.00583579, -2.729e-05],
        [-0.00011383, 0.00106647, -0.00201318],
        [-0.00018458, 0.00419393, -0.00099527],
        [0.00358021, 0.00033669, -0.00244146],
        [0.00150178, -0.00311105, 0.00165763],
        [0.00162063, 0.00225533, 0.00090687],
        [0.00017091, 0.0030316, -0.00355831],
        [0.00492534, 0.00200584, -0.00285839],
        [-0.00052375, -0.00131911, -0.00198369],
        [-0.00044478, -0.0005967, -0.00137917],
        [0.0044086, 0.00090378, -0.00262658],
        [0.00227215, -0.00063456, -0.00068737],
        [-0.00512843, 0.00265289, 0.00240606],
        [-0.00590517, 0.00579683, 0.00139502],
        [-0.00019524, -0.0041219, 0.0032198],
        [0.00108781, -0.00122422, -0.00521856],
        [-0.00637818, 0.005659, 0.00141474],
        [0.00094015, 0.00170773, 0.00637986],
        [-0.00224873, -0.00289945, 0.00173474],
        [0.00039701, -0.00151888, -0.00054453],
        [-0.00166025, -0.0034603, 0.00065968],
        [-0.00179946, 0.00139015, -0.00037921],
        [0.0008181, -0.00118168, -0.00385233],
        [0.00084637, -0.00085199, -0.00033564],
        [0.00011671, -0.00033772, -0.00068555]
    ],
    "relaxed_lattice": [
        [-5.04966272, -14.24461377, -8.41331328],
        [-7.59500788, -0.08084865, -4.18664466],
        [-0.16544821, -0.05711703, -8.68780353]
    ],