{
    "atom_type": [
        "Na",
        "V",
        "P",
        "O"
    ],
    "atoms_per_type": [
        9,
        8,
        12,
        48
    ],
    "coord_mode": "direct",
    "relaxed_basis": [
        [0.23674611, 0.50299804, 0.52546583],
        [0.73531452, 0.48505906, 0.55133689],
        [0.50193269, 0.00520654, 0.99340698],
        [0.99645929, 0.02261198, 0.98629859],
        [0.30946856, 0.25235014, 0.883914],
        [0.43514521, 0.60759241, 0.25113548],
        [0.93706958, 0.60704576, 0.25009049],
        [0.19465448, 0.74832519, 0.11627981],
        [0.69766118, 0.74566333, 0.12264141],
        [0.32507525, 0.64639138, 0.64117028],
        [0.82225504, 0.64785826, 0.64322475],
        [0.07118212, 0.14469036, 0.14287669],
        [0.57658356, 0.14011769, 0.1371997],
        [0.17527357, 0.35385152, 0.36500065],
        [0.6764796, 0.35079768, 0.36297291],
        [0.42788824, 0.85778764, 0.84879878],
        [0.9262763, 0.86368589, 0.8530187],
        [0.12648276, 0.54230542, 0.96255767],
        [0.62649962, 0.53866976, 0.96338003],
        [0.48290283, 0.24706774, 0.54127321],
        [0.97893051, 0.25325182, 0.54326303],
        [0.26645964, 0.95536612, 0.25353799],
        [0.769399, 0.95443411, 0.25132098],
        [0.2319509, 0.04861907, 0.74697201],
        [0.73356439, 0.04491744, 0.74099973],
        [0.37533876, 0.44957303, 0.04435161],
        [0.87536425, 0.4601765, 0.03905875],
        [0.01764248, 0.7502543, 0.45637733],
        [0.52124055, 0.74666107, 0.45145984],
        [0.44620134, 0.69138078, 0.46633593],
        [0.9422856, 0.69235897, 0.47349534],
        [0.26494361, 0.8746312, 0.69895558],
        [0.76360081, 0.87642201, 0.68104527],
        [0.35487053, 0.47209239, 0.88298199],
        [0.85349235, 0.50945966, 0.86748658],
        [0.50564563, 0.21333539, 0.36765349],
        [0.99325941, 0.23435417, 0.36661768],
        [0.18826869, 0.97413388, 0.20498683],
        [0.69369898, 0.96953678, 0.19902079],
        [0.11756877, 0.36124058, 0.99551445],
        [0.61754461, 0.36318847, 0.98427397],
        [0.05991797, 0.31519408, 0.50029885],
        [0.56174945, 0.31007059, 0.50681757],
        [0.2403046, 0.1296522, 0.29688159],
        [0.74035178, 0.12318293, 0.30497615],
        [0.1455764, 0.52211687, 0.127546],
        [0.64329066, 0.51525145, 0.13229443],
        [0.99292762, 0.78945627, 0.6293768],
        [0.49412565, 0.79294455, 0.62242982],
        [0.309245, 0.04220417, 0.79094891],
        [0.81179029, 0.0245219, 0.78850403],
        [0.381646, 0.62941794, 0.023325],
        [0.88160443, 0.63225196, 0.03409723],
        [0.38693071, 0.41135548, 0.56449214],
        [0.88376367, 0.41977271, 0.57611751],
        [0.28350724, 0.76893522, 0.41230067],
        [0.78383867, 0.76694587, 0.41699779],
        [0.21018974, 0.56957776, 0.77807188],
        [0.70697605, 0.58435532, 0.77793324],
        [0.02897935, 0.91805703, 0.27306756],
        [0.53653315, 0.91075386, 0.26593368],
        [0.14048305, 0.04604203, 0.91839816],
        [0.64282678, 0.03839921, 0.91170193],
        [0.46219196, 0.27425993, 0.06547684],
        [0.96276684, 0.28493809, 0.04850235],
        [0.11520791, 0.58981055, 0.42980827],
        [0.61836446, 0.58385524, 0.43229308],
        [0.2129193, 0.23337072, 0.58455571],
        [0.71709293, 0.22937028, 0.57928232],
        [0.28858328, 0.42153307, 0.23072635],
        [0.78951463, 0.42136774, 0.22050197],
        [0.47473739, 0.08293572, 0.725192],
        [0.97725003, 0.08199149, 0.71771016],
        [0.3602521, 0.94800094, 0.08171039],
        [0.86478285, 0.93993849, 0.08753493],
        [0.03715295, 0.71510163, 0.94866812],
        [0.53498881, 0.71056517, 0.95413256]
    ],
    "relaxed_energy": -793.62260131,
    "relaxed_forces": [
        [-0.00243661, 0.00390232, 0.00056779],
        [0.00090438, 0.00023314, 0.00240084],
        [0.00067775, -0.00022032, -0.00047022],
        [-0.00029818, 0.0009049, 0.00119718],
        [0.0013857, 0.00224213, -0.00067735],
        [0.00035654, 0.00023071, -0.00083612],
        [-0.00062708, -0.00011419, -0.00117845],
        [-5.394e-05, -0.00324721, 0.00220746],
        [0.00042327, 0.00350332, -0.00110662],
        [-0.00098694, -0.00373214, 0.0008764],
        [-0.00434933, -0.00378101, 0.00164937],
        [-0.00317659, 0.00161193, 0.00198112],
        [-0.00202996, 0.00097577, 0.00335821],
        [-0.0024799, -0.00267142, -0.00332658],
        [0.00147274, 0.0021135, -0.00046667],
        [0.00385421, -0.00149413, 0.00104354],
        [-0.00026897, -0.0005967, -0.00275183],
        [0.00409701, 0.00597111, 0.00084326],
        [-0.0001566, 0.00150186, -0.00116952],
        [0.00036876, -0.00418892, -0.00598282],
        [0.00332333, -0.00364744, -0.00347264],
        [0.00341128, 0.00016188, -0.00234669],
        [-0.00205468, -0.00496955, 0.00115559],
        [-0.00315972, 0.00064483, 0.0011294],
        [-0.00010028, -0.00061804, -0.00048731],
        [-0.00113714, -0.00325017, 0.00066105],
        [0.00089336, -0.00268013, -0.00059486],
        [0.00822027, -0.00233567, 0.00207789],
        [0.0037228, 0.00089729, -0.00181926],
        [-0.00136262, 0.00133616, 0.00255586],
        [0.00032028, -0.00112784, -0.0007834],
        [-0.00029023, -0.00076738, 0.00264964],
        [-0.00181117, -0.00134834, 0.00179578],
        [-0.00153729, 0.00334595, -0.00245308],
        [-0.00098998, 0.00030634, 0.00029475],
        [-0.00135128, -0.00090528, -0.00132566],
        [-0.0010499, 0.00224232, -0.00347587],
        [0.00237308, 0.00158176, 0.00259903],
        [0.0009111, 0.00016187, -0.00196552],
        [-0.0018544, -5.981e-05, 0.00021884],
        [-0.00436654, -0.00296886, 0.00095265],
        [0.00214482, 0.00400376, 0.00223282],
        [0.0030663, 0.00071879, -0.00160064],
        [0.00082735, 0.00467157, -0.00237837],
        [0.00160425, 0.00129039, 0.00133633],
        [0.00039767, -0.0007893, -0.00185798],
        [0.00115659, -9.491e-05, -0.00510489],
        [0.00020615, -0.00060337, 1.041e-05],
        [-0.00189041, 0.00302851, -0.00309164],
        [-0.00082833, 0.00010181, -0.00306464],
        [0.00164867, 0.00317668, 0.00260638],
        [-0.00096633, 0.00136892, -0.0008126],
        [-0.00105816, 0.00391756, 0.00067292],
        [0.00483818, -0.00047291, -0.00122115],
        [-7.146e-05, 0.00086503, -0.00096628],
        [0.00394721, -0.00178846, 0.00153594],
        [0.00295328, -4.291e-05, -0.00108046],
        [0.00074095, 0.00391361, 8.765e-05],
        [0.00254649, 0.00201538, 0.00127113],
        [-0.00554606, 0.00191611, 0.00215743],
        [-0.00242601, -0.00123255, 0.00018583],
        [0.00275016, -0.00103208, 0.00078944],
        [3.574e-05, -0.00433384, 0.00338916],
        [-0.003279, -0.00265199, -0.00041362],
        [0.00124558, -0.00112014, -0.00144518],
        [-0.00448697, 0.00358338, -0.00028158],
        [0.00027717, -0.00360472, 0.00118822],
        [-0.00073738, 0.00043443, -0.00121028],
        [0.00187428, -0.00216048, -0.00331764],
        [0.00114581, 0.00138469, -0.00042656],
        [-0.00458471, 0.00086761, 0.00314347],
        [-0.00336151, -0.00174917, 0.00319033],
        [-0.00268109, -0.00047495, 0.00030417],
        [-0.00267867, -0.00212702, 0.00211505],
        [-0.00170174, 0.00157985, 0.00216995],
        [0.00557901, -0.00398165, 0.00032309],
        [-0.00147437, 0.00027781, 0.00403863]
    ],
    "relaxed_lattice": [
        [-4.99130153, -14.26663909, -8.45505378],
        [-7.55833843, -0.15119328, -4.22435265],
        [-0.11778366, -0.17253063, -8.70340442]
    ],