{
    "atom_type": [
        "Na",
        "V",
        "P",
        "O"
    ],
    "atoms_per_type": [
        4,
        4,
        6,
        24
    ],
    "coord_mode": "direct",
    "relaxed_basis": [
        [0.24854331, 0.89127855, 0.62167071],
        [0.18207828, 0.39714183, 0.75204461],
        [0.74986893, 0.12094262, 0.36729632],
        [0.34762433, 0.74434345, 0.11431656],
        [0.64291119, 0.63940394, 0.64873283],
        [0.13950584, 0.14847584, 0.15821929],
        [0.35499433, 0.34783044, 0.34959011],
        [0.85384093, 0.85654246, 0.85687138],
        [0.24703958, 0.54549554, 0.96005024],
        [0.9522699, 0.2502604, 0.53429714],
        [0.54013566, 0.96506115, 0.25206389],
        [0.47049076, 0.02452633, 0.75055382],
        [0.75187422, 0.46276851, 0.03229268],
        [0.03319672, 0.74946014, 0.47385011],
        [0.84091173, 0.7491126, 0.52058336],
        [0.46287414, 0.85661274, 0.74801723],
        [0.70151493, 0.50360047, 0.8661161],
        [0.9463936, 0.22796566, 0.37573056],
        [0.34613345, 0.99212143, 0.27328244],
        [0.20671542, 0.37757517, 0.00314412],
        [0.14946343, 0.24875645, 0.4799379],
        [0.54976464, 0.12771085, 0.25645329],
        [0.28771123, 0.52316467, 0.11995773],
        [0.03304383, 0.76787118, 0.63987993],
        [0.667093, 0.99032848, 0.73393783],
        [0.78791511, 0.63253167, 0.99011322],
        [0.79531051, 0.42824993, 0.56714272],
        [0.58207199, 0.78835842, 0.42558259],
        [0.4149254, 0.56954078, 0.77065709],
        [0.06661272, 0.91782558, 0.29041841],
        [0.31862766, 0.05690419, 0.93539552],
        [0.92658628, 0.28757427, 0.04168615],
        [0.19492173, 0.56999664, 0.44736998],
        [0.42795754, 0.20267776, 0.58202384],
        [0.57895232, 0.44055029, 0.21409967],
        [0.93141202, 0.07601984, 0.71593691],
        [0.69155876, 0.92706288, 0.06664171],
        [0.07703759, 0.72763584, 0.93050698]
    ],
    "relaxed_energy": -392.40414705,
    "relaxed_forces": [
        [-0.00362634, -0.0005807, -0.00163248],
        [0.00202713, -0.00222513, -0.00159601],
        [-0.00084817, -0.00065617, 0.00493432],
        [6.744e-05, -0.00255019, -0.0054666],
        [0.00020486, 0.00055343, 0.00471705],
        [0.00056231, 0.00018278, -0.00063076],
        [-0.00081337, 0.00628575, -0.00501632],
        [0.00037568, -0.00389119, -0.00049324],
        [-0.00099648, 0.00144676, -0.00208226],
        [-0.00103445, 0.00229834, -0.00337906],
        [0.00250435, 0.00147154, 0.00063818],
        [0.00361725, -0.00437063, 0.00194835],
        [0.00156569, 0.0010669, 0.00038429],
        [-0.0007998, 0.00080838, -0.00258933],
        [0.00045522, -0.00380146, -0.00014092],
        [0.00127339, 0.00788262, 0.00508182],
        [0.00580107, 0.00285479, 0.00140523],
        [-0.00138639, -0.00202419, 0.00039895],
        [0.00023114, -0.00018883, -0.00092047],
        [0.00320242, -0.00086118, -0.00166841],
        [-0.00184589, -0.00146863, 0.0012228],
        [-0.00107422, -0.00072148, 0.0051932],
        [-0.0022089, 0.00261413, -0.00010947],
        [-0.00176539, -0.00389907, -0.00283303],
        [-0.00479885, -0.00347296, 0.00037062],
        [-0.0031571, -0.00134427, 0.00042563],
        [0.00357244, 0.00146049, 0.00024356],
        [0.0024859, -0.00092156, -0.00530392],
        [0.00237247, 0.00135396, -0.00242838],
        [0.00167249, -0.00637915, 0.00094567],
        [-0.00556905, -0.00177384, 0.00243531],
        [-0.00037447, 0.00499283, -0.0008851],
        [-0.00172249, 0.00140334, 0.00311322],
        [0.00075824, 0.00590689, -0.00214601],
        [0.00624257, -0.00356387, 0.00060722],
        [-0.00191944, -0.00348714, 0.00559273],
        [-0.00469453, 0.00209219, 0.00213484],
        [-0.00035676, 0.00350653, -0.00247122]
    ],
    "relaxed_lattice": [
        [-2.62869709, -7.15222649, -4.39103282],
        [-7.723221, -0.15180661, -4.38422009],
        [-0.32868771, -0.17794942, -8.78305183]
    ],
    "relaxed_mag_basis": [
        0.0,
        0.0,
        -0.0,
        -0.0,
        -0.998,
        1.852,
        1.848,
        -0.987,
        0.001,
        0.003,
        0.005,
        -0.002,
        0.0,
        0.001,
        -0.009,
        -0.001,
        0.041,
        -0.012,
        0.016,
        -0.005,
        -0.007,
        0.017,
        -0.001,
        0.019,
        -0.003,
        -0.004,
        -0.011,
        0.033,
        -0.008,
        -0.001,
        -0.001,
        0.011,
        0.009,
        -0.004,
        0.002,
        -0.003,
        0.038,
        0.0
    ],
    "relaxed_magmom": 1.9991
}