{
    "atom_type": [
        "Na",
        "V",
        "P",
        "O"
    ],
    "atoms_per_type": [
        7,
        8,
        12,
        48
    ],
    "coord_mode": "direct",
    "relaxed_basis": [
        [0.25233142, 0.48977185, 0.50522109],
        [0.74465299, 0.53380864, 0.47745086],
        [0.4952269, 0.98678516, 0.02728519],
        [0.0144745, 0.97644974, 0.99212728],
        [0.80718693, 0.25220292, 0.88618561],
        [0.55720394, 0.37914013, 0.74914974],
        [0.87624757, 0.1197587, 0.38802203],
        [0.31915184, 0.64727887, 0.63965251],
        [0.82227596, 0.64489332, 0.6400744],
        [0.07651257, 0.13833355, 0.1370815],
        [0.56937735, 0.15223602, 0.14486706],
        [0.17720367, 0.35726144, 0.35741502],
        [0.67927893, 0.35572012, 0.3535816],
        [0.42637017, 0.85599153, 0.86202045],
        [0.93222516, 0.85104075, 0.85506309],
        [0.12727761, 0.5335188, 0.9607411],
        [0.62095225, 0.54479868, 0.95389677],
        [0.47957666, 0.25036366, 0.54577529],
        [0.98100448, 0.24860199, 0.53591134],
        [0.26794136, 0.95910763, 0.252073],
        [0.77486939, 0.96276162, 0.24816061],
        [0.23056937, 0.03643184, 0.7455595],
        [0.73062359, 0.0404977, 0.75804021],
        [0.3699926, 0.46831969, 0.04245608],
        [0.87721792, 0.45613776, 0.03643602],
        [0.02203054, 0.74453155, 0.45974211],
        [0.51590846, 0.75346755, 0.46384354],
        [0.43260542, 0.71401331, 0.48900251],
        [0.93972411, 0.70038485, 0.49196747],
        [0.2442203, 0.87434219, 0.69588122],
        [0.75677858, 0.87388672, 0.70519313],
        [0.34876492, 0.51842199, 0.8691207],
        [0.85611897, 0.46678883, 0.88076707],
        [0.49397429, 0.2296189, 0.36935345],
        [0.99735079, 0.19570933, 0.37497446],
        [0.18448042, 0.99310776, 0.2045022],
        [0.69169685, 0.03113355, 0.18855928],
        [0.10581891, 0.36481114, 0.99575042],
        [0.59674375, 0.39109294, 0.96419902],
        [0.06333128, 0.30190885, 0.49447296],
        [0.56162134, 0.27887994, 0.53650856],
        [0.24831123, 0.12595862, 0.29924187],
        [0.77213319, 0.11956106, 0.29020421],
        [0.14772482, 0.50566759, 0.12746232],
        [0.64705442, 0.48170718, 0.12515214],
        [0.99858861, 0.80655567, 0.62229843],
        [0.50091519, 0.7722309, 0.64551756],
        [0.31438691, 0.99653414, 0.78982271],
        [0.81232935, 0.0198946, 0.80180268],
        [0.39214117, 0.63248447, 0.01935149],
        [0.9012685, 0.62694376, 0.98584752],
        [0.38626084, 0.4208532, 0.57793115],
        [0.88560313, 0.4112448, 0.56207059],
        [0.2768798, 0.77225463, 0.41917464],
        [0.78059317, 0.77731066, 0.41170611],
        [0.21063533, 0.55602054, 0.77488514],
        [0.70749707, 0.56613055, 0.77060447],
        [0.03076208, 0.91549089, 0.27370227],
        [0.5277475, 0.92661764, 0.28780464],
        [0.13918656, 0.05286121, 0.91848656],
        [0.63509375, 0.06313885, 0.91855331],
        [0.45505748, 0.28383464, 0.05189521],
        [0.96276129, 0.26756848, 0.06991994],
        [0.11460315, 0.57677973, 0.4472288],
        [0.6080706, 0.58108892, 0.44046199],
        [0.21748627, 0.22454801, 0.58026243],
        [0.72163806, 0.2288836, 0.58665458],
        [0.28578968, 0.44046713, 0.22752431],
        [0.79611251, 0.43847704, 0.22692705],
        [0.4629208, 0.07501479, 0.72474825],
        [0.97287269, 0.08094506, 0.7249358],
        [0.35963477, 0.94234974, 0.08215912],
        [0.86871, 0.93582998, 0.07387013],
        [0.04241735, 0.71822984, 0.9360374],
        [0.53738165, 0.73298158, 0.94425373]
    ],
    "relaxed_energy": -778.61424101,
    "relaxed_forces": [
        [0.0004836, 0.00081774, 0.00074416],
        [-0.00085956, 2.337e-05, 0.00089194],
        [-0.00041865, 0.0022834, 0.00127514],
        [0.0013191, 0.00012934, 0.00347165],
        [0.00173888, 0.00092683, 0.00122402],
        [-0.00087184, -0.00045959, -0.00178974],
        [0.00029964, -0.00110933, -0.00013502],
        [0.00240824, -0.00281742, -0.00304539],
        [0.00215014, 0.00306061, -0.0028877],
        [-0.00122914, -0.00028098, 0.00509119],
        [-0.00051646, 0.00741027, -0.0005793],
        [-0.00060197, -0.00161998, 0.00086507],
        [0.00206008, 0.00330863, -0.00133438],
        [-0.00085471, -0.00208289, 0.00447007],
        [-0.00297711, -0.00326425, 0.00222893],
        [0.00263757, -0.00339479, 0.00175121],
        [-0.00171977, 0.00131634, -0.00070983],
        [0.00154766, -0.00122385, -0.00142919],
        [0.00203582, 0.00309429, -0.00055972],
        [0.00043851, 0.00136639, 0.00131388],
        [-0.00325049, -0.00452516, 0.00588784],
        [-0.00535633, -0.00047992, 0.00090689],
        [0.00288742, -0.00181623, -0.00187058],
        [0.00087635, -0.00066986, 0.00394012],
        [0.00272392, -0.00355233, -0.00293566],
        [0.00192947, 0.00472753, -0.0018877],
        [0.00124702, 0.0022137, 0.00637925],
        [-0.00027149, -4.277e-05, -0.0033836],
        [0.00260036, 0.00138276, 0.00252823],
        [0.00301049, -0.00217963, -0.00139257],
        [0.00135695, -0.00091772, 0.00145708],
        [-0.0026754, -0.00316882, 0.00219251],
        [-0.00211036, 0.00011539, 0.00011633],
        [-0.00474123, -0.00485594, -0.00206695],
        [-0.00216043, 0.00291561, -0.00135912],
        [0.00022616, -0.00066339, -0.00017446],
        [-0.00015999, -0.00579806, 0.00010632],
        [0.00085016, -0.00136944, 0.0002227],
        [-0.00113097, -0.00077063, 7.571e-05],
        [-0.00410335, -0.00351544, 0.00067141],
        [-0.00046291, 0.00217946, -0.00326153],
        [-0.00165312, 0.0026346, -0.0015242],
        [-0.00216414, -0.00180687, -0.00120639],
        [0.00028303, 0.00046756, 0.00099554],
        [0.00230305, -0.0017431, -0.00630316],
        [0.00254023, 0.00162955, 0.00044939],
        [0.00880795, 0.002327, 0.00084836],
        [0.00313297, 0.00505481, 0.0050476],
        [-0.00259153, -0.00144968, -0.00673623],
        [0.00389079, 0.0020542, -0.00629359],
        [0.00621511, 0.00255042, -0.00051529],
        [-0.00195909, -0.00529214, -0.00120585],
        [0.00074695, 0.00067775, -0.00049953],
        [0.00224758, 0.00198213, -0.00155485],
        [-0.00210305, 0.00023905, 0.00319655],
        [0.00055838, -0.0019399, -0.00039168],
        [0.00258575, -0.00273298, 0.00497437],
        [-0.00108752, -0.005563, -0.00101139],
        [-0.00527697, -0.00119619, -0.00070134],
        [0.00051825, 0.00124639, -0.00066981],
        [0.00348924, -0.00050923, -9.818e-05],
        [0.00122618, -0.00043772, -0.00186916],
        [-0.00447656, 0.00503326, 0.00250133],
        [-0.00255697, -0.00091188, 0.00311845],
        [-0.00027685, 0.00319807, -0.00282005],
        [0.00208982, 0.00037199, -0.00369549],
        [-0.00625312, 0.00017563, 0.00091304],
        [-0.0041814, 0.00175513, 0.0003185],
        [-0.00411595, -0.00201234, 0.00143263],
        [0.00198757, 0.0017775, 0.00127812],
        [0.00080167, -4.726e-05, 0.00027802],
        [-0.00248587, 0.00012661, 0.00016482],
        [0.00061673, 0.00309672, -0.00369201],
        [-0.00295582, -0.00211279, -0.00226284],
        [0.0017413, 0.00466347, 0.00052511]
    ],
    "relaxed_lattice": [
        [-5.08425394, -14.28411635, -8.2842854],
        [-7.5341725, -0.17719149, -4.18091497],
        [-0.1948548, -0.21030598, -8.62852177]
    ],