{
    "atom_type": [
        "Na",
        "V",
        "P",
        "O"
    ],
    "atoms_per_type": [
        11,
        8,
        12,
        48
    ],
    "coord_mode": "direct",
    "relaxed_basis": [
        [0.25344888, 0.51572805, 0.48629547],
        [0.7478629, 0.48522867, 0.51919784],
        [0.50039927, 0.0002545, 0.99971837],
        [0.99847498, 0.99847467, 0.9976707],
        [0.6257206, 0.88437386, 0.61678283],
        [0.30962252, 0.25032254, 0.87848066],
        [0.05838689, 0.38054866, 0.75150056],
        [0.37410088, 0.11103609, 0.38236536],
        [0.87555476, 0.11586743, 0.37777953],
        [0.19182119, 0.75301409, 0.1100152],
        [0.69218126, 0.75124818, 0.12362256],
        [0.32292583, 0.64352855, 0.64296257],
        [0.82113548, 0.63566088, 0.64527338],
        [0.07309684, 0.14410896, 0.15248082],
        [0.56905455, 0.1520815, 0.14342863],
        [0.17294854, 0.36111111, 0.35340355],
        [0.67917492, 0.35552541, 0.35094256],
        [0.43129494, 0.85070866, 0.85669192],
        [0.92919079, 0.85795062, 0.85618289],
        [0.12304819, 0.55238617, 0.95274641],
        [0.62494919, 0.54526661, 0.96306465],
        [0.47766178, 0.24877703, 0.53607551],
        [0.97516497, 0.25021603, 0.54758691],
        [0.27244496, 0.95551728, 0.25005781],
        [0.77283698, 0.95578103, 0.24580381],
        [0.2302554, 0.04671797, 0.74980138],
        [0.72845422, 0.03536916, 0.75206658],
        [0.37255547, 0.45437965, 0.03810549],
        [0.87829247, 0.45851863, 0.03984907],
        [0.01815709, 0.7531412, 0.46223806],
        [0.52504253, 0.74422009, 0.46375103],
        [0.43931305, 0.7006446, 0.51549928],
        [0.93463895, 0.71164044, 0.49864653],
        [0.24838207, 0.87370085, 0.72012891],
        [0.73814179, 0.87204055, 0.71258666],
        [0.34576454, 0.47199271, 0.88556954],
        [0.85769268, 0.48760411, 0.87580377],
        [0.48497582, 0.19124329, 0.38669038],
        [0.99329495, 0.1948501, 0.38725324],
        [0.19063289, 0.97832981, 0.20697885],
        [0.68873513, 0.99117913, 0.20563949],
        [0.10183201, 0.38381504, 0.99147857],
        [0.59596573, 0.38243094, 0.01642329],
        [0.05612884, 0.30156834, 0.51498622],
        [0.56598724, 0.28680598, 0.47982312],
        [0.25513286, 0.12774919, 0.28424464],
        [0.7653609, 0.11850972, 0.28271314],
        [0.14323825, 0.53011912, 0.11797642],
        [0.6563927, 0.52347997, 0.11180184],
        [0.99948712, 0.80695719, 0.62512145],
        [0.51571201, 0.79992715, 0.61602995],
        [0.31231723, 0.03083661, 0.78475308],
        [0.81378974, 0.98851141, 0.79781972],
        [0.39148117, 0.62810275, 0.99008496],
        [0.90560808, 0.62131128, 0.99742997],
        [0.38576141, 0.40965623, 0.56532144],
        [0.88402981, 0.41489174, 0.56276654],
        [0.28598, 0.77495982, 0.41501177],
        [0.77791552, 0.7763528, 0.41735478],
        [0.20883531, 0.5601963, 0.7719758],
        [0.70420838, 0.56405859, 0.77109638],
        [0.03076906, 0.91406183, 0.27329728],
        [0.53179132, 0.90974839, 0.27423107],
        [0.13699322, 0.07056805, 0.91673758],
        [0.63781256, 0.06096724, 0.9199161],
        [0.45140514, 0.26832546, 0.07223725],
        [0.96012066, 0.27107776, 0.06584791],
        [0.10991698, 0.58718975, 0.44976556],
        [0.61757776, 0.58216418, 0.4341198],
        [0.21625198, 0.22950895, 0.58073153],
        [0.72561149, 0.21352334, 0.57880031],
        [0.28745899, 0.44351356, 0.22649805],
        [0.79626196, 0.44194111, 0.22719409],
        [0.47233339, 0.08448093, 0.72596965],
        [0.96485346, 0.08468344, 0.7328752],
        [0.3624051, 0.94323255, 0.07704807],
        [0.86489454, 0.92433029, 0.07816061],
        [0.04243603, 0.73779823, 0.92264711],
        [0.54399393, 0.73211386, 0.93870793]
    ],
    "relaxed_energy": -808.28733591,
    "relaxed_forces": [
        [-0.00088818, -0.0015368, -0.00043316],
        [0.00032974, 0.00014479, 0.00031572],
        [0.00070656, 0.00028403, 0.00124978],
        [8.429e-05, -7.309e-05, -0.0005477],
        [-0.00080882, -0.0008472, -0.00152889],
        [0.00039325, -0.0014108, 0.00088961],
        [0.00114589, 0.00026915, -0.00016707],
        [0.0026196, -1.651e-05, 0.00161803],
        [-0.00052006, 0.00010035, -0.00145007],
        [-0.00033992, 0.00016411, 0.00106921],
        [2.624e-05, 0.00053589, 0.00024569],
        [0.00359195, 0.00232326, 0.00107969],
        [0.00176721, 0.00309425, 0.00251833],
        [8.42e-05, -0.00015227, 0.00366389],
        [-0.0003195, -0.0023, -0.00251727],
        [-0.00055345, 0.00038038, -0.00407854],
        [0.00018989, -0.00188129, -0.00258873],
        [0.00239856, -0.000651, -0.00091129],
        [-0.00160561, -0.00103177, 0.00105081],
        [0.00048324, 0.00036782, 0.00465659],
        [0.00211452, -0.00088311, -0.00596164],
        [0.0001419, 0.00195247, 0.00205448],
        [-0.00189075, 0.00071114, -0.00195194],
        [0.00736064, 0.00300246, -0.00272328],
        [0.00091105, 0.00309153, 0.00415723],
        [-0.00746617, -0.00285417, -0.00579419],
        [-0.00387466, -0.00135235, 0.00261674],
        [0.00054025, 0.00161747, 0.0032287],
        [-0.00018678, 0.00011259, -0.00245618],
        [-0.00047376, -0.00017708, -0.00225518],
        [0.00121967, 0.00108361, 0.00247222],
        [-0.00614484, 0.00045891, -0.00543992],
        [-0.00187896, -0.00112006, -0.00347677],
        [0.00190505, 0.00319881, -0.00103582],
        [0.00345823, -0.00137605, 0.00052141],
        [0.0005819, -0.00272068, -0.00232426],
        [0.00262314, 9.39e-06, -0.00038045],
        [0.00122203, -0.00105349, 0.00265771],
        [0.00248201, 7.062e-05, 0.00237866],
        [0.0022845, -0.00296319, -0.00142693],
        [-0.00311089, 0.00135996, -0.00013542],
        [0.00351038, 0.00444574, 0.00032432],
        [0.00387549, 0.00357137, 0.00048633],
        [-0.00247565, -0.00584161, -0.0014547],
        [0.00371109, -0.00428507, 0.00105289],
        [-0.0009066, -0.00036627, 0.00088969],
        [0.00115558, -0.00245004, 0.00229973],
        [-0.00304329, -0.00044543, -0.00524366],
        [-0.00142413, -0.00036454, 0.00549121],
        [-0.0030532, 0.00188249, 0.00097678],
        [0.00032457, -0.00151289, -0.00030845],
        [0.00354386, 0.00248689, 0.00442579],
        [-0.00021273, -0.00660956, -0.00418189],
        [0.00066591, -0.00473975, 0.00218637],
        [-0.00646519, -0.00265707, 0.00260042],
        [-0.00416425, 0.00172222, -0.00203693],
        [-0.00374433, 0.00398926, 0.00191016],
        [-0.00760143, 0.0027705, 0.00283689],
        [-4.499e-05, 0.00049175, -0.00406906],
        [0.00104304, -0.00383918, 0.0013989],
        [0.00056834, -0.00034682, 0.00179628],
        [0.0030144, -0.0006866, -0.00104961],
        [0.00160519, -0.00383915, -0.00364138],
        [-0.00042464, 0.00306148, -0.00056193],
        [7.964e-05, 0.00318444, -0.00458345],
        [-0.00041205, 0.0002675, -0.00102122],
        [0.00137838, 0.00197266, 0.00166608],
        [-0.00220032, 0.00268074, -0.00079338],
        [0.00055275, 0.00054311, 5.77e-05],
        [0.00411474, 0.00199793, 0.00263094],
        [0.00041355, -0.00182632, -0.0018104],
        [-0.00175503, -0.00172449, 0.00116927],
        [0.00119389, 0.00226261, 0.00245762],
        [-0.00138618, 0.0014162, -0.00276671],
        [0.00450646, 0.00078204, 0.00039594],
        [0.00081913, -0.00311444, 0.00425696],
        [-0.00021931, -0.00136457, -0.00143923],
        [-0.00539774, 0.00515308, 0.00115707],
        [-0.00174851, 0.0013997, 0.00363483]
    ],
    "relaxed_lattice": [
        [-5.00582113, -14.34574373, -8.3892576],
        [-7.61154046, -0.06622778, -4.18508419],
        [-0.14429036, -0.09421063, -8.66626275]
    ],