{
    "atom_type": [
        "Na",
        "V",
        "P",
        "O"
    ],
    "atoms_per_type": [
        4,
        8,
        12,
        48
    ],
    "coord_mode": "direct",
    "relaxed_basis": [
        [0.75180498, 0.47993348, 0.51845746],
        [0.24427419, 0.53000715, 0.48723242],
        [0.31084263, 0.25570467, 0.89633766],
        [0.68426155, 0.7520723, 0.10794616],
        [0.32071897, 0.65357022, 0.64885064],
        [0.82492586, 0.63909566, 0.64004837],
        [0.07364445, 0.14279862, 0.14516571],
        [0.56760424, 0.1516052, 0.13938512],
        [0.1705921, 0.37206109, 0.36258853],
        [0.67669783, 0.35408983, 0.35770245],
        [0.42919842, 0.86453357, 0.85776599],
        [0.92115562, 0.86863531, 0.85867818],
        [0.1218319, 0.53754013, 0.97452407],
        [0.62633933, 0.5373821, 0.96504598],
        [0.47815208, 0.25663326, 0.53791206],
        [0.98333239, 0.24766734, 0.54187511],
        [0.26248725, 0.96254602, 0.2610418],
        [0.76266746, 0.95658021, 0.25418519],
        [0.23359557, 0.05438892, 0.7491266],
        [0.7334052, 0.04689697, 0.74300868],
        [0.36963151, 0.47520723, 0.03914375],
        [0.87410533, 0.4738315, 0.02890371],
        [0.01229225, 0.76171348, 0.46134626],
        [0.51926041, 0.75548196, 0.46473349],
        [0.43837943, 0.69138434, 0.51501164],
        [0.93673709, 0.69997988, 0.48377462],
        [0.2573352, 0.87844505, 0.71195395],
        [0.75697329, 0.8678115, 0.71027643],
        [0.3509821, 0.47769189, 0.88391506],
        [0.85834038, 0.48291749, 0.86579102],
        [0.49532703, 0.2170854, 0.37025675],
        [0.00833493, 0.23005288, 0.35226549],
        [0.17808618, 0.96144592, 0.24841618],
        [0.67696342, 0.97512613, 0.22601232],
        [0.14070551, 0.33367361, 0.99893469],
        [0.62244777, 0.34937939, 0.0008439],
        [0.05941851, 0.3076145, 0.51855499],
        [0.55844256, 0.3192261, 0.49381049],
        [0.24283806, 0.14458875, 0.28364648],
        [0.74035478, 0.12687244, 0.29850537],
        [0.13866504, 0.52627463, 0.1384765],
        [0.6474385, 0.52422714, 0.12304011],
        [0.98695794, 0.77856779, 0.6510232],
        [0.50063055, 0.79839294, 0.63395813],
        [0.31747567, 0.04870802, 0.77100288],
        [0.81726638, 0.04798351, 0.75841948],
        [0.3767007, 0.66376885, 0.99019729],
        [0.85483061, 0.67802071, 0.00554562],
        [0.380167, 0.41885995, 0.57720238],
        [0.88504668, 0.40807956, 0.57309117],
        [0.28742815, 0.78002794, 0.42534757],
        [0.78410407, 0.76761896, 0.41514528],
        [0.20411816, 0.59366253, 0.7827865],
        [0.70801445, 0.5794939, 0.77186219],
        [0.01172651, 0.95004336, 0.29626359],
        [0.52343033, 0.92796662, 0.28082053],
        [0.14427136, 0.06044187, 0.93490093],
        [0.64325819, 0.05449649, 0.92572273],
        [0.46578267, 0.30900956, 0.05275346],
        [0.97195744, 0.33219842, 0.03824921],
        [0.11128346, 0.60194576, 0.42881543],
        [0.61687232, 0.59256766, 0.4300736],
        [0.21031726, 0.2393011, 0.58449944],
        [0.70937405, 0.23226627, 0.5799227],
        [0.28972454, 0.43517163, 0.23277069],
        [0.79266919, 0.41656413, 0.22217846],
        [0.4752007, 0.08073381, 0.72130689],
        [0.98416845, 0.05855345, 0.70573773],
        [0.35240459, 0.94710965, 0.07644202],
        [0.85183353, 0.9522302, 0.06802244],
        [0.02448173, 0.68050252, 0.9651154],
        [0.53280403, 0.70513064, 0.9526887]
    ],
    "relaxed_energy": -755.03069111,
    "relaxed_forces": [
        [-0.00301191, 0.00081625, -0.00144866],
        [0.00206694, -0.00413401, 9.01e-05],
        [0.00049555, -0.00046565, 0.00050332],
        [-0.00208685, 0.00025152, 6.029e-05],
        [0.00385374, -0.00266446, -0.00012615],
        [-0.00168269, 0.00084998, -0.00054587],
        [0.00328791, 0.00343409, 0.00167504],
        [0.00203878, -0.00294885, 0.00115113],
        [-0.00301545, 0.00115916, 9.681e-05],
        [-0.005252, 0.00707758, 4.781e-05],
        [0.00245514, -0.0048004, -0.00424911],
        [-0.00305404, -0.00032641, 0.00201818],
        [0.00091329, 0.00190741, -0.00080181],
        [-0.00433568, -0.00034105, 0.00278169],
        [0.00304122, -0.00143768, 0.00254974],
        [-0.00070568, 0.00166473, -0.00170005],
        [-0.00033269, -6.733e-05, -0.00119129],
        [-0.00030074, -0.00265608, -0.00030122],
        [0.00196737, 0.00168372, 0.00038179],
        [0.00084624, -0.00145495, 0.0004358],
        [-0.00047773, 0.00216075, 0.00035974],
        [-0.00218943, 0.00527524, 0.00064232],
        [0.00034692, 0.00012503, -0.00039287],
        [-0.00394942, 0.0042022, 0.00333065],
        [-0.00029224, -0.00336671, -0.00072976],
        [0.00133749, -0.00353725, 0.00031414],
        [0.00096107, -0.00347304, 0.00089825],
        [-0.00252222, -0.00172215, 0.00450174],
        [-0.00171769, -0.0023054, -0.00230057],
        [-0.00219756, 0.00077051, 9.432e-05],
        [8.782e-05, 0.0002562, -0.00150682],
        [-0.000172, -0.00140792, -0.00540753],
        [-0.00044096, -0.00038405, 0.00082851],
        [0.00415571, -0.0004476, 0.00014918],
        [0.00302832, 0.00353982, -0.00038413],
        [-7.778e-05, -0.00723645, -0.00354324],
        [-0.0003535, -0.00187921, -0.00040281],
        [0.00123419, -0.00288366, 0.00026302],
        [0.00072848, 0.00068508, -0.0026249],
        [-0.00120734, -0.00123627, 0.00202537],
        [0.00268793, -0.00161041, 0.00016542],
        [0.00277947, -0.00070277, 0.00391086],
        [0.00183973, -0.0008809, 0.00045276],
        [0.00311395, 0.00416151, 0.00240235],
        [-0.00174206, 0.00526871, -0.0012287],
        [-0.00129168, -0.00103202, 0.0015447],
        [0.0005769, 0.00232578, 0.00017471],
        [-0.00186347, -0.00144484, 0.00146803],
        [0.00151642, -0.00152916, -0.00174352],
        [-0.00172724, 0.0041378, -0.00241863],
        [0.00128096, 0.00057212, 0.00018267],
        [0.00090598, -2.73e-06, -0.00247695],
        [0.00376226, -0.00041546, -0.00031299],
        [0.00253362, 0.00127418, -0.00126191],
        [-0.00018354, 0.00247248, -0.00205943],
        [-0.00447781, -0.00058493, -0.00017274],
        [-0.00083593, 0.00398819, -0.00028942],
        [-0.00262065, 0.00139935, -0.0004921],
        [-0.00291135, -0.00204904, 0.00093071],
        [0.00114802, 0.00029677, 0.00076884],
        [3.785e-05, -0.00350117, 0.00142241],
        [-0.00152319, 0.00531045, -0.00420069],
        [-0.00282888, -0.00257237, -0.0014385],
        [-0.00149128, -0.00101605, -0.00155955],
        [0.00421815, 0.00089312, 0.00018358],
        [-0.00171557, 0.00230257, 0.00138849],
        [0.00119874, -0.0016315, 0.00276003],
        [0.00035062, -0.00342881, -0.00054672],
        [-0.00107769, -0.00012863, -9.015e-05],
        [0.00125534, -0.00156873, 0.00219757],
        [-0.00191286, 0.00236738, -0.00084603],
        [0.00552667, 0.00264644, 0.00364275]
    ],
    "relaxed_lattice": [
        [-5.10552612, -13.99650707, -8.65492582],
        [-7.49921504, -0.1472886, -4.27592125],
        [-0.20819069, -0.17204501, -8.66199888]
    ],