{
    "atom_type": [
        "Na",
        "V",
        "P",
        "O"
    ],
    "atoms_per_type": [
        8,
        8,
        12,
        48
    ],
    "coord_mode": "direct",
    "relaxed_basis": [
        [0.27269475, 0.46987312, 0.48802224],
        [0.75265228, 0.48841643, 0.5031158],
        [0.49802086, 0.9967535, 0.01021521],
        [0.97709707, 0.01197156, 0.03012858],
        [0.12491828, 0.8931816, 0.60705004],
        [0.62496809, 0.87370881, 0.62455784],
        [0.06208458, 0.38540467, 0.75160973],
        [0.1880117, 0.74836314, 0.11509902],
        [0.32548762, 0.64439198, 0.63984095],
        [0.82034813, 0.63804291, 0.64679865],
        [0.07412852, 0.14114166, 0.14550807],
        [0.56710672, 0.14817612, 0.14585389],
        [0.17594154, 0.35450009, 0.35878914],
        [0.68274167, 0.35457256, 0.35175714],
        [0.42969177, 0.85359332, 0.8618393],
        [0.92431269, 0.86018388, 0.85550213],
        [0.12480656, 0.54636176, 0.95408423],
        [0.62515118, 0.5347338, 0.9651558],
        [0.48211032, 0.24983026, 0.5344854],
        [0.97819735, 0.25493492, 0.54784252],
        [0.27190775, 0.95218874, 0.24483819],
        [0.76750764, 0.96551485, 0.2509711],
        [0.23092488, 0.03864, 0.74300958],
        [0.72689043, 0.0386585, 0.74989657],
        [0.37707381, 0.45851716, 0.03813275],
        [0.87304392, 0.46138528, 0.04151336],
        [0.01928508, 0.75672329, 0.4616945],
        [0.52303542, 0.7501539, 0.46095702],
        [0.43501029, 0.71832809, 0.49858039],
        [0.93586643, 0.70672419, 0.51386742],
        [0.24042327, 0.88004744, 0.69357256],
        [0.7343808, 0.8764129, 0.712641],
        [0.35007431, 0.51186614, 0.86692566],
        [0.84867151, 0.48773977, 0.88278566],
        [0.48546718, 0.2119106, 0.37535424],
        [0.01288816, 0.19474859, 0.38126605],
        [0.1946645, 0.95828186, 0.2007421],
        [0.67627933, 0.01702131, 0.22198913],
        [0.10522223, 0.3804872, 0.97962388],
        [0.59314758, 0.37436772, 0.01262798],
        [0.05560214, 0.29854308, 0.54173266],
        [0.57237822, 0.28279805, 0.48187742],
        [0.23729618, 0.11864893, 0.30486805],
        [0.76391784, 0.12483134, 0.28892703],
        [0.1446469, 0.52028767, 0.12000912],
        [0.65732553, 0.4891773, 0.12421256],
        [0.01004301, 0.80621679, 0.62004442],
        [0.51500443, 0.78812849, 0.62330595],
        [0.31425386, 0.98789577, 0.79245873],
        [0.81570478, 9.58e-05, 0.77991648],
        [0.40121536, 0.61759245, 0.01139718],
        [0.90000369, 0.63260522, 0.98787372],
        [0.39250646, 0.41937003, 0.56656926],
        [0.88574177, 0.42023329, 0.55467661],
        [0.2864764, 0.76513935, 0.41663256],
        [0.7733956, 0.78111295, 0.42133392],
        [0.20885526, 0.57339476, 0.76584988],
        [0.70497607, 0.55117319, 0.77456151],
        [0.03052635, 0.91797279, 0.27047946],
        [0.53381457, 0.92187978, 0.27466143],
        [0.1366097, 0.05895966, 0.91112206],
        [0.63765531, 0.06893488, 0.92147839],
        [0.45920578, 0.27103329, 0.05217403],
        [0.96013048, 0.28254095, 0.05799443],
        [0.11362941, 0.58877714, 0.44114857],
        [0.61289894, 0.57980175, 0.43014338],
        [0.21938073, 0.22980376, 0.58164451],
        [0.71572857, 0.22520196, 0.57910075],
        [0.29006098, 0.441877, 0.21709214],
        [0.79117118, 0.44664084, 0.22938919],
        [0.47757172, 0.07857664, 0.71817857],
        [0.96333684, 0.0835052, 0.73504608],
        [0.36456971, 0.94488537, 0.07974599],
        [0.85633809, 0.93518098, 0.079809],
        [0.04048344, 0.73431681, 0.92796849],
        [0.54519851, 0.72499513, 0.94787465]
    ],
    "relaxed_energy": -786.12476053,
    "relaxed_forces": [
        [-0.00044077, 0.00299502, 0.00041373],
        [-0.00135216, -0.00314167, -0.00231064],
        [0.00010999, 0.0020342, 0.00208824],
        [0.00317143, 0.00266954, -0.00046701],
        [-0.00463072, -0.00225793, -0.0008047],
        [-0.00139393, -0.001399, -0.00218137],
        [0.0061496, -0.00026397, -2.822e-05],
        [0.00199518, -0.0009365, 0.00321396],
        [-6.478e-05, 0.00054705, 0.00322321],
        [0.00158313, -0.0012252, 0.00262874],
        [0.00053449, -0.00165525, -0.00010506],
        [-0.00805193, -0.0036448, -0.00125951],
        [0.00209837, -0.006745, -0.00689867],
        [-0.00321239, -0.00202777, -0.00419323],
        [0.00150971, 2.882e-05, 0.00466087],
        [0.00015464, -0.00211088, 0.00159983],
        [0.00198151, -0.00115655, 0.00146188],
        [0.00100256, -0.00177786, 0.00282388],
        [-0.00198008, 0.00330072, 0.00350614],
        [-0.0022972, 1.037e-05, 0.00234227],
        [-0.00600575, 0.00308444, 0.00057978],
        [0.00063131, 0.00031865, 0.00262591],
        [-0.00226283, 0.00078786, 0.00218017],
        [-0.00118598, -0.00153766, -0.00362917],
        [0.00019852, 0.00080803, -0.00157285],
        [0.00210752, 0.0027867, -0.00058422],
        [-0.00040267, 0.0008963, -0.00635582],
        [0.00017785, 0.00384584, 0.00186587],
        [-0.00430659, 0.00334583, 0.00155712],
        [-3.956e-05, -0.00474668, -0.00062442],
        [-0.00117262, 0.00164809, -0.00294983],
        [0.00084332, -0.00507869, 0.0012126],
        [-0.00073207, 0.00074494, 0.00323508],
        [0.00345882, 0.00020322, -0.00013099],
        [0.00538019, -0.00257918, 0.00328498],
        [-0.00187945, 0.00092981, -0.00042989],
        [-0.00023634, -0.00131104, -0.00136052],
        [-0.0005988, 0.00110196, -0.00022561],
        [0.00742676, 0.00379532, -0.00374341],
        [0.00409215, 0.00330709, -0.00309884],
        [8.432e-05, 0.00427427, 0.00185786],
        [0.00627971, -0.00094292, -0.00098147],
        [-0.00496325, -0.00528804, 0.00014982],
        [-0.00012103, 0.00109882, 7.511e-05],
        [-0.00047954, 0.00252965, 0.00257077],
        [0.00312178, 0.00132636, 0.00398012],
        [-0.00276345, 0.00066881, -0.00341867],
        [0.00199721, 0.00204254, -0.00271474],
        [0.00315153, 0.0081537, -0.00049958],
        [-0.00169668, -0.00308012, -0.00163771],
        [0.00164199, -0.00035667, 0.00128812],
        [-0.003515, -0.00122811, -0.00069799],
        [-0.00437202, -0.00357542, -0.00201147],
        [-0.0013277, 0.00162486, -2.408e-05],
        [-0.00176509, -0.00340397, 0.0009627],
        [-0.00104093, 0.00076016, -3.651e-05],
        [-0.00047955, -0.0006622, 0.00232832],
        [-0.00061968, -0.00355064, 3.776e-05],
        [-0.00412909, 0.0013468, -0.00054052],
        [0.00253714, -0.00233454, -0.00193433],
        [0.00271443, 0.0048462, 0.00556475],
        [-0.00270292, -0.00590618, -0.00197865],
        [0.00452257, 0.00138123, 0.00728969],
        [-0.00169358, 0.00536479, 2.728e-05],
        [-0.00185825, -0.00149044, -4e-08],
        [0.00273332, 0.00359495, -0.00164956],
        [-0.00139512, -0.0040232, 0.00488352],
        [-0.00250611, 0.00236865, 0.00095863],
        [0.00492032, 0.0014406, -4.73e-06],
        [-0.0024815, -0.00212401, -0.00313939],
        [1.048e-05, 0.00278394, -0.00105067],
        [0.00377712, 0.00136773, -0.00034427],
        [0.00054557, -0.00330135, -0.00462672],
        [-0.0023975, 0.00014744, -0.00033522],
        [0.00174685, 0.00033226, -0.00552286],
        [0.0001632, -0.0017801, -0.0003755]
    ],
    "relaxed_lattice": [
        [-5.04418995, -14.36569525, -8.1894292],
        [-7.53858419, -0.1712445, -4.21443361],
        [-0.1630683, -0.24297658, -8.63193881]
    ],