{
    "atom_type": [
        "Na",
        "V",
        "P",
        "O"
    ],
    "atoms_per_type": [
        12,
        8,
        12,
        48
    ],
    "coord_mode": "direct",
    "relaxed_basis": [
        [0.25545304, 0.48318096, 0.49986971],
        [0.75888624, 0.50555322, 0.48051961],
        [0.48464865, 0.99007135, 0.03664391],
        [0.0033216, 0.00157929, 0.99218452],
        [0.12550919, 0.87641918, 0.61461789],
        [0.62523177, 0.89240041, 0.62285273],
        [0.30306388, 0.24639975, 0.89098476],
        [0.80719247, 0.25035325, 0.87543525],
        [0.55875265, 0.38838664, 0.75467867],
        [0.87456209, 0.11307671, 0.3792492],
        [0.19244824, 0.75182776, 0.11663229],
        [0.69262626, 0.75257364, 0.10879933],
        [0.32396685, 0.63911424, 0.64915504],
        [0.82512207, 0.63911411, 0.64259275],
        [0.0701351, 0.14405641, 0.14653353],
        [0.56916618, 0.14499206, 0.15265802],
        [0.17827625, 0.3582727, 0.35051728],
        [0.67508078, 0.36025666, 0.35688096],
        [0.42831173, 0.85806392, 0.84989159],
        [0.93038084, 0.85189176, 0.85479054],
        [0.12433558, 0.54550598, 0.96419197],
        [0.62221214, 0.54960483, 0.95760368],
        [0.47880776, 0.25616728, 0.549229],
        [0.97698071, 0.25069216, 0.53384895],
        [0.26930176, 0.95354136, 0.2506803],
        [0.77189894, 0.95655753, 0.24772353],
        [0.22907316, 0.0440141, 0.74739569],
        [0.72891536, 0.04655819, 0.75072679],
        [0.375046, 0.45021922, 0.03875191],
        [0.87460142, 0.45240698, 0.03432349],
        [0.02408646, 0.74552959, 0.46129827],
        [0.52477245, 0.75405792, 0.46156123],
        [0.44306322, 0.69437543, 0.52367453],
        [0.93983947, 0.69535014, 0.51329489],
        [0.24323122, 0.86568084, 0.72651197],
        [0.74459577, 0.88098449, 0.7086896],
        [0.349906, 0.45830988, 0.88810809],
        [0.84689559, 0.47029165, 0.88315429],
        [0.5075159, 0.19845676, 0.38604925],
        [0.98427204, 0.19249905, 0.38565308],
        [0.18512678, 0.96483808, 0.22521152],
        [0.69204931, 0.98134538, 0.19968211],
        [0.1044128, 0.36983417, 0.02164668],
        [0.60253873, 0.38094424, 0.98943404],
        [0.06125787, 0.3017575, 0.47547221],
        [0.55817858, 0.30572621, 0.52870265],
        [0.25320604, 0.13624818, 0.26233995],
        [0.74965538, 0.12362606, 0.2978746],
        [0.15095544, 0.5364222, 0.11199249],
        [0.6462833, 0.52293704, 0.11666535],
        [0.01032551, 0.80629747, 0.61360455],
        [0.51761818, 0.81141926, 0.60948252],
        [0.31151674, 0.0254696, 0.78351982],
        [0.81092581, 0.01779683, 0.79471877],
        [0.40152281, 0.62168317, 0.96795127],
        [0.890538, 0.62823577, 0.98982867],
        [0.38524735, 0.41505218, 0.56533791],
        [0.88305392, 0.40718359, 0.56725702],
        [0.28032229, 0.78290933, 0.42659552],
        [0.78057358, 0.7772866, 0.41757527],
        [0.2057677, 0.55830827, 0.7738755],
        [0.70600703, 0.56750264, 0.76983744],
        [0.02716256, 0.91177544, 0.27377076],
        [0.53545853, 0.9092976, 0.26997463],
        [0.13910329, 0.06197886, 0.9207759],
        [0.63585644, 0.06863543, 0.91504032],
        [0.4588848, 0.27029144, 0.06445995],
        [0.95500663, 0.26980628, 0.06443976],
        [0.11751332, 0.5894164, 0.43255165],
        [0.61818986, 0.58749995, 0.43885318],
        [0.21536181, 0.21876646, 0.57842117],
        [0.72090816, 0.22999515, 0.58342047],
        [0.29197722, 0.44842074, 0.22225837],
        [0.79138151, 0.43421565, 0.22403087],
        [0.46741607, 0.09248932, 0.7367588],
        [0.97347916, 0.08524079, 0.72190364],
        [0.35927667, 0.92665809, 0.08198991],
        [0.86285687, 0.94768884, 0.07902704],
        [0.04266592, 0.72843364, 0.9324716],
        [0.54210717, 0.73475173, 0.92961002]
    ],
    "relaxed_energy": -815.97170245,
    "relaxed_forces": [
        [0.00122301, 0.00111949, -0.00091208],
        [0.0016453, -0.00037455, -0.00054191],
        [0.00137945, 0.00066143, -0.00091692],
        [-0.00078143, -0.00085971, -0.00011903],
        [0.00056493, 0.00055752, 0.00185413],
        [-0.00024832, -0.00039969, -0.00098198],
        [0.00066691, -0.00027085, -0.00226364],
        [-0.00024366, -0.00196071, -0.00084005],
        [0.00176737, -0.00047088, 0.00036747],
        [0.00234583, 0.00163541, 0.00317618],
        [-0.0017993, 0.00033168, -0.00245261],
        [0.00099392, 0.00113037, -0.00097593],
        [-0.00116734, 0.00175693, -0.00027005],
        [0.00019735, -0.00191117, -0.00048736],
        [0.00050205, -0.00086835, -0.00041183],
        [0.00091694, -0.00091027, 0.00146639],
        [-0.00288175, 0.00176969, 0.0015143],
        [0.00111868, -0.00333547, 0.00220676],
        [0.00042321, 0.00094288, 0.00104344],
        [-1.973e-05, 0.00070608, 0.00284069],
        [-0.00033192, 0.00355913, -0.00606734],
        [-5.058e-05, -0.00345007, -0.00430766],
        [-0.00011106, -0.00796317, 0.00173183],
        [-0.00417475, -0.00021771, -0.00032284],
        [0.00518661, -0.00043411, 0.00665411],
        [-0.00126225, 0.00111706, -0.00307279],
        [-0.0094451, 0.00218159, -0.0013866],
        [-0.00077004, -8.341e-05, 0.00295703],
        [0.00207549, -0.00212695, -0.00428834],
        [-4.09e-06, 0.00287115, -0.00134464],
        [-0.00203926, 0.00823666, 0.00055281],
        [0.00020405, -0.00804328, -0.00123778],
        [0.00270213, 0.00587656, 0.00012576],
        [-0.00194765, -0.00175319, -0.00090358],
        [0.00429141, -0.00235272, -0.00027202],
        [-0.00037193, 0.00015133, 0.00205488],
        [-0.00130536, 0.00133928, 0.00370656],
        [-0.00179654, -3.33e-06, -0.00022629],
        [-0.00104851, 0.00116624, -0.0019668],
        [-0.00048655, 0.00011616, 0.0018489],
        [-0.00045046, -0.00206824, -0.0036843],
        [-0.00074556, 0.00164562, 0.00307182],
        [-0.00038507, 0.0018284, -0.00229806],
        [0.00192972, 0.00197576, 0.00230077],
        [0.00104834, -0.00433048, 0.00503524],
        [0.00192252, 0.00491644, 0.00054985],
        [-0.00721389, -0.00358071, 0.00131973],
        [0.00312322, -0.00042277, 3.399e-05],
        [-0.00102801, -0.0001755, 0.00139551],
        [0.00416566, 0.00150846, 0.00290562],
        [0.00091765, 0.00170811, 0.00098352],
        [-0.00134196, 0.00107607, -0.00173089],
        [-0.00136941, -0.00108966, 0.00129632],
        [0.00091013, -0.00107021, -0.00099619],
        [0.00063921, -0.00219061, 0.0009626],
        [-0.00024593, -0.00084076, -0.00242905],
        [-0.00364693, 0.006792, -0.0002301],
        [-0.00022569, -0.0028559, -0.00194324],
        [-0.0018059, 0.00043743, -0.00394361],
        [0.00177934, 0.00061437, 0.00024967],
        [-0.00230314, -0.00379738, 0.00241945],
        [0.00070498, -0.00110844, 1.98e-05],
        [-0.00205009, -0.0003419, -0.0004962],
        [0.00037778, 0.00025203, -0.00080579],
        [-0.00320919, -0.0018029, 0.00061035],
        [0.00172412, 0.00273602, -0.00222665],
        [0.00090395, 0.00170384, 0.0002435],
        [0.00139592, -0.00080707, -0.00061989],
        [0.00049444, -0.00295528, -0.00313738],
        [-0.00190976, 0.00497308, -0.00048581],
        [0.00399142, -0.00104278, -0.00029388],
        [0.00234755, 0.00130625, -0.0020725],
        [-0.001983, -0.0003218, 0.0033812],
        [0.00105565, 0.00067963, 0.00130087],
        [0.00135695, 0.00179203, 0.00012999],
        [-0.00071763, -0.00181649, -0.00095939],
        [0.00330966, 8.228e-05, 0.0018703],
        [-0.00030677, -0.0005676, -4.91e-06],
        [0.00141982, -0.00324836, -0.00070372],
        [-0.00049718, 0.00096998, 0.00145026]
    ],
    "relaxed_lattice": [
        [-4.94993621, -14.37314287, -8.41550429],
        [-7.60358603, -0.06734336, -4.20591407],
        [-0.11080763, -0.10855577, -8.71053196]
    ],