{
    "atom_type": [
        "Na",
        "V",
        "P",
        "O"
    ],
    "atoms_per_type": [
        12,
        8,
        12,
        48
    ],
    "coord_mode": "direct",
    "relaxed_basis": [
        [0.26336217, 0.49752482, 0.4763692],
        [0.73080794, 0.50318894, 0.535536],
        [0.51297594, 0.00295016, 0.97040101],
        [0.98803156, 0.01781827, 0.00390276],
        [0.12581008, 0.87953099, 0.61984956],
        [0.31138688, 0.24810697, 0.87424117],
        [0.93740178, 0.62063848, 0.2520833],
        [0.05751542, 0.38888017, 0.75016771],
        [0.37773272, 0.10449892, 0.37162815],
        [0.87147422, 0.12245015, 0.39348816],
        [0.19571856, 0.74794417, 0.1058838],
        [0.69079379, 0.75111662, 0.12742227],
        [0.32673191, 0.63908003, 0.63705344],
        [0.81629281, 0.6413153, 0.65432908],
        [0.07265864, 0.14311992, 0.14770097],
        [0.57094725, 0.15017961, 0.14624122],
        [0.17855157, 0.35451745, 0.35264955],
        [0.67527521, 0.35572089, 0.35690869],
        [0.43506152, 0.84760903, 0.85362912],
        [0.92418873, 0.8656042, 0.85719083],
        [0.12476192, 0.54769373, 0.95243289],
        [0.62469973, 0.54455233, 0.96691785],
        [0.47706898, 0.24614502, 0.53680705],
        [0.97782764, 0.25242842, 0.54713409],
        [0.27256439, 0.95249789, 0.24673085],
        [0.77097552, 0.95600648, 0.25556502],
        [0.22892163, 0.04211163, 0.75100119],
        [0.72889855, 0.04418714, 0.74929553],
        [0.37655175, 0.45131043, 0.03303833],
        [0.87535282, 0.45988472, 0.04899338],
        [0.02182263, 0.74731256, 0.45847195],
        [0.52186679, 0.75119142, 0.45710641],
        [0.4348467, 0.72008075, 0.49198132],
        [0.9415789, 0.69389415, 0.49588855],
        [0.24177087, 0.87783797, 0.70913407],
        [0.74586859, 0.87598971, 0.70967359],
        [0.34641489, 0.47752191, 0.88108943],
        [0.85892665, 0.49217412, 0.87926843],
        [0.48195678, 0.19607934, 0.38499931],
        [0.99954421, 0.19663309, 0.38361598],
        [0.19039974, 0.98020349, 0.20108526],
        [0.69003862, 0.98601683, 0.21090831],
        [0.10157211, 0.38312663, 0.98694129],
        [0.59839009, 0.37935716, 0.01672802],
        [0.05925487, 0.3038161, 0.51382131],
        [0.56090962, 0.29453894, 0.48249185],
        [0.24980854, 0.11847783, 0.29999876],
        [0.7611494, 0.11754796, 0.29737675],
        [0.14726263, 0.51822338, 0.11521489],
        [0.65306698, 0.52557403, 0.11789724],
        [0.00882517, 0.79222622, 0.6209989],
        [0.50587933, 0.80483262, 0.61481782],
        [0.30890116, 0.00795121, 0.80243619],
        [0.81749196, 0.01690556, 0.77158648],
        [0.39178768, 0.62414177, 0.99738772],
        [0.90102473, 0.61953339, 0.01947868],
        [0.38435711, 0.41251034, 0.5642287],
        [0.88712161, 0.41663168, 0.55648242],
        [0.27795953, 0.77489351, 0.41619477],
        [0.78643182, 0.76803128, 0.41385635],
        [0.2064601, 0.56501116, 0.76590646],
        [0.70754089, 0.55727871, 0.7816027],
        [0.02911749, 0.91307322, 0.27465799],
        [0.53379164, 0.91318344, 0.26863526],
        [0.13395758, 0.06766494, 0.91450596],
        [0.64241642, 0.05610357, 0.92474487],
        [0.45602559, 0.2667453, 0.06036404],
        [0.95778173, 0.27201437, 0.07375474],
        [0.11662154, 0.58563509, 0.4327306],
        [0.61256353, 0.58576978, 0.43486229],
        [0.2205701, 0.22540645, 0.58495192],
        [0.71587785, 0.22546503, 0.58488396],
        [0.29253672, 0.42979183, 0.22332142],
        [0.79333617, 0.43933504, 0.23390255],
        [0.46482836, 0.09090481, 0.72728845],
        [0.97436818, 0.08359973, 0.72565383],
        [0.3621538, 0.94606704, 0.07916286],
        [0.86486619, 0.93091702, 0.08790599],
        [0.04281882, 0.73293159, 0.93368506],
        [0.54237799, 0.72757709, 0.94146511]
    ],
    "relaxed_energy": -815.40055897,
    "relaxed_forces": [
        [-0.00037632, 0.00063147, -0.00064792],
        [-9.478e-05, -0.00427878, 0.00139859],
        [0.00204799, 0.0018013, -0.00104769],
        [-3.331e-05, -0.00183139, 0.00156792],
        [-0.00088138, -0.00024174, 0.00086977],
        [-0.00087618, -0.00058712, -0.00066264],
        [-0.00218638, -0.00196989, -0.00324292],
        [-0.00037694, -0.00042204, -0.0004538],
        [0.00015411, 0.00067185, -0.00080957],
        [0.00462137, -1.304e-05, 0.00624556],
        [-0.00103492, 0.00083267, -0.00126573],
        [-0.00036865, -0.00104329, 0.00201877],
        [-0.00387269, -0.00057918, 0.003333],
        [0.00118177, 0.00254636, -0.0019801],
        [-0.00048858, -0.00028876, -0.00115148],
        [0.00231182, 0.00204135, 0.00547514],
        [-0.0007147, 0.00071812, -0.00027178],
        [-0.00074986, -0.00216114, 0.00043609],
        [-0.00174567, -0.00277012, 0.00014292],
        [0.00189506, 0.00203901, -0.00021207],
        [0.00079411, 0.00065686, -0.00177251],
        [0.00359939, 0.00278029, 0.00409173],
        [0.00131094, -0.00068441, 0.00722898],
        [-0.00216072, 0.00050601, -0.00031113],
        [-0.00419116, -0.00041473, 0.00147878],
        [0.00184226, 0.00268824, 0.00279871],
        [-0.00384494, -0.00530562, -0.00092702],
        [0.00544458, 0.00491339, -0.00290018],
        [-0.00210712, 0.00037944, -0.00160239],
        [-0.00048362, -0.00290487, 0.00013927],
        [-0.00011307, 0.00398625, -0.0018039],
        [0.00017684, -0.00170285, 0.00016393],
        [0.00313078, -0.0024988, -0.00078274],
        [-0.00044993, 0.0036271, -0.00014667],
        [0.00035943, 2.446e-05, 0.00083648],
        [0.00163471, 0.00102127, 0.00537974],
        [7.179e-05, 0.00082443, 0.00189449],
        [-0.00248205, 0.0024989, -0.00109408],
        [0.00171428, -0.0023762, 0.00206418],
        [-0.00051807, 0.0009749, 0.00113356],
        [-0.00168607, 0.0013155, -0.0014229],
        [-0.00019031, -2.665e-05, 0.00267134],
        [0.00039528, -0.00013941, 0.0010277],
        [0.00484484, 0.00086336, -0.0052428],
        [0.00039456, -6.667e-05, 0.00191686],
        [-0.00290587, -0.00254396, -0.00069886],
        [-0.00156281, -0.00147002, -0.00111358],
        [0.00130796, 0.00094465, -0.00057314],
        [0.0011048, -0.00051174, -0.00180714],
        [0.002974, -0.00026499, 0.00086052],
        [-0.00183015, 0.00172876, -0.00235821],
        [0.00026823, -0.00152132, 0.00117868],
        [-0.00027217, -0.00167135, -0.00216908],
        [0.00430341, 0.00195936, 0.00051231],
        [-0.00259565, -0.00239305, -0.00075267],
        [-0.00117789, -0.00193309, -0.00405948],
        [0.00079865, 0.00161391, -0.00306609],
        [-0.00330871, 0.00186977, -0.00173923],
        [0.00078072, -0.00124302, -0.00020662],
        [0.00060631, 0.00101108, -0.00293446],
        [-0.00219174, -0.00312294, 0.00140748],
        [-0.00098644, -0.00025765, -0.00025433],
        [-0.0004645, -0.00156936, 0.00035499],
        [-0.0035398, -0.00140121, -0.00199727],
        [0.00177598, -0.0002074, -0.00079458],
        [-0.00321198, 0.00457409, -0.00334434],
        [0.00056422, 0.00130816, -0.00306105],
        [0.00340453, -0.00227235, 0.00024227],
        [0.00039506, 0.00148893, 0.0003243],
        [0.00202124, -0.003921, -0.00106856],
        [-0.00331862, 0.00212921, 0.00220536],
        [-0.00011096, -0.00133364, -0.00084365],
        [0.00044917, 0.00214601, -0.00029176],
        [0.00202552, 0.00079133, -0.00094034],
        [0.00188591, 0.00031145, -0.00090913],
        [0.00241328, 0.00141581, 0.00011537],
        [0.00054628, -0.00206642, 0.00183489],
        [-0.00071684, -0.00111228, 0.00080981],
        [-0.00403665, 0.00154704, 0.00125965],
        [-0.00129295, -5.859e-05, -0.00068354]
    ],
    "relaxed_lattice": [
        [-4.97710283, -14.38854779, -8.38466473],
        [-7.61326854, -0.08808248, -4.18507783],
        [-0.07750395, -0.11372835, -8.70105148]
    ],