{
    "atom_type": [
        "Na",
        "V",
        "P",
        "O"
    ],
    "atoms_per_type": [
        8,
        8,
        12,
        48
    ],
    "coord_mode": "direct",
    "relaxed_basis": [
        [0.24669072, 0.51222979, 0.49739844],
        [0.75085398, 0.49655414, 0.50072065],
        [0.99924736, 0.03284814, 0.97398377],
        [0.33002134, 0.25377793, 0.91196345],
        [0.94783683, 0.62225479, 0.24615098],
        [0.55262752, 0.36182249, 0.75313273],
        [0.37381908, 0.08923484, 0.34200265],
        [0.65561881, 0.75417305, 0.0743463],
        [0.32085498, 0.65578207, 0.64044907],
        [0.82287423, 0.64196515, 0.64080461],
        [0.07061058, 0.14184226, 0.14392605],
        [0.57634023, 0.14832262, 0.14472483],
        [0.17043454, 0.3618332, 0.36700626],
        [0.68227936, 0.34369149, 0.35693335],
        [0.42968256, 0.85220488, 0.86980315],
        [0.92941842, 0.85815882, 0.84723049],
        [0.12319933, 0.5335922, 0.96349508],
        [0.62549721, 0.53305197, 0.95105749],
        [0.48212292, 0.25044313, 0.54132413],
        [0.98224782, 0.24186907, 0.5411463],
        [0.26551717, 0.95974152, 0.25197992],
        [0.77603757, 0.96123234, 0.24558688],
        [0.2314223, 0.03711932, 0.75677887],
        [0.73225325, 0.03961428, 0.75451391],
        [0.37590982, 0.46744701, 0.0451076],
        [0.87497849, 0.46704865, 0.03795381],
        [0.01768856, 0.75396792, 0.45229447],
        [0.51869175, 0.75391321, 0.46886292],
        [0.4287176, 0.75741419, 0.47533366],
        [0.93876782, 0.71030602, 0.46862012],
        [0.241351, 0.86858783, 0.73019262],
        [0.74679795, 0.86971255, 0.72641702],
        [0.37377012, 0.49299503, 0.85922547],
        [0.86227151, 0.49738649, 0.86316949],
        [0.50297528, 0.21667505, 0.36597148],
        [0.00820024, 0.19240045, 0.37083412],
        [0.1878883, 0.98920986, 0.19582219],
        [0.6917303, 0.01887474, 0.18766034],
        [0.09943394, 0.37071594, 0.99857039],
        [0.60063898, 0.38013529, 0.9665184],
        [0.06322492, 0.27543955, 0.52846524],
        [0.5665065, 0.2749058, 0.52752818],
        [0.24931357, 0.1360791, 0.27768623],
        [0.76248889, 0.11537684, 0.29815578],
        [0.12015306, 0.5195604, 0.14758092],
        [0.64194958, 0.48917376, 0.12551623],
        [0.98986686, 0.80567124, 0.62105083],
        [0.50214432, 0.7734098, 0.64765657],
        [0.31507949, 0.98751858, 0.81243483],
        [0.81262655, 0.00076808, 0.81219169],
        [0.39421611, 0.62633128, 0.02978749],
        [0.89959755, 0.62545802, 0.01309466],
        [0.39102008, 0.42338841, 0.56257392],
        [0.89249637, 0.41823514, 0.53844276],
        [0.27128239, 0.78373402, 0.4286755],
        [0.78097511, 0.7728189, 0.40981694],
        [0.21774305, 0.52940015, 0.80201197],
        [0.71073243, 0.55838459, 0.77095908],
        [0.03322572, 0.92053263, 0.26675521],
        [0.5424398, 0.91982845, 0.28729823],
        [0.13491288, 0.08379503, 0.91274245],
        [0.63815712, 0.06554688, 0.92549702],
        [0.45974256, 0.27487505, 0.08123708],
        [0.95366097, 0.27456566, 0.08115952],
        [0.10998252, 0.58111207, 0.45007179],
        [0.60529863, 0.57417411, 0.44727818],
        [0.23602614, 0.20822342, 0.57394208],
        [0.7218095, 0.22574736, 0.59029519],
        [0.28833309, 0.43614286, 0.21606441],
        [0.78165749, 0.46771518, 0.20939455],
        [0.46149929, 0.08456232, 0.72369298],
        [0.96401182, 0.07914949, 0.72654934],
        [0.36093758, 0.9387304, 0.08564717],
        [0.87080633, 0.92897717, 0.08189884],
        [0.04355861, 0.72446976, 0.90952587],
        [0.54008531, 0.72240776, 0.93147986]
    ],
    "relaxed_energy": -785.8691892,
    "relaxed_forces": [
        [-0.001496, -0.00161188, -0.00235746],
        [0.00091178, -0.00332432, 0.00516943],
        [-0.00056227, -0.00125559, -0.0007484],
        [0.00017185, -0.00189098, 0.00425976],
        [0.00507068, -0.00405036, 0.00062277],
        [0.00088634, 0.00497589, -0.00631324],
        [-0.00034481, -0.00300282, 0.00119613],
        [0.00490637, 0.0007443, 0.00480915],
        [-0.0010364, 0.00215253, 2.391e-05],
        [-0.00023686, -0.00052226, -0.00225579],
        [-0.0015294, 0.00323986, 0.00069136],
        [-0.00306106, -0.00154636, -0.00079366],
        [-0.00035421, 0.00053818, -0.00099106],
        [0.0013371, -0.00051608, 0.00423924],
        [-0.00072808, -0.0001784, 0.00065],
        [-0.00019582, 0.00073181, 0.00085803],
        [-0.0001226, -0.00489727, 0.00096663],
        [0.00027925, 0.0015096, -0.00385298],
        [-3.967e-05, 0.00185921, 0.00460149],
        [-0.00312237, -0.00161491, -0.00060395],
        [-0.00190092, -0.00154622, -0.00365067],
        [0.00189716, -0.00142922, -0.00214844],
        [0.00057193, 0.00213703, 0.00210103],
        [0.00474077, 0.00431798, 0.00168086],
        [0.00182392, -0.00152505, -0.00239441],
        [-0.00024612, 0.00046893, -0.00066153],
        [0.00305264, -0.00077752, -0.00025119],
        [-0.00264159, 0.00469958, 0.00222071],
        [-0.00124035, 0.00125366, -0.00082475],
        [-0.0027509, -0.00368168, -0.00140709],
        [-0.00087135, 0.0030405, -0.00086263],
        [-0.00265459, 0.0008807, 0.00012149],
        [-0.00189849, -0.00106002, -0.00222562],
        [-0.00014835, -0.00241897, -0.00331458],
        [0.00315719, 0.00187681, -0.00023977],
        [-0.00033767, -0.00168787, 0.0014973],
        [-0.00219215, 0.00140919, 0.0007465],
        [-0.00116175, -0.00062893, -0.00156739],
        [0.00800483, 0.00347601, 0.00311511],
        [-0.0032555, 0.00108687, -0.0010744],
        [0.00265137, -0.00014565, 0.00124426],
        [0.0011611, -0.00136163, 0.00078698],
        [0.00227077, -0.00238321, -0.00028528],
        [-0.00192731, 0.0001603, 0.00076088],
        [0.00010166, -0.00010185, 0.0012813],
        [0.00311437, 0.00104014, -0.00185528],
        [-0.0006254, 0.00068204, -0.00692126],
        [-0.00274021, 0.00043112, -0.003482],
        [0.0019908, -0.00179359, -0.00084717],
        [0.00124612, -0.00655025, -0.00387224],
        [-0.0025985, -0.00168894, -0.00267108],
        [-0.00647372, -0.00277324, 0.00040918],
        [-0.0004212, -0.00103713, -5.26e-06],
        [0.00147341, -0.00130849, 0.00157364],
        [-0.00063055, 0.00024982, 0.00043682],
        [-0.00303607, 0.00323761, 0.00442994],
        [0.00378718, 0.00013981, 0.00051461],
        [0.00412415, 0.00852799, 5.664e-05],
        [-0.00507809, -0.00139332, 4.744e-05],
        [-0.00083378, -0.00195226, 0.00189457],
        [0.00018208, 0.0004223, -0.00221809],
        [0.00099658, 0.00181032, 0.00048344],
        [0.0011392, -0.00135369, -0.00127927],
        [-0.00265241, 0.00047146, -0.00038512],
        [-0.00253532, 0.00297781, -0.00116156],
        [-1.5e-07, 0.00169988, -0.0004874],
        [-0.00310953, -0.00060519, -0.00217576],
        [0.00150892, -0.00170399, -0.0002526],
        [-0.00271187, -0.00393465, -0.00140327],
        [-0.00097205, 0.00210537, -0.00066292],
        [0.00371064, 0.00319211, -4.919e-05],
        [0.0063567, 0.00127368, -0.0024534],
        [0.00100879, -0.0024197, 0.00461812],
        [-1.487e-05, 0.00048229, 0.00672761],
        [-0.00185433, 0.00378237, 0.00341044],
        [-0.00129103, -0.00141156, 0.00276035]
    ],
    "relaxed_lattice": [
        [-5.2759357, -14.19251206, -8.5105799],
        [-7.64723531, -0.15275634, -4.2817598],
        [-0.25374311, -0.1448133, -8.70299301]
    ],