{
    "atom_type": [
        "Na",
        "V",
        "P",
        "O"
    ],
    "atoms_per_type": [
        10,
        8,
        12,
        48
    ],
    "coord_mode": "direct",
    "relaxed_basis": [
        [0.25227595, 0.50561234, 0.49846866],
        [0.73947096, 0.49084055, 0.5244618],
        [0.50197334, 0.01836587, 0.97324474],
        [8.31e-06, 0.99302752, 0.00783707],
        [0.80576743, 0.24953139, 0.89723201],
        [0.93884258, 0.60978598, 0.25021369],
        [0.06215038, 0.38662618, 0.75200656],
        [0.3743816, 0.12100641, 0.37096783],
        [0.19638026, 0.75227209, 0.12085277],
        [0.68944233, 0.7489668, 0.11683851],
        [0.3244901, 0.63962815, 0.63688116],
        [0.82172861, 0.64736735, 0.6456127],
        [0.07693648, 0.14537265, 0.14360368],
        [0.56919608, 0.14285319, 0.14554197],
        [0.17870934, 0.35194427, 0.3584014],
        [0.67290799, 0.3559589, 0.35839266],
        [0.42963966, 0.85912326, 0.85675539],
        [0.92660795, 0.85944027, 0.85148046],
        [0.12719594, 0.54620979, 0.95275168],
        [0.62270425, 0.544994, 0.9644797],
        [0.47423429, 0.249117, 0.53831799],
        [0.98235513, 0.25078182, 0.54951055],
        [0.27596761, 0.95498833, 0.24711252],
        [0.76558594, 0.952023, 0.25317665],
        [0.23496655, 0.03854931, 0.74852279],
        [0.72899457, 0.04858705, 0.75087811],
        [0.37585455, 0.46343898, 0.03187852],
        [0.87537741, 0.45152992, 0.04647479],
        [0.02086904, 0.75170272, 0.45102477],
        [0.51802949, 0.74544439, 0.46301145],
        [0.43837718, 0.68453429, 0.50159067],
        [0.9457033, 0.70156556, 0.46245112],
        [0.26017951, 0.8772776, 0.68842308],
        [0.75591263, 0.86318766, 0.72645391],
        [0.34858423, 0.49976072, 0.87260761],
        [0.85852777, 0.47518727, 0.87749259],
        [0.48260908, 0.19786158, 0.38412367],
        [0.00759845, 0.22370099, 0.36925224],
        [0.19589073, 0.98449162, 0.19707757],
        [0.6869572, 0.96164759, 0.21236978],
        [0.11150517, 0.37838449, 0.96850223],
        [0.60436353, 0.36834647, 0.01834307],
        [0.0604793, 0.29712269, 0.53789289],
        [0.55678921, 0.29961687, 0.49075452],
        [0.25722801, 0.11717108, 0.30117516],
        [0.7461756, 0.13497517, 0.26848055],
        [0.14657049, 0.51015165, 0.12219544],
        [0.64113316, 0.54117532, 0.1214172],
        [0.99641226, 0.78731565, 0.62698928],
        [0.49218237, 0.80665084, 0.62403367],
        [0.31318689, 0.00152402, 0.80965283],
        [0.80482482, 0.04426553, 0.79465496],
        [0.39490385, 0.63184581, 0.00258673],
        [0.89430481, 0.62351349, 0.01080328],
        [0.38166223, 0.41515548, 0.56689234],
        [0.8871698, 0.41425336, 0.56930846],
        [0.28736671, 0.76858649, 0.41157373],
        [0.78051107, 0.77256707, 0.42312071],
        [0.2090866, 0.58430717, 0.76640706],
        [0.70862991, 0.55271348, 0.78414076],
        [0.04009335, 0.91538398, 0.26765696],
        [0.52180837, 0.91254039, 0.27638065],
        [0.14068555, 0.05233771, 0.9114094],
        [0.63582326, 0.05845125, 0.92091611],
        [0.45621035, 0.27710789, 0.05772506],
        [0.96276018, 0.27434687, 0.06250813],
        [0.11626176, 0.58468248, 0.43702778],
        [0.61240083, 0.58955406, 0.44068785],
        [0.22704497, 0.22675655, 0.5854192],
        [0.71242392, 0.22209877, 0.58083137],
        [0.29172699, 0.44211893, 0.22074314],
        [0.78934164, 0.43799001, 0.22579623],
        [0.46609693, 0.08296969, 0.72532251],
        [0.96759924, 0.08369085, 0.73200185],
        [0.3684463, 0.93965745, 0.07932436],
        [0.86160427, 0.9252047, 0.08869686],
        [0.03933949, 0.72090944, 0.94567631],
        [0.53904256, 0.7266125, 0.92493256]
    ],
    "relaxed_energy": -800.93224652,
    "relaxed_forces": [
        [-0.00244688, -0.00086158, 0.00029773],
        [-0.00105847, 0.00059202, -0.00093716],
        [-0.00140415, 0.00108361, -0.00066646],
        [-0.00068845, 0.00207999, 0.00271047],
        [0.00120636, -0.00107171, 0.00415258],
        [0.00191876, 0.00064448, -0.0001538],
        [-0.00336626, 0.00110008, 1.49e-05],
        [0.00110556, 0.00013068, -0.00212089],
        [0.00187078, 0.00283902, 0.00511163],
        [-0.00048221, 0.00078281, -0.00091912],
        [-0.002988, 0.00231618, 0.00103463],
        [0.00113195, -0.00195117, 0.00597293],
        [0.00593927, 0.00069266, -0.00195287],
        [0.0014482, -0.00320008, -0.00025751],
        [0.00384883, 0.00738844, -0.00404138],
        [0.00032216, -0.00169505, 5.798e-05],
        [-0.00145223, 9.36e-05, 0.00316329],
        [-0.00132758, -0.00462341, 0.00155912],
        [0.00048283, 0.00123983, 0.00334962],
        [-0.00193136, -0.00265619, -0.00085917],
        [0.00157721, -0.00110402, 0.00041505],
        [0.00104229, -0.00796942, -0.00110369],
        [0.00028023, -0.00134748, 0.00069513],
        [-0.00099618, -0.00323207, 0.00069927],
        [0.00267319, 0.00071475, -4.98e-05],
        [-0.00209666, 0.00229016, 0.00265473],
        [-0.00214363, -0.00259713, -0.00308571],
        [-0.00175084, 0.0010673, 0.0013772],
        [0.00305479, 0.00034018, 0.00148076],
        [0.00165848, 0.00246273, 6.825e-05],
        [-0.00028382, 0.00142444, 0.00153107],
        [-0.00021861, -0.00230959, -0.00220566],
        [-0.00274584, 0.00044271, -0.00163792],
        [0.00353176, 0.00434564, 0.00284228],
        [-0.00144663, -0.00138754, 0.00167692],
        [0.00224645, 0.00062724, -0.00076825],
        [-0.00022168, -3.31e-06, 0.00099733],
        [-0.00624389, 0.00257666, -0.00111428],
        [-0.00057575, 0.00240804, 0.00134674],
        [-0.00072938, -0.00114046, 0.00088194],
        [0.00036777, -0.00226496, -0.00029876],
        [-0.00017508, 0.0004508, -0.00254947],
        [0.0003152, 0.00381504, 0.00098164],
        [-0.00123971, 0.00093199, -0.00167405],
        [0.00062208, -0.00062543, -0.00100773],
        [-0.00101941, -0.0004995, -0.00015409],
        [0.00026206, -0.00046607, -0.00025],
        [0.0006981, 0.0014023, -0.00075228],
        [0.00022144, -0.00377276, 0.00200831],
        [0.00093079, -0.00076448, -0.00020485],
        [0.00095726, 0.00081472, 0.00100042],
        [0.00721831, 0.0002986, 0.00262545],
        [-0.00141533, -0.00010247, -0.00319766],
        [-0.00299497, -0.00290583, -0.00256503],
        [-0.00080708, -0.00093351, -0.00248892],
        [0.00149287, 2.992e-05, -0.00104438],
        [0.00021123, -0.00066642, -0.00291596],
        [-0.00121995, -0.00251901, 0.00082276],
        [-0.00011681, -0.00346035, -0.00410116],
        [0.00129405, 0.00057356, -0.0022009],
        [-0.00240404, 0.00056449, 0.00396027],
        [-0.00081352, -0.00286754, -0.00104506],
        [0.00044958, -0.00202222, -0.00245332],
        [-0.00101767, 0.00067557, -0.00269511],
        [-9.969e-05, 0.00104602, -0.00335995],
        [0.00120687, 0.0012107, 0.00167165],
        [-0.00031484, 0.00010184, 0.00485693],
        [-0.00110847, 0.00167823, -0.00189664],
        [-0.00481116, -0.00040724, -0.00238122],
        [-0.00129645, 0.00089255, 5.901e-05],
        [-0.00038406, -0.00027342, -0.00145269],
        [0.00104819, 0.00138198, 8.697e-05],
        [-0.00104529, -0.00032149, -0.00324236],
        [0.00464296, 0.00029946, 0.00368569],
        [0.00024624, 0.00245179, -0.00356427],
        [0.00101543, -6.821e-05, 0.00137774],
        [0.00112588, 0.0012225, 0.00051001],
        [-0.00078337, 0.00256582, 0.00163111]
    ],
    "relaxed_lattice": [
        [-5.01663328, -14.3257106, -8.43085514],
        [-7.57944996, -0.10122883, -4.18283928],
        [-0.14862976, -0.12131358, -8.67780833]
    ],