{
    "atom_type": [
        "Na",
        "V",
        "P",
        "O"
    ],
    "atoms_per_type": [
        9,
        8,
        12,
        48
    ],
    "coord_mode": "direct",
    "relaxed_basis": [
        [0.24627053, 0.47582139, 0.52822749],
        [0.7500543, 0.51658417, 0.48143113],
        [0.48998755, 0.02103865, 0.00368806],
        [0.0086347, 0.00137286, 0.97876897],
        [0.62380823, 0.88384991, 0.62597638],
        [0.80797329, 0.24830126, 0.87661051],
        [0.43951752, 0.62711598, 0.25098944],
        [0.8759747, 0.11163064, 0.38091781],
        [0.195637, 0.75082164, 0.11375994],
        [0.32163464, 0.63763326, 0.64949602],
        [0.82218733, 0.64301439, 0.64478079],
        [0.07197657, 0.14924118, 0.13877057],
        [0.56954102, 0.14214235, 0.14823157],
        [0.17646129, 0.35216262, 0.35599175],
        [0.67879611, 0.36349186, 0.35575365],
        [0.42351719, 0.86355293, 0.85541235],
        [0.93481206, 0.84666839, 0.85336879],
        [0.1272329, 0.54122822, 0.96244495],
        [0.6225663, 0.54162867, 0.9622721],
        [0.48060212, 0.24705997, 0.54047621],
        [0.97722587, 0.25137104, 0.53435703],
        [0.26697415, 0.95660106, 0.253552],
        [0.77274205, 0.96409791, 0.24661605],
        [0.22902515, 0.04224271, 0.74671738],
        [0.72820575, 0.04202941, 0.75533109],
        [0.3753954, 0.45409551, 0.04712149],
        [0.87673691, 0.45570533, 0.03559643],
        [0.02288216, 0.74918243, 0.45957062],
        [0.52126811, 0.74929214, 0.4589654],
        [0.4397828, 0.70238926, 0.4885931],
        [0.93455454, 0.71977638, 0.5013284],
        [0.24342311, 0.8646379, 0.72779474],
        [0.73723151, 0.87834892, 0.71680706],
        [0.35684663, 0.48534357, 0.87838164],
        [0.84856178, 0.47614643, 0.88272994],
        [0.50128442, 0.1889083, 0.3766311],
        [0.98888041, 0.19541126, 0.37956435],
        [0.18829372, 0.97765197, 0.20553648],
        [0.68771694, 0.0132645, 0.19935871],
        [0.10101938, 0.37247127, 0.01561565],
        [0.5938475, 0.37983868, 0.00661114],
        [0.05992587, 0.30586441, 0.48433484],
        [0.56533475, 0.28641868, 0.50113836],
        [0.24566572, 0.12886389, 0.29476953],
        [0.76368814, 0.12700867, 0.28745361],
        [0.1526433, 0.51625105, 0.12334081],
        [0.65046887, 0.50365143, 0.12177805],
        [0.01275438, 0.8013898, 0.61429987],
        [0.50631916, 0.79527597, 0.62345424],
        [0.31117091, 0.02644347, 0.77836176],
        [0.81354997, 0.00734011, 0.79233253],
        [0.39265701, 0.62382345, 0.02248036],
        [0.90468499, 0.62149356, 0.98169473],
        [0.39075419, 0.41668537, 0.54358934],
        [0.88405722, 0.4166685, 0.55968698],
        [0.28216444, 0.77150506, 0.41944855],
        [0.77461452, 0.78426208, 0.42094449],
        [0.2119191, 0.54753665, 0.78058951],
        [0.70467161, 0.55671273, 0.77237621],
        [0.03445531, 0.91395796, 0.26703042],
        [0.5328297, 0.91700596, 0.27197478],
        [0.13736524, 0.06713247, 0.91809032],
        [0.63579565, 0.07522886, 0.922446],
        [0.45712861, 0.2691225, 0.07717205],
        [0.9592776, 0.26830226, 0.06050427],
        [0.1145538, 0.58156872, 0.43186408],
        [0.61420129, 0.58387931, 0.43617742],
        [0.21140274, 0.22299797, 0.5770215],
        [0.7230961, 0.22300542, 0.58037782],
        [0.28817531, 0.43730938, 0.23015713],
        [0.79737237, 0.43722188, 0.22731137],
        [0.47142788, 0.08074261, 0.72625432],
        [0.96705461, 0.08968944, 0.72566663],
        [0.36151601, 0.93617247, 0.08875761],
        [0.86425091, 0.93845958, 0.07813027],
        [0.04492034, 0.72443933, 0.94061047],
        [0.54063772, 0.72976069, 0.94398548]
    ],
    "relaxed_energy": -793.36978391,
    "relaxed_forces": [
        [0.00101604, -0.00132089, -0.00083669],
        [0.0008664, -8.943e-05, 0.00020848],
        [-0.00023611, -0.00038975, 6.246e-05],
        [-0.00183947, -0.0007527, 8.455e-05],
        [-0.00071219, 0.00054412, -0.00057674],
        [-0.00083725, 0.00098966, -0.00086291],
        [-0.00178115, -0.0004312, -0.00135944],
        [-0.00073614, -0.00093298, 0.00144622],
        [0.00037697, 0.00186117, -0.00012716],
        [0.00293685, -0.00033537, 0.00197534],
        [-0.00056088, -0.000541, 0.00184782],
        [0.00066749, 0.00257973, 0.00027357],
        [-0.00428234, -0.00458046, -0.00053129],
        [-0.00049613, 0.00312392, -0.00105481],
        [-0.00043361, -0.00326675, 0.00022223],
        [-0.00200104, 0.0009822, -0.00050542],
        [0.00051551, -0.00011156, -0.00048858],
        [0.00278799, -0.00029641, -0.00184343],
        [0.00062943, -0.00111361, 0.00099734],
        [0.00208682, 0.00187206, -0.00238354],
        [0.00032544, 0.00095733, 2.136e-05],
        [-0.00045905, 0.00214315, -0.00030033],
        [-0.00145689, 0.00194625, 0.00208869],
        [0.00125728, 0.00016713, 0.00061973],
        [0.00035621, 0.00027854, 0.00115524],
        [-0.00201969, -0.00098933, -0.00227155],
        [0.00094059, -1.544e-05, 0.00088059],
        [0.00048297, 0.00069793, 0.00293972],
        [-0.00076838, -0.0020922, 0.00112111],
        [0.00241046, -0.0007445, 0.00091805],
        [0.00071091, 0.00104447, 8.622e-05],
        [4.516e-05, 0.002235, -0.00069543],
        [-0.00065324, -0.00073434, -0.00054287],
        [-0.00056899, -0.00079825, 0.00200904],
        [-0.00049452, 0.00013149, 0.00224191],
        [-0.00104897, -0.0015366, 0.00048467],
        [0.00110598, 0.00011862, 0.00159293],
        [0.00122783, 0.00025706, -0.0004424],
        [-0.0022863, 0.00074781, -0.00025953],
        [0.00012697, 0.00100369, 0.00025113],
        [0.00149533, 1.746e-05, -0.00171429],
        [-0.00029426, 0.00035818, -0.0011528],
        [0.00267508, 0.00336732, 0.00152884],
        [-0.00081916, 0.0027322, 8.006e-05],
        [0.00065217, -0.00120858, 0.00039001],
        [-0.00102901, 0.00198694, -0.00047277],
        [0.0013204, -0.00053701, 0.00137551],
        [-0.00056038, -0.00069809, 0.00307723],
        [-0.00201836, 0.00199653, -0.00249592],
        [-0.00126617, -0.00128824, -0.0007604],
        [0.00035464, -0.00257508, 5.262e-05],
        [0.00152864, 0.00120788, 0.0001639],
        [0.00250931, -0.00122246, -0.00048863],
        [-0.00132669, 0.00083131, -0.00288064],
        [0.00116313, -0.00088981, -0.00073131],
        [0.00252579, 0.00160447, -0.00070558],
        [-5.936e-05, -0.0002799, 0.00146068],
        [0.00039987, -0.00229096, 0.00077168],
        [0.00142513, -0.00274207, -0.00118253],
        [-0.00072134, 0.00018106, -0.00048047],
        [0.0003957, -0.00059763, 0.00093504],
        [-0.00104869, 0.00035495, 0.00128332],
        [-0.00116272, 0.00086196, -0.00065781],
        [-0.00179018, 0.0012678, -0.00219848],
        [0.00165497, -0.00135063, -6.089e-05],
        [0.00041596, 9.694e-05, -0.00143664],
        [9.148e-05, -0.00033387, 0.00176989],
        [-9.908e-05, 0.0013528, -0.00026199],
        [0.00077457, -0.00341245, -0.00065432],
        [-0.00199686, 0.0003115, -0.00190809],
        [-0.00031137, -0.00205514, 0.0003315],
        [0.00219173, 0.00156264, -0.00027578],
        [-0.00203661, 0.00021407, 0.00027252],
        [-0.00214462, 0.00315012, 0.00028328],
        [0.00041828, -0.00209018, -0.00111144],
        [0.00152988, -0.00081532, -0.00046916],
        [-0.00203817, -0.00167729, -0.00012243]
    ],
    "relaxed_lattice": [
        [-5.05108952, -14.31947503, -8.40019075],
        [-7.57260864, -0.10066621, -4.17702542],
        [-0.17711932, -0.12683075, -8.63569777]
    ],