{
    "atom_type": [
        "Na",
        "V",
        "P",
        "O"
    ],
    "atoms_per_type": [
        12,
        8,
        12,
        48
    ],
    "coord_mode": "direct",
    "relaxed_basis": [
        [0.25440265, 0.47941434, 0.51206795],
        [0.75650763, 0.50679365, 0.48240506],
        [0.47689966, 0.02866362, 0.02117326],
        [0.00936546, 0.98434336, 0.98943672],
        [0.62222657, 0.88556865, 0.62142684],
        [0.80811399, 0.24998775, 0.87806488],
        [0.44074361, 0.62203553, 0.24961745],
        [0.06020938, 0.38025674, 0.74933983],
        [0.55578756, 0.39102345, 0.7545334],
        [0.8789145, 0.11679308, 0.3788314],
        [0.19247813, 0.74587058, 0.11413541],
        [0.68929683, 0.7527929, 0.10713216],
        [0.3205413, 0.6386168, 0.64833924],
        [0.82544563, 0.6425815, 0.63534035],
        [0.07489756, 0.14302469, 0.144903],
        [0.57177462, 0.14318843, 0.14982441],
        [0.1777886, 0.34957233, 0.35459804],
        [0.67573215, 0.35712869, 0.35831412],
        [0.42138235, 0.86901511, 0.85752043],
        [0.93325997, 0.85236615, 0.8541351],
        [0.12653688, 0.53987738, 0.95670938],
        [0.62309373, 0.54953006, 0.95318015],
        [0.48202258, 0.24909233, 0.55129538],
        [0.97776949, 0.25104448, 0.54342491],
        [0.26846397, 0.94710431, 0.25639364],
        [0.77234342, 0.95567774, 0.24505651],
        [0.22974802, 0.04239163, 0.74851442],
        [0.72992387, 0.04501228, 0.75083258],
        [0.37513993, 0.45917507, 0.04710196],
        [0.8739906, 0.45517152, 0.0362766],
        [0.02194348, 0.75159755, 0.45439664],
        [0.52011345, 0.75285487, 0.45652317],
        [0.44223175, 0.69688025, 0.48749805],
        [0.93906275, 0.70790443, 0.48895047],
        [0.2467067, 0.86815265, 0.72237619],
        [0.74621061, 0.87900133, 0.70715662],
        [0.36401278, 0.48797066, 0.86991036],
        [0.84791621, 0.4770514, 0.87943326],
        [0.51688046, 0.1857475, 0.38511773],
        [0.99424486, 0.19819066, 0.38216872],
        [0.19259119, 0.96163012, 0.2050173],
        [0.69510601, 0.98027535, 0.1885368],
        [0.09986027, 0.37878303, 0.99247992],
        [0.60401631, 0.38251504, 0.98336423],
        [0.05483383, 0.31027689, 0.51107981],
        [0.56063181, 0.30002562, 0.53299245],
        [0.24423546, 0.11513735, 0.30191099],
        [0.74823547, 0.12470747, 0.29511281],
        [0.14668747, 0.51736946, 0.1207582],
        [0.64331096, 0.52221573, 0.11939181],
        [0.00045725, 0.80998712, 0.61403824],
        [0.50358744, 0.79864548, 0.62220062],
        [0.3098306, 0.02360506, 0.79105109],
        [0.8094566, 0.01356725, 0.80370791],
        [0.39382382, 0.62394697, 0.02466702],
        [0.89315607, 0.62468478, 0.99409315],
        [0.39283259, 0.41539678, 0.54407084],
        [0.88254032, 0.41291097, 0.56387373],
        [0.28644656, 0.76131555, 0.41631784],
        [0.77566723, 0.78042901, 0.41807439],
        [0.21197303, 0.54992804, 0.77719699],
        [0.70534373, 0.57134687, 0.76729654],
        [0.0323386, 0.91394136, 0.26685539],
        [0.53554989, 0.90848856, 0.26847044],
        [0.13596312, 0.06731415, 0.91575998],
        [0.63481766, 0.07070604, 0.91069029],
        [0.45933332, 0.27772307, 0.07242485],
        [0.95631001, 0.27172097, 0.0593444],
        [0.11362536, 0.585747, 0.44108126],
        [0.61484188, 0.5853232, 0.44110821],
        [0.21316296, 0.2255537, 0.5872592],
        [0.72444507, 0.22599469, 0.5819706],
        [0.28915655, 0.43957977, 0.22304266],
        [0.79118287, 0.43484172, 0.22419931],
        [0.47177822, 0.08708932, 0.7339661],
        [0.96495194, 0.09380679, 0.73171324],
        [0.36353578, 0.92864731, 0.092931],
        [0.86519629, 0.94249263, 0.08364302],
        [0.04477517, 0.72429155, 0.92849869],
        [0.54016159, 0.73272876, 0.93269589]
    ],
    "relaxed_energy": -815.55054116,
    "relaxed_forces": [
        [0.0010935, 0.00082565, 8.952e-05],
        [-0.00040648, 0.00034888, 0.00043333],
        [0.00084238, 0.00088082, -0.00099372],
        [0.00082024, 0.00106676, 9.907e-05],
        [0.00062579, -0.00084018, 0.00077288],
        [0.00062319, 0.00044982, 0.00235048],
        [0.00071409, 0.00137067, -0.0034794],
        [0.00140458, 0.00072914, 0.00404555],
        [0.00018384, -0.0015705, -0.00203559],
        [-0.00039712, -0.0005929, -0.00146321],
        [0.00093372, 4.119e-05, 0.00202344],
        [-0.00123146, 0.00093012, -0.00309084],
        [0.00126246, 0.00233566, 0.00106173],
        [-0.0016503, -0.00072605, 0.00096401],
        [-0.00270185, 0.00370763, -0.00292223],
        [0.00197305, 0.00384052, -0.00452226],
        [-0.0007164, 0.00101907, -0.00190445],
        [-0.00016869, -0.00151286, 0.00013551],
        [-0.00028384, -0.00360864, 0.00052353],
        [-0.00068571, -0.00199681, 0.00197346],
        [-0.00245057, -0.00340993, -0.00098893],
        [0.0013633, -0.0017691, -0.00036432],
        [0.00304751, 0.00085067, -0.00098229],
        [-0.00138129, 0.00202121, -0.00067819],
        [8.561e-05, 0.00202927, 0.00434766],
        [-0.00037833, -0.00059894, -0.00090511],
        [0.00275873, -0.00107745, 0.00052201],
        [0.00037803, 0.00134217, 0.00093163],
        [-0.00447775, -0.00237627, -0.00455118],
        [0.00136235, -0.00200334, 0.00078339],
        [-0.00060889, -0.00015037, 0.00048904],
        [0.00118489, -0.00093188, 5.715e-05],
        [0.00393274, 0.00199441, 0.00025699],
        [0.0019865, 0.00106814, -0.0004779],
        [-0.00579829, 0.00261808, -0.00452313],
        [-0.001705, 0.00207193, 0.00040571],
        [0.00021428, -0.00179076, 0.00215429],
        [0.00033257, 0.00040331, 0.00037311],
        [-0.00141041, -0.00438544, -0.00146561],
        [0.00188558, 0.00159469, 0.00065759],
        [-0.00311243, 0.00245596, -0.00191925],
        [0.00057464, 0.00089402, -0.00107065],
        [-0.00142329, -0.0013131, 0.00506883],
        [-0.00017603, -0.00043036, -0.00086323],
        [-0.00097143, -0.00138602, -0.00029956],
        [0.00325641, -0.00018201, -0.00018225],
        [0.00122533, 0.00187907, 0.00206368],
        [-0.00102138, -0.0023318, 0.00112983],
        [0.00061005, -0.00120325, 0.00126394],
        [-0.00035053, 0.00046278, -0.00057313],
        [0.00098701, -0.00027236, 0.00205178],
        [0.00223412, 9.959e-05, 0.00092767],
        [-0.00400791, -0.00127658, -0.00712343],
        [0.00150009, -0.00036983, 0.00029952],
        [0.00265404, 0.00236682, 0.00611901],
        [6.04e-05, -0.00314249, 0.00099084],
        [0.00214828, 0.00169951, 0.00222984],
        [0.00122833, 0.00018342, 0.00250099],
        [4.409e-05, 0.00137925, 0.00190469],
        [-0.00036085, 0.00090726, -0.00082246],
        [-0.00324276, -0.00147387, -0.0052575],
        [-0.00264163, -0.0009429, -0.00081028],
        [0.00113795, 0.00194112, 0.00444954],
        [0.00103127, 0.00356987, -0.00167267],
        [0.00113062, -0.0015665, 0.00074556],
        [0.00027347, 0.00019903, -0.00167311],
        [-0.00027718, -0.00085525, -0.00210289],
        [-0.00048812, 0.00024901, -0.00069316],
        [-0.00125315, 0.0016766, 3.895e-05],
        [0.00113159, 0.00194769, 0.00077342],
        [-0.00615084, 0.00136448, 0.00392213],
        [-0.0009136, 0.00038992, -0.00071127],
        [0.001239, 0.00059129, -0.00117846],
        [-0.00075005, -0.00131179, -0.00070857],
        [0.00145693, -0.00207504, 0.0006826],
        [0.00010075, 0.00041988, 0.00274989],
        [-0.00027328, -0.00315828, -0.00228586],
        [0.00132346, -0.00101588, 0.00035932],
        [-0.00158499, -0.00320126, 0.00157448],
        [0.00109505, -0.00136637, -0.0020015]
    ],
    "relaxed_lattice": [
        [-5.13239753, -14.40624349, -8.26214492],
        [-7.66157464, -0.08313219, -4.14038115],
        [-0.11921076, -0.14465583, -8.6538714]
    ],