{
    "atom_type": [
        "Na",
        "V",
        "P",
        "O"
    ],
    "atoms_per_type": [
        10,
        8,
        12,
        48
    ],
    "coord_mode": "direct",
    "relaxed_basis": [
        [0.25214227, 0.4925606, 0.50116447],
        [0.74553066, 0.50285464, 0.51287616],
        [0.49577372, 0.98792135, 0.0174893],
        [0.00290474, 0.02903302, 0.9640306],
        [0.30579652, 0.2468188, 0.89469695],
        [0.94525567, 0.61604516, 0.24946539],
        [0.55962851, 0.38341213, 0.75357956],
        [0.87509607, 0.11384724, 0.37283543],
        [0.19081397, 0.7487957, 0.1185965],
        [0.69100169, 0.74990641, 0.11879238],
        [0.32588379, 0.64462505, 0.64041556],
        [0.82016096, 0.63835552, 0.64360234],
        [0.07461754, 0.13676362, 0.14425051],
        [0.56981449, 0.14674091, 0.15143911],
        [0.17392155, 0.35559897, 0.36006834],
        [0.67697357, 0.35702683, 0.35492732],
        [0.4296636, 0.86005089, 0.8557739],
        [0.92682319, 0.86121762, 0.85066807],
        [0.1263642, 0.547085, 0.9562925],
        [0.6232786, 0.54463477, 0.95914866],
        [0.48028322, 0.25333339, 0.55025369],
        [0.97579207, 0.24444976, 0.5376879],
        [0.26785774, 0.95448505, 0.2542918],
        [0.77292779, 0.95614839, 0.24547477],
        [0.23382748, 0.04194498, 0.74763891],
        [0.72985017, 0.04043117, 0.75042071],
        [0.37308598, 0.45675822, 0.04026982],
        [0.87840944, 0.46002113, 0.03719966],
        [0.01861182, 0.74291774, 0.45920348],
        [0.52104391, 0.75554649, 0.46104327],
        [0.44116554, 0.69605841, 0.50184496],
        [0.94112786, 0.68904306, 0.48209579],
        [0.25903474, 0.85845538, 0.7222966],
        [0.75323668, 0.87907836, 0.69679584],
        [0.35244444, 0.47467447, 0.87502836],
        [0.8538241, 0.5014786, 0.87360884],
        [0.50112026, 0.20513216, 0.38641277],
        [0.98954087, 0.19114392, 0.37968025],
        [0.18902224, 0.95525433, 0.21909927],
        [0.69281022, 0.98851303, 0.19314046],
        [0.11132607, 0.36771917, 0.00849044],
        [0.60118124, 0.38049304, 0.98817476],
        [0.05707189, 0.29959287, 0.49243142],
        [0.55919728, 0.30745179, 0.52360583],
        [0.2446319, 0.14013497, 0.26719931],
        [0.75939309, 0.1153208, 0.29313268],
        [0.14079688, 0.5418169, 0.12057798],
        [0.64704194, 0.51436487, 0.1235688],
        [0.98837776, 0.80296143, 0.62622223],
        [0.50317631, 0.80774646, 0.62050248],
        [0.31065672, 0.03416675, 0.79294429],
        [0.81005237, 0.00394842, 0.80888455],
        [0.39155954, 0.63083942, 0.98865209],
        [0.89914863, 0.62384365, 0.01570696],
        [0.38528407, 0.42059214, 0.56819682],
        [0.88410249, 0.41096431, 0.55360131],
        [0.28176639, 0.78277768, 0.43214374],
        [0.78681627, 0.76574821, 0.40505463],
        [0.21196039, 0.5605647, 0.77446626],
        [0.70688205, 0.56610727, 0.7748303],
        [0.02699233, 0.91057781, 0.27201771],
        [0.53347463, 0.91371243, 0.27005909],
        [0.1410696, 0.05329563, 0.91733271],
        [0.63581055, 0.06176738, 0.91295047],
        [0.45838194, 0.2768083, 0.05922809],
        [0.960021, 0.27408458, 0.06205682],
        [0.11364251, 0.58713466, 0.44500377],
        [0.61454792, 0.58857981, 0.44367874],
        [0.21885854, 0.21585909, 0.57642367],
        [0.72327621, 0.22752869, 0.5834538],
        [0.28759692, 0.4438091, 0.22144204],
        [0.79386137, 0.43824723, 0.22468183],
        [0.46446325, 0.09763155, 0.74222498],
        [0.96833489, 0.0778629, 0.72329113],
        [0.36059484, 0.93135122, 0.08915858],
        [0.8684096, 0.93006476, 0.07861244],
        [0.04061993, 0.72552896, 0.925137],
        [0.53973883, 0.7271988, 0.94101601]
    ],
    "relaxed_energy": -800.89310004,
    "relaxed_forces": [
        [3.32e-05, 6.187e-05, 0.0002555],
        [0.00048896, 0.00116472, 0.00226185],
        [0.00010707, -0.00110527, -0.00029488],
        [0.0007841, 0.0007939, -0.00012502],
        [-0.00195338, -0.00253376, -0.00212906],
        [-4.214e-05, 9.743e-05, -0.00031811],
        [0.00191711, 0.00022243, 0.00013786],
        [0.0007174, 0.00129688, 0.00119519],
        [0.00025048, 0.00200345, 0.00142085],
        [0.00077987, -0.00296501, -0.00086086],
        [-0.00489267, 0.00357586, 0.00279634],
        [-0.0013627, -0.00035793, -0.00403426],
        [0.00100617, 0.00134001, -0.00420164],
        [0.00246167, -0.00436985, -0.00292308],
        [-0.00150194, 0.00286277, -0.00280025],
        [0.00231999, -0.00109939, -0.00379084],
        [0.00196242, -0.00061542, 0.00606389],
        [-0.00293064, -0.0015989, 0.00745396],
        [-0.00179909, -0.00282585, -0.0003438],
        [0.00112732, 0.00230118, -6.22e-06],
        [0.0023066, -0.00077595, 0.00021098],
        [-0.00404901, -0.00123317, -0.00237168],
        [0.00110652, 0.00015077, -0.00096554],
        [-0.003138, 0.0017829, 0.00315464],
        [-0.00314755, -0.00314352, -0.00045152],
        [-0.00252652, 0.00197066, -0.00154765],
        [-0.001106, 0.00052504, 0.0006539],
        [-0.00144675, 0.00180647, 0.0014346],
        [0.00318974, -0.00050004, -0.00078789],
        [-0.00188575, 0.00039818, -0.00107006],
        [-0.00059183, -0.00130981, 0.00195259],
        [0.00115455, -0.00020704, 0.00189067],
        [2.584e-05, -0.00339156, -0.00521984],
        [-0.00159047, -0.00013379, 0.00342146],
        [0.00021705, -0.00397391, -0.00464676],
        [-0.00323949, 0.00240405, 0.00053005],
        [0.00238695, -0.00327322, -0.00266565],
        [-0.00163298, -0.00083145, 0.00381034],
        [0.00055491, 0.00334199, 0.00442279],
        [0.00121709, -0.00106027, 0.00176594],
        [0.00037379, 0.00188567, 0.00020153],
        [0.00090251, -0.00069696, -0.00526274],
        [-0.00153665, 0.00229942, 0.00311664],
        [0.00084613, 0.00255555, -0.00222352],
        [0.00074046, -0.00117176, 0.00700529],
        [-0.00213139, 0.00026713, 0.00044879],
        [-0.00073809, 0.00174644, 0.00288244],
        [-0.00383956, 0.00157108, -0.00020948],
        [-0.00034165, 0.00343182, -0.0034695],
        [-0.00227953, 0.00291269, 0.00064412],
        [-0.00439917, 0.00231288, -0.00240167],
        [0.00189893, -0.00025671, -0.00088511],
        [-0.00133319, 0.00026496, 0.00057402],
        [0.00178649, -0.00154678, -0.0018605],
        [0.00105665, 0.00063262, 0.00217936],
        [-0.00213891, -0.00044413, -0.00055937],
        [0.00023031, -0.00014675, -0.0043912],
        [0.00540035, 0.00026509, -0.00070288],
        [0.00111772, 0.00015587, -0.00192176],
        [-0.00126612, 0.00283861, -0.0012499],
        [-0.00118808, -0.001744, 0.00045656],
        [0.00357685, -0.00268419, 0.00268431],
        [-0.00092959, -0.00099263, -0.00165209],
        [2.76e-05, -0.00314463, 0.00257442],
        [-0.00218854, 0.00213797, -0.00023204],
        [0.0033936, -0.00132329, -0.00129462],
        [0.00020779, 0.00044023, 0.0006841],
        [0.00403707, 0.00014715, 0.00205046],
        [0.00333946, -0.00076865, -0.00210501],
        [0.00291022, -0.00034219, 0.00150546],
        [0.00012832, -0.00180415, 0.00427694],
        [0.00220279, 0.00208451, -0.00238529],
        [-0.00062001, 0.00235761, -0.00083297],
        [0.00094089, 0.00112818, -0.0012142],
        [0.00095665, 0.00124453, -0.00012975],
        [0.00149709, -0.00302716, 0.00279053],
        [-0.0007408, -0.00256268, 0.00012065],
        [0.00082149, -0.0008188, -0.00249077]
    ],
    "relaxed_lattice": [
        [-5.09655176, -14.25635567, -8.39746688],
        [-7.63248194, -0.07260054, -4.18272308],
        [-0.19626152, -0.08024846, -8.65719111]
    ],