{
    "atom_type": [
        "Na",
        "V",
        "P",
        "O"
    ],
    "atoms_per_type": [
        6,
        8,
        12,
        48
    ],
    "coord_mode": "direct",
    "relaxed_basis": [
        [0.25730203, 0.50781162, 0.47530465],
        [0.75132292, 0.48447738, 0.51513876],
        [0.49234863, 0.025111, 0.99251287],
        [0.99904693, 0.98498661, 0.01482984],
        [0.06252553, 0.38106242, 0.74788721],
        [0.68741352, 0.75159606, 0.11910054],
        [0.32566792, 0.63878833, 0.63778551],
        [0.81848417, 0.6449135, 0.64408458],
        [0.07314103, 0.14080028, 0.14204569],
        [0.56989853, 0.14606894, 0.14919812],
        [0.18012933, 0.35075443, 0.35384475],
        [0.67687133, 0.35777454, 0.35953935],
        [0.42440406, 0.86197152, 0.86128075],
        [0.93149688, 0.85582405, 0.85525093],
        [0.12621662, 0.53624989, 0.95580299],
        [0.62383562, 0.54382132, 0.96366918],
        [0.47985982, 0.2477986, 0.54261297],
        [0.98064456, 0.25222116, 0.54168365],
        [0.2702264, 0.95777142, 0.25222064],
        [0.76932569, 0.95807852, 0.24775969],
        [0.23298913, 0.03740153, 0.74791511],
        [0.73116723, 0.04016952, 0.74837369],
        [0.37495431, 0.46550982, 0.03477636],
        [0.87505041, 0.46126241, 0.03896603],
        [0.01867106, 0.75174679, 0.45980551],
        [0.51700804, 0.75191137, 0.46244226],
        [0.43913125, 0.69425225, 0.48819461],
        [0.9345473, 0.70340283, 0.50369213],
        [0.25975739, 0.87115914, 0.6930459],
        [0.74111016, 0.87052605, 0.71724836],
        [0.35937166, 0.49027721, 0.86367188],
        [0.8478849, 0.50555692, 0.87316634],
        [0.50178043, 0.19165658, 0.37597422],
        [0.000176, 0.22378436, 0.36575978],
        [0.18904416, 0.99291477, 0.20366427],
        [0.68870454, 0.97016309, 0.2078179],
        [0.10674111, 0.37853177, 0.96368052],
        [0.60645741, 0.36452304, 0.01434901],
        [0.0614498, 0.29194435, 0.52921437],
        [0.56071125, 0.29655165, 0.50837848],
        [0.24884622, 0.12371168, 0.30854656],
        [0.74925781, 0.13355986, 0.27749285],
        [0.1438019, 0.48482881, 0.1352551],
        [0.64339695, 0.53536845, 0.12170183],
        [0.00863455, 0.78202986, 0.6302193],
        [0.49027127, 0.80600626, 0.62921983],
        [0.3110031, 0.01105029, 0.80568764],
        [0.8153193, 0.99604879, 0.7968959],
        [0.39054562, 0.63615823, 0.01065933],
        [0.90195439, 0.62674831, 0.99586292],
        [0.38644981, 0.41747392, 0.55201533],
        [0.88519671, 0.41613927, 0.57576161],
        [0.28299754, 0.77092144, 0.41835951],
        [0.78128237, 0.77599215, 0.42470683],
        [0.21356619, 0.5674421, 0.77557587],
        [0.70785144, 0.56112638, 0.77520663],
        [0.0272733, 0.92098836, 0.27780772],
        [0.52773294, 0.92011843, 0.27199182],
        [0.13686322, 0.05710402, 0.9095102],
        [0.63803398, 0.0634874, 0.92326072],
        [0.46110353, 0.28207103, 0.06174166],
        [0.96011392, 0.27650123, 0.04696333],
        [0.11182863, 0.57691033, 0.43635962],
        [0.6132886, 0.59058623, 0.44228387],
        [0.2221323, 0.22816897, 0.58008595],
        [0.72255408, 0.22251059, 0.57936762],
        [0.28875884, 0.43844121, 0.21798382],
        [0.79020202, 0.45201634, 0.22384816],
        [0.46699239, 0.08141463, 0.7291504],
        [0.96916182, 0.07479388, 0.72325688],
        [0.36346332, 0.94823647, 0.0823074],
        [0.86472299, 0.92528192, 0.08339635],
        [0.04209385, 0.7247403, 0.93921057],
        [0.53632407, 0.72408177, 0.93299047]
    ],
    "relaxed_energy": -771.22138558,
    "relaxed_forces": [
        [0.00336991, -0.00229449, -0.00148989],
        [-0.0033067, 0.00244936, 0.00035387],
        [0.00317908, 0.00050138, -0.00133454],
        [0.00195431, 0.00226495, 0.00191603],
        [0.00442912, -0.00218866, -0.00037055],
        [0.0011753, -0.00285702, -0.00229172],
        [0.00496126, 0.00564546, 0.00071889],
        [0.00654831, -0.00401478, 0.00189821],
        [-0.00088331, -0.00027015, 0.00344254],
        [-0.00205334, 0.00123613, -0.00791282],
        [0.00203371, 0.00185716, -0.00149045],
        [-0.00045935, -0.00225566, 0.00046347],
        [-1.391e-05, 0.0045938, 0.00069739],
        [-0.00130522, -0.00271549, -0.00418399],
        [0.00074166, 0.00465828, 0.00081934],
        [-0.0002578, 0.00253769, -0.00066792],
        [-0.00200747, -0.00035197, -0.0013735],
        [-0.00336042, 0.00020651, 0.00010059],
        [0.00402175, -0.00304558, 0.00048576],
        [-0.00122698, 0.00010049, 7.63e-06],
        [-0.00176744, 0.00067923, 0.00325566],
        [0.00053741, 0.00111733, -0.00193777],
        [-0.00437812, 0.00140211, 0.00377656],
        [-0.00062213, 0.0016329, 0.00115896],
        [-0.00081364, -0.00431568, 0.00234194],
        [-0.0069462, -0.00130886, -0.00162891],
        [0.00268119, 0.00222518, 0.00078108],
        [-0.00129775, -0.0039324, 0.00329747],
        [-0.00195834, -0.00017874, -0.0041571],
        [-0.00047856, -0.00039598, -0.00199875],
        [0.00368269, -0.00222369, 0.00281577],
        [-8.408e-05, -0.00110505, 5.383e-05],
        [1.493e-05, -0.00116973, 0.00974646],
        [0.00206357, -0.0010696, -0.00451761],
        [0.00541839, -0.001665, 0.00441516],
        [-0.0010628, -0.00158365, -0.001901],
        [-0.00497924, -0.0016312, -0.00130028],
        [0.00352588, 0.00093041, -0.00129348],
        [-0.00053398, 0.00096778, 0.00253869],
        [0.00331267, 0.00326525, -0.00184249],
        [0.00061083, 0.00164409, 0.00101601],
        [-0.00280471, -0.00361275, -0.00336585],
        [-0.0015843, 0.0004841, -6.481e-05],
        [-0.00157263, 0.00327671, -0.00081638],
        [-0.00080923, 0.000168, 0.00635012],
        [-0.00038101, 0.00252698, -0.00210535],
        [-0.00501047, -0.00228386, -0.0043345],
        [-9.871e-05, 0.00023761, 7.582e-05],
        [-0.00497311, 0.00164225, 0.0028517],
        [0.00050182, 0.00022517, 0.00127186],
        [-0.0004951, -0.00117477, -0.00226466],
        [-0.00106323, -0.00438087, 0.00275628],
        [0.0026659, 0.00199725, 0.00480199],
        [-0.00013085, 0.00264891, -0.00041311],
        [0.00303811, -0.00449706, 0.00102854],
        [0.00104983, 2.307e-05, -0.00179256],
        [0.00420681, 0.00036237, -0.00011562],
        [0.0019645, 0.00261278, 0.00170193],
        [-0.00057296, 0.00079399, 0.0006837],
        [0.00139891, 0.00011915, 0.00291543],
        [-0.00510256, -0.00130907, -0.00387639],
        [0.00293598, -0.00415794, -0.00132749],
        [-0.00160843, 0.0028289, -0.00201274],
        [-0.00216201, -0.00018734, -0.0005878],
        [0.00027191, 0.00029043, -0.00130663],
        [-0.00441992, -0.00154976, 0.00050234],
        [-0.00095686, 0.00024478, 0.00133082],
        [-0.00300657, 0.00310647, 0.00070023],
        [0.00036083, -0.00111061, -0.0021269],
        [-0.00071028, 0.00121293, -0.00152066],
        [0.00187183, 0.00146076, -4.182e-05],
        [0.00093912, 0.00180359, -0.00013592],
        [0.00142658, -0.0015199, 0.00020895],
        [0.00036561, -0.00162442, -0.00337905]
    ],
    "relaxed_lattice": [
        [-5.11832944, -14.08854444, -8.50616232],
        [-7.53953498, -0.11243678, -4.1874111],
        [-0.21643028, -0.09151187, -8.61790925]
    ],