{
    "atom_type": [
        "Na",
        "V",
        "P",
        "O"
    ],
    "atoms_per_type": [
        8,
        8,
        12,
        48
    ],
    "coord_mode": "direct",
    "relaxed_basis": [
        [0.24945425, 0.50616266, 0.49648832],
        [0.74332463, 0.47225946, 0.53854862],
        [0.5011177, 0.99571655, 0.0028574],
        [0.98585629, 0.04360332, 0.99114334],
        [0.31058801, 0.2498893, 0.87976153],
        [0.93526802, 0.62859355, 0.24837299],
        [0.19655949, 0.75094095, 0.09785718],
        [0.6980284, 0.74808723, 0.11008662],
        [0.32607421, 0.64288005, 0.63898702],
        [0.82148088, 0.63628825, 0.64920833],
        [0.07469936, 0.13822076, 0.14723819],
        [0.57158106, 0.14300003, 0.14923654],
        [0.17565765, 0.35789079, 0.35718473],
        [0.67574892, 0.35592526, 0.35706683],
        [0.43145267, 0.85545637, 0.85308528],
        [0.92401913, 0.86941841, 0.84817962],
        [0.1255873, 0.54313647, 0.96131902],
        [0.62511101, 0.53918408, 0.96810086],
        [0.48085638, 0.24931279, 0.53905613],
        [0.98169637, 0.24570927, 0.53985551],
        [0.26783591, 0.9567331, 0.25057101],
        [0.76660682, 0.95836019, 0.25140268],
        [0.2334183, 0.04789571, 0.74689764],
        [0.73004745, 0.04468185, 0.75139762],
        [0.37570967, 0.45242931, 0.03615073],
        [0.87630506, 0.45692858, 0.04062274],
        [0.01817986, 0.75106962, 0.45366029],
        [0.52278224, 0.74867978, 0.45867139],
        [0.44301788, 0.69662014, 0.49225149],
        [0.94078182, 0.69949135, 0.47345847],
        [0.25218024, 0.86185599, 0.73853481],
        [0.75005756, 0.85824349, 0.74141661],
        [0.35737084, 0.45958087, 0.87730549],
        [0.86461198, 0.47272137, 0.87070742],
        [0.50536208, 0.18195576, 0.38070857],
        [0.0094772, 0.18133808, 0.37646487],
        [0.19153844, 0.96313786, 0.20234995],
        [0.68981719, 0.97397568, 0.19958702],
        [0.11401024, 0.35499763, 0.01930938],
        [0.60445953, 0.36313857, 0.02114389],
        [0.06132448, 0.31484479, 0.48919539],
        [0.56032214, 0.31729415, 0.48780378],
        [0.23781554, 0.14395484, 0.27642724],
        [0.73960055, 0.1331299, 0.2930388],
        [0.14422085, 0.53548822, 0.12175587],
        [0.64852031, 0.52591474, 0.12432564],
        [0.99398325, 0.80111008, 0.61996678],
        [0.50547338, 0.80056031, 0.61839216],
        [0.31210355, 0.0415746, 0.78484891],
        [0.80938991, 0.04130913, 0.78473727],
        [0.38153625, 0.63652771, 0.99915153],
        [0.87872432, 0.63867955, 0.0228263],
        [0.38617356, 0.41045398, 0.55264311],
        [0.89014167, 0.41403792, 0.53864432],
        [0.27833331, 0.78385471, 0.42456857],
        [0.77915681, 0.77535952, 0.42024963],
        [0.21032939, 0.55568393, 0.77690088],
        [0.7099042, 0.55107034, 0.78313719],
        [0.03355841, 0.91650303, 0.26261969],
        [0.53561025, 0.91334946, 0.26733217],
        [0.13791714, 0.07672067, 0.91743014],
        [0.63581926, 0.07116063, 0.92303391],
        [0.46026405, 0.27437747, 0.07191509],
        [0.96352831, 0.28315699, 0.07156084],
        [0.11475478, 0.58667094, 0.43288786],
        [0.61852213, 0.58319561, 0.43275379],
        [0.21749878, 0.22283738, 0.57361439],
        [0.71360068, 0.21960962, 0.57922219],
        [0.28765454, 0.42922829, 0.22295874],
        [0.7902647, 0.4213781, 0.2256669],
        [0.47443474, 0.08948676, 0.7283152],
        [0.97650963, 0.08481321, 0.7244553],
        [0.36090308, 0.94769037, 0.0808497],
        [0.8625387, 0.93961628, 0.08708338],
        [0.03587833, 0.71237601, 0.94373902],
        [0.53924298, 0.71784732, 0.94605815]
    ],
    "relaxed_energy": -786.16516175,
    "relaxed_forces": [
        [0.00102586, 0.00061438, 0.00038103],
        [0.00058124, -0.00178688, 0.00078887],
        [0.00102177, -0.00063591, -0.00056514],
        [0.00167466, -0.00174994, 0.00214042],
        [0.00010005, 1.212e-05, 0.00108076],
        [0.00012612, -0.00089458, -0.00292768],
        [0.00230845, 0.00075821, 0.00041193],
        [-0.00112974, -0.00085469, -0.0012482],
        [0.00012386, -0.00093743, 0.0021756],
        [0.00018938, 0.00021774, -0.00285926],
        [0.00133502, 0.00078502, -0.00356286],
        [-0.00125791, -0.00071115, -0.00022337],
        [0.00177896, -0.00351586, -0.00056375],
        [-0.00305439, 0.00316807, 0.00232063],
        [0.00254639, 0.00112141, -0.00092747],
        [-0.00089025, -0.00118479, -0.00211375],
        [0.00297489, 0.00067627, 0.00050639],
        [-0.00339165, -0.00378482, 0.00207749],
        [0.00332161, -0.00111806, 0.00199208],
        [0.00277617, 0.00046011, 0.00212055],
        [0.00141169, 0.00285493, 0.00125413],
        [0.00015168, 0.00051556, -0.00321968],
        [0.00083303, -0.00072596, 0.00028625],
        [0.00171855, 0.00250568, 0.00065129],
        [-0.00060027, -0.00136343, -0.00118072],
        [-0.00076509, 0.00029903, 0.00082191],
        [0.00071191, -0.00234269, 0.00314841],
        [0.00111061, -0.00228257, -0.00272328],
        [0.0004235, 0.00102168, -0.00034606],
        [-0.00319589, -0.00298821, -0.00157031],
        [-0.00100789, -0.00043692, 0.00013106],
        [-0.00030027, -0.00025474, -3.433e-05],
        [0.00040717, 0.0003569, 0.0018002],
        [0.00014825, -0.00014879, -0.00225408],
        [-0.00164416, 0.00051029, -0.00362156],
        [-0.0005213, -0.0042967, 0.00576926],
        [0.00061764, -0.00288518, -0.00344265],
        [-0.00018079, 0.00076452, 0.00071809],
        [-0.00642648, -0.00131203, -0.00095613],
        [0.00306066, 0.00090532, 0.0014451],
        [-0.00141692, 0.00036965, 0.00182242],
        [-0.00094559, -0.00016814, -0.00072829],
        [-0.00465668, 0.00140431, -0.00071222],
        [0.00133142, -0.00011163, 0.00177853],
        [0.00059299, 0.00029895, 0.000486],
        [-0.00029588, 0.00052922, 0.00137179],
        [-0.00194347, 0.00132385, -0.00366754],
        [0.0001751, -0.00067551, 0.00089846],
        [0.00081881, 0.00070668, 0.00077914],
        [-0.00139294, -0.00162604, -0.00173634],
        [0.00287416, 0.00069881, 0.0009911],
        [-0.00157093, -0.00090533, -0.00117889],
        [-0.00102147, 0.00185494, -3.656e-05],
        [0.00077399, -0.00187289, -0.00074272],
        [0.0016339, 0.00013814, 0.00046104],
        [0.00167255, 0.00026101, -0.00022828],
        [-0.00010226, -0.0016813, 0.00275169],
        [0.00035109, 0.00286527, -0.00082711],
        [0.00227448, 0.00191589, -0.00252765],
        [-0.0023857, -0.0005046, 0.00106548],
        [0.00053298, 0.00253832, -0.000723],
        [-0.00047708, -0.00150552, 0.00146899],
        [-0.0006234, 0.00121241, 0.00089859],
        [-0.00167389, 0.00320125, 0.00055868],
        [0.00028953, 0.00050396, -0.00085887],
        [-0.00138603, 0.00187621, -0.00043224],
        [0.00048103, -0.00173088, -0.00031836],
        [0.00012789, 0.00010086, -0.00032411],
        [0.00182741, 0.0009998, -0.00040119],
        [0.00065816, 0.00048484, -0.00216003],
        [0.00063568, 0.00011883, -0.00033393],
        [-0.00194313, 0.00010247, -1.625e-05],
        [0.00110768, -0.00018091, 0.00078462],
        [-2.963e-05, 0.00037797, 0.00126645],
        [-0.0022116, 0.0028326, 0.00158762],
        [-0.00219529, 0.0029106, 0.00130181]
    ],
    "relaxed_lattice": [
        [-5.06058784, -14.22484452, -8.47476346],
        [-7.58405729, -0.13708417, -4.18505478],
        [-0.20538623, -0.1522774, -8.66214568]
    ],