{
    "atom_type": [
        "Na",
        "V",
        "P",
        "O"
    ],
    "atoms_per_type": [
        11,
        8,
        12,
        48
    ],
    "coord_mode": "direct",
    "relaxed_basis": [
        [0.24461916, 0.49405295, 0.51241659],
        [0.74848435, 0.48402813, 0.50919249],
        [0.49419708, 0.0207147, 0.0010856],
        [0.00227918, 0.01312504, 0.98542755],
        [0.62356725, 0.87861972, 0.6126117],
        [0.3081033, 0.24945851, 0.89429652],
        [0.80699432, 0.24788696, 0.88898477],
        [0.44523827, 0.62913058, 0.25935463],
        [0.93833096, 0.61948901, 0.24404039],
        [0.19646102, 0.74913945, 0.10710311],
        [0.69149688, 0.74571591, 0.11821461],
        [0.3204373, 0.64462796, 0.65301186],
        [0.82886678, 0.64150157, 0.63757214],
        [0.07087672, 0.14083995, 0.14952661],
        [0.5718834, 0.14005844, 0.14393369],
        [0.1776843, 0.35869543, 0.35577784],
        [0.67593686, 0.3559779, 0.36337549],
        [0.4263345, 0.86094061, 0.84996315],
        [0.92812667, 0.8583332, 0.84572528],
        [0.12391024, 0.54455833, 0.96404657],
        [0.62768601, 0.54136922, 0.9610486],
        [0.47886458, 0.25323507, 0.54231665],
        [0.98151028, 0.24520868, 0.54059332],
        [0.26730892, 0.95695039, 0.25199944],
        [0.76826412, 0.95223664, 0.24736038],
        [0.23047997, 0.05001027, 0.75220478],
        [0.73027508, 0.04393579, 0.74814101],
        [0.37564581, 0.45456018, 0.04111652],
        [0.87745676, 0.45036267, 0.04267908],
        [0.02135104, 0.7509373, 0.44839591],
        [0.52083902, 0.75223656, 0.45714761],
        [0.44033064, 0.69421032, 0.50078791],
        [0.94506623, 0.69808854, 0.46331435],
        [0.2492466, 0.86213305, 0.74710923],
        [0.75537432, 0.87128907, 0.70369964],
        [0.35279343, 0.46756392, 0.88440874],
        [0.86038906, 0.46728691, 0.8773551],
        [0.50414344, 0.1913757, 0.38251908],
        [0.00356424, 0.18318883, 0.37936268],
        [0.19020944, 0.96792369, 0.20438085],
        [0.69114688, 0.96268374, 0.20101286],
        [0.10417384, 0.36617287, 0.0243628],
        [0.61687801, 0.36308579, 0.99958664],
        [0.05936052, 0.30717475, 0.4954406],
        [0.5556307, 0.31489434, 0.50693402],
        [0.24626859, 0.14204957, 0.26382768],
        [0.74066518, 0.12478565, 0.28888417],
        [0.14358555, 0.53805508, 0.12096338],
        [0.64474223, 0.53046614, 0.12371819],
        [0.99139853, 0.8089173, 0.61334137],
        [0.50393692, 0.81481592, 0.61207576],
        [0.3080826, 0.04198889, 0.79500831],
        [0.80736816, 0.02625099, 0.80016401],
        [0.38975473, 0.63314792, 0.99732742],
        [0.89342475, 0.62233266, 0.01074398],
        [0.38439321, 0.41593823, 0.55573791],
        [0.88783753, 0.41240358, 0.54758968],
        [0.28049477, 0.7829256, 0.4236753],
        [0.78044821, 0.76966864, 0.41496665],
        [0.20886106, 0.55020577, 0.78165163],
        [0.71101539, 0.56807075, 0.77334453],
        [0.03572085, 0.91409774, 0.25996052],
        [0.5297788, 0.90975505, 0.26696435],
        [0.13634432, 0.07848937, 0.92101982],
        [0.63788275, 0.05024119, 0.91696828],
        [0.46049539, 0.27887583, 0.06506715],
        [0.96075175, 0.26906386, 0.07471827],
        [0.11555703, 0.59155706, 0.43487947],
        [0.61566597, 0.59269568, 0.43803681],
        [0.21816562, 0.21799222, 0.57916295],
        [0.71779484, 0.22375833, 0.58295519],
        [0.29081065, 0.44129622, 0.22591834],
        [0.79080748, 0.43595575, 0.22327929],
        [0.47019883, 0.0903607, 0.73141937],
        [0.96682551, 0.0910188, 0.72937252],
        [0.36373134, 0.92692451, 0.08930918],
        [0.86321782, 0.93583032, 0.08289264],
        [0.03853651, 0.72126939, 0.93719412],
        [0.54189868, 0.72014867, 0.93526438]
    ],
    "relaxed_energy": -808.33415476,
    "relaxed_forces": [
        [-0.00046415, -0.00102875, 0.00060976],
        [0.00099526, 0.00106934, -0.00054836],
        [-0.00012031, 0.00084585, 6.568e-05],
        [0.00018306, 0.00029467, -0.00215839],
        [-0.00247467, -0.00207322, -0.00417814],
        [0.000138, -0.00045801, 0.00103],
        [0.00242771, 0.00044936, 0.00040938],
        [-0.0022741, -0.00156774, -0.00353439],
        [6.599e-05, 0.00077882, 0.00153922],
        [0.00043845, -0.00028005, 0.0001503],
        [0.00108432, 0.00077662, -0.00138698],
        [-3.923e-05, 0.00232194, -0.00195997],
        [-0.0009629, -0.00055925, 0.00127485],
        [-0.00100332, -0.00053078, -0.00063942],
        [0.00066771, -0.00019731, 0.00100467],
        [0.00272702, -0.00412502, 0.00681835],
        [-0.00099674, -0.00075718, 6.54e-06],
        [0.00141516, 0.0007614, 0.00103929],
        [-0.00193562, 0.00397882, -0.00010693],
        [-0.00026876, -0.00094678, -0.00146043],
        [0.00229409, -0.00199527, -0.00080233],
        [0.00205529, -0.00072005, -0.00061424],
        [-0.00358463, -0.0007004, 0.00180658],
        [0.00122245, -0.00269828, -0.0004697],
        [-0.00071647, -0.00079498, -0.00120437],
        [-0.00493453, -0.00028209, 0.00292836],
        [-0.00095113, 0.00084077, 0.00360309],
        [-0.00019604, 0.00055184, 0.00127489],
        [-0.00180662, 0.00148535, 0.00090667],
        [0.00135388, -0.00070132, -0.00252209],
        [2.219e-05, 0.00064797, -0.00292822],
        [-0.00105061, -0.00083848, -0.00099511],
        [0.00031372, 0.00063404, 0.00057012],
        [0.00266892, 0.00121896, 0.00084176],
        [0.00112213, -0.00016432, 0.00066582],
        [6.49e-05, 0.00081608, 0.00027101],
        [0.0010637, -0.00022575, -0.00068695],
        [-0.00134793, 0.00143616, -0.00177895],
        [0.00124316, -0.00018025, -0.00043933],
        [-0.00105769, -0.00135173, -0.00133279],
        [0.00037461, -0.00086126, -0.00071933],
        [0.00089882, 3.941e-05, -0.00019988],
        [0.00130786, 0.00081658, 0.00096845],
        [0.00205998, 0.00104931, -0.00168901],
        [-3.134e-05, -0.00061142, 0.00020577],
        [-0.00632044, 0.00434579, -0.00345196],
        [0.00171338, 0.00074496, -0.00164791],
        [-0.00110635, 0.00085185, 0.0025856],
        [0.00036843, 0.00067965, 0.00127473],
        [0.0014903, 0.00071907, 0.00023143],
        [-0.00157103, -0.00188429, 0.0020507],
        [0.00308202, -0.00327172, -0.00264846],
        [0.00251323, 0.00093075, 1.583e-05],
        [-0.00055266, -8.758e-05, 4.933e-05],
        [0.0007746, 0.00010621, 0.00100453],
        [-0.00105634, 0.00147053, 0.00059288],
        [0.00092735, 0.00224653, 0.00037105],
        [-0.00231635, 0.00135724, -0.00016928],
        [0.0003268, 0.00031202, 0.00092984],
        [0.00039982, 0.00175689, 0.00046278],
        [-0.0003546, 0.00066022, -0.00028187],
        [0.00069304, -0.00026939, -0.00040871],
        [-0.00130141, -0.00022115, 0.00132418],
        [-0.00021341, -0.00113607, -4.406e-05],
        [0.00104592, -0.00134586, 0.00089779],
        [-0.00043536, 0.00128301, 0.00086637],
        [0.00033117, -0.00120428, -0.00110777],
        [0.00233766, -0.00187647, 0.00196857],
        [4.255e-05, -0.00092872, 0.00118877],
        [0.00212804, -0.00208564, -0.00256953],
        [-0.00155863, 0.00051438, 0.00044901],
        [-0.00062794, -0.00221741, 0.0001903],
        [0.00132654, -7.23e-06, -0.00028901],
        [-0.00161667, -0.0003227, -0.00096205],
        [-0.00197663, -0.00022578, 0.00290035],
        [-0.00074461, 0.00177719, -0.00325822],
        [-0.00016229, -0.00212195, -0.00064262],
        [0.00087853, 0.0016666, 0.00064726],
        [-0.00045622, 0.00161976, 0.00184491]
    ],
    "relaxed_lattice": [
        [-5.00104835, -14.36773036, -8.41147323],
        [-7.61918685, -0.12892279, -4.20506524],
        [-0.10202189, -0.15201844, -8.67132441]
    ],