{
    "atom_type": [
        "Na",
        "V",
        "P",
        "O"
    ],
    "atoms_per_type": [
        9,
        8,
        12,
        48
    ],
    "coord_mode": "direct",
    "relaxed_basis": [
        [0.25655737, 0.50031121, 0.48334298],
        [0.76494248, 0.5058547, 0.46264906],
        [0.49576937, 0.98124627, 0.02812867],
        [0.00076017, 0.98756292, 0.01722852],
        [0.12468345, 0.87831157, 0.62694417],
        [0.62634168, 0.88344086, 0.62284244],
        [0.30789114, 0.24851274, 0.87382753],
        [0.80919957, 0.25238421, 0.87073104],
        [0.55746205, 0.38685145, 0.75083017],
        [0.32119997, 0.64410447, 0.64593849],
        [0.82595309, 0.64356157, 0.64166571],
        [0.06993408, 0.14213303, 0.14328974],
        [0.56989761, 0.14031852, 0.14533133],
        [0.177634, 0.36094009, 0.35910807],
        [0.68095151, 0.35621035, 0.35172578],
        [0.42779575, 0.85182469, 0.8566414],
        [0.92808006, 0.85416843, 0.85739825],
        [0.12179424, 0.53883012, 0.96755339],
        [0.62263749, 0.53944883, 0.95946922],
        [0.48046634, 0.25567006, 0.53953485],
        [0.981241, 0.25338679, 0.53491759],
        [0.26762842, 0.96357066, 0.25065738],
        [0.77051557, 0.96003077, 0.25002789],
        [0.22725437, 0.04511898, 0.74944582],
        [0.72907397, 0.04490433, 0.74848689],
        [0.37100399, 0.45168303, 0.04138666],
        [0.87598299, 0.45240218, 0.03703053],
        [0.02461364, 0.75089276, 0.46082524],
        [0.52436104, 0.74923964, 0.45971698],
        [0.44096343, 0.69449628, 0.5189394],
        [0.9404733, 0.70967803, 0.50077352],
        [0.23885709, 0.8803734, 0.70886532],
        [0.74418745, 0.88072762, 0.70371754],
        [0.34315583, 0.4752541, 0.88672779],
        [0.85283426, 0.46989423, 0.87912236],
        [0.50225587, 0.20729899, 0.37413357],
        [0.99866746, 0.1968833, 0.37707781],
        [0.18410109, 0.0002725, 0.20542135],
        [0.68875717, 0.9938449, 0.20599132],
        [0.0978288, 0.36979749, 0.00988144],
        [0.59885638, 0.38008845, 0.98143666],
        [0.06439571, 0.30454071, 0.49345273],
        [0.56143672, 0.30236105, 0.51659209],
        [0.24910142, 0.13129829, 0.29631987],
        [0.74748409, 0.12720142, 0.30634726],
        [0.15009471, 0.50488209, 0.12480924],
        [0.64861868, 0.49042683, 0.12668659],
        [0.01429219, 0.80060301, 0.61801575],
        [0.51949129, 0.78845254, 0.61940588],
        [0.31137329, 0.01720488, 0.78695819],
        [0.81032504, 0.02017067, 0.79266599],
        [0.39420128, 0.62133954, 0.99314988],
        [0.89482721, 0.62343607, 0.99770583],
        [0.38559628, 0.4162264, 0.5650574],
        [0.88767246, 0.41489881, 0.55938304],
        [0.27513718, 0.78123963, 0.42051748],
        [0.78121979, 0.77739242, 0.41800775],
        [0.20360926, 0.55481787, 0.77685386],
        [0.70711118, 0.56128277, 0.77322325],
        [0.03651522, 0.91767303, 0.27233708],
        [0.53075486, 0.91494443, 0.27600543],
        [0.13525568, 0.06884426, 0.91869577],
        [0.63388915, 0.07264283, 0.91015125],
        [0.4560438, 0.27075835, 0.05450042],
        [0.960246, 0.2690225, 0.06450552],
        [0.11631957, 0.58258077, 0.43512926],
        [0.61714908, 0.57862085, 0.43079429],
        [0.21449114, 0.2316111, 0.58302445],
        [0.71667403, 0.23406817, 0.58162994],
        [0.28954905, 0.42928196, 0.23160115],
        [0.79246702, 0.42814542, 0.22373837],
        [0.47073695, 0.08635895, 0.72628606],
        [0.97430246, 0.08739281, 0.72359511],
        [0.35828628, 0.94882039, 0.08006987],
        [0.86140326, 0.95595553, 0.07921477],
        [0.04043923, 0.72577855, 0.94379835],
        [0.54170192, 0.72818457, 0.94076094]
    ],
    "relaxed_energy": -793.54220874,
    "relaxed_forces": [
        [-0.00184725, -0.00151715, -0.00101722],
        [0.00196378, -0.0007937, 0.00113002],
        [0.00012524, 0.00085673, 0.00140942],
        [0.00105454, 0.0001197, 0.00131549],
        [0.0022031, -0.00206463, 0.0007196],
        [0.00060554, -0.00010096, -0.00202432],
        [-0.00289807, 0.00282883, -0.00153716],
        [-0.00066382, -0.00156362, -0.00013382],
        [0.00173229, 0.00161614, -0.0039255],
        [0.0002981, -0.00238617, 0.00232757],
        [0.00275865, 0.00148705, -0.00316318],
        [0.00114971, -0.00054708, -0.00380146],
        [-0.00311311, -0.00242387, 8.47e-05],
        [-0.00176654, -0.00120214, 0.00160719],
        [0.00105179, 0.00077582, -0.00222553],
        [0.00087974, 0.00161204, 0.00576503],
        [-0.00156197, -0.00200126, 0.00211906],
        [-0.0047172, -2.8e-07, -0.0035531],
        [0.00088186, -0.00555753, 0.00048278],
        [6.704e-05, 0.00312554, 0.00396985],
        [-0.00162279, 0.00061649, 4.125e-05],
        [-0.00157377, -0.00249788, 0.00185316],
        [0.003114, 0.00282985, -0.0010225],
        [-0.00039675, 0.00053436, 0.00598505],
        [0.00240834, 7.25e-05, -0.00062134],
        [-0.00037362, -0.00367117, 0.0020643],
        [-0.00158311, 0.00317983, -0.00127676],
        [-0.00230442, 0.00262976, 0.00383117],
        [-0.00185714, 0.00082301, -0.00575895],
        [0.003961, -0.00124594, -0.00490721],
        [0.00109627, -0.00316106, 0.00373264],
        [-0.00079858, 0.00087913, -0.00126733],
        [0.00161639, -0.0018996, 0.00028054],
        [-5.39e-06, 0.0067426, -0.00222402],
        [-0.00132284, -0.00285622, -0.00105267],
        [-0.00024122, 0.00402491, 0.00169458],
        [0.00084062, 0.00395819, -0.00187187],
        [0.00189024, -0.00309565, -0.00300043],
        [0.00151094, 0.00032358, -0.00322409],
        [0.00515967, 0.00064741, -0.00231802],
        [0.00010807, -0.00057399, -0.00201563],
        [0.00060817, 0.00188266, 0.00203148],
        [0.00184876, 0.00063759, 0.00513756],
        [-0.00480523, -0.00471017, 0.0054583],
        [0.00393133, -0.00091897, -0.00050065],
        [-0.00069231, 0.00120592, -0.00730462],
        [-0.00354911, 0.00048574, 0.0034794],
        [0.000372, 0.00077793, 0.0012048],
        [-0.00646079, -0.00381658, 0.0009554],
        [0.00199803, -0.00214684, -0.00432977],
        [-0.00012716, 4.937e-05, -0.00014091],
        [0.00400363, -0.00516585, 0.00339062],
        [-0.00053461, 0.00369253, 0.00023628],
        [0.00389325, 0.00187509, 0.00290894],
        [0.00139338, -0.00291552, 0.00340833],
        [-0.00195772, -0.00060319, -0.00134258],
        [0.0001355, -0.00238173, -0.00114199],
        [-0.00404374, -0.00218545, 0.00104382],
        [0.00587203, 0.00285892, 0.00072269],
        [0.00147988, -0.00150031, 0.00177641],
        [-0.00589588, -0.00010862, -0.00303116],
        [-0.00380804, -0.00127051, -0.00109232],
        [0.00517255, -0.00069388, -0.00023858],
        [8.928e-05, 0.00148811, 0.00082787],
        [0.00219988, -0.00359774, -0.00015603],
        [0.00361979, 0.0046283, -3.4e-06],
        [0.00198983, -0.0044624, 0.00060883],
        [-0.00102329, -0.00072445, 0.00155279],
        [0.00139367, -0.00069982, 0.00121222],
        [-0.00415733, 0.00290373, -0.00010617],
        [-0.00067342, 0.00067587, -0.00355349],
        [-0.00118657, 0.00043455, -0.00285822],
        [-0.00553399, 0.00141554, -0.00169432],
        [0.00388507, 0.00171169, -0.00442289],
        [-0.00222759, 0.00447183, 0.00171007],
        [-0.0045878, 0.00608474, 0.00275003],
        [-0.00045078, 9.834e-05, 0.00302994]
    ],
    "relaxed_lattice": [
        [-4.98109988, -14.28557262, -8.42994112],
        [-7.53959685, -0.09378661, -4.2058777],
        [-0.12093908, -0.10834922, -8.65768591]
    ],