{
    "atom_type": [
        "Na",
        "V",
        "P",
        "O"
    ],
    "atoms_per_type": [
        12,
        8,
        12,
        48
    ],
    "coord_mode": "direct",
    "relaxed_basis": [
        [0.24793763, 0.5221893, 0.48995779],
        [0.75995953, 0.46672807, 0.5123299],
        [0.50005167, 0.98295508, 0.01281084],
        [0.99041749, 0.0186562, 0.99556697],
        [0.62649373, 0.88131395, 0.61178108],
        [0.3064127, 0.25368996, 0.88049311],
        [0.94115978, 0.61454447, 0.25052434],
        [0.05979124, 0.39761533, 0.74908282],
        [0.55674988, 0.3775356, 0.747904],
        [0.37520435, 0.12562669, 0.39076499],
        [0.18810512, 0.75184374, 0.1125029],
        [0.69515363, 0.74389435, 0.11470443],
        [0.32302448, 0.64507154, 0.64073134],
        [0.82205533, 0.64284933, 0.64164604],
        [0.07220051, 0.14758847, 0.14784319],
        [0.5752538, 0.14188384, 0.14195881],
        [0.17466228, 0.3515331, 0.36252886],
        [0.67868661, 0.351367, 0.35421627],
        [0.42915879, 0.85724083, 0.85915297],
        [0.92557343, 0.85702737, 0.85565312],
        [0.12424016, 0.54940758, 0.95129016],
        [0.6262575, 0.53904259, 0.95655669],
        [0.47788797, 0.25474604, 0.54341569],
        [0.98085551, 0.24856873, 0.54817027],
        [0.27331965, 0.95647626, 0.25247955],
        [0.76943513, 0.95084944, 0.24672509],
        [0.23159931, 0.04767704, 0.7521827],
        [0.72610766, 0.03640017, 0.74589369],
        [0.3723223, 0.45678205, 0.04029177],
        [0.87665752, 0.4598267, 0.04520256],
        [0.01776408, 0.75209599, 0.45333629],
        [0.52406209, 0.74933786, 0.46213741],
        [0.44329063, 0.69078154, 0.51407037],
        [0.94023413, 0.707879, 0.46324468],
        [0.256581, 0.87876954, 0.70754325],
        [0.73715453, 0.88213097, 0.69195284],
        [0.35006512, 0.47044923, 0.88347295],
        [0.85565608, 0.51748538, 0.87110358],
        [0.49921865, 0.1950942, 0.38538191],
        [0.00429977, 0.23264825, 0.36294787],
        [0.19292723, 0.98813563, 0.20144914],
        [0.69249789, 0.97084827, 0.19040575],
        [0.10657713, 0.38143596, 0.97430879],
        [0.60258262, 0.3762936, 0.98614377],
        [0.0596836, 0.29066158, 0.53964557],
        [0.5549362, 0.31633499, 0.51067378],
        [0.25600772, 0.1198722, 0.30242103],
        [0.73657307, 0.11152132, 0.3116145],
        [0.14654667, 0.50980978, 0.11916197],
        [0.64993062, 0.51203267, 0.11688323],
        [0.99873009, 0.76724146, 0.63490551],
        [0.51076355, 0.80491523, 0.6172973],
        [0.31207396, 0.03065318, 0.79518298],
        [0.80730984, 0.98542686, 0.80248386],
        [0.39060442, 0.63085222, 0.99138749],
        [0.89595572, 0.61911536, 0.0362858],
        [0.38142167, 0.40670077, 0.57087634],
        [0.88887781, 0.41540537, 0.56622222],
        [0.28743936, 0.77216667, 0.41283364],
        [0.77967351, 0.76209985, 0.4103489],
        [0.20747573, 0.57088362, 0.76971611],
        [0.70651033, 0.56474833, 0.76977372],
        [0.03350528, 0.92007497, 0.27513895],
        [0.52735429, 0.91667779, 0.27672566],
        [0.13910511, 0.0610269, 0.91716822],
        [0.6328001, 0.05530893, 0.91266168],
        [0.45656365, 0.27440338, 0.06691247],
        [0.96240909, 0.28017311, 0.05094385],
        [0.1132859, 0.58781869, 0.4265235],
        [0.61852729, 0.58997221, 0.43466582],
        [0.21943947, 0.23409012, 0.58811351],
        [0.71349245, 0.22715385, 0.58969456],
        [0.29056894, 0.43711133, 0.22720716],
        [0.79304316, 0.43026979, 0.22477505],
        [0.4743447, 0.08645069, 0.72929098],
        [0.96740812, 0.07756716, 0.71982264],
        [0.36335036, 0.94959539, 0.08090046],
        [0.86297298, 0.93859714, 0.08878302],
        [0.03830256, 0.72743366, 0.94356081],
        [0.54324107, 0.7246732, 0.93388016]
    ],
    "relaxed_energy": -815.89626667,
    "relaxed_forces": [
        [0.00046081, 0.00044577, 0.00084394],
        [0.0001404, -0.00136548, -0.00015012],
        [-0.00201856, 0.00037009, 0.00016156],
        [0.00110384, 6.002e-05, 0.00011706],
        [0.00045869, -0.00050429, -0.00046571],
        [0.00094822, -0.00041348, -3.209e-05],
        [0.00035445, 3.911e-05, -0.00170639],
        [0.00240309, 0.00100096, 0.00119859],
        [-0.00175435, -0.00098131, -0.00093687],
        [-0.00385275, -0.00098546, -0.00324005],
        [0.00045055, 0.00124324, 0.0023534],
        [-0.00072858, 0.00151956, 0.00151356],
        [0.00044861, 5.614e-05, -0.0019106],
        [0.00084731, -0.0005753, 0.00066905],
        [-8.679e-05, -0.00018197, 0.00037176],
        [0.00195527, 0.00074087, -1.555e-05],
        [0.00217724, -0.00182628, 4.799e-05],
        [0.00015663, -0.00138375, 0.00044898],
        [-0.0006363, -0.00034253, 0.00015388],
        [-0.00282982, 0.00209261, 3.891e-05],
        [-0.00415692, 0.00046534, -0.00029064],
        [0.00109827, 0.0005249, -0.00026057],
        [0.00063445, 0.0005642, 0.00151488],
        [-0.00122957, -0.00175361, 0.00307901],
        [0.00088594, 0.00196932, 0.00034664],
        [-0.00045172, -6.574e-05, -0.00275796],
        [0.00029812, 0.00352758, 0.00026386],
        [0.00036192, 0.00025891, 0.00129825],
        [-0.00138083, 0.0018823, -0.00020613],
        [0.00127781, -0.00302965, 0.00022063],
        [0.00419612, 0.00032552, -0.0043355],
        [-0.00045387, 0.00108614, -0.00021836],
        [-0.00127534, -0.00060409, 0.00034085],
        [-0.00168335, -0.00094356, 0.00016489],
        [-0.00220267, 0.0015723, -0.00211768],
        [-0.00031058, 0.00016309, -0.00047275],
        [0.00190373, -0.00099124, -0.00142802],
        [0.00086543, 0.00123611, -0.0011072],
        [0.000689, 8.189e-05, -0.00032552],
        [-0.00138562, 0.00191936, -0.00482745],
        [-0.00131014, -0.00488547, -0.0040668],
        [-0.00037066, -0.00082785, -0.00112606],
        [0.00775004, 0.0021801, 0.00282332],
        [0.00087248, -0.00032428, 0.00043628],
        [0.00014331, -0.00247748, -0.0007058],
        [0.00063754, 0.00068598, 0.00034506],
        [-0.00097921, 0.00040948, -1.03e-05],
        [0.00015235, -0.00062869, -0.00030723],
        [0.00110601, -0.00025386, 0.00153159],
        [-0.00088044, -2.469e-05, 0.00140356],
        [0.00086936, -0.00275783, 0.00303441],
        [-7.309e-05, -0.00034833, 0.00129043],
        [-6.242e-05, 0.00075272, 0.0009661],
        [0.00037023, -0.00089659, 2.377e-05],
        [0.00240532, 0.00044872, 0.00052131],
        [-0.00156702, -0.00095183, -0.00106324],
        [0.00109696, 0.0003127, 0.0010871],
        [0.00018956, 0.00152662, 0.00058549],
        [0.00081204, 3.158e-05, 0.0009463],
        [-0.00118027, 0.00092489, 0.00115596],
        [0.00199468, 0.00246976, -0.00180611],
        [-0.00033323, 0.00020461, -0.00014601],
        [-0.00776452, -0.00120061, 0.00306084],
        [0.00129458, 0.00060118, 0.00026673],
        [-0.00024247, -0.00067338, 0.00045489],
        [0.00028276, -0.00093769, 7.551e-05],
        [-0.00031009, 0.00042642, 5.411e-05],
        [-0.0011108, 0.00292568, -0.00062442],
        [-0.00022289, 0.00097419, 0.00027363],
        [-0.00018443, 0.00065886, 0.00010903],
        [-0.00139595, -0.00106466, 0.00077023],
        [0.00095876, -0.00102836, -0.0009883],
        [0.00024922, 0.00077502, -6.572e-05],
        [1.581e-05, 0.00037869, 0.00011063],
        [-0.00126402, -0.00010277, 0.00085346],
        [0.00020779, -0.00071232, 0.00050789],
        [-0.00111867, -0.00084044, 0.00030897],
        [-0.00018878, -0.00033617, -0.00054718],
        [0.00140994, -0.0007272, 0.00084302],
        [6.21e-05, -0.00188426, -0.00072498]
    ],
    "relaxed_lattice": [
        [-5.02509102, -14.41149315, -8.27822619],
        [-7.61252899, -0.11766456, -4.2040515],
        [-0.11801684, -0.13229995, -8.71063795]
    ],