{
    "atom_type": [
        "Na",
        "V",
        "P",
        "O"
    ],
    "atoms_per_type": [
        9,
        8,
        12,
        48
    ],
    "coord_mode": "direct",
    "relaxed_basis": [
        [0.25519232, 0.47070386, 0.51531312],
        [0.75377777, 0.50325097, 0.49985174],
        [0.48660918, 0.99937381, 0.02049845],
        [0.99643518, 0.01065715, 0.99359882],
        [0.12385097, 0.88475049, 0.61125692],
        [0.56145834, 0.38080258, 0.75109123],
        [0.87376251, 0.11845961, 0.38265768],
        [0.18715043, 0.75073625, 0.12666883],
        [0.6906324, 0.75130053, 0.12141548],
        [0.32241144, 0.63802804, 0.64131828],
        [0.8201628, 0.6443434, 0.64623354],
        [0.06996497, 0.15070547, 0.14012062],
        [0.57189192, 0.14598586, 0.14816009],
        [0.1807186, 0.35312015, 0.35383308],
        [0.67564454, 0.35557884, 0.35386336],
        [0.42913714, 0.85468709, 0.85598088],
        [0.92942263, 0.85860758, 0.86010977],
        [0.12827294, 0.54359194, 0.96082182],
        [0.62386592, 0.54820693, 0.95295414],
        [0.47896532, 0.24872334, 0.54851183],
        [0.97629362, 0.25677349, 0.53627639],
        [0.27040472, 0.95275773, 0.24784181],
        [0.77309315, 0.95694491, 0.24930714],
        [0.23050049, 0.03313077, 0.74540046],
        [0.72941976, 0.03989475, 0.74890125],
        [0.37679049, 0.45949111, 0.03928335],
        [0.87543507, 0.46238837, 0.03782891],
        [0.02155044, 0.74744824, 0.46659072],
        [0.51742776, 0.75402438, 0.46121407],
        [0.43541487, 0.70516177, 0.49755677],
        [0.93480184, 0.70629871, 0.51408019],
        [0.24406463, 0.86829343, 0.6973057],
        [0.74704132, 0.87580981, 0.6978003],
        [0.35183712, 0.50201002, 0.87250317],
        [0.84430261, 0.50257794, 0.88088084],
        [0.49861376, 0.21538491, 0.37599425],
        [0.97810853, 0.21470935, 0.38320168],
        [0.18470322, 0.97819389, 0.21529314],
        [0.69162285, 0.98618425, 0.20142187],
        [0.10515327, 0.37477853, 0.00590502],
        [0.60308772, 0.38374146, 0.97736762],
        [0.06497384, 0.29368467, 0.48032865],
        [0.55782092, 0.28735002, 0.5387693],
        [0.25676135, 0.11776583, 0.2861552],
        [0.75637765, 0.12252062, 0.29662137],
        [0.15775222, 0.52019374, 0.1123584],
        [0.64625404, 0.51451356, 0.11968297],
        [0.0111525, 0.80290912, 0.61941943],
        [0.5037386, 0.79365195, 0.62750599],
        [0.3142041, 0.98305437, 0.79703672],
        [0.81281472, 0.00414416, 0.78903369],
        [0.40552163, 0.62304711, 0.99524369],
        [0.90112434, 0.62414128, 0.00039955],
        [0.38599631, 0.41813283, 0.57225205],
        [0.88567273, 0.42599273, 0.57243626],
        [0.27909528, 0.76749599, 0.42095643],
        [0.78367505, 0.77255661, 0.4180539],
        [0.20967596, 0.56432552, 0.76746172],
        [0.70706038, 0.57392966, 0.76781307],
        [0.02760797, 0.91612188, 0.27640884],
        [0.53184811, 0.91559453, 0.27368453],
        [0.14011477, 0.04588285, 0.91602759],
        [0.63673706, 0.05566142, 0.91590358],
        [0.46094337, 0.27588061, 0.05128645],
        [0.95622888, 0.27230215, 0.05985538],
        [0.11455852, 0.5852435, 0.43642094],
        [0.61059341, 0.58395491, 0.44119422],
        [0.2223533, 0.21678364, 0.57923559],
        [0.71812676, 0.22868872, 0.58251872],
        [0.29367434, 0.45037697, 0.22226824],
        [0.7919298, 0.44479956, 0.22606195],
        [0.46051796, 0.08014955, 0.73148184],
        [0.97255206, 0.08676465, 0.72132627],
        [0.36178978, 0.92268854, 0.08197442],
        [0.86515204, 0.93854727, 0.08328804],
        [0.04837937, 0.73277849, 0.93151466],
        [0.5398153, 0.73393029, 0.93474699]
    ],
    "relaxed_energy": -793.41762236,
    "relaxed_forces": [
        [0.00157171, -0.00048642, -0.00084765],
        [0.00149158, -0.00080487, -9.381e-05],
        [0.00092569, 0.00067031, -5.232e-05],
        [-0.0002471, -0.00203432, 7.12e-05],
        [0.00072617, 0.00086829, 0.00109924],
        [0.00242826, 0.00075469, 0.00191447],
        [0.00063828, -0.00011865, 0.00323643],
        [-0.00094415, -0.0020969, -0.00328082],
        [0.00153603, 0.00107974, 0.00187262],
        [0.00286798, 0.00375056, 0.00233644],
        [-0.00477357, -0.00319496, -0.00071628],
        [-0.00513125, 0.00270073, 0.00126364],
        [0.0022647, 0.00049332, -0.00129914],
        [0.00024471, 0.00039975, -0.00195979],
        [-0.00047006, 0.00130513, 0.00098821],
        [-0.00245054, 0.00487244, -0.00026937],
        [0.00308643, -0.00246311, 0.00174494],
        [-0.00678275, -0.00252958, -0.00067333],
        [0.00383936, -0.00026546, 0.00038394],
        [0.00476803, 0.00215699, 0.00140233],
        [-0.00104468, -0.00593395, 0.00436296],
        [0.00386394, 0.00252353, 0.0007072],
        [0.00018444, -0.00011006, 0.00016904],
        [0.00122121, 0.0056685, -0.00149073],
        [-0.00063072, -0.0001928, -0.00128574],
        [-0.00360635, 0.00326845, -0.00244852],
        [-0.00316069, -0.00079941, 0.00023236],
        [-0.00033418, -5.054e-05, -0.00217911],
        [0.00254276, -9.23e-06, 0.00293995],
        [-0.00315161, -0.00302297, -0.00104046],
        [-0.00320683, 0.0020749, 0.00511697],
        [-0.00251068, 0.00630109, -0.003304],
        [0.00037959, -0.0037088, 0.00179846],
        [0.00437879, 0.00119351, -0.00471356],
        [-0.00485489, -0.00460502, -0.00053394],
        [0.00196454, 0.00038341, 0.00150493],
        [0.00087433, 0.00172217, -0.00060161],
        [0.00132259, -0.00109405, -0.00578122],
        [-0.00153404, -0.00211496, 0.00148484],
        [0.00374521, -0.00368494, -0.00748846],
        [0.00043923, -0.00062818, 0.00125683],
        [-0.00014435, -0.00292654, 0.00384764],
        [0.00288852, -0.00224189, -0.00058299],
        [-0.00720079, -0.00236551, -0.00102425],
        [0.0017226, -0.00012008, -0.00076416],
        [-0.00106945, 0.00332128, 0.0038637],
        [0.00345052, 0.00192823, 0.00030836],
        [0.00030607, 0.00385317, 0.00011376],
        [0.00016007, -0.00224313, -0.00106268],
        [-0.00048974, -0.00057661, -0.00161371],
        [-0.00016396, 0.0005751, -0.00138535],
        [0.00209504, 0.00376303, 0.00157593],
        [-0.00086356, 0.00105287, -0.00468118],
        [0.00250033, -0.00106717, 0.00466636],
        [0.0007673, -0.00215683, -0.00180362],
        [-0.00273259, 0.00305542, 0.00056886],
        [0.00304334, 0.00075819, 0.00176901],
        [0.00055483, 0.00113985, -0.00195112],
        [0.00052358, -0.00053987, 0.00065454],
        [0.00010374, -0.0011164, -0.00335376],
        [0.00101649, -0.00162827, 0.0002055],
        [-0.00080241, -0.00297901, -0.0020368],
        [0.00211216, -0.00093705, 0.00115363],
        [0.00350867, -0.00263968, -0.00238969],
        [-0.00245145, -0.00353661, 0.00110056],
        [-0.00143585, -0.00039038, -0.00262072],
        [0.00184521, -0.00132056, 0.00093447],
        [-0.00191259, 0.00475766, -0.00050854],
        [-0.00102882, 0.00013335, -0.00056252],
        [-0.00081214, -0.00040983, -0.00136888],
        [0.00037775, -0.00081517, 0.00225464],
        [-0.00161942, 0.00437056, 0.00428339],
        [-0.00185033, -0.00055929, 0.00137919],
        [-0.00012839, -0.00048555, 0.00372372],
        [-0.0017019, -0.00250522, -0.00145597],
        [-0.0044275, 0.00132129, 0.0005351],
        [0.00138754, 0.00129233, 0.00040047]
    ],
    "relaxed_lattice": [
        [-5.04311527, -14.30319119, -8.36822228],
        [-7.55490709, -0.10935759, -4.18439472],
        [-0.1697514, -0.10299697, -8.65856934]
    ],