{
    "atom_type": [
        "Na",
        "V",
        "P",
        "O"
    ],
    "atoms_per_type": [
        6,
        8,
        12,
        48
    ],
    "coord_mode": "direct",
    "relaxed_basis": [
        [0.26170201, 0.47962723, 0.49723321],
        [0.7559802, 0.48743676, 0.49893763],
        [0.49714973, 0.9997487, 0.00789763],
        [0.99189688, 0.99938496, 0.01659803],
        [0.12514288, 0.88170653, 0.61561134],
        [0.62512065, 0.87899627, 0.61648569],
        [0.3230903, 0.64227228, 0.64886546],
        [0.82133593, 0.64208769, 0.64330508],
        [0.07199372, 0.14183612, 0.14161338],
        [0.56742116, 0.15102056, 0.14167765],
        [0.17765317, 0.355543, 0.36178519],
        [0.68236983, 0.35706603, 0.3507082],
        [0.42800849, 0.85648053, 0.85946778],
        [0.9261371, 0.8522583, 0.85700449],
        [0.12470205, 0.53682075, 0.96376592],
        [0.62501914, 0.53839843, 0.96095692],
        [0.48078868, 0.25625743, 0.53249137],
        [0.97910606, 0.25138606, 0.53658045],
        [0.27105985, 0.96331235, 0.24875775],
        [0.76936369, 0.96789953, 0.24479223],
        [0.22882533, 0.03735831, 0.75075122],
        [0.72759397, 0.03814453, 0.74871779],
        [0.37336285, 0.45923023, 0.04423516],
        [0.87635794, 0.45698626, 0.03917468],
        [0.02132034, 0.7498317, 0.46217005],
        [0.52202587, 0.75078891, 0.46255983],
        [0.43330074, 0.71650696, 0.50639321],
        [0.93456062, 0.72024454, 0.49751496],
        [0.23712756, 0.87752437, 0.7051497],
        [0.73409309, 0.87849174, 0.70839643],
        [0.3465038, 0.50538731, 0.87467583],
        [0.85129945, 0.49415456, 0.87719715],
        [0.48809919, 0.21484159, 0.37258595],
        [0.99716314, 0.20201901, 0.37272902],
        [0.18452908, 0.99467118, 0.21542567],
        [0.67851906, 0.01514512, 0.2164811],
        [0.10101375, 0.36955852, 9.25e-06],
        [0.59423671, 0.3760773, 0.00619267],
        [0.06572956, 0.28635269, 0.50542423],
        [0.57036543, 0.29410992, 0.48213896],
        [0.25147046, 0.12733676, 0.30101272],
        [0.76048044, 0.12882529, 0.28903083],
        [0.14787798, 0.50314932, 0.12803201],
        [0.65539485, 0.4992755, 0.11811783],
        [0.01267068, 0.79316172, 0.62357889],
        [0.51433224, 0.78884989, 0.62458294],
        [0.31582182, 0.99610827, 0.78566074],
        [0.81760953, 0.98869146, 0.78466616],
        [0.39502214, 0.62081242, 0.01644731],
        [0.90224804, 0.62336662, 0.00197107],
        [0.3899091, 0.42656623, 0.56155708],
        [0.88843137, 0.42047669, 0.55610699],
        [0.28071868, 0.77567352, 0.42303999],
        [0.77668435, 0.78075688, 0.41531697],
        [0.20772059, 0.56112846, 0.77296086],
        [0.705256, 0.55655698, 0.76872343],
        [0.03624219, 0.9189551, 0.27294801],
        [0.53201265, 0.92331672, 0.27559071],
        [0.13678872, 0.06057814, 0.92183421],
        [0.63777311, 0.06596115, 0.92162202],
        [0.45800247, 0.27265804, 0.05343747],
        [0.96111424, 0.27145761, 0.06068636],
        [0.11260029, 0.57639688, 0.44015236],
        [0.61276114, 0.57904477, 0.43185024],
        [0.21668899, 0.22758077, 0.58349425],
        [0.71917013, 0.22702801, 0.58009403],
        [0.28931754, 0.4288522, 0.23010149],
        [0.79261357, 0.43921572, 0.22788364],
        [0.47702868, 0.0844848, 0.71731735],
        [0.97069835, 0.0763815, 0.72322956],
        [0.36176545, 0.94785954, 0.07862058],
        [0.85932571, 0.94402607, 0.07181477],
        [0.04066173, 0.72620456, 0.93789057],
        [0.54261576, 0.72888018, 0.94112431]
    ],
    "relaxed_energy": -771.19001115,
    "relaxed_forces": [
        [0.00197348, 0.00255023, 0.00062637],
        [-0.0006257, -0.00114518, 0.00134789],
        [-0.00177134, -0.00123297, 0.00063443],
        [0.00031452, 0.00055583, -0.0017748],
        [-0.00145463, -0.00033494, -0.00454023],
        [-0.00111157, 5.605e-05, 0.00319513],
        [0.00044034, 0.00317992, 0.00133608],
        [0.00124268, 0.00019586, 0.00290874],
        [0.00192708, 0.0016251, -0.00941585],
        [0.00219659, -0.00137611, -0.00957986],
        [0.00433982, 0.00245957, -0.00461693],
        [-0.00156446, -0.00214074, 0.00085065],
        [0.00362774, 0.00260217, -0.00400309],
        [0.0030671, 0.00198929, 0.00436549],
        [0.00464508, 0.00084997, -0.00478164],
        [0.00017727, -0.00264404, -0.00023665],
        [-0.00038605, -0.00240695, 0.00127307],
        [0.00222626, -0.00394608, 0.0051026],
        [0.00244714, 0.00289486, 0.00098814],
        [-0.00149201, 9.325e-05, 0.0011048],
        [-0.00117171, -0.00202771, -0.00248046],
        [-0.00749706, -0.0039149, 0.00069342],
        [-0.00852292, 0.00095542, -0.00466594],
        [-0.00382686, 9.161e-05, 0.00514773],
        [-0.00363736, -0.00492705, -0.00041895],
        [0.0010915, 0.00130081, 0.00258004],
        [0.00180304, 0.00090238, -0.0015804],
        [-0.00091634, 0.00151192, -0.00252878],
        [0.00526885, -0.00059439, -0.00038311],
        [0.00066551, 0.00522746, 0.00399147],
        [0.00255117, -0.0005609, -0.00203101],
        [0.00029279, -0.0019104, -0.00803812],
        [0.0002781, -0.00011307, 0.0024426],
        [-0.0027162, 0.00027911, 0.00010134],
        [-0.00210943, 0.00025482, -0.00502463],
        [-0.00069354, 0.00196275, -0.00018281],
        [0.00219346, 0.00161628, 0.0022952],
        [0.00100226, 0.00048993, 0.00038699],
        [0.00200564, 0.00127117, -3.63e-05],
        [0.00250352, 0.00095323, -0.00025916],
        [0.00324793, -0.00336769, -0.00216114],
        [-0.00376883, -0.00331825, 0.0029376],
        [0.000517, -0.00011111, 0.00468231],
        [-0.00053563, -0.00094714, -0.00146904],
        [-0.00036926, -0.00354613, -0.00179836],
        [0.00207793, 0.00085309, 0.00183302],
        [0.00215795, 0.00648955, 0.00193299],
        [0.00449852, -0.00412446, 0.00464199],
        [0.00146963, 0.00102762, 0.0014779],
        [-0.00344848, -0.00593008, 0.00291068],
        [0.00210072, -0.00044155, -0.00218098],
        [-0.00215172, 0.00077655, -0.00463661],
        [0.00252832, -0.00113404, -0.0031541],
        [-0.00526064, -0.00380552, 0.00072016],
        [0.00011932, -0.00360215, 0.00144036],
        [0.00014485, 0.00445046, 0.00061332],
        [-0.00022765, -0.00103097, -0.00198826],
        [-0.00444095, -0.00017083, 0.00036332],
        [0.00258414, -0.00114385, 0.00042162],
        [-0.00028181, -0.00066184, 0.00308466],
        [0.00347004, -0.00366966, 0.00078255],
        [0.00131444, 0.00209532, 0.00512161],
        [-6.831e-05, 0.0008904, 0.00215525],
        [0.00118106, 0.0011642, -2.255e-05],
        [-0.00145017, 0.00149151, 0.00186669],
        [-0.00094908, 0.00026521, 0.00615998],
        [0.00061937, -0.00213798, 0.00012873],
        [-0.00229953, 0.00227997, -0.00023846],
        [-0.0006065, 0.00170102, -0.00111065],
        [-0.00455092, 0.00082878, 0.00123539],
        [-0.00066007, 0.00212569, -0.00152567],
        [-0.00044494, 0.00222295, -0.00036658],
        [-0.00345365, 0.00109439, -6.334e-05],
        [-0.00184682, 0.00279299, 0.00141214]
    ],
    "relaxed_lattice": [
        [-5.07468582, -14.16308166, -8.40711266],
        [-7.51176309, -0.11669954, -4.21733492],
        [-0.22492919, -0.12415057, -8.62515581]
    ],