{
    "atom_type": [
        "Na",
        "V",
        "P",
        "O"
    ],
    "atoms_per_type": [
        5,
        8,
        12,
        48
    ],
    "coord_mode": "direct",
    "relaxed_basis": [
        [0.25183158, 0.47534789, 0.51874617],
        [0.74703218, 0.53586447, 0.46950338],
        [0.9999778, 0.99974168, 0.00017409],
        [0.80590821, 0.25469659, 0.87655588],
        [0.1952357, 0.74501815, 0.11595987],
        [0.32708747, 0.63100447, 0.63863684],
        [0.82271857, 0.65106115, 0.64464926],
        [0.06918559, 0.14573231, 0.14694452],
        [0.57624154, 0.13277784, 0.14177927],
        [0.18045771, 0.34781315, 0.35487215],
        [0.67117987, 0.36729785, 0.36071527],
        [0.42469408, 0.86054543, 0.86137727],
        [0.93081568, 0.85894136, 0.85439056],
        [0.12759268, 0.53901278, 0.96391505],
        [0.62361971, 0.53282125, 0.97023916],
        [0.48398964, 0.24351576, 0.53896891],
        [0.97858863, 0.2580305, 0.53601767],
        [0.26682811, 0.95071602, 0.25306642],
        [0.76554692, 0.96166085, 0.25564277],
        [0.23340779, 0.0363152, 0.74646447],
        [0.7336044, 0.0496527, 0.74736926],
        [0.37744776, 0.46432047, 0.02769865],
        [0.87284591, 0.45982634, 0.03760933],
        [0.02384231, 0.74597695, 0.46322789],
        [0.5147426, 0.75770169, 0.45956822],
        [0.43568892, 0.69761565, 0.4883622],
        [0.9410328, 0.68603526, 0.51237459],
        [0.25520944, 0.85684069, 0.71742964],
        [0.75817548, 0.87224638, 0.71113825],
        [0.36069422, 0.475326, 0.86522731],
        [0.85329801, 0.46837322, 0.87909899],
        [0.51295961, 0.21152743, 0.35552201],
        [0.99578568, 0.20323004, 0.3770779],
        [0.18185433, 0.97477394, 0.21445078],
        [0.68589451, 0.95552284, 0.23011265],
        [0.10917684, 0.36261346, 0.0087151],
        [0.63839219, 0.33194403, 0.99645696],
        [0.05991063, 0.32366991, 0.48298472],
        [0.55978469, 0.30380483, 0.51803841],
        [0.24049732, 0.12086307, 0.30259791],
        [0.73792553, 0.14285489, 0.2893442],
        [0.15393112, 0.51957725, 0.11819306],
        [0.63605595, 0.52680645, 0.13534213],
        [0.00824003, 0.79712741, 0.6208922],
        [0.49233648, 0.78447667, 0.63891472],
        [0.31576174, 0.02710809, 0.77746127],
        [0.81630711, 0.03843686, 0.77810322],
        [0.36187543, 0.66551183, 0.00637353],
        [0.88801146, 0.63531032, 0.99591382],
        [0.38748367, 0.40779646, 0.55907951],
        [0.88148933, 0.42246311, 0.56312588],
        [0.28126963, 0.76374046, 0.41932105],
        [0.78722248, 0.78043, 0.42337374],
        [0.2122437, 0.5608799, 0.77330471],
        [0.70497568, 0.58781612, 0.77904793],
        [0.02952708, 0.91354162, 0.27200148],
        [0.51562211, 0.94024938, 0.28729359],
        [0.14064255, 0.04985026, 0.92425426],
        [0.6428346, 0.05782261, 0.9289018],
        [0.47360552, 0.32024293, 0.04030741],
        [0.96268559, 0.27784552, 0.0624049],
        [0.12075045, 0.58264645, 0.42876474],
        [0.61137023, 0.59431315, 0.42964411],
        [0.21472284, 0.22039938, 0.57980415],
        [0.71343202, 0.23401241, 0.58173741],
        [0.2960625, 0.41000404, 0.22174433],
        [0.78851257, 0.42863921, 0.22686927],
        [0.47692713, 0.06478616, 0.71366407],
        [0.97387188, 0.09329594, 0.7252156],
        [0.35735766, 0.94600367, 0.07608331],
        [0.85795333, 0.95660213, 0.07813346],
        [0.0399004, 0.71961888, 0.94670753],
        [0.5262041, 0.67980181, 0.95476788]
    ],
    "relaxed_energy": -762.98576884,
    "relaxed_forces": [
        [-0.00193495, 0.00162736, -0.00267496],
        [-0.00101006, 0.00364357, -0.0010154],
        [0.00131221, 0.00209413, -0.00041198],
        [-0.00022447, 0.00198335, -0.00222033],
        [0.00321332, -0.0018203, -0.00199346],
        [-4.857e-05, 0.00280432, -0.00080976],
        [-0.00152011, -0.00013872, 0.00370491],
        [0.00186164, -0.00366252, -0.00120624],
        [-0.00418142, 0.00276431, -0.00194346],
        [-0.00466572, -0.00513029, -0.00276459],
        [-0.00360505, 0.00227962, -0.00331995],
        [0.00255318, 0.00102331, 0.0036774],
        [0.0015304, -0.0023259, 0.00255958],
        [0.00106878, -0.00239647, 0.00301824],
        [0.00469037, 0.00396429, 0.00234692],
        [-0.00630375, 0.00013396, 0.00279067],
        [-0.0018623, -0.00019908, 0.00218253],
        [-0.00060883, -0.00155457, 0.00450346],
        [-0.00388325, -0.00101445, -0.00159962],
        [-0.00162012, -0.00057596, -0.00177269],
        [-0.00081179, 0.00422495, 0.0027734],
        [0.00811848, -0.00163611, 8.213e-05],
        [0.00098312, 0.00222877, -0.00365767],
        [0.00437013, -0.00199705, -0.00487758],
        [0.00163243, 0.00462474, 0.00194677],
        [-0.00088783, -0.00156141, 0.00225055],
        [-0.00032742, -0.00102803, -0.0064235],
        [-0.00140992, -0.00170722, -0.00116468],
        [-0.00908564, 0.00302629, 0.00083976],
        [0.00318995, -0.00018562, 0.00195477],
        [0.00069697, 0.00435562, 0.00305106],
        [0.0021089, 0.00147868, 0.00550003],
        [0.00302252, -0.00352669, -0.003386],
        [-0.00016051, -0.00185808, 0.00467758],
        [0.00198763, 0.00202663, -0.00516261],
        [-0.00234378, -0.0001575, 0.00047675],
        [-0.00059196, -0.0028748, -0.00044087],
        [0.00608994, -0.00312362, 0.00040901],
        [0.00405642, 0.00245333, 0.00193104],
        [-0.00061541, 0.00273334, 0.00349686],
        [0.00385806, -5.339e-05, -0.00352108],
        [4.19e-06, 0.00129207, 1.029e-05],
        [-0.00046296, 0.00207666, -0.00166518],
        [0.00021046, 0.00022532, 0.00468038],
        [-0.00433779, 0.00267839, -0.0040978],
        [0.00371446, -0.00022754, -0.00694824],
        [0.00026003, -0.00441072, 0.00423085],
        [-0.00504077, -0.00127185, -0.00174069],
        [0.00183366, -0.00057809, -0.00137184],
        [0.00090303, -0.00178728, -0.00294032],
        [-0.00053654, -0.00445004, -0.00031982],
        [0.00169257, 0.00128081, 0.00047755],
        [-0.00131925, 0.00379451, 0.00148846],
        [0.00126784, -0.00329093, -0.00267649],
        [0.00047362, -0.0015512, -0.00086004],
        [-0.00122247, 0.00325552, -0.00509523],
        [-0.00307978, 0.00548945, 0.00302738],
        [0.00038307, 0.00513396, 0.00211338],
        [-0.00216303, -0.00605062, -0.00136009],
        [0.00084872, -0.0018035, 0.00214839],
        [-0.00107557, 0.00423834, 0.00259087],
        [0.0030947, -0.00370241, -0.00097398],
        [0.00373917, -0.00443825, 0.00152175],
        [0.00210442, -0.00302659, 0.0079802],
        [0.00148995, 0.00293263, -0.00089751],
        [-0.00192543, -0.00340169, 0.00077171],
        [-0.00011878, 0.00100546, -0.00230013],
        [-0.00379258, -0.0008293, 0.00105872],
        [-0.00331398, -0.00519649, -0.00224386],
        [0.00098549, -0.00764923, 0.00257667],
        [0.00096879, 0.00472162, 0.00040777],
        [-0.00096001, 0.00327108, -0.00376762],
        [-0.00326684, 0.00132711, 0.00036746]
    ],
    "relaxed_lattice": [
        [-5.07080182, -14.05871114, -8.45829795],
        [-7.53092959, -0.15491389, -4.20688367],
        [-0.25680571, -0.19190524, -8.66320605]
    ],