{
    "atom_type": [
        "Na",
        "V",
        "P",
        "O"
    ],
    "atoms_per_type": [
        5,
        4,
        6,
        24
    ],
    "coord_mode": "direct",
    "relaxed_basis": [
        [0.49927346, 0.50370214, 0.50513949],
        [0.99661573, 0.99807528, 0.00065085],
        [0.11454683, 0.37768685, 0.75087753],
        [0.75071598, 0.12053385, 0.38251872],
        [0.37943557, 0.75121819, 0.11883081],
        [0.64144278, 0.64103241, 0.64004118],
        [0.14996384, 0.14651687, 0.14550594],
        [0.35423764, 0.35232269, 0.35193625],
        [0.85788437, 0.85836067, 0.86143419],
        [0.24849907, 0.54708977, 0.95349362],
        [0.95262241, 0.24801797, 0.54716396],
        [0.54728765, 0.9539615, 0.24765719],
        [0.4613043, 0.03866165, 0.74873101],
        [0.75157941, 0.46217351, 0.04040762],
        [0.03756164, 0.74953912, 0.46258607],
        [0.87216622, 0.71131321, 0.48805978],
        [0.4962301, 0.87560089, 0.70062161],
        [0.7147511, 0.4941737, 0.8735025],
        [0.98569867, 0.19926577, 0.38548352],
        [0.38668723, 0.99398329, 0.18942814],
        [0.1993947, 0.38448519, 0.9825489],
        [0.11595319, 0.28908633, 0.52498653],
        [0.51981791, 0.11920298, 0.2930101],
        [0.29794253, 0.51222887, 0.11788014],
        [0.00317878, 0.79076621, 0.63042115],
        [0.62627043, 0.00182658, 0.79717441],
        [0.79994409, 0.62998059, 0.00314627],
        [0.76819404, 0.41198287, 0.56906781],
        [0.55983885, 0.77087577, 0.41062156],
        [0.41212373, 0.56878898, 0.77078292],
        [0.06593272, 0.9153932, 0.27589039],
        [0.27399544, 0.06074191, 0.91217871],
        [0.91602436, 0.27397135, 0.06785934],
        [0.22352489, 0.58157682, 0.44096457],
        [0.44275932, 0.22647072, 0.5820052],
        [0.5845543, 0.44685478, 0.2245065],
        [0.92878869, 0.07696286, 0.73184064],
        [0.73292132, 0.93408152, 0.08211703],
        [0.08021569, 0.7313721, 0.93880586]
    ],
    "relaxed_energy": -400.12803549,
    "relaxed_forces": [
        [-0.00085513, 0.00018454, 0.00026664],
        [-0.00178024, -0.00063998, 0.00110402],
        [-0.00212767, -0.00045459, -0.00039306],
        [-0.00037784, -0.00094541, 0.0003657],
        [0.00059399, -0.00029253, -0.00047034],
        [-0.00023356, 0.0003709, 4.119e-05],
        [-4.566e-05, 0.00148004, -0.00092896],
        [0.00085625, 0.00256087, -0.00463766],
        [0.00051298, -0.00136518, 0.00092129],
        [-0.00065774, 0.00193449, -0.00086757],
        [0.00048298, -6.74e-06, 0.00044918],
        [0.00178224, 0.00063901, 0.00183548],
        [0.00034696, -0.00175526, -0.00189362],
        [-0.00061799, -0.00156791, -3.261e-05],
        [-0.00092574, 6.836e-05, 0.0008896],
        [-0.00198083, 0.00050059, -0.00071384],
        [-0.00124014, 0.00351631, 0.00289988],
        [-0.00163246, 0.00346836, -0.0001536],
        [-0.00093415, -0.00074447, 0.00220218],
        [-0.00038617, 6.569e-05, -0.00084045],
        [0.00028376, -0.00102441, 0.00070318],
        [0.00221158, -0.00111774, -0.00272375],
        [0.00165691, -0.00116834, -0.00374098],
        [0.0041095, -0.0026445, -0.00073908],
        [0.00315678, -0.00224974, 0.00241961],
        [0.0029499, -0.00035848, 0.00114056],
        [0.00088015, -2.485e-05, 0.00012089],
        [-0.00147498, 0.00017042, -0.00151895],
        [-0.00151298, -0.00023845, 0.00137063],
        [0.0001622, 0.00032098, 3.919e-05],
        [0.00018954, 0.00079003, -0.00073442],
        [-0.00050295, -0.00123498, 0.00140478],
        [-0.0005494, -0.00120597, 0.00111168],
        [0.00225533, 0.0001373, 0.00366906],
        [-0.00078, 0.00186911, -0.00136667],
        [-0.00072055, -0.0012052, -0.00091925],
        [0.00059719, 0.00017581, 0.00315845],
        [-0.00305989, 0.00020803, -0.00134248],
        [-0.00063215, 0.00178388, -0.0020959]
    ],
    "relaxed_lattice": [
        [-2.48573197, -7.14341647, -4.20207528],
        [-7.53485259, -0.0763563, -4.18290994],
        [-0.10030771, -0.04718471, -8.68107273]
    ],
    "relaxed_mag_basis": [
        0.0,
        0.0,
        0.0,
        0.0,
        0.0,
        1.793,
        1.844,
        1.859,
        1.139,
        0.01,
        0.01,
        0.011,
        0.005,
        0.006,
        0.006,
        -0.006,
        -0.007,
        0.002,
        0.008,
        -0.008,
        -0.006,
        0.01,
        -0.009,
        -0.006,
        0.0,
        0.001,
        -0.026,
        -0.014,
        -0.002,
        -0.013,
        -0.009,
        0.003,
        -0.005,
        -0.008,
        -0.006,
        0.003,
        -0.033,
        -0.013,
        -0.008
    ],
    "relaxed_magmom": 7.0
}