{
    "atom_type": [
        "Na",
        "V",
        "P",
        "O"
    ],
    "atoms_per_type": [
        9,
        8,
        12,
        48
    ],
    "coord_mode": "direct",
    "relaxed_basis": [
        [0.24590834, 0.51423241, 0.49842695],
        [0.74918335, 0.48244417, 0.51170069],
        [0.50688153, 0.98271113, 0.00710491],
        [0.99218915, 0.04076625, 0.97658766],
        [0.6276122, 0.8788896, 0.61751784],
        [0.31349719, 0.24614405, 0.87940436],
        [0.94177683, 0.6302227, 0.24698766],
        [0.37556512, 0.1124828, 0.38276001],
        [0.19211802, 0.75264344, 0.10531715],
        [0.32127682, 0.64462644, 0.64666499],
        [0.82258196, 0.63712659, 0.64788939],
        [0.06919844, 0.14829888, 0.14808642],
        [0.57184299, 0.1429292, 0.14022228],
        [0.17297855, 0.36081372, 0.36036531],
        [0.68273161, 0.35402038, 0.34917341],
        [0.43375182, 0.84707013, 0.85750441],
        [0.92288446, 0.86253025, 0.85176873],
        [0.12163608, 0.55181528, 0.95758998],
        [0.62761142, 0.53318557, 0.96262351],
        [0.48022819, 0.25143023, 0.5326286],
        [0.9788691, 0.24496756, 0.54193983],
        [0.27011192, 0.95930459, 0.25048946],
        [0.77077148, 0.96311764, 0.2468675],
        [0.23090894, 0.04685064, 0.75433079],
        [0.72647944, 0.03781869, 0.74993787],
        [0.37397736, 0.45139872, 0.03809756],
        [0.87612987, 0.46220543, 0.04430701],
        [0.01791068, 0.75388313, 0.45538492],
        [0.52549044, 0.74246987, 0.46360367],
        [0.43513072, 0.71121551, 0.51894169],
        [0.93939983, 0.70748873, 0.47304104],
        [0.24318308, 0.86663987, 0.74210446],
        [0.73959808, 0.87585906, 0.70463277],
        [0.34631502, 0.47023477, 0.88618193],
        [0.85973816, 0.49682005, 0.87313935],
        [0.48959332, 0.19470866, 0.38140064],
        [0.00125402, 0.18918986, 0.37710069],
        [0.18938691, 0.98594547, 0.20151793],
        [0.6863849, 0.00199406, 0.20869756],
        [0.09858687, 0.37579024, 0.01871105],
        [0.5973968, 0.37691027, 0.00231755],
        [0.06147223, 0.28641886, 0.51183178],
        [0.56739544, 0.29385748, 0.4804872],
        [0.25318632, 0.13614607, 0.27902445],
        [0.75621679, 0.12494741, 0.29795884],
        [0.13625621, 0.54320414, 0.12147339],
        [0.65731414, 0.49648511, 0.1197544],
        [0.99428788, 0.80219138, 0.62280649],
        [0.52136244, 0.78935624, 0.6167729],
        [0.31451326, 0.02348791, 0.79085518],
        [0.81128125, 0.99064906, 0.80110373],
        [0.39490144, 0.62392052, 0.98762306],
        [0.89754778, 0.62538849, 0.02310622],
        [0.38703617, 0.41397791, 0.56242086],
        [0.89018578, 0.42050405, 0.54049447],
        [0.2786105, 0.78269613, 0.42359778],
        [0.78063762, 0.7759014, 0.41403464],
        [0.20794176, 0.55039717, 0.77846472],
        [0.70990864, 0.55395599, 0.77279988],
        [0.0348662, 0.91818365, 0.26534153],
        [0.53095814, 0.91124951, 0.27809004],
        [0.1371989, 0.07998314, 0.9217296],
        [0.63591521, 0.06338589, 0.91836892],
        [0.45267072, 0.26164442, 0.07282894],
        [0.96019704, 0.27644381, 0.06976616],
        [0.11243686, 0.58902634, 0.43734379],
        [0.61484599, 0.57025271, 0.43404245],
        [0.22440579, 0.22019837, 0.577667],
        [0.72061503, 0.22077144, 0.58137517],
        [0.28863429, 0.44264805, 0.22667215],
        [0.79277485, 0.43470267, 0.22979608],
        [0.47542489, 0.08385323, 0.72231485],
        [0.9606625, 0.08590767, 0.7286549],
        [0.36327321, 0.93798243, 0.08244121],
        [0.86419269, 0.93931804, 0.08125035],
        [0.03721709, 0.7336844, 0.92473031],
        [0.54717296, 0.7244409, 0.939661]
    ],
    "relaxed_energy": -793.57117256,
    "relaxed_forces": [
        [-9.366e-05, -0.00229195, 4.85e-05],
        [-0.00089826, 0.00143158, -0.00022545],
        [0.00025119, -0.00062912, -0.00080461],
        [-0.00036231, 0.00138732, 0.00047596],
        [-0.00260454, -0.00066048, 6.13e-05],
        [0.00036274, -0.00103464, -0.00160158],
        [1.995e-05, -0.00036671, -2.63e-05],
        [0.00143768, -0.00135895, 0.00118056],
        [-0.00070969, 0.00071309, 0.00030768],
        [-0.00182922, 0.00299583, 0.00077649],
        [0.0032994, -0.00271103, 0.00230922],
        [0.00123964, 0.00015887, 0.00141857],
        [0.00211312, 0.0003327, -0.0014788],
        [-0.00159521, 0.00106022, 0.00024116],
        [0.00220081, -0.00288429, -0.00066731],
        [-0.00311334, -0.0002159, -0.0021891],
        [-0.00093731, -0.00026543, -0.00051086],
        [-0.00150727, -0.00147872, -0.00031982],
        [0.00297313, -0.00071077, 2.34e-05],
        [0.00113472, -0.00416305, 0.00165634],
        [-0.0024406, 0.00100623, 0.00201532],
        [-0.00080785, 0.00024676, -0.00064457],
        [-0.00043896, 0.0016479, -0.00415478],
        [-0.00257225, 0.00116802, -0.00024367],
        [0.00166379, 0.00091943, 0.00326445],
        [0.00086029, -1.34e-05, 0.00074779],
        [0.00400154, 0.0040474, 0.00203293],
        [0.00322383, 0.00120305, 0.00438188],
        [6.844e-05, 0.00118105, 0.00037949],
        [-0.00489662, -0.00272273, -0.00279938],
        [0.00322051, 0.00285908, 0.00091359],
        [0.00252649, 0.00018918, -0.00091842],
        [0.00265589, 6.43e-05, 0.00211308],
        [0.00083461, 0.00119201, -0.001226],
        [0.0024335, 0.00135988, 0.00471596],
        [-0.0005436, 0.00103422, 0.00269303],
        [0.00130309, -0.00025104, 0.0002413],
        [0.00168048, 0.00119634, 0.00382873],
        [-0.00146964, 0.00471318, -0.00211152],
        [0.00422606, 0.00253353, -0.00147415],
        [0.00133064, 0.00208525, 0.00095784],
        [0.00026131, 0.00055746, -5.469e-05],
        [0.00350154, -0.00117882, 0.00181001],
        [-0.00252853, -0.00123923, 0.00313095],
        [0.00098189, -0.00429153, 0.00157998],
        [-0.00222063, 0.00163802, -0.00020392],
        [-0.00233935, 0.00067037, 0.00209136],
        [-0.00247534, 0.00244252, -0.00593672],
        [0.00010384, -0.00255285, -0.00118114],
        [0.00116469, -0.00275424, 0.00015517],
        [-0.00020894, -0.00236117, -0.00414623],
        [-0.00131718, -0.00206319, -0.00108925],
        [-0.00548039, 0.00073049, -0.00143865],
        [-0.00262575, -0.00185142, -0.00267959],
        [-0.00267838, 0.00264665, 9.687e-05],
        [-0.00215453, -9.28e-06, -0.00031127],
        [4e-05, -0.00034779, -0.00447958],
        [0.00399923, -0.00093292, -0.00066938],
        [-0.00291499, -0.00152224, 0.0009746],
        [-0.00022984, -0.00094748, 0.00315571],
        [-0.0049433, -0.00243366, 0.00100545],
        [-6.446e-05, 0.0013635, -0.00129828],
        [-5.726e-05, 0.00422711, -0.00114928],
        [0.00364496, -0.00428006, -0.00070128],
        [0.00328619, 0.00056166, -0.00080166],
        [0.00029134, -0.00085176, -0.0012043],
        [0.0030474, 0.00094711, -0.00056448],
        [0.00125025, -0.00315118, 0.00275852],
        [-0.00090808, -0.00105574, -0.00039808],
        [-0.00011466, 0.00105013, -0.00060813],
        [-0.00346378, 0.00072611, -0.00114548],
        [-0.00023, 0.00035265, -0.00193666],
        [0.00403644, 0.00139674, -0.00335612],
        [0.00095763, -0.00129696, -0.00030614],
        [-0.00047197, -0.0032805, 0.00176156],
        [-0.00375057, 0.00449695, 0.00281417],
        [-0.00362998, -0.00037364, -0.0010623]
    ],
    "relaxed_lattice": [
        [-5.04174963, -14.30491495, -8.40669796],
        [-7.56525351, -0.12805349, -4.20176004],
        [-0.16517993, -0.14798966, -8.67569815]
    ],