{
    "atom_type": [
        "Na",
        "V",
        "P",
        "O"
    ],
    "atoms_per_type": [
        7,
        8,
        12,
        48
    ],
    "coord_mode": "direct",
    "relaxed_basis": [
        [0.25331377, 0.51090268, 0.47994676],
        [0.75681353, 0.48278562, 0.50096836],
        [0.49810325, 0.98520986, 0.01880851],
        [0.98958771, 0.00523489, 0.01464459],
        [0.12523116, 0.88455339, 0.62552576],
        [0.62563597, 0.87902993, 0.62045504],
        [0.3085732, 0.24906495, 0.87014559],
        [0.32483282, 0.64191448, 0.64530024],
        [0.8237268, 0.63987649, 0.6477951],
        [0.06646548, 0.14712234, 0.14530447],
        [0.57162808, 0.13740742, 0.14444841],
        [0.17976358, 0.36270987, 0.35293312],
        [0.67900739, 0.35856801, 0.35547665],
        [0.43007165, 0.84763189, 0.85561285],
        [0.92732583, 0.8588156, 0.85665409],
        [0.12286438, 0.5432116, 0.96447],
        [0.62713724, 0.53226197, 0.96286754],
        [0.48002022, 0.25359535, 0.53294835],
        [0.97960557, 0.25717623, 0.53308688],
        [0.26777681, 0.96566867, 0.25080615],
        [0.76944082, 0.96207953, 0.25029647],
        [0.22727715, 0.04568963, 0.75099186],
        [0.72920149, 0.0367046, 0.7486379],
        [0.37609548, 0.44871214, 0.03917562],
        [0.87446764, 0.46059286, 0.04162418],
        [0.02126214, 0.75359618, 0.46113694],
        [0.52506263, 0.74720262, 0.46164078],
        [0.43875226, 0.70270846, 0.51525997],
        [0.93419353, 0.70927276, 0.51271486],
        [0.23662509, 0.87966588, 0.71907797],
        [0.73769659, 0.87425502, 0.70745044],
        [0.35171434, 0.46087814, 0.88426338],
        [0.84715926, 0.49968566, 0.87518107],
        [0.49942223, 0.19690861, 0.37110733],
        [0.99170717, 0.21014344, 0.36959956],
        [0.17977485, 0.0017176, 0.21925124],
        [0.68303851, 0.98857279, 0.21993496],
        [0.09876422, 0.37658511, 0.00682026],
        [0.60358751, 0.36710079, 0.99972409],
        [0.06645802, 0.29750761, 0.48519753],
        [0.56245833, 0.30299285, 0.49339759],
        [0.25570053, 0.13307734, 0.28752261],
        [0.75035821, 0.12445532, 0.30298755],
        [0.15415718, 0.50289759, 0.12339247],
        [0.65524408, 0.49488698, 0.1250757],
        [0.01569496, 0.79477435, 0.61974536],
        [0.51900908, 0.79377279, 0.61775242],
        [0.31170725, 0.02484135, 0.78026123],
        [0.81627856, 0.00423282, 0.77446768],
        [0.39845612, 0.62141502, 0.98455573],
        [0.89860204, 0.62402042, 0.00300073],
        [0.38553798, 0.41360047, 0.55635363],
        [0.88831156, 0.42505311, 0.55689608],
        [0.27730749, 0.78237659, 0.42302538],
        [0.78135617, 0.77479815, 0.42301479],
        [0.20722209, 0.55746053, 0.7741476],
        [0.70995265, 0.55839646, 0.77135769],
        [0.0257644, 0.92527638, 0.27477227],
        [0.53191438, 0.91513514, 0.27264829],
        [0.13581568, 0.07521881, 0.92532946],
        [0.63919029, 0.05741391, 0.92500786],
        [0.4605192, 0.26457856, 0.06757021],
        [0.95823549, 0.27485716, 0.0549008],
        [0.11350971, 0.58756866, 0.42696304],
        [0.61743107, 0.58009202, 0.43130081],
        [0.21039595, 0.23254978, 0.58066022],
        [0.71214837, 0.22532247, 0.582201],
        [0.2923987, 0.43617162, 0.22845137],
        [0.79169433, 0.43441187, 0.22909497],
        [0.47340081, 0.08250377, 0.72269711],
        [0.97447372, 0.08558994, 0.71787819],
        [0.35775163, 0.94546637, 0.0765114],
        [0.85918063, 0.94683484, 0.07865111],
        [0.04306179, 0.73261458, 0.94275207],
        [0.54476519, 0.71960532, 0.94472472]
    ],
    "relaxed_energy": -778.66858589,
    "relaxed_forces": [
        [-0.0020236, 0.00063771, 9.5e-07],
        [0.00170995, -0.00059638, -0.00053112],
        [0.00053139, -1.563e-05, -0.00054165],
        [0.00122757, 0.00107974, -0.00064412],
        [-0.00138883, -0.00068614, -0.00293609],
        [-0.00013489, 0.00032608, 0.00145045],
        [-0.00062654, -0.00085733, 0.00098],
        [-0.0034841, 0.00107078, -0.00349176],
        [-0.0010323, -0.00281976, -0.00080987],
        [0.00256299, 0.00379825, -0.00062496],
        [-0.00264079, -0.00135088, -0.00020255],
        [0.00061443, 0.00050906, -0.00081511],
        [0.00046863, -0.0078744, 0.00199052],
        [0.00082237, -0.00220066, 0.0047684],
        [0.00017783, 0.00028346, -0.0007164],
        [-0.00315337, -0.0011782, 0.0016134],
        [-0.00172237, 0.00378414, 0.00499363],
        [-0.00071841, -0.00123113, 0.00064563],
        [-0.00054642, -0.00237063, 0.0019373],
        [-0.00081456, -0.00258182, -0.00253545],
        [-0.00284201, 0.00271479, -0.00397121],
        [0.00109369, -0.00460104, -0.00151196],
        [0.00142027, 0.00145249, 0.0007953],
        [-0.00077024, 0.00141862, 0.00201922],
        [0.00195991, -0.00083612, 0.00097652],
        [0.00246032, -0.00121467, -0.00030251],
        [0.00033272, 0.00049021, -0.00177033],
        [0.00176083, 0.00444695, 0.00304463],
        [-0.00318147, -0.0052184, 0.00021049],
        [-0.00099125, -0.00054354, 0.00147721],
        [-0.00327347, 0.0016956, 0.00216517],
        [0.00141417, 0.00048574, 0.00246456],
        [0.00281377, -0.00337784, -0.00727885],
        [-0.0007496, -0.00416053, 0.00166552],
        [-0.00202503, -0.00305195, -0.00326973],
        [-0.0001217, -0.00161385, 0.00229348],
        [0.001014, 0.00057831, 0.00548205],
        [-0.00102912, -0.00223781, -0.0015399],
        [0.00241312, -0.00169351, -0.00128591],
        [-0.00160772, 0.00176569, 0.00031631],
        [-0.00138436, 0.00261526, -0.00455679],
        [0.00158433, 0.00162376, 0.00123563],
        [0.00320698, 0.00510615, 0.00052711],
        [0.00437325, 0.0027134, -0.00045623],
        [0.00368132, 0.00011915, -0.00468714],
        [0.00037337, 0.00784929, -0.00275697],
        [0.00088349, -0.0016549, -0.00118197],
        [0.00157156, 0.00354319, 0.00376779],
        [-0.00286603, 0.00254917, -0.00388005],
        [0.00093867, -0.00336858, -0.0050504],
        [-0.00405126, -0.00085694, -0.00131649],
        [0.0030149, 0.00156869, 0.00158662],
        [0.00272061, -0.00249652, 0.00306783],
        [0.00183147, -0.00029574, 0.00088177],
        [-0.00095231, 0.00100388, 0.00560784],
        [4.534e-05, 0.00100446, 0.00119968],
        [0.00165849, -0.00067789, -0.00251042],
        [-0.00212755, 0.00163168, -0.00263066],
        [0.0004188, 0.00011118, -2.698e-05],
        [0.00135009, -0.00016548, 0.00210565],
        [0.00129498, 0.00452951, -0.00105556],
        [-0.00247098, 0.00323144, -0.00063001],
        [0.00015867, -0.00056208, 3.381e-05],
        [-0.00481984, 0.0008664, -0.00212608],
        [-0.00558335, 0.00138836, -0.00198826],
        [-0.00121301, 0.00156262, 0.0044478],
        [-0.0024123, 0.00012013, 0.00455843],
        [-0.00153038, -0.0004571, 0.00051194],
        [0.00267592, 0.00102582, 0.00190827],
        [0.00314453, 0.00267982, -0.00246458],
        [0.00239487, -0.00103554, 0.0022859],
        [-0.00064679, 0.00057733, -0.00107214],
        [0.00146891, -0.00343258, 0.00180527],
        [0.00142455, -0.00165314, -0.00109049],
        [-7.711e-05, -0.00498959, -0.00256139]
    ],
    "relaxed_lattice": [
        [-5.03871375, -14.24302826, -8.40409039],
        [-7.54640488, -0.11749912, -4.22302393],
        [-0.19653608, -0.13253835, -8.59482932]
    ],