{
    "atom_type": [
        "Na",
        "V",
        "P",
        "O"
    ],
    "atoms_per_type": [
        8,
        8,
        12,
        48
    ],
    "coord_mode": "direct",
    "relaxed_basis": [
        [0.24998275, 0.49999307, 0.50002634],
        [0.74998093, 0.49999355, 0.5000325],
        [0.50002837, 0.99999221, 0.99995501],
        [2.831e-05, 0.99999371, 0.99995422],
        [0.12605589, 0.88638179, 0.60666794],
        [0.62605468, 0.88638448, 0.60666453],
        [0.37393662, 0.11357359, 0.39341817],
        [0.87393629, 0.11356787, 0.39341992],
        [0.3220156, 0.64045091, 0.65048083],
        [0.82201442, 0.6404539, 0.65047937],
        [0.070161, 0.14651895, 0.14458547],
        [0.57016144, 0.14651805, 0.14458603],
        [0.17800962, 0.35948961, 0.34948686],
        [0.6780074, 0.35949337, 0.3494878],
        [0.42983601, 0.85343673, 0.85541671],
        [0.9298363, 0.85343594, 0.85541688],
        [0.12598708, 0.53999909, 0.95758103],
        [0.62598783, 0.53999855, 0.95757994],
        [0.47708745, 0.25474422, 0.53343973],
        [0.9770869, 0.2547429, 0.533438],
        [0.27209193, 0.9666394, 0.25038681],
        [0.77209272, 0.96664195, 0.25038307],
        [0.22789922, 0.03337506, 0.74960012],
        [0.7278997, 0.03337399, 0.74960059],
        [0.37400173, 0.45996789, 0.04242139],
        [0.87400196, 0.45996948, 0.04241784],
        [0.02292651, 0.74524949, 0.46655445],
        [0.52292621, 0.74524957, 0.46655485],
        [0.43189367, 0.71167762, 0.52594838],
        [0.93189259, 0.71168378, 0.52594361],
        [0.23325327, 0.87779658, 0.70489292],
        [0.73325344, 0.87779791, 0.70489236],
        [0.3399658, 0.50888479, 0.88202425],
        [0.83996585, 0.50889053, 0.88201811],
        [0.47828534, 0.21800306, 0.37696117],
        [0.97828271, 0.2180014, 0.37696141],
        [0.1770984, 0.00158118, 0.25113593],
        [0.67709634, 0.001581, 0.25113501],
        [0.09947181, 0.37954593, 0.99870491],
        [0.59947301, 0.37954296, 0.99870315],
        [0.06812219, 0.28831108, 0.47402259],
        [0.56812148, 0.288316, 0.47402524],
        [0.26672429, 0.12222907, 0.29512295],
        [0.76672388, 0.12223281, 0.29511915],
        [0.16002711, 0.49106422, 0.11798272],
        [0.66002683, 0.49106301, 0.11798323],
        [0.02171482, 0.78200941, 0.6230391],
        [0.52171622, 0.78201051, 0.62303556],
        [0.32289661, 0.99847258, 0.74881238],
        [0.8228944, 0.99846924, 0.74882024],
        [0.40052651, 0.62045407, 0.00116817],
        [0.90052401, 0.62045522, 0.00117453],
        [0.38763734, 0.42170686, 0.57103447],
        [0.8876393, 0.42171205, 0.57103013],
        [0.28978873, 0.77426871, 0.41930967],
        [0.78978764, 0.77427421, 0.41930977],
        [0.20751542, 0.56557163, 0.76538421],
        [0.70751532, 0.56557192, 0.76538635],
        [0.02407052, 0.92083514, 0.28245607],
        [0.52406868, 0.92083639, 0.2824585],
        [0.14397687, 0.05084401, 0.928912],
        [0.64397366, 0.05084517, 0.92891306],
        [0.45466585, 0.27153994, 0.05421531],
        [0.95466667, 0.27154578, 0.05420606],
        [0.11237712, 0.57832974, 0.42895133],
        [0.61237882, 0.57833542, 0.42894488],
        [0.21018624, 0.22576299, 0.58068964],
        [0.7101876, 0.225763, 0.5806899],
        [0.29248047, 0.43443048, 0.23462784],
        [0.79248169, 0.43442842, 0.23462745],
        [0.47593653, 0.07917901, 0.71754031],
        [0.97593603, 0.0791769, 0.71754119],
        [0.35601409, 0.94915464, 0.07107897],
        [0.85601112, 0.94916021, 0.07107917],
        [0.04530931, 0.72838925, 0.94585115],
        [0.54530953, 0.72838684, 0.94585109]
    ],
    "relaxed_energy": -786.38683182,
    "relaxed_forces": [
        [-1.6e-07, 2.35e-06, 0.00025079],
        [-7.04e-06, -7.706e-05, 0.00048634],
        [0.00021886, 0.00078337, -0.00036103],
        [0.00032006, 0.00079534, -0.00049227],
        [0.00208759, 0.00068609, 0.00124768],
        [0.00208772, 0.00061983, 0.00123774],
        [-0.00293323, -0.00152549, -0.00029186],
        [-0.0030952, -0.00141912, -0.00022311],
        [0.00477484, 0.00207632, -0.00392219],
        [0.00441788, 0.00173257, -0.00371753],
        [-0.0034284, 0.00062644, -0.00345598],
        [-0.00328179, 0.0004118, -0.0033359],
        [-0.00246494, 6.212e-05, 0.00399692],
        [-0.00244223, -0.00105271, 0.00382513],
        [-0.0018382, 0.00155903, 0.0048396],
        [-0.00159475, 0.00180319, 0.00470586],
        [0.0035123, -0.00199661, -0.00228511],
        [0.00459317, -0.00120175, -0.00233513],
        [-0.00276141, 0.00037766, 0.00051077],
        [-0.00297419, 0.00036482, -3.544e-05],
        [0.00123053, 0.00250576, 0.00454274],
        [0.00151819, 0.00552424, 0.00393967],
        [0.00076657, 0.00181926, -0.00245287],
        [0.00066354, 0.00383127, -0.00315693],
        [0.00103657, -0.0031058, 0.00427821],
        [0.00099473, -0.00212044, 0.00365258],
        [0.00436662, -0.00193031, -0.00139406],
        [0.00385271, -0.00222766, -0.00124911],
        [0.00241703, -0.00355717, -0.00079415],
        [0.00230632, -0.00368629, -0.00094497],
        [-0.00057782, 0.00165706, -0.00055778],
        [-0.00027762, 0.00174489, -0.000278],
        [0.00180535, 0.00277074, 0.00515567],
        [0.00203816, 0.00264795, 0.00442986],
        [-0.00194096, 0.00348103, -0.00112715],
        [-0.00200572, 0.00336685, -0.00130687],
        [0.00397277, 0.00082822, -0.00255551],
        [0.00378046, -0.00092558, -0.0035294],
        [-0.00161882, -0.00266255, -0.00185386],
        [-0.00260181, -0.00292017, -0.00215049],
        [-0.0032584, 0.00351215, 0.00054582],
        [-0.00318354, 0.00373952, 0.00047922],
        [-0.00070413, -0.00388041, 0.00068621],
        [-0.00054688, -0.00367942, 0.00067663],
        [-0.00145624, -0.00187651, -0.00212514],
        [-0.00154746, -0.00188741, -0.00207937],
        [0.00043186, -0.00258129, 0.00171286],
        [0.00050301, -0.00233332, 0.00106818],
        [-0.00337908, -0.00496582, -0.00066693],
        [-0.00358773, -0.00585185, -0.0009533],
        [0.00340394, 0.00296656, -0.00128702],
        [0.00297581, 0.00266566, -0.00105475],
        [-0.00379522, 0.00135401, -0.00160456],
        [-0.00306579, 0.00113304, -0.00126592],
        [-0.00132415, -0.00059523, 0.00221368],
        [-0.00107591, -0.00061653, 0.00241053],
        [0.00026033, 0.00601054, 0.00046191],
        [-5.17e-06, 0.00543575, 0.00101309],
        [0.00225239, 0.0013871, 0.00170678],
        [0.00244413, 0.00154904, 0.00186978],
        [0.00161971, -0.00170434, -0.00208341],
        [0.00162969, -0.00254645, -0.00120661],
        [-0.00605929, 0.00050774, 0.00204151],
        [-0.00539002, -0.00010602, 0.00200877],
        [0.00500318, -0.00076488, 0.00312191],
        [0.00542715, -0.00076967, 0.00310709],
        [0.00229142, -0.00161491, -0.00385371],
        [0.00231706, -0.00154747, -0.00378062],
        [-0.00038251, -0.00444385, -0.00021935],
        [-0.00040647, -0.0045131, 0.00018863],
        [-0.00374344, -0.0014184, -0.00286549],
        [-0.00432544, -0.0012881, -0.00253552],
        [-0.00288679, 0.00137997, 0.00021978],
        [-0.00295659, -0.00033375, 0.00153035],
        [0.00291123, 0.00292292, -0.00139364],
        [0.00269166, 0.00308521, -0.00138024]
    ],
    "relaxed_lattice": [
        [-5.10943228, -14.30012774, -8.36809013],
        [-7.58745665, -0.13262317, -4.27584325],
        [-0.26091389, -0.13845422, -8.62677354]
    ],