{
    "atom_type": [
        "Na",
        "V",
        "P",
        "O"
    ],
    "atoms_per_type": [
        11,
        8,
        12,
        48
    ],
    "coord_mode": "direct",
    "relaxed_basis": [
        [0.24208486, 0.52444627, 0.48763617],
        [0.7647278, 0.48286236, 0.49771695],
        [0.49706232, 0.98754906, 0.01411946],
        [0.00011818, 0.00072667, 0.99977697],
        [0.12562139, 0.88718733, 0.62060396],
        [0.62564578, 0.88490853, 0.61032497],
        [0.30529612, 0.24832627, 0.8785155],
        [0.56023608, 0.38178593, 0.75090541],
        [0.37560802, 0.1213543, 0.39729134],
        [0.87499132, 0.09861996, 0.38099661],
        [0.69618934, 0.75086625, 0.11558128],
        [0.32123545, 0.64222982, 0.64975797],
        [0.82196581, 0.64258228, 0.64267981],
        [0.06846044, 0.1479442, 0.14525292],
        [0.5733399, 0.14658841, 0.14383556],
        [0.17690715, 0.35716318, 0.35315534],
        [0.67858433, 0.35825107, 0.34833666],
        [0.42843733, 0.85477794, 0.85712692],
        [0.93172959, 0.8471006, 0.8587807],
        [0.12325358, 0.54141303, 0.96270281],
        [0.624458, 0.54442972, 0.95330023],
        [0.47646734, 0.25741544, 0.54362808],
        [0.97862186, 0.24750419, 0.53618815],
        [0.271494, 0.96460849, 0.25454358],
        [0.77482469, 0.9552175, 0.24251404],
        [0.2261251, 0.04399731, 0.75270002],
        [0.72756361, 0.03550259, 0.74499171],
        [0.37196139, 0.45432152, 0.04393781],
        [0.87613662, 0.45585126, 0.03875429],
        [0.0231074, 0.74839161, 0.46326911],
        [0.52379778, 0.75245136, 0.4627537],
        [0.43843955, 0.70639068, 0.5178026],
        [0.93012839, 0.73443648, 0.50889858],
        [0.23987381, 0.87820543, 0.71256471],
        [0.73171194, 0.88263373, 0.698767],
        [0.34584985, 0.46916974, 0.89098845],
        [0.84245736, 0.50563871, 0.88339703],
        [0.4926274, 0.20174137, 0.38728213],
        [0.9804806, 0.2059849, 0.38191591],
        [0.18227223, 0.01742408, 0.22334657],
        [0.69047208, 0.98963484, 0.19806232],
        [0.09396706, 0.38346588, 0.00507769],
        [0.59722855, 0.38327481, 0.98991924],
        [0.07293036, 0.27068401, 0.4794833],
        [0.55844396, 0.30739978, 0.50770222],
        [0.26857237, 0.12226607, 0.29458832],
        [0.75798356, 0.11588378, 0.29344438],
        [0.15809412, 0.48848695, 0.12255463],
        [0.64920212, 0.51544618, 0.11477908],
        [0.02229315, 0.78452511, 0.62060116],
        [0.51395335, 0.8089678, 0.61431623],
        [0.31404904, 0.02162078, 0.77549493],
        [0.81469596, 0.98257836, 0.78322602],
        [0.39951992, 0.62013243, 0.98415128],
        [0.90422748, 0.61261407, 0.00656328],
        [0.38254151, 0.41742717, 0.56855519],
        [0.89405563, 0.41972156, 0.56273116],
        [0.27905145, 0.78083808, 0.42323736],
        [0.77980895, 0.77169658, 0.4128481],
        [0.2059159, 0.55468158, 0.77556872],
        [0.70382764, 0.56547074, 0.76468241],
        [0.03379395, 0.91537433, 0.27669786],
        [0.53146976, 0.9164192, 0.2725315],
        [0.13786934, 0.0688894, 0.91973932],
        [0.63585179, 0.06242365, 0.91212162],
        [0.45615949, 0.26903591, 0.06684663],
        [0.95230893, 0.26393857, 0.06548516],
        [0.10911577, 0.57448493, 0.43406382],
        [0.61591177, 0.5882821, 0.43927855],
        [0.2156487, 0.22665693, 0.57846836],
        [0.71825544, 0.22615479, 0.58059707],
        [0.29265896, 0.43417957, 0.23514146],
        [0.79175882, 0.44125471, 0.22736663],
        [0.46859288, 0.09178129, 0.7330531],
        [0.97404479, 0.07836634, 0.71988336],
        [0.35887594, 0.9434945, 0.08068435],
        [0.86524465, 0.93421786, 0.07706563],
        [0.0475738, 0.73188809, 0.94336599],
        [0.54232235, 0.73149572, 0.93311853]
    ],
    "relaxed_energy": -808.32145374,
    "relaxed_forces": [
        [0.00084667, 4.043e-05, 0.00068053],
        [-0.00072772, -0.00041164, 0.00026363],
        [0.00015788, -8.091e-05, 0.00034966],
        [3.843e-05, 0.00040994, -0.00023872],
        [0.00035026, 0.0011294, -0.00042288],
        [-0.00158321, -0.00014495, -0.00155324],
        [7.829e-05, 0.00076182, 0.00056983],
        [0.00083588, 0.00126757, 0.00034785],
        [-0.00121096, -0.00061439, -0.00015824],
        [-0.00131364, 0.00094272, -0.00083299],
        [0.00134707, -0.00085842, -0.00067181],
        [-6.077e-05, -0.00235683, 0.00033546],
        [-0.00437795, -0.00228931, 0.00369277],
        [-0.00201908, -0.00208489, -0.00131656],
        [-0.00184206, 0.00314396, 0.00063155],
        [-0.00451543, -0.00761055, -0.00224636],
        [-0.00190299, 0.00225882, -0.00074907],
        [-0.00442738, -0.00547057, 0.00196529],
        [-0.00097841, 0.0018716, -0.00166538],
        [0.00083614, 0.00181858, 0.00043281],
        [0.00241312, -0.00071881, 0.00022664],
        [0.00202372, -0.00164055, -0.00165198],
        [0.0007029, 0.00358236, 0.0015778],
        [-0.00168161, 0.00029595, -0.00018569],
        [0.00091785, 0.00113362, -0.00388156],
        [-0.00120914, 0.00459263, 0.00130322],
        [-0.00112964, 0.00197395, -0.00011193],
        [-0.00269345, -0.00209381, 0.00040334],
        [0.00273944, 0.00200029, -0.00051262],
        [0.00070293, 0.00069156, -0.00201764],
        [-0.00010959, -0.00197889, 0.0004679],
        [0.00158307, 0.0016412, 0.0005717],
        [0.00334882, 0.00441127, -0.00091877],
        [0.00065216, 0.00067058, 0.00102093],
        [-0.00253952, 0.0002716, -0.00143826],
        [-0.00119371, -0.00020065, 0.00091478],
        [0.00314581, -0.00071625, -0.00361173],
        [-0.00160035, -0.00094127, -0.00109771],
        [0.00028425, -0.00115646, -0.00464994],
        [-0.00257612, -8.113e-05, 0.00175798],
        [0.00128196, 0.0020899, 0.00220166],
        [-0.00136135, 0.00161841, 0.00174889],
        [-0.00178566, -0.00239516, 0.00017964],
        [0.00488837, 0.00163644, -0.00051129],
        [-0.00132077, -0.00225672, -0.00043636],
        [0.00361189, -0.00032909, 0.00209368],
        [0.0011239, -0.00018112, -0.00048651],
        [0.00318284, 0.00067158, 0.00129743],
        [0.00155652, -0.00373031, -0.00044946],
        [0.00181091, 0.00235339, 0.00178047],
        [-0.00154834, 0.00119648, -0.0036457],
        [0.00238512, -0.00456445, -0.00339803],
        [-0.00033566, 0.00113947, -5.534e-05],
        [0.00579436, -0.00066054, 0.00317809],
        [0.00279377, 3.641e-05, -0.00105448],
        [-0.00018889, 0.0028895, -0.00014155],
        [0.00078726, -0.00122476, 0.00116327],
        [-0.00043125, 0.00142984, 0.0022292],
        [0.00080474, 0.00066734, 0.00366991],
        [-0.00070073, 0.00155611, 0.00185216],
        [-0.003389, -0.00488513, -0.00445858],
        [0.00365735, 0.00227875, 0.00062201],
        [-0.00037718, -0.00038025, 0.00046509],
        [0.00235082, -0.00098665, 0.00344239],
        [-0.00039032, -0.00208882, -2.123e-05],
        [-8.805e-05, -0.00271915, 0.00116524],
        [-0.00105999, -0.0013692, -0.00267581],
        [-0.0011342, 0.00355692, -0.00202112],
        [-0.00154211, -0.00040805, 0.00094092],
        [-0.00044891, 0.00037803, 0.00063692],
        [-0.00140765, 0.00110422, 0.00334056],
        [-0.00038896, 0.00012088, -0.00050496],
        [-5.33e-06, -0.00109132, -0.00102571],
        [0.00029931, 0.00192957, 0.00144585],
        [-0.00109391, -0.00044204, -0.00022229],
        [0.00171646, -0.00242332, 0.00248049],
        [-0.00039249, 0.00094001, -0.00184041],
        [-0.00065307, 0.00071436, -0.00138967],
        [-0.00131372, 0.00036889, 0.00082403]
    ],
    "relaxed_lattice": [
        [-4.94127193, -14.30838283, -8.4467634],
        [-7.57374182, -0.05914727, -4.26284417],
        [-0.10332646, -0.03492784, -8.67207851]
    ],