{
    "atom_type": [
        "Na",
        "V",
        "P",
        "O"
    ],
    "atoms_per_type": [
        4,
        4,
        6,
        24
    ],
    "coord_mode": "direct",
    "relaxed_basis": [
        [0.4999792, 0.50012601, 0.49994873],
        [0.99996658, 8.68e-06, 1.2e-06],
        [0.61355421, 0.24795506, 0.89327279],
        [0.38643607, 0.75207284, 0.10675516],
        [0.64704989, 0.64037984, 0.643888],
        [0.14036219, 0.14415692, 0.14992635],
        [0.35294919, 0.35968208, 0.35610115],
        [0.85959352, 0.85584517, 0.85007986],
        [0.24539254, 0.54577465, 0.96653875],
        [0.95994531, 0.24793959, 0.54238079],
        [0.53299387, 0.95602565, 0.24974471],
        [0.46700557, 0.04399578, 0.75022179],
        [0.75461513, 0.45420597, 0.03350248],
        [0.03999264, 0.75201844, 0.45763031],
        [0.88002109, 0.69859848, 0.49817814],
        [0.50224276, 0.85406398, 0.75045053],
        [0.71825503, 0.456843, 0.87664438],
        [0.00950571, 0.1797408, 0.38175518],
        [0.37773055, 0.96672673, 0.20470783],
        [0.21178273, 0.36384957, 0.02535914],
        [0.11997078, 0.30129058, 0.50172809],
        [0.49792039, 0.14589974, 0.24950361],
        [0.2818351, 0.54313128, 0.1233626],
        [0.99044416, 0.82019969, 0.61823639],
        [0.62224909, 0.03333809, 0.79525255],
        [0.78830202, 0.6360819, 0.97469707],
        [0.77163406, 0.409395, 0.55370591],
        [0.5506242, 0.78793469, 0.42880733],
        [0.42093205, 0.54827113, 0.78243729],
        [0.06579121, 0.91479374, 0.2653035],
        [0.27442531, 0.07900376, 0.91916798],
        [0.9215444, 0.27513981, 0.07101425],
        [0.22830368, 0.59056602, 0.44630298],
        [0.44931932, 0.21209879, 0.5711488],
        [0.57905917, 0.45178526, 0.21758963],
        [0.93413078, 0.08515698, 0.73471385],
        [0.72555061, 0.92097468, 0.08077503],
        [0.07846691, 0.72482762, 0.92904188]
    ],
    "relaxed_energy": -393.19291592,
    "relaxed_forces": [
        [-1.75e-06, 0.00050032, -0.00021847],
        [0.00021301, 7.321e-05, 2.93e-06],
        [-0.00262435, -0.00091222, -0.00334408],
        [0.00245325, 0.00144947, 0.00281746],
        [0.00378997, -0.00067031, -0.00179336],
        [-0.00271415, 0.00155424, -0.00134291],
        [-0.00208159, 0.00075809, 0.00044485],
        [0.00345134, -0.00214687, 0.0006363],
        [-0.0035168, 0.00557422, 0.00102841],
        [-0.00405197, 0.00245789, 5.673e-05],
        [-0.00491092, -0.00166334, -0.00327926],
        [-0.00017544, 0.00275711, 0.00088967],
        [0.00146129, -0.00935913, -8.8e-07],
        [0.00799402, -0.00335083, 0.00462258],
        [-0.00426722, 0.00456217, 0.00184073],
        [-0.00084971, 0.00069624, -0.00397027],
        [-0.00084256, 0.0009624, -0.00117335],
        [0.00439206, 0.00201501, 0.00159353],
        [-0.00143616, -0.00686641, 0.00084954],
        [0.00055871, 0.00621376, -0.00219794],
        [0.001354, -0.00861873, -0.00249913],
        [0.00348658, -0.0020263, 0.00679423],
        [0.00137227, 0.00054827, 0.00112865],
        [-0.00514107, -0.00034739, -0.00509748],
        [0.00230998, 0.00759997, 0.00013418],
        [0.00043965, -0.00462542, 0.00244535],
        [-0.00434146, 0.00097412, -0.00080316],
        [0.00164658, -0.00336655, 0.00105524],
        [0.0017569, -0.00234451, 0.0015609],
        [0.00170434, 0.00346699, -0.00400986],
        [-0.00633193, -0.0033248, 0.00333488],
        [0.00264386, -0.00122611, -0.00238265],
        [0.00291826, 2.791e-05, -0.00115922],
        [0.00033701, 0.002853, -0.00241262],
        [-4.651e-05, 0.00608806, -0.00173211],
        [-0.00423433, -0.00359014, 0.00501242],
        [0.00625985, 0.00053167, -0.00221673],
        [-0.00297502, 0.00277492, 0.00338489]
    ],
    "relaxed_lattice": [
        [-2.52674502, -7.15620674, -4.27815214],
        [-7.58195562, -0.15367754, -4.19526174],
        [-0.19583908, -0.20778637, -8.62462058]
    ],
    "relaxed_mag_basis": [
        0.0,
        0.0,
        0.0,
        0.0,
        1.82,
        1.066,
        1.82,
        1.067,
        0.008,
        0.006,
        0.007,
        0.007,
        0.008,
        0.006,
        -0.016,
        0.009,
        -0.01,
        -0.046,
        -0.003,
        0.01,
        -0.015,
        0.009,
        -0.01,
        -0.045,
        -0.003,
        0.01,
        -0.001,
        -0.009,
        -0.01,
        -0.0,
        -0.025,
        -0.002,
        -0.001,
        -0.009,
        -0.01,
        -0.0,
        -0.025,
        -0.002
    ],
    "relaxed_magmom": 6.0001
}