{
    "atom_type": [
        "Na",
        "V",
        "P",
        "O"
    ],
    "atoms_per_type": [
        6,
        8,
        12,
        48
    ],
    "coord_mode": "direct",
    "relaxed_basis": [
        [0.24695591, 0.49716348, 0.51193666],
        [0.7485866, 0.50066914, 0.50119025],
        [0.5123559, 0.9952222, 0.98020047],
        [0.9911142, 0.02115864, 0.99740121],
        [0.37580689, 0.10542241, 0.37183453],
        [0.19033014, 0.75123696, 0.1133295],
        [0.31904096, 0.64166871, 0.64636171],
        [0.82295896, 0.63912321, 0.64268019],
        [0.06463559, 0.15210507, 0.15392435],
        [0.5785005, 0.14056872, 0.1379335],
        [0.17686862, 0.35910676, 0.35254558],
        [0.67794405, 0.35496961, 0.35947545],
        [0.43264728, 0.8554855, 0.85339567],
        [0.92751388, 0.85919062, 0.85890179],
        [0.12282076, 0.54452558, 0.9622965],
        [0.62654939, 0.53840832, 0.96223749],
        [0.48033737, 0.25037021, 0.53520043],
        [0.9774398, 0.24769468, 0.54323465],
        [0.26952813, 0.95911969, 0.24699099],
        [0.77088715, 0.96048216, 0.25356474],
        [0.22870681, 0.03867841, 0.75585763],
        [0.73391665, 0.03730848, 0.7468343],
        [0.3810769, 0.45531662, 0.03162503],
        [0.87191818, 0.46578843, 0.03933543],
        [0.0179638, 0.7501185, 0.46346751],
        [0.52099926, 0.75125607, 0.46206857],
        [0.42934501, 0.74022445, 0.49377079],
        [0.93580898, 0.70021139, 0.49706729],
        [0.23748565, 0.86142839, 0.74072824],
        [0.7507019, 0.86901983, 0.70579276],
        [0.35726896, 0.48088249, 0.87253828],
        [0.85280311, 0.49164317, 0.87153429],
        [0.49573451, 0.19822085, 0.37372879],
        [0.99150059, 0.18927794, 0.38566246],
        [0.18559346, 0.99294424, 0.20194179],
        [0.68689634, 0.99641654, 0.20782293],
        [0.0932936, 0.37511214, 0.02752793],
        [0.60314847, 0.37089511, 0.99736203],
        [0.062936, 0.28788933, 0.4979623],
        [0.56766053, 0.2911794, 0.49383399],
        [0.26064723, 0.12904167, 0.274816],
        [0.75430628, 0.12808113, 0.29544726],
        [0.14551858, 0.53451366, 0.11727068],
        [0.64728826, 0.50611536, 0.1292468],
        [0.99888939, 0.79939797, 0.62746864],
        [0.50646202, 0.80489516, 0.62302459],
        [0.3151546, 0.00112632, 0.79433881],
        [0.81639392, 0.00571678, 0.79374518],
        [0.40560222, 0.62277197, 0.98766321],
        [0.89262389, 0.63323753, 0.00639798],
        [0.39037609, 0.42354451, 0.54970355],
        [0.88555116, 0.42117796, 0.55482362],
        [0.27526567, 0.78008311, 0.42276618],
        [0.77942545, 0.77472001, 0.42384079],
        [0.20618916, 0.54695596, 0.77775647],
        [0.71252768, 0.55537602, 0.77684964],
        [0.03033718, 0.91624209, 0.27141809],
        [0.53829731, 0.91658071, 0.27027073],
        [0.13491675, 0.07646151, 0.9232552],
        [0.64102548, 0.05954898, 0.91771764],
        [0.46306588, 0.26337468, 0.06589031],
        [0.95610652, 0.27881179, 0.06684821],
        [0.11318453, 0.5846807, 0.43897789],
        [0.60890393, 0.57251562, 0.45327818],
        [0.22599201, 0.21341278, 0.57443554],
        [0.72209122, 0.22397308, 0.578597],
        [0.29552403, 0.44419195, 0.22103024],
        [0.78536789, 0.44442915, 0.22456441],
        [0.47133453, 0.08317882, 0.72391042],
        [0.96368286, 0.08504713, 0.73400369],
        [0.36393037, 0.92412557, 0.07794357],
        [0.8628332, 0.93925316, 0.08324386],
        [0.03687882, 0.73037596, 0.9328241],
        [0.54332107, 0.72591077, 0.9353025]
    ],
    "relaxed_energy": -771.16598288,
    "relaxed_forces": [
        [0.00079877, 0.00262719, 0.00101817],
        [-0.00303939, -0.0006497, 0.00127196],
        [-0.00515559, -0.00166932, 0.00182846],
        [0.00034723, -0.0024335, 0.00218219],
        [0.00310169, 0.00060085, 0.00265137],
        [0.00029804, 0.00072608, 0.00165364],
        [0.00056411, -0.00209329, -0.00103977],
        [-0.00671229, 0.00558287, -0.00182555],
        [0.00145664, -0.0037977, 0.00205199],
        [0.00251662, 0.00087072, -0.00298143],
        [-7.613e-05, -0.00287912, 0.0028313],
        [-0.00165228, 0.00262835, -0.00477591],
        [0.00326193, 0.00041445, -0.00018217],
        [-0.00092788, -0.00481678, 0.00012205],
        [0.00330863, -9.678e-05, -0.00080462],
        [-0.00349012, -0.00095178, 0.0005121],
        [0.00199131, -0.0043664, -0.00343756],
        [0.0007253, 0.00173484, 0.00577249],
        [-0.00214128, 0.00416227, 0.00105837],
        [0.00046817, -0.00386804, 0.00358088],
        [-0.00112094, 0.00389396, -0.00129804],
        [0.00029091, 0.0022946, 0.00276117],
        [-0.00331753, -0.00407635, -0.00433957],
        [-0.00103056, -0.00083387, -0.00395977],
        [0.00153436, 0.00185395, -0.00080405],
        [-0.00097311, -6.832e-05, -0.00380664],
        [0.00319693, 0.00443957, 0.00184511],
        [-0.00115492, -0.00027841, 0.00073794],
        [-0.00202674, -0.00045382, 0.00037293],
        [0.00046506, 0.00125752, 0.00120586],
        [-0.00170259, 0.00095215, 0.00166537],
        [-0.00057507, 0.00182885, 0.00167077],
        [4.77e-06, 0.00046908, -0.00140552],
        [0.00155375, -0.00081209, 0.0057893],
        [-0.0002851, -0.00030598, -0.00180125],
        [-0.00015689, -0.00242181, -0.00258249],
        [-0.00064664, -0.00015464, -0.0003277],
        [0.00401688, 0.00030599, 0.00073674],
        [0.0050235, 0.00730625, 0.0022881],
        [-0.00230493, -0.00552786, -0.00252994],
        [-0.00713749, 0.00316018, -0.00591791],
        [0.00289589, 0.00115707, 0.00119452],
        [0.00100661, -0.00039079, -0.00394595],
        [0.00028234, -0.00139734, -0.00146359],
        [-0.00052347, 0.00251196, -0.00635058],
        [0.00095445, -0.00216145, 0.00024818],
        [0.00171422, -0.00176245, -0.00032983],
        [0.00024553, 0.00522775, 0.00102692],
        [-0.00232612, -0.00244097, -0.00100338],
        [0.00264831, 0.00131713, 0.00140522],
        [0.00032959, -0.00114958, -0.00125162],
        [-0.00351056, 0.00515339, -0.00167106],
        [-0.00177306, 0.00097155, 0.00107571],
        [-0.00107255, 0.00096156, -0.00168932],
        [-0.00160658, -0.00476973, 0.00351967],
        [0.00153991, 0.00422504, -0.00154468],
        [0.00139701, 0.00072119, -0.00198548],
        [-0.00277327, -0.00308704, 0.00075137],
        [0.00071653, 0.00111675, -3.254e-05],
        [3.99e-06, -0.00138496, -0.00055683],
        [0.00091176, -0.00212542, 0.00118243],
        [0.00070802, -0.00186356, -0.00051086],
        [0.00524894, -0.00580509, 0.00287237],
        [-0.0027266, 0.00210071, 0.00032906],
        [-0.00182172, 0.00123855, 0.00347962],
        [0.00120077, 0.00015962, 0.00010468],
        [-0.00159172, -0.00222109, 0.0016833],
        [0.00214004, 0.00579002, -0.00190639],
        [0.00295339, -2.361e-05, -0.0012093],
        [0.00054642, 0.00149937, 0.00025302],
        [1.418e-05, 0.00046536, -0.00010915],
        [-0.00136129, -0.00202703, 0.00313737],
        [0.0039345, -0.00359015, 0.00092536],
        [0.00039737, -0.00297093, 0.00058337]
    ],
    "relaxed_lattice": [
        [-5.07561073, -14.13307596, -8.4795327],
        [-7.52374138, -0.13102727, -4.21428713],
        [-0.20509697, -0.12870553, -8.62243198]
    ],