{
    "atom_type": [
        "Na",
        "V",
        "P",
        "O"
    ],
    "atoms_per_type": [
        8,
        8,
        12,
        48
    ],
    "coord_mode": "direct",
    "relaxed_basis": [
        [0.25617773, 0.48635979, 0.49498633],
        [0.74002778, 0.50006597, 0.51783431],
        [0.48841361, 0.02427811, 0.99564996],
        [0.00223567, 0.99690318, 0.00688497],
        [0.12572891, 0.87510293, 0.62311815],
        [0.81041902, 0.24880627, 0.89723645],
        [0.94004856, 0.62040565, 0.25342868],
        [0.68907647, 0.75274019, 0.11171365],
        [0.32398914, 0.63783184, 0.63580482],
        [0.8219877, 0.64420416, 0.65264152],
        [0.07344448, 0.1362241, 0.14237484],
        [0.56855761, 0.14929943, 0.14864811],
        [0.18391829, 0.35601084, 0.35094496],
        [0.67270602, 0.36048568, 0.36214982],
        [0.42705476, 0.85736588, 0.84990338],
        [0.9290883, 0.85623176, 0.85166448],
        [0.12739202, 0.53179178, 0.9609519],
        [0.62166373, 0.54896246, 0.9657659],
        [0.47826398, 0.24864231, 0.54338677],
        [0.98364472, 0.2479897, 0.538517],
        [0.2709509, 0.96175562, 0.24026444],
        [0.76660149, 0.95764092, 0.2527269],
        [0.22805447, 0.03627405, 0.74713566],
        [0.73147665, 0.0490908, 0.75384245],
        [0.37629491, 0.46285119, 0.03216397],
        [0.87611251, 0.45007855, 0.04877724],
        [0.02576633, 0.74418904, 0.45593991],
        [0.51643951, 0.7582305, 0.45541946],
        [0.43480554, 0.71496193, 0.48481739],
        [0.94278523, 0.69973661, 0.48895768],
        [0.23852207, 0.87376878, 0.70563739],
        [0.75182038, 0.85917474, 0.74849396],
        [0.35824516, 0.48336194, 0.86903391],
        [0.85963892, 0.46420379, 0.88315151],
        [0.50401651, 0.18897963, 0.3761699],
        [0.00332213, 0.18744457, 0.38069567],
        [0.18666269, 0.00675872, 0.18807388],
        [0.68971844, 0.96889708, 0.20415156],
        [0.09685836, 0.37394808, 0.00499609],
        [0.60543774, 0.36855516, 0.01720804],
        [0.06685346, 0.29908907, 0.49367452],
        [0.558373, 0.29641648, 0.51347595],
        [0.25446278, 0.12616035, 0.28711755],
        [0.74548233, 0.14259892, 0.26647683],
        [0.15113978, 0.49903475, 0.12603394],
        [0.64007733, 0.53960971, 0.12603955],
        [0.0102507, 0.79786469, 0.61637731],
        [0.49515679, 0.81427581, 0.61992892],
        [0.31019316, 0.00130398, 0.79407385],
        [0.81124367, 0.03813924, 0.79487715],
        [0.39654207, 0.63298262, 0.99660193],
        [0.89717401, 0.6193301, 0.00890785],
        [0.38702199, 0.41839759, 0.5454477],
        [0.88976084, 0.4149277, 0.55358005],
        [0.27128661, 0.78173083, 0.41223864],
        [0.78042395, 0.7793492, 0.42517986],
        [0.20715975, 0.55764199, 0.77022541],
        [0.71097383, 0.550603, 0.7855813],
        [0.03902226, 0.90784478, 0.26670335],
        [0.53089124, 0.92235734, 0.26535094],
        [0.13394471, 0.07027452, 0.9119036],
        [0.63659303, 0.07726973, 0.92228392],
        [0.46019145, 0.27974495, 0.06679861],
        [0.95836712, 0.26272913, 0.08578678],
        [0.1183478, 0.57470323, 0.43814602],
        [0.61049388, 0.59405359, 0.44202289],
        [0.22063887, 0.21959725, 0.57295122],
        [0.72024166, 0.21964382, 0.57852986],
        [0.29099379, 0.44178317, 0.21911436],
        [0.78753744, 0.44586653, 0.22754216],
        [0.46371567, 0.08350024, 0.72802726],
        [0.97492535, 0.08556079, 0.72985828],
        [0.36325786, 0.93546162, 0.07438288],
        [0.86426126, 0.92823757, 0.08873372],
        [0.04275943, 0.72113476, 0.94526064],
        [0.53946067, 0.73095017, 0.92585819]
    ],
    "relaxed_energy": -786.05348356,
    "relaxed_forces": [
        [-0.00138044, 1.65e-05, -0.00092279],
        [0.0028952, -0.00221157, 0.00071905],
        [-0.00072621, -0.00048965, -0.00028843],
        [-0.00065925, 0.00035798, 9.125e-05],
        [0.00040354, 0.00127806, -0.00041036],
        [0.00109678, 0.00047023, 0.00209323],
        [-0.00244928, -0.00331517, -0.0044891],
        [0.0019568, -0.00066611, 0.00060696],
        [-0.00246471, -0.00271089, 0.00104043],
        [0.00316595, -0.00274547, 0.00077211],
        [-0.00109124, 0.00268632, -0.00152055],
        [0.00118603, 0.00913897, -0.00075078],
        [0.00666023, -0.00517687, 0.00251728],
        [-0.00409805, -0.0054654, -0.00069498],
        [-0.00115962, 0.00259938, -0.00505876],
        [-0.00028735, -0.00135966, -0.00011354],
        [-0.00274536, -0.00042996, 0.00174192],
        [0.00445348, -0.00021391, 0.00251229],
        [0.00335912, 0.00735412, 0.00166101],
        [-0.00023958, 0.00292526, -0.00106753],
        [-0.00129264, 0.00086206, 0.00242542],
        [0.00060055, 0.00257079, 0.00018322],
        [0.00058381, -0.0015451, -0.00172271],
        [-0.00205599, 0.00081743, -0.00152972],
        [-0.00555533, -0.00251058, -0.00556235],
        [0.00108949, -0.00068793, 0.00126015],
        [-0.00190037, 0.00333883, -0.00208531],
        [0.00164921, 6.631e-05, 0.00625423],
        [-0.00046692, 0.00301103, 0.00188028],
        [-0.0015721, -0.00020202, -9.399e-05],
        [-0.00468924, 0.00018325, 0.001433],
        [0.00573127, 0.00101689, -0.00081123],
        [0.00120426, -0.0013481, -0.00167397],
        [0.00183448, -0.00166017, -0.00122938],
        [0.0003316, -0.00429238, 0.00281365],
        [-5.58e-05, -0.00521466, -0.00374092],
        [0.00128062, 0.0006752, 0.00327966],
        [0.00379277, -7.762e-05, 0.00253967],
        [0.00016178, -0.00235437, 0.00228934],
        [-0.0010428, -0.00149928, -0.00039452],
        [-0.00257076, -0.00010932, -0.00370985],
        [0.0023789, 0.00225718, -0.00323756],
        [-0.00158529, 0.00525914, 0.00083689],
        [0.00157972, 0.0016814, 0.00349673],
        [-0.00145376, 0.00113489, -0.00367649],
        [-0.00020161, 0.00231975, -0.00296421],
        [-0.0013739, 0.00254233, -0.00566738],
        [-0.00147358, -0.00127129, 0.00100957],
        [-0.00130392, -0.00301529, 0.00056818],
        [0.00249976, 0.0004714, -0.00041366],
        [-0.0041958, -0.00042614, -0.00095903],
        [0.00093629, 0.00091499, -0.00094967],
        [-0.00129767, -0.0030045, -0.00170636],
        [4.167e-05, 0.00327356, 0.00378507],
        [-0.00181979, 0.00131231, 0.00146615],
        [-0.00236111, 0.00143288, -0.00262394],
        [-0.00142501, -0.00036083, -0.00223737],
        [0.00079053, -0.00174036, 0.00134376],
        [0.00099813, 0.00089038, 0.00119426],
        [-0.00056691, -0.0013841, -0.00200046],
        [0.00182753, 0.00186813, 0.00488258],
        [-0.00242525, 0.00337942, -0.00031282],
        [-6.145e-05, 0.00209689, 0.00048286],
        [0.00137909, -0.00222768, -0.0015367],
        [-0.00088029, -0.00210496, -0.00127921],
        [0.00198299, -0.00171538, -0.00011151],
        [-0.00352919, -0.00073664, -0.00025847],
        [0.00444907, -0.00368908, 0.00167731],
        [0.00077175, 0.00085819, 0.00495706],
        [0.00106336, -0.00122457, 0.00130026],
        [-9.531e-05, 0.00173701, 0.00039315],
        [0.0003061, 0.0002223, 0.00319291],
        [-0.00125409, -0.00244334, -0.00541139],
        [0.00072719, -0.00258484, -0.00014294],
        [0.00057897, 0.00259675, 0.00201463],
        [5.893e-05, -0.00140232, 0.00264441]
    ],
    "relaxed_lattice": [
        [-5.0390988, -14.23675915, -8.44231401],
        [-7.56067126, -0.13374027, -4.21829207],
        [-0.14201255, -0.13680914, -8.62940962]
    ],