{
    "atom_type": [
        "Na",
        "V",
        "P",
        "O"
    ],
    "atoms_per_type": [
        5,
        8,
        12,
        48
    ],
    "coord_mode": "direct",
    "relaxed_basis": [
        [0.25028661, 0.49173278, 0.50822628],
        [0.99793982, 0.99774517, 0.00732639],
        [0.62530429, 0.82081143, 0.58772456],
        [0.54976928, 0.31854436, 0.74223435],
        [0.68544659, 0.75732995, 0.12173244],
        [0.31859421, 0.64949407, 0.6435228],
        [0.82654681, 0.63278489, 0.65033156],
        [0.07221822, 0.14269297, 0.14457238],
        [0.56847989, 0.1515732, 0.15228892],
        [0.17671625, 0.35662802, 0.35974271],
        [0.68309074, 0.36122946, 0.34236249],
        [0.41928709, 0.86869611, 0.87076003],
        [0.9340878, 0.86016693, 0.84311514],
        [0.12378783, 0.53909366, 0.96733141],
        [0.62603972, 0.54471999, 0.96638055],
        [0.47664721, 0.25457097, 0.53350752],
        [0.98175557, 0.25340727, 0.53855416],
        [0.2644833, 0.9608052, 0.25521243],
        [0.77069362, 0.96875717, 0.24522373],
        [0.22964004, 0.04203779, 0.75401122],
        [0.73944677, 0.02992708, 0.74912707],
        [0.37387984, 0.46972035, 0.03671298],
        [0.87954624, 0.45677633, 0.02696486],
        [0.02436027, 0.75018916, 0.46456389],
        [0.51111572, 0.75641522, 0.4662547],
        [0.43045859, 0.72481791, 0.47579283],
        [0.93833921, 0.70533493, 0.51890802],
        [0.2528978, 0.8651496, 0.71328619],
        [0.75068829, 0.83296481, 0.76870352],
        [0.36530494, 0.49669817, 0.8575572],
        [0.86275151, 0.46136939, 0.8664707],
        [0.47958533, 0.22290021, 0.37344319],
        [0.00277321, 0.20132295, 0.37567618],
        [0.1849606, 0.98948166, 0.20487012],
        [0.67912356, 0.97169764, 0.25276756],
        [0.10378274, 0.36892432, 0.99956908],
        [0.61201035, 0.35269148, 0.03563181],
        [0.06629107, 0.29756333, 0.50502186],
        [0.56412325, 0.29488454, 0.48065329],
        [0.24675256, 0.12949201, 0.29331372],
        [0.76307503, 0.1596491, 0.22330446],
        [0.14296236, 0.50963924, 0.13429863],
        [0.63874845, 0.5509392, 0.12242978],
        [0.01506144, 0.80316277, 0.61938633],
        [0.48503343, 0.8019621, 0.63927019],
        [0.30880111, 0.02440034, 0.79676451],
        [0.8266746, 0.02220603, 0.75753779],
        [0.3788418, 0.64871655, 0.0189831],
        [0.90209058, 0.63316068, 0.96149377],
        [0.38464486, 0.42343133, 0.57371435],
        [0.89234402, 0.4297628, 0.55005945],
        [0.27430032, 0.77520966, 0.42692608],
        [0.78208738, 0.81318187, 0.43906324],
        [0.20989242, 0.56072514, 0.78189021],
        [0.71112547, 0.55957856, 0.77815057],
        [0.03192563, 0.92026904, 0.27572918],
        [0.53421957, 0.92636787, 0.27938828],
        [0.13539703, 0.0585389, 0.92217551],
        [0.64947001, 0.07344468, 0.92296969],
        [0.46851876, 0.30168856, 0.04438979],
        [0.96165986, 0.27120005, 0.06880222],
        [0.11653299, 0.57868625, 0.4423144],
        [0.60217891, 0.58116536, 0.4603154],
        [0.21916504, 0.22263042, 0.57881806],
        [0.71761081, 0.18999055, 0.57206073],
        [0.29149111, 0.42184982, 0.22122045],
        [0.78909247, 0.46086756, 0.20451751],
        [0.47546094, 0.07330086, 0.71329626],
        [0.97132921, 0.0855744, 0.72959191],
        [0.35891916, 0.93828402, 0.08198073],
        [0.85870498, 0.90783047, 0.08080738],
        [0.03905915, 0.72489877, 0.94196521],
        [0.53946536, 0.71313061, 0.91989502]
    ],
    "relaxed_energy": -762.72802932,
    "relaxed_forces": [
        [0.00047795, 0.00193977, -0.00149763],
        [0.00044584, 0.00044631, 0.00175076],
        [0.00543143, 0.00176343, 0.00038067],
        [-0.00271741, 0.00010437, 0.00218101],
        [0.0032706, -0.00118265, -0.00123059],
        [-0.00085063, -0.00289569, 0.00010309],
        [9.933e-05, 0.00185286, 0.00063033],
        [-0.0006499, -0.00328529, -0.00150212],
        [-0.0077226, -0.0030527, -0.00401755],
        [0.00017551, 0.00101196, -0.0013431],
        [-0.00309626, -0.00252079, -0.00859376],
        [0.00083727, 0.00439257, 0.00075037],
        [0.00042592, -0.0017412, 0.00203187],
        [-0.00068036, -0.00024677, -0.00293378],
        [-0.00053845, 0.0023889, 0.00042423],
        [-0.00242834, -0.00435208, 0.00216118],
        [-0.00238309, 0.00317299, 0.00247929],
        [0.00430725, -0.00104253, 0.00018467],
        [-0.00158037, 0.00040864, 0.00158399],
        [0.00020203, 0.00320228, 0.00165765],
        [-0.00305966, -8.441e-05, -0.00131944],
        [-0.0036587, 0.0007581, 0.00353505],
        [-0.00035169, -0.00125424, 0.0018426],
        [-0.00184255, 0.00310639, 0.00200427],
        [0.00157918, -0.00116188, -0.00638496],
        [0.00280633, 0.00227679, 0.00574783],
        [-0.00045763, -0.00154789, 0.00338024],
        [0.00422646, -0.00446879, -0.00432654],
        [-0.00279993, 0.00424907, -0.0036545],
        [0.00363976, -0.00307469, -0.0042572],
        [0.00202058, -0.00128699, -0.00069888],
        [0.00229162, 6.968e-05, -0.00170788],
        [-0.000644, -0.00453141, 0.0017983],
        [0.00289225, -0.0019116, -0.00294626],
        [0.00174635, 0.00044149, 0.00068325],
        [0.00374362, 0.0014582, 0.00356305],
        [0.00023254, 0.00229588, -0.00338771],
        [0.00044631, -0.00014936, 0.00066548],
        [0.00175101, 0.00133747, 0.0033174],
        [0.00110939, -0.0012624, -0.00106982],
        [0.00034187, 0.00150309, 0.00349303],
        [0.00264192, 7.753e-05, 0.00141067],
        [0.00052688, -0.00225341, -0.00308598],
        [-0.00278297, -0.00366091, -0.00054469],
        [0.00037078, 0.00049284, -0.00056366],
        [0.00557557, -0.00403294, -0.00281509],
        [-0.0004994, -0.00141966, 0.0013881],
        [-0.00019016, -0.00087059, 0.00049681],
        [0.00127868, 0.00019531, 0.0023864],
        [0.00487307, 0.00406107, 0.00065867],
        [-0.00284578, 0.00068066, -0.00284192],
        [-0.00204064, 0.00409981, 0.00062463],
        [-0.00099525, 0.0002277, -0.00294989],
        [-0.00043247, -0.00270908, -0.00391518],
        [-0.00017476, -0.00293849, 0.00541447],
        [0.00140244, 0.00365585, -0.00272613],
        [-0.00492204, -0.0022553, 0.00542054],
        [-0.00297908, -0.00131134, 0.00112277],
        [-0.00339726, 0.00481889, -0.00099543],
        [-0.00270785, -0.00189623, -0.00073645],
        [0.00141964, 4.514e-05, -0.00043467],
        [0.00218541, 0.00034387, 0.00082272],
        [-0.00070983, 0.00164525, -0.00116639],
        [-0.00185441, 0.00332762, 0.00339708],
        [-5.462e-05, 0.00259463, 0.00515617],
        [-0.00087201, 8.715e-05, 0.005027],
        [0.00256525, 0.00286462, -0.00165456],
        [-0.00286277, -0.003006, -0.00415205],
        [-0.00096845, -0.00046509, -0.00429689],
        [-0.00013073, -0.00076869, 0.00202722],
        [-0.00179211, 0.00275074, 0.00071851],
        [0.00066347, 1.93e-06, 0.00028266],
        [0.00067063, -0.00150971, 0.00104666]
    ],
    "relaxed_lattice": [
        [-5.07977316, -14.02761565, -8.90388987],
        [-7.47988388, -0.06853829, -4.32289908],
        [-0.20588222, -0.02438943, -8.68677038]
    ],