{
    "atom_type": [
        "Na",
        "V",
        "P",
        "O"
    ],
    "atoms_per_type": [
        9,
        8,
        12,
        48
    ],
    "coord_mode": "direct",
    "relaxed_basis": [
        [0.24956743, 0.5001738, 0.50336466],
        [0.75822436, 0.50586989, 0.47193513],
        [0.49485932, 0.96880268, 0.04198566],
        [0.00200803, 0.00074399, 0.99076144],
        [0.62462477, 0.88884399, 0.62921595],
        [0.30942353, 0.24635502, 0.89377128],
        [0.8064139, 0.24867957, 0.87989166],
        [0.55618183, 0.38068937, 0.75018695],
        [0.1925419, 0.75227857, 0.10896533],
        [0.32195548, 0.64636799, 0.64853525],
        [0.82480074, 0.63965736, 0.63750794],
        [0.06909074, 0.14604371, 0.14675974],
        [0.57213294, 0.13869347, 0.1503875],
        [0.17411515, 0.35948067, 0.3579477],
        [0.68281847, 0.3581748, 0.35182299],
        [0.42734501, 0.85857652, 0.85811698],
        [0.93094856, 0.84972648, 0.84544465],
        [0.12301353, 0.54534966, 0.96438263],
        [0.62242155, 0.53920906, 0.96127474],
        [0.48087681, 0.25672327, 0.54187717],
        [0.97824091, 0.24679236, 0.53854419],
        [0.26447964, 0.95969757, 0.25474508],
        [0.77303604, 0.95789165, 0.24268957],
        [0.23140641, 0.04608751, 0.75264891],
        [0.72893502, 0.04035547, 0.75166574],
        [0.37509823, 0.45045982, 0.04355918],
        [0.87695165, 0.45541603, 0.03032635],
        [0.0196373, 0.75361334, 0.45291984],
        [0.52442412, 0.75405125, 0.46495807],
        [0.43943801, 0.70715187, 0.51521209],
        [0.93910857, 0.70066674, 0.49170501],
        [0.24727614, 0.85543735, 0.75734094],
        [0.74260982, 0.87830776, 0.70810214],
        [0.35900851, 0.45505148, 0.88195758],
        [0.85511847, 0.46844131, 0.87238998],
        [0.5076741, 0.19592797, 0.3773795],
        [0.00046401, 0.18546972, 0.37660091],
        [0.1863656, 0.96920938, 0.20929572],
        [0.68922736, 0.00302079, 0.18953201],
        [0.1035387, 0.36661021, 0.02344601],
        [0.59868472, 0.37769557, 0.9855048],
        [0.05775459, 0.29907272, 0.50296837],
        [0.56336886, 0.29888748, 0.515548],
        [0.24433436, 0.15064455, 0.25586195],
        [0.76011106, 0.12542554, 0.27510942],
        [0.14027686, 0.5430607, 0.12229257],
        [0.64749483, 0.49523115, 0.12547441],
        [0.99640431, 0.81856472, 0.61299719],
        [0.51384357, 0.8108084, 0.61792026],
        [0.31022431, 0.03736518, 0.79275299],
        [0.80959777, 0.00892682, 0.80317417],
        [0.39888528, 0.62258204, 0.98125796],
        [0.90102407, 0.62752696, 0.97565658],
        [0.38801735, 0.4195015, 0.55343953],
        [0.8839024, 0.40752987, 0.55506598],
        [0.27273185, 0.7935247, 0.43570854],
        [0.77357565, 0.78006068, 0.41794752],
        [0.21118898, 0.54499641, 0.78452256],
        [0.70745951, 0.55767639, 0.77258955],
        [0.0321762, 0.91577066, 0.26207576],
        [0.53521215, 0.91685613, 0.27472487],
        [0.13623894, 0.08012412, 0.92066369],
        [0.63316078, 0.07083916, 0.91714706],
        [0.45907624, 0.26640333, 0.07803287],
        [0.96077274, 0.27408627, 0.06086481],
        [0.11303957, 0.59114639, 0.44279083],
        [0.61463009, 0.58292082, 0.4504789],
        [0.22056053, 0.21297502, 0.57467546],
        [0.71835209, 0.22876746, 0.58679034],
        [0.2883457, 0.4484629, 0.22399083],
        [0.79283986, 0.44667238, 0.21510417],
        [0.46952882, 0.09183335, 0.7326899],
        [0.96449784, 0.08286424, 0.72866138],
        [0.36001383, 0.92759256, 0.09167261],
        [0.86553415, 0.92592991, 0.07522416],
        [0.04081879, 0.72639457, 0.9221404],
        [0.54239367, 0.72776794, 0.93707941]
    ],
    "relaxed_energy": -793.62830771,
    "relaxed_forces": [
        [3.179e-05, -0.0003585, 0.00022833],
        [0.00020809, 0.00087174, -0.00097561],
        [0.00016845, 0.00139514, -0.00061317],
        [-0.00143349, -0.00011188, -0.00022644],
        [-0.00120961, -0.0007597, -0.00147491],
        [0.00015056, 0.00043834, -0.00060892],
        [-0.00060015, 0.00032417, 7.141e-05],
        [0.00122139, 0.00017764, 0.00026531],
        [-0.00074023, -0.00015054, -0.00118506],
        [0.00086509, -0.00013716, -0.00068449],
        [0.0024734, 0.00143221, -0.00177631],
        [0.00211534, 0.00206079, 0.00105507],
        [-0.00170809, 0.00171889, -0.00123223],
        [-0.00246024, 1.686e-05, 0.00019825],
        [0.00154693, 9.15e-06, 0.00034197],
        [-0.00212022, -0.00013568, -0.0005863],
        [-0.00186369, -0.00341729, 0.00168445],
        [0.00195461, -7.63e-05, -0.00315006],
        [-0.00173054, -0.00184277, 0.00065935],
        [-0.00200412, 0.00062365, -0.00426411],
        [0.00049845, 0.00173233, 0.00532376],
        [0.00312386, -0.00049711, 0.00167093],
        [-6.612e-05, 0.00100133, 0.00221368],
        [-0.00525815, 0.00239047, 0.00339486],
        [0.0006313, -0.00515949, -0.00022819],
        [0.00153217, -0.00267519, 0.00119705],
        [0.00148005, 0.00075212, 0.00126645],
        [-0.00304212, 0.00301615, -0.00126013],
        [0.00185707, -0.00160062, -0.00166473],
        [-0.00143058, 0.00166676, -0.00111328],
        [-0.00189306, 0.00014296, -0.00405673],
        [0.00082436, -0.00083252, -0.00166853],
        [-0.00227326, 0.0022003, -0.001694],
        [0.0003464, -0.00016644, 0.00175008],
        [0.00108132, 0.00160865, 0.00144103],
        [0.00229494, -0.00096025, 0.00517881],
        [0.00058242, 0.00156728, 0.00219365],
        [-0.0006333, 0.00017855, -0.00067895],
        [-0.00230787, 0.00077372, 0.00330204],
        [0.00014633, 0.00145953, -0.00371049],
        [0.00059059, 0.00187793, 0.0008853],
        [-0.00170241, -0.00221095, 0.00044552],
        [0.00118763, 0.000671, 0.00160656],
        [-0.00221689, -0.00206134, 0.00139382],
        [0.00047028, -0.00242151, 0.00103964],
        [0.00178287, 0.00050561, 0.00227478],
        [-5.726e-05, 0.00059912, 0.00166512],
        [0.0037805, 0.00461863, -0.00193513],
        [-0.00315665, -0.00124919, 0.00097111],
        [3.224e-05, -6.126e-05, 0.00101902],
        [-0.00088882, 0.00265918, -0.00031823],
        [0.00291966, -0.00288466, 0.00174276],
        [-0.0011722, -0.00361722, -0.0009886],
        [-0.000168, -9.796e-05, 0.0015834],
        [0.00314491, -0.00093955, 0.00248468],
        [-0.00195021, 0.00152146, -0.00083168],
        [0.00447126, -0.003215, -0.00418736],
        [0.00075925, -0.00031512, -0.00083433],
        [0.00185718, -0.00302076, -0.00029928],
        [0.00266955, -0.00148062, 0.00213638],
        [-0.00501186, -0.00268106, -0.0009894],
        [-0.00249865, 0.0005569, 0.00101515],
        [-0.00143582, 0.00144762, -0.00604095],
        [-0.00140581, -0.00177655, -0.00033031],
        [-0.00074868, 0.00393777, -0.00031987],
        [0.00086111, -0.00248586, 0.00130415],
        [-0.00045029, 0.00128894, -0.00084369],
        [0.0050279, 0.00135993, 0.00061791],
        [0.00105753, -0.00023064, -0.00316368],
        [-0.00349604, 0.00032773, -0.00285325],
        [0.00178459, -0.0015013, 0.00444627],
        [0.00039845, 0.00114918, 0.00340343],
        [-0.00066372, -0.00199567, -0.00422647],
        [0.00302186, 0.00119888, 0.0006157],
        [3.703e-05, 0.00393906, 0.00137143],
        [-0.00283149, -0.00201117, -0.00199351],
        [0.00164094, -7.884e-05, -0.00245024]
    ],
    "relaxed_lattice": [
        [-5.05728967, -14.23748664, -8.4664884],
        [-7.60003933, -0.08693498, -4.19835673],
        [-0.18833512, -0.11181197, -8.6457252]
    ],