{
    "atom_type": [
        "Na",
        "V",
        "P",
        "O"
    ],
    "atoms_per_type": [
        9,
        8,
        12,
        48
    ],
    "coord_mode": "direct",
    "relaxed_basis": [
        [0.25094052, 0.47976471, 0.51500484],
        [0.74958489, 0.5015162, 0.49889084],
        [0.48850746, 0.0045367, 0.012789],
        [0.00258285, 0.00934201, 0.98950582],
        [0.80982088, 0.25065165, 0.89157124],
        [0.94087269, 0.61973247, 0.2462139],
        [0.56179049, 0.381157, 0.75259437],
        [0.19287497, 0.74958512, 0.11306385],
        [0.68767454, 0.7501969, 0.10778901],
        [0.31950975, 0.64037516, 0.64594681],
        [0.82635595, 0.64277927, 0.64002836],
        [0.07167576, 0.14052568, 0.1493086],
        [0.57017935, 0.14237969, 0.15174113],
        [0.18080266, 0.3545181, 0.35441258],
        [0.67349168, 0.35734511, 0.35984567],
        [0.42844831, 0.86526256, 0.85166155],
        [0.9292358, 0.85833101, 0.84889996],
        [0.12739884, 0.53914606, 0.96088196],
        [0.62293411, 0.54895802, 0.95630477],
        [0.4771922, 0.25427587, 0.55000015],
        [0.98330077, 0.24340513, 0.54070555],
        [0.26975717, 0.95512063, 0.24968212],
        [0.76677192, 0.95338399, 0.25066042],
        [0.23206133, 0.03964971, 0.75016675],
        [0.73280279, 0.04685115, 0.75036424],
        [0.3763447, 0.46156868, 0.03370141],
        [0.87677832, 0.45291763, 0.04260365],
        [0.02204476, 0.74771379, 0.45151934],
        [0.51469834, 0.75910473, 0.46103705],
        [0.43375947, 0.70128153, 0.50921204],
        [0.94599837, 0.69410809, 0.46811303],
        [0.24653891, 0.85941735, 0.73144954],
        [0.75992027, 0.86620898, 0.72158797],
        [0.35195603, 0.487609, 0.87050442],
        [0.862188, 0.46962851, 0.87274936],
        [0.50287735, 0.2023222, 0.38211953],
        [0.00554501, 0.17874424, 0.37952137],
        [0.19055137, 0.96860625, 0.20621794],
        [0.69062192, 0.96254801, 0.20141816],
        [0.10466481, 0.3652083, 0.01801657],
        [0.6051325, 0.38039399, 0.98509553],
        [0.0625426, 0.30329159, 0.49274713],
        [0.5544836, 0.30470219, 0.53257888],
        [0.25335196, 0.13215648, 0.2700662],
        [0.7403998, 0.13388436, 0.27865121],
        [0.14908755, 0.52862945, 0.11827002],
        [0.63788582, 0.52872013, 0.12742862],
        [0.99284865, 0.80690209, 0.61646115],
        [0.49511705, 0.82156715, 0.62007388],
        [0.311148, 0.01147244, 0.80255152],
        [0.80805529, 0.03884423, 0.80086578],
        [0.40122226, 0.63095906, 0.97887138],
        [0.89292302, 0.6230176, 0.01404501],
        [0.38382887, 0.42232735, 0.56179439],
        [0.88964649, 0.41058087, 0.54434672],
        [0.27899159, 0.78183582, 0.43030743],
        [0.78247466, 0.77151945, 0.41773337],
        [0.20931463, 0.55585406, 0.77283141],
        [0.71330035, 0.5564721, 0.78008387],
        [0.03683324, 0.91154727, 0.26076862],
        [0.5274612, 0.91368382, 0.26986446],
        [0.13793875, 0.06905616, 0.91842199],
        [0.63625598, 0.0655396, 0.91498229],
        [0.46096233, 0.27944091, 0.0512478],
        [0.95949278, 0.26829012, 0.07752326],
        [0.11727081, 0.58671867, 0.43698856],
        [0.60799596, 0.59049126, 0.45423053],
        [0.22470528, 0.21255729, 0.57567317],
        [0.71706015, 0.22891154, 0.58286221],
        [0.29255244, 0.452445, 0.21808167],
        [0.78710833, 0.44217514, 0.2199295],
        [0.46250204, 0.0901455, 0.73723045],
        [0.96986125, 0.0886023, 0.73126989],
        [0.36486751, 0.91265599, 0.08872848],
        [0.86335939, 0.93420908, 0.08611897],
        [0.04002852, 0.71782158, 0.94142434],
        [0.54251307, 0.73657617, 0.91840347]
    ],
    "relaxed_energy": -793.54098271,
    "relaxed_forces": [
        [0.00058433, -0.00074011, -0.00062016],
        [-0.00097492, 0.00057656, -8.547e-05],
        [0.00058672, 0.00138083, -0.00056071],
        [0.00018336, -0.000236, -0.00129626],
        [0.00105739, 0.00018558, 0.00128017],
        [0.00064223, -0.00030569, 0.00045805],
        [0.00045747, -0.00028565, -0.00073186],
        [-0.00045904, 8.496e-05, -0.00012007],
        [-2.539e-05, 0.00031863, 4.59e-05],
        [0.00204935, -0.00205315, -0.00183106],
        [-0.00202976, 0.00069519, -0.00121914],
        [-0.00044277, -0.00089698, 0.00144828],
        [-0.0010657, -0.00111626, -0.00025253],
        [0.00431022, 0.00285762, 0.00037277],
        [-0.00069892, 0.00044389, -0.00015403],
        [-0.00046416, 0.00186275, -6.722e-05],
        [0.00252547, 8.419e-05, -0.00383422],
        [0.00106566, -0.00145136, -0.00352423],
        [-0.00116171, 0.00046543, 0.00038195],
        [0.00153755, -0.00105622, -0.00165487],
        [0.00115355, 0.00235502, 0.00411593],
        [-0.00197276, 0.00077295, -0.00286364],
        [-0.00143889, -0.00160482, -0.00039976],
        [-0.00115638, 0.00230424, -0.00108164],
        [-0.00032702, 0.00041139, 0.00018081],
        [-0.00394672, -0.00200262, 0.00502911],
        [-0.00054522, -0.00041009, 4.78e-05],
        [0.00052317, -0.0022525, 0.00039196],
        [-0.00018918, -0.00146652, 0.00060178],
        [0.0012508, 0.00378666, 0.00098276],
        [0.00011907, -0.00067098, 0.00044846],
        [0.00087959, 0.00048041, 0.00143062],
        [0.00379186, -0.00133135, 0.00274498],
        [0.00418459, 0.0001747, -0.00450642],
        [0.00052655, -0.00071569, -0.0028932],
        [-4.812e-05, 0.00100241, -0.0007077],
        [0.00093035, 0.00037714, 0.00098067],
        [-0.00047523, 0.00429693, 0.00229521],
        [0.00041225, -0.00022547, -0.00053661],
        [0.00688905, 0.00206157, 0.00048908],
        [-0.00055095, -0.00017269, -0.00055067],
        [-0.00489487, -0.00767379, -0.00126206],
        [-0.00144176, -0.00147545, -0.00079538],
        [0.00458872, -0.00140434, 0.00437285],
        [0.00189186, -0.00111, 0.00092955],
        [-0.00176028, 0.0011526, 0.0024001],
        [-3.911e-05, 0.00017971, -0.00097495],
        [-0.0007005, -0.00278129, 0.00183045],
        [0.00015535, 0.00118375, -0.00304093],
        [0.00026146, 0.00015129, 0.00067638],
        [0.00024049, 0.00134888, 0.00173334],
        [0.00226069, -0.00025931, 0.000571],
        [0.00116158, -0.00089008, 9.809e-05],
        [-0.004077, 0.00318497, 0.0003346],
        [-7.71e-06, 0.00051888, -0.00026399],
        [-0.00342846, 0.00055226, 0.00469923],
        [-0.00060932, 0.00031922, 0.00132678],
        [-0.00095187, -0.00119642, -7.702e-05],
        [2.848e-05, 0.00091078, -0.00031838],
        [-0.00498742, -0.00062649, 0.00020307],
        [0.00026774, 0.00062309, 0.00021193],
        [-0.00044432, 0.00165374, -0.00245838],
        [0.00010136, -0.00051928, 0.00044795],
        [0.00072321, 0.00024066, 9.09e-06],
        [0.00136293, -0.00278903, -0.00145856],
        [-0.00244664, 0.004071, -0.00203091],
        [-0.00067815, 0.00117956, -0.00049696],
        [0.00163883, -0.00034159, -0.00203067],
        [-0.00033351, -0.00037336, -0.00052701],
        [0.00219425, 0.00512044, -0.00279444],
        [0.00045216, 0.00033276, -0.00098557],
        [-0.0038765, -0.00039753, 0.0002578],
        [-0.00398921, -0.0015124, 0.00115257],
        [-0.00012982, -0.00214383, 0.00378805],
        [-0.0008879, -0.00260443, 0.00058338],
        [0.00127051, -0.0025047, -0.00104302],
        [-0.00060297, -0.00010513, 0.00069718]
    ],
    "relaxed_lattice": [
        [-5.12588701, -14.29855229, -8.36508218],
        [-7.61930848, -0.13646425, -4.15383441],
        [-0.17845084, -0.14925344, -8.60886055]
    ],