{
    "atom_type": [
        "Na",
        "V",
        "P",
        "O"
    ],
    "atoms_per_type": [
        4,
        8,
        12,
        48
    ],
    "coord_mode": "direct",
    "relaxed_basis": [
        [0.24167387, 0.49832203, 0.52262861],
        [0.50549097, 0.0193608, 0.9713768],
        [0.44637057, 0.61146206, 0.2469048],
        [0.99797249, 0.98970983, 0.02122681],
        [0.32143244, 0.6429284, 0.64799136],
        [0.83036493, 0.63724216, 0.63773926],
        [0.07369901, 0.1418988, 0.14643097],
        [0.57965724, 0.13604332, 0.13171154],
        [0.17985722, 0.35092792, 0.36754924],
        [0.67867134, 0.35555361, 0.35965834],
        [0.43137711, 0.85215272, 0.85158447],
        [0.92641848, 0.85443866, 0.86874885],
        [0.12514977, 0.53457124, 0.9701965],
        [0.63004347, 0.52463057, 0.96493988],
        [0.48613978, 0.24267225, 0.53989472],
        [0.98633019, 0.24167702, 0.54741805],
        [0.27424776, 0.96258304, 0.24846657],
        [0.76595428, 0.95584369, 0.25836668],
        [0.23066176, 0.03505651, 0.7550395],
        [0.73874218, 0.03492023, 0.74384385],
        [0.37736152, 0.45982894, 0.0451346],
        [0.87989907, 0.46519187, 0.02814154],
        [0.01932696, 0.75034171, 0.46495779],
        [0.51954159, 0.74761024, 0.45272762],
        [0.43504707, 0.70964321, 0.47565821],
        [0.93520784, 0.73606827, 0.46335376],
        [0.24751889, 0.87347266, 0.70319194],
        [0.76282626, 0.84574187, 0.72691679],
        [0.35965615, 0.50656781, 0.86673732],
        [0.89358181, 0.49118314, 0.82851868],
        [0.50899634, 0.2111071, 0.3601674],
        [0.00750701, 0.1951748, 0.38016584],
        [0.19298373, 0.00789657, 0.1901337],
        [0.68946727, 0.97691064, 0.19889224],
        [0.10446344, 0.37428483, 0.98861976],
        [0.61171064, 0.36165501, 0.97829147],
        [0.07466509, 0.26989614, 0.52135916],
        [0.5670417, 0.26886519, 0.53916597],
        [0.2603916, 0.12332636, 0.29554287],
        [0.73868497, 0.14669935, 0.27691012],
        [0.14374696, 0.49593038, 0.14361174],
        [0.61280952, 0.50336645, 0.16706259],
        [0.9967269, 0.7942224, 0.6370365],
        [0.49565997, 0.78983038, 0.62521003],
        [0.31354563, 0.98219493, 0.81670523],
        [0.81356497, 0.01323249, 0.80618337],
        [0.40158743, 0.6158332, 0.0283374],
        [0.89619035, 0.62927362, 0.01879482],
        [0.39219577, 0.42118206, 0.55199546],
        [0.89930536, 0.42935349, 0.55025413],
        [0.28049867, 0.77107395, 0.42028869],
        [0.76656392, 0.79072782, 0.44652995],
        [0.21602811, 0.55345636, 0.78740824],
        [0.72738871, 0.53109693, 0.82012866],
        [0.04573523, 0.91059326, 0.27501866],
        [0.53517337, 0.91431862, 0.26500713],
        [0.13525221, 0.06230838, 0.91999772],
        [0.63932455, 0.06804885, 0.90322901],
        [0.46131324, 0.26877484, 0.06801436],
        [0.95848375, 0.27083228, 0.09096938],
        [0.10929682, 0.56647587, 0.46154587],
        [0.61052254, 0.56717762, 0.44215266],
        [0.22982495, 0.21985773, 0.58181323],
        [0.73884091, 0.20014961, 0.55442254],
        [0.28745564, 0.44285415, 0.22576842],
        [0.78176136, 0.45741474, 0.1750797],
        [0.46419183, 0.07629768, 0.72490962],
        [0.96687737, 0.08087513, 0.7389075],
        [0.37255258, 0.925657, 0.08600566],
        [0.86419159, 0.92625733, 0.09806761],
        [0.04246218, 0.72603879, 0.93982562],
        [0.54808981, 0.71820811, 0.90978993]
    ],
    "relaxed_energy": -755.48076774,
    "relaxed_forces": [
        [0.00159322, -0.00095559, -8.83e-05],
        [0.00123677, -0.00218258, 0.00090389],
        [-0.00130412, 0.00109348, -0.00233404],
        [-0.0008102, -0.00287796, -0.00066709],
        [-0.00329556, -0.00143222, 0.00268636],
        [-0.00538204, -0.00047393, -0.00128153],
        [0.00495758, 0.00038398, 0.00158509],
        [-0.00156762, 0.00485076, 0.00216465],
        [-0.00045231, 0.00753614, -0.00013762],
        [0.00378847, -0.00205256, -0.00023026],
        [0.00274187, 0.00279136, -0.00234629],
        [2.824e-05, -0.00053815, 0.00270404],
        [-0.00329086, -0.0052224, 0.00168343],
        [-0.00354245, -0.0029451, -0.00436293],
        [0.00427563, -0.00029861, 0.00171515],
        [-0.00164113, 0.00237237, -0.00141844],
        [0.00045437, 0.00310722, 0.00302704],
        [-0.00458698, -0.00016514, 0.00314656],
        [-0.00223781, 0.00065219, -0.00023034],
        [-0.00378398, -0.0012933, 0.00251697],
        [0.00058131, -0.00313041, -0.00082671],
        [0.00124228, -0.00523027, 5.733e-05],
        [0.0007929, 0.00112074, -0.00261978],
        [-0.00016634, 0.00448607, -0.00246395],
        [-0.00349904, -0.00233796, -0.00028857],
        [0.00619085, -0.00030632, 0.00031972],
        [0.00417115, 0.00145329, 0.00073864],
        [0.00520915, -0.00395743, 0.00268985],
        [0.00118728, -0.00121103, -0.00441712],
        [0.00042337, 0.00215031, -0.00367902],
        [-0.00037072, -0.00195603, -0.00027672],
        [-0.00105768, 0.00043922, 0.0016877],
        [-9.232e-05, 0.00083704, 0.002624],
        [-0.00423023, -0.00156629, 0.00073434],
        [-0.00114949, -0.00313781, -0.00263152],
        [0.00652373, -9.244e-05, 0.00282689],
        [-0.00363504, 0.00119036, -0.00076279],
        [-0.00017687, -0.00424372, -0.00140521],
        [0.00300223, 0.00220609, 0.00305266],
        [-0.00162941, -0.00369683, -0.00362105],
        [0.00022701, 0.00100451, -3.698e-05],
        [-0.0018111, 0.00151135, -0.00086258],
        [0.00115341, -0.00142788, 0.00236705],
        [0.00120944, -0.00109705, 0.0015232],
        [0.0003891, 4.014e-05, 0.00389124],
        [-0.00061868, -0.00405988, -0.00338451],
        [0.00403457, -0.00042315, 0.0011951],
        [0.00381163, 0.00319234, -0.00060143],
        [4.738e-05, 0.0024945, -0.00280011],
        [0.00354816, 6.396e-05, 0.00059402],
        [0.0004423, -0.00133241, 0.00159296],
        [0.00031963, 0.00061527, -0.00136685],
        [0.00513708, 0.00398518, -0.00233776],
        [-0.00084992, 1.887e-05, -0.00139279],
        [-0.00371818, 0.00216722, 0.00063133],
        [0.00077034, -0.00104099, -0.00015054],
        [0.00029542, -0.00262285, 0.00226866],
        [0.00150454, 0.00330072, -0.00630665],
        [-0.00429079, 0.00291236, 0.00106815],
        [-0.00688963, 0.0056484, 0.00216844],
        [0.00151358, -0.00097475, 0.0030115],
        [0.00239828, 0.0014066, 0.00074301],
        [0.0026532, -0.00186853, -0.00032449],
        [-0.00404271, 0.0006936, 0.00081103],
        [-0.00119765, -0.00403447, 0.00226596],
        [-0.00303864, -0.0018105, -0.00063639],
        [-0.00044086, -0.00053712, -0.00034024],
        [-0.00224399, -0.00090024, -0.00205972],
        [-0.00145891, 0.0032467, -0.00044645],
        [-0.00031294, 0.00050284, -0.00122955],
        [0.00232151, -0.00024919, 0.0015008],
        [-0.00136083, 0.00420793, -0.00213045]
    ],
    "relaxed_lattice": [
        [-5.0034887, -13.98636841, -8.64359408],
        [-7.45351793, -0.17650727, -4.37127944],
        [-0.11081079, -0.12112967, -8.60996233]
    ],