{
    "atom_type": [
        "Na",
        "V",
        "P",
        "O"
    ],
    "atoms_per_type": [
        5,
        8,
        12,
        48
    ],
    "coord_mode": "direct",
    "relaxed_basis": [
        [0.75344365, 0.49208818, 0.49961115],
        [0.99969715, 0.99609862, 0.00084028],
        [0.35176077, 0.23527358, 0.94920538],
        [0.44042404, 0.62172066, 0.25038886],
        [0.66818537, 0.75397123, 0.08471766],
        [0.32061054, 0.6498748, 0.6458934],
        [0.82486649, 0.64563776, 0.63696157],
        [0.07161811, 0.1415797, 0.14217931],
        [0.57111948, 0.14414022, 0.1414683],
        [0.17193827, 0.3668084, 0.3604654],
        [0.67974936, 0.3478136, 0.35777627],
        [0.42375042, 0.85785356, 0.85999331],
        [0.93245259, 0.85720999, 0.84817024],
        [0.12367917, 0.53029807, 0.97497345],
        [0.62540375, 0.53351091, 0.95347948],
        [0.48461555, 0.24465469, 0.54247625],
        [0.98258647, 0.24839953, 0.5389457],
        [0.26130619, 0.96088626, 0.25711367],
        [0.7724636, 0.95979413, 0.24397412],
        [0.22906014, 0.0425356, 0.74728598],
        [0.73445126, 0.04123658, 0.74909377],
        [0.37524277, 0.47013001, 0.03861795],
        [0.8778541, 0.46499724, 0.02781868],
        [0.0185744, 0.75622638, 0.45536404],
        [0.51467182, 0.75159997, 0.46211981],
        [0.43254367, 0.73119457, 0.45954937],
        [0.93201119, 0.72645694, 0.4833237],
        [0.25067754, 0.85888515, 0.72039726],
        [0.74776196, 0.86059231, 0.73426687],
        [0.37957369, 0.51189764, 0.84087586],
        [0.86290425, 0.49360773, 0.85250913],
        [0.50037571, 0.22428489, 0.36358506],
        [0.00261524, 0.20114423, 0.37289529],
        [0.18454859, 0.97980014, 0.20444744],
        [0.69051381, 0.98434738, 0.20166826],
        [0.1045971, 0.36344815, 6.453e-05],
        [0.60609811, 0.36449276, 0.98855464],
        [0.06833251, 0.27872693, 0.51759753],
        [0.57170448, 0.25971415, 0.52747143],
        [0.24182569, 0.14725686, 0.26670371],
        [0.75762537, 0.13644236, 0.2643961],
        [0.112154, 0.52083539, 0.16587086],
        [0.62691165, 0.51951402, 0.13392308],
        [0.99782876, 0.81457837, 0.6140989],
        [0.48733811, 0.78623535, 0.63996621],
        [0.30915601, 0.9987435, 0.8090529],
        [0.81447228, 0.00180547, 0.80872375],
        [0.38731226, 0.6284073, 0.0425463],
        [0.90507366, 0.62468738, 0.98750675],
        [0.39614165, 0.43024318, 0.56273638],
        [0.89195582, 0.42780825, 0.54741861],
        [0.2699926, 0.7863618, 0.4376482],
        [0.77567346, 0.78704744, 0.43296253],
        [0.22627253, 0.51739827, 0.83270185],
        [0.7144043, 0.55162552, 0.77765436],
        [0.03585702, 0.9188211, 0.26323986],
        [0.53583386, 0.9235068, 0.28199699],
        [0.1324813, 0.07440715, 0.90776329],
        [0.63785633, 0.07405021, 0.91632147],
        [0.45350386, 0.27591137, 0.08384239],
        [0.95668917, 0.27161737, 0.07049732],
        [0.10668632, 0.57326095, 0.45507825],
        [0.60803608, 0.57953804, 0.44065942],
        [0.23035028, 0.20768598, 0.56208668],
        [0.73440216, 0.21427458, 0.56961263],
        [0.27755455, 0.44926167, 0.18803445],
        [0.7827803, 0.47167648, 0.19752428],
        [0.45771721, 0.08427733, 0.72699279],
        [0.96583747, 0.08537096, 0.72956871],
        [0.3594507, 0.92784316, 0.09178121],
        [0.87021002, 0.91156201, 0.08727911],
        [0.05108094, 0.72376145, 0.8998093],
        [0.53733998, 0.71762729, 0.91763398]
    ],
    "relaxed_energy": -762.61075919,
    "relaxed_forces": [
        [-0.00330248, -0.0006081, 0.00068589],
        [-0.00083065, 0.0032973, -0.00171678],
        [-7.97e-06, -0.0012351, -0.00288035],
        [0.00165024, -0.00082674, 0.00127428],
        [7.158e-05, 0.00101881, 0.00519152],
        [-0.00108501, -0.00735468, -0.00224681],
        [-0.00165813, -0.00059923, 0.00350256],
        [0.0013613, -0.00424991, 0.00133466],
        [-0.00063597, -0.00249815, -0.00199664],
        [0.00179565, 0.00113215, 0.00280322],
        [0.00266826, -0.00071502, -0.00188769],
        [0.00121868, 0.00362994, -0.0010146],
        [-0.00134572, 0.00202474, 0.0036215],
        [0.00264488, -0.00520147, 0.00140776],
        [-0.00138885, 0.00036916, 0.0016258],
        [0.00285511, -0.00683829, 0.00449005],
        [-0.0013351, 0.00112529, 0.00373998],
        [-0.00682942, -0.00179924, 0.00357005],
        [0.00142333, 0.00087614, -0.00018306],
        [-0.00205728, 0.00113314, -0.00199002],
        [-0.00020125, 0.00055178, -0.00084311],
        [0.00198603, 0.00043663, 0.00138096],
        [-0.0013592, 0.00378434, -0.0007914],
        [-0.00084251, 0.00139954, 0.00304564],
        [0.00112941, -0.00506703, -0.00550512],
        [0.00085549, -0.00083029, -0.00098648],
        [-0.00065621, 0.0005839, -0.00142077],
        [-0.0002395, 0.00201407, 0.00039741],
        [-0.00084594, -0.00398707, 0.00222811],
        [0.00123217, 0.00021305, 0.00053183],
        [0.00079092, -0.00066364, -0.00266684],
        [-0.00061134, -0.00208382, 0.00259568],
        [-0.00045931, 0.00185331, -0.00113633],
        [0.00258284, -0.00056847, -0.00218958],
        [-0.00255608, -0.00098459, -0.00114649],
        [0.00139934, -0.00025314, 0.00024716],
        [0.00133556, 0.00055496, 0.00102966],
        [0.00205109, 0.00079767, 0.00255925],
        [0.00262969, 0.00343014, 0.0008462],
        [0.00355652, 0.0037613, -0.00021208],
        [0.00029632, -0.00010626, 0.00057649],
        [-0.00319478, 0.00146354, -0.00104705],
        [0.0023588, 0.00039742, 0.0008296],
        [0.00142153, 0.00096926, 0.00202394],
        [-0.00023144, 0.00150953, 0.00077581],
        [-0.00047919, -0.00195894, 0.00091771],
        [-0.00299679, 0.00135489, -0.00039118],
        [0.00098301, 0.00180137, -0.00243926],
        [-0.00195857, -0.00125297, -0.00265254],
        [-0.0009647, -0.00120664, -0.00355987],
        [-0.00291951, 0.00431971, -0.00087081],
        [-0.00016259, 0.00031317, 0.00268241],
        [-0.00101261, -0.00061575, -0.001892],
        [-0.00189976, 0.00021562, -0.00017895],
        [0.00178602, 0.00061265, -0.00300896],
        [0.00029999, 0.00110184, -0.00296904],
        [0.00115299, 0.00143469, 1.472e-05],
        [0.00050482, 0.00182106, -0.00122669],
        [-0.00210484, -0.00099628, -0.00363756],
        [0.00048952, 0.00117229, -0.00018885],
        [0.00046789, -0.00029292, 0.00183265],
        [0.00285701, 0.00090991, 0.00129183],
        [0.00341372, -0.00226866, -0.00035738],
        [0.00105775, 0.00164112, 0.0036104],
        [-0.00159235, -0.00066242, -0.00130592],
        [0.00220802, -0.00016195, -0.00050448],
        [-0.00069287, 0.00161981, -0.00229042],
        [-0.00276963, -0.00067412, -0.00308829],
        [-0.00018627, -0.00037006, 0.00085492],
        [0.00150861, -0.00235335, 0.00275799],
        [-0.00111493, 0.00241274, -0.00084984],
        [-0.00359474, -0.0010838, -0.0017382],
        [7.94e-05, 0.00131014, -0.00126616]
    ],
    "relaxed_lattice": [
        [-4.9942799, -14.10822425, -8.65126579],
        [-7.48804386, -0.22701592, -4.45722563],
        [-0.07946523, -0.2020355, -8.67823891]
    ],