{
    "atom_type": [
        "Na",
        "V",
        "P",
        "O"
    ],
    "atoms_per_type": [
        11,
        8,
        12,
        48
    ],
    "coord_mode": "direct",
    "relaxed_basis": [
        [0.25255538, 0.46225972, 0.53206053],
        [0.76109439, 0.49023007, 0.49428635],
        [0.48781248, 0.01836994, 0.00808355],
        [0.99704056, 0.01105101, 0.98999251],
        [0.12681919, 0.8735654, 0.61780144],
        [0.62389093, 0.88247991, 0.60928283],
        [0.44090051, 0.62347791, 0.25156884],
        [0.56223422, 0.38764324, 0.74952237],
        [0.87559136, 0.10583039, 0.3777172],
        [0.19189184, 0.75173079, 0.12396536],
        [0.69296006, 0.75166909, 0.10821317],
        [0.32145679, 0.64205736, 0.64973941],
        [0.82111919, 0.64401194, 0.64193841],
        [0.06897132, 0.15257526, 0.14031516],
        [0.57355826, 0.14568701, 0.14324925],
        [0.17659021, 0.35150904, 0.35834235],
        [0.67936641, 0.35355406, 0.35254597],
        [0.42250716, 0.86255561, 0.85786233],
        [0.93221464, 0.84751354, 0.85956977],
        [0.12775797, 0.5411414, 0.96379291],
        [0.62336034, 0.54730391, 0.95117976],
        [0.48124853, 0.25074748, 0.54737532],
        [0.97686436, 0.25256982, 0.53583115],
        [0.26904549, 0.95935755, 0.25069917],
        [0.77521264, 0.9565948, 0.23976054],
        [0.22434245, 0.04049709, 0.74960329],
        [0.72902557, 0.03760817, 0.74513093],
        [0.3741401, 0.45903167, 0.05354451],
        [0.875374, 0.45968841, 0.03743136],
        [0.02304798, 0.74656871, 0.46329835],
        [0.5213216, 0.75241402, 0.45441267],
        [0.44029985, 0.70643066, 0.48193064],
        [0.93491093, 0.71895612, 0.5053726],
        [0.23539038, 0.87930043, 0.70474675],
        [0.73442397, 0.88599469, 0.69335172],
        [0.35446814, 0.51015289, 0.88003667],
        [0.84224141, 0.51077799, 0.88131517],
        [0.50713565, 0.20828361, 0.37599573],
        [0.98496286, 0.20538333, 0.37917616],
        [0.18726087, 0.98451075, 0.2107646],
        [0.69377164, 0.98956427, 0.19039755],
        [0.100039, 0.37884679, 0.01001184],
        [0.5980084, 0.38630767, 0.9815131],
        [0.0636616, 0.3006757, 0.48050684],
        [0.56221736, 0.2910006, 0.53250253],
        [0.24733367, 0.12583575, 0.30336742],
        [0.75600702, 0.11887114, 0.29534908],
        [0.15652131, 0.51268435, 0.1201588],
        [0.64358808, 0.51542688, 0.1180088],
        [0.01808962, 0.78921698, 0.61938814],
        [0.50715957, 0.78765146, 0.62275333],
        [0.30872433, 0.99693722, 0.79408852],
        [0.81404488, 0.97708319, 0.79347159],
        [0.39274987, 0.62360202, 0.03808746],
        [0.90446865, 0.61334448, 0.0091739],
        [0.39064516, 0.41962872, 0.55752529],
        [0.88727202, 0.41695973, 0.56745365],
        [0.28035635, 0.77294407, 0.41761532],
        [0.77967098, 0.77495507, 0.41084769],
        [0.21056196, 0.55463364, 0.77727974],
        [0.70158863, 0.57539668, 0.76245744],
        [0.03353737, 0.91308777, 0.27542838],
        [0.53688884, 0.91394169, 0.26727925],
        [0.13539772, 0.05615311, 0.9226901],
        [0.63562689, 0.06542263, 0.908779],
        [0.45887461, 0.27829738, 0.06293926],
        [0.95189508, 0.26728583, 0.06366912],
        [0.11426779, 0.57848637, 0.43084832],
        [0.61451635, 0.58369812, 0.43368131],
        [0.21193406, 0.22589741, 0.58649034],
        [0.72446644, 0.22618064, 0.58097769],
        [0.29002385, 0.43235227, 0.23584875],
        [0.7908458, 0.44338414, 0.22497365],
        [0.46890587, 0.08144132, 0.72786222],
        [0.97727832, 0.08013366, 0.71480145],
        [0.36200666, 0.94161348, 0.09054584],
        [0.86706881, 0.93882112, 0.07690611],
        [0.04985811, 0.73159165, 0.93485247],
        [0.53800639, 0.73271427, 0.93818988]
    ],
    "relaxed_energy": -808.4377536,
    "relaxed_forces": [
        [0.00231759, -0.00132, 0.00052611],
        [3.515e-05, -0.00157089, -0.00096412],
        [-0.0028491, 3.454e-05, 0.0010406],
        [0.00021265, -0.00059558, -0.00134171],
        [-0.00075696, 0.00043215, 0.0007078],
        [0.00167551, -2.584e-05, 0.00010378],
        [-0.00182677, 0.00055303, -0.00078604],
        [-0.00173867, -0.00092973, -0.00043559],
        [0.00383855, 0.00059733, 0.00124953],
        [-0.00058598, -0.00054168, -0.00139],
        [-0.00042344, 0.00081135, 3.524e-05],
        [-0.00072883, 0.00117739, -0.00036592],
        [-0.00037796, -0.00088048, -0.00013587],
        [0.00169843, 0.00175166, 0.0005556],
        [-0.00187729, 0.00137561, -0.00110851],
        [-0.00075817, 0.00188037, 9.406e-05],
        [0.00052509, -0.00057102, 0.00014355],
        [0.00074438, 0.00322788, 0.00126803],
        [0.00150221, -0.00159357, 0.0001214],
        [-0.00082467, -0.00233747, -0.00165399],
        [1.597e-05, 0.0013551, 0.00035925],
        [-0.00288519, -0.00187418, -0.00274918],
        [-0.00085995, 0.00238773, 0.0007528],
        [-0.00083811, -0.00430239, -0.00066751],
        [0.00027306, 0.00702579, 0.00456433],
        [0.00244816, 0.00057024, -3.009e-05],
        [0.00406639, -1.217e-05, 0.00239178],
        [0.0049673, -0.00308136, -0.0014611],
        [0.00150668, 0.0022922, -0.00108225],
        [-0.00136751, -0.00173892, 0.00053665],
        [-0.00416243, -0.00184437, 0.00017241],
        [7.865e-05, 0.00075862, -0.00047306],
        [-0.00064381, 0.00379411, 0.00017939],
        [0.00092968, -0.00176789, 5.123e-05],
        [-0.00217042, 0.00204225, -0.00015719],
        [-0.00042777, 0.00174074, 0.00214165],
        [-0.00108513, -0.00062908, -0.00168868],
        [-0.00032101, -0.00179204, 0.00293151],
        [0.00030894, 0.00027351, 0.00362094],
        [-0.00074966, -0.00125753, -2.346e-05],
        [-0.00073128, -0.00568357, -0.00495391],
        [0.00151796, -0.00165013, 0.00091382],
        [0.00030781, -0.00034112, 0.00051511],
        [-0.00231306, -0.00257928, -0.00026563],
        [0.00137036, 0.00062989, -0.00033089],
        [0.00351848, -0.00077223, 0.00269451],
        [-0.00059974, -0.00054875, -2.828e-05],
        [0.00040078, 0.00012301, 0.00318992],
        [-0.0012177, 0.0007043, -0.00199653],
        [0.00094553, 0.00041232, -0.00152339],
        [-0.0012021, 0.00051408, 0.00089873],
        [-0.00127387, -0.00235735, -0.00345371],
        [0.0043836, -0.00065166, 8.407e-05],
        [-0.00267355, -0.00023982, 1.918e-05],
        [-2.496e-05, -0.0026061, -0.00183416],
        [-0.0016403, -0.00069576, 0.00037758],
        [-0.00238543, 0.00122233, -0.00162259],
        [-0.0043024, 0.00051647, 0.00315932],
        [0.00113117, -0.00018544, 0.00060237],
        [-8.281e-05, 0.0014543, 9.645e-05],
        [0.00081935, -0.00143973, -0.00064033],
        [0.00053254, -0.00110087, -0.0005305],
        [0.00308063, 0.00043771, -0.00258683],
        [0.00199298, 0.00228996, -0.00133112],
        [-0.0007921, 0.00015712, 0.00143731],
        [-0.0037469, 0.00429919, -3.77e-05],
        [0.00226028, -1.898e-05, 0.00050237],
        [0.00125504, -9.024e-05, 0.00031261],
        [-0.00014979, 0.00089962, -0.0013108],
        [-0.00339062, 0.00108028, 0.00287037],
        [-3.135e-05, -0.00279668, 0.00014039],
        [9.055e-05, -0.0004453, -0.00056408],
        [-0.00160488, -0.00035156, 0.00112984],
        [0.00128226, -0.00074713, -0.0022807],
        [0.00314747, 0.00089738, 8.343e-05],
        [-0.0007235, 0.00510395, -0.00330759],
        [-3.18e-06, -0.00131834, 0.00157786],
        [0.00113512, -0.00027468, 0.00010281],
        [0.00083201, 0.00073737, 0.00085735]
    ],
    "relaxed_lattice": [
        [-4.9908687, -14.36752859, -8.40511941],
        [-7.56776781, -0.09158902, -4.20143906],
        [-0.11763953, -0.088707, -8.69643446]
    ],