{
    "atom_type": [
        "Na",
        "V",
        "P",
        "O"
    ],
    "atoms_per_type": [
        8,
        8,
        12,
        48
    ],
    "coord_mode": "direct",
    "relaxed_basis": [
        [0.25746779, 0.48782804, 0.49576251],
        [0.746645, 0.49978552, 0.50109079],
        [0.48404105, 0.00415493, 0.02612475],
        [0.00836563, 0.99708511, 0.99494021],
        [0.12402777, 0.8779071, 0.61356384],
        [0.62571347, 0.88838332, 0.62804973],
        [0.81190021, 0.24989721, 0.88269793],
        [0.94192349, 0.61771396, 0.25088175],
        [0.321331, 0.64322074, 0.6435081],
        [0.82317215, 0.64765681, 0.64594719],
        [0.07140812, 0.14185839, 0.1431343],
        [0.56831159, 0.14558118, 0.14166631],
        [0.18523111, 0.35634841, 0.35058565],
        [0.67650316, 0.36035901, 0.36211865],
        [0.42681858, 0.85285841, 0.85485315],
        [0.92588858, 0.85178768, 0.85551009],
        [0.12605119, 0.5355558, 0.95927405],
        [0.62217752, 0.54177402, 0.96704264],
        [0.47941098, 0.25234595, 0.53723833],
        [0.98111654, 0.24708916, 0.53703343],
        [0.27123384, 0.96364672, 0.24524005],
        [0.76769806, 0.96297991, 0.24975241],
        [0.22941838, 0.03850826, 0.74591783],
        [0.7254547, 0.04739913, 0.75396117],
        [0.37677394, 0.46074044, 0.03587231],
        [0.87483859, 0.44835411, 0.0496745],
        [0.02408035, 0.74668822, 0.45464181],
        [0.5209911, 0.75535217, 0.46139808],
        [0.43432592, 0.72085988, 0.50473867],
        [0.94008584, 0.70910982, 0.47725324],
        [0.23306538, 0.87847663, 0.70897008],
        [0.74226797, 0.88275562, 0.70545941],
        [0.35160286, 0.49332124, 0.87600907],
        [0.85313314, 0.47975193, 0.88472458],
        [0.50011478, 0.20070788, 0.37192944],
        [0.99082731, 0.20150801, 0.37749732],
        [0.18104963, 0.00914699, 0.21401732],
        [0.68699125, 0.00167844, 0.1955513],
        [0.09419649, 0.37393175, 0.00832801],
        [0.599732, 0.37555562, 0.99893981],
        [0.06709159, 0.28442439, 0.49461613],
        [0.56658185, 0.28748058, 0.50465191],
        [0.26524835, 0.12589351, 0.27981301],
        [0.74966975, 0.12751912, 0.29852784],
        [0.14897911, 0.50614966, 0.12080304],
        [0.64665448, 0.50464278, 0.13103223],
        [0.00360985, 0.79874956, 0.61936308],
        [0.51588235, 0.80192966, 0.61689946],
        [0.31863586, 0.98240468, 0.78700477],
        [0.8072306, 0.01905388, 0.79987606],
        [0.41105526, 0.62299539, 0.98260041],
        [0.89375923, 0.61298039, 0.02934283],
        [0.39013521, 0.42208412, 0.55270171],
        [0.88767153, 0.41836641, 0.55911146],
        [0.27663279, 0.77993707, 0.41629835],
        [0.77564997, 0.77585857, 0.41738079],
        [0.20465398, 0.55763506, 0.76800174],
        [0.70848172, 0.5571869, 0.78078118],
        [0.03804857, 0.91427015, 0.26783824],
        [0.53329291, 0.92210648, 0.27292391],
        [0.13939898, 0.06874753, 0.91745015],
        [0.63216199, 0.06775493, 0.92095097],
        [0.45977801, 0.27307733, 0.06147134],
        [0.958707, 0.26271688, 0.07048081],
        [0.11502806, 0.57839109, 0.44034729],
        [0.61193468, 0.5827348, 0.43731192],
        [0.2250909, 0.22202943, 0.57849203],
        [0.71374517, 0.2337889, 0.58755662],
        [0.29545546, 0.45561095, 0.22051851],
        [0.78918307, 0.42254987, 0.23540714],
        [0.46979815, 0.08145691, 0.72264284],
        [0.96865717, 0.08359601, 0.72756721],
        [0.36074739, 0.93146752, 0.07439679],
        [0.86286618, 0.94089655, 0.08552471],
        [0.04031893, 0.72386062, 0.93992599],
        [0.54266744, 0.73315782, 0.9358437]
    ],
    "relaxed_energy": -785.74368657,
    "relaxed_forces": [
        [-0.00095259, 0.00091769, 0.00041465],
        [-0.00039905, -0.00159062, -0.00051951],
        [-0.00109285, 0.0004324, -0.00028941],
        [0.00118073, -0.0016212, 0.00104651],
        [-0.00153959, -0.00112739, 0.00127318],
        [-8.419e-05, -0.00068599, 0.00083479],
        [-0.00021721, 0.00121537, -0.00149191],
        [-0.00023909, -0.00027639, 0.00136079],
        [0.00022558, 0.00086879, -0.00181301],
        [0.0014837, 0.00080069, 0.00230204],
        [0.00236106, -0.00166379, -0.00190005],
        [0.00069918, 0.00040745, -0.00098212],
        [-0.00190035, 0.00072727, -0.00021151],
        [-0.00194574, -0.00149899, 0.0006286],
        [0.00118773, -0.00122343, 0.00078404],
        [-0.00214504, 0.00243824, 0.00070753],
        [-0.00230065, 0.00065828, -0.00071046],
        [0.00039044, 0.00033115, -0.00199824],
        [-0.00309646, 0.00275214, -4.676e-05],
        [-0.00302656, -0.00387883, 6.465e-05],
        [-0.00177476, -0.00070267, -0.00057572],
        [0.00140461, 0.00501132, -0.00129956],
        [0.00298319, 0.00065573, 0.00210787],
        [0.0006656, -0.00169842, -0.001944],
        [0.00088713, 0.00096293, -0.00250146],
        [0.00192973, 0.00569417, 0.00125065],
        [-0.00057044, -0.00516052, 0.00436932],
        [-0.0050812, -0.00271236, -0.00067844],
        [-0.00048123, 0.00423608, -0.00282833],
        [0.00385725, 0.00353094, 0.00093299],
        [0.00188654, -0.00084534, 0.00034571],
        [0.00047403, -0.00032608, -0.00133589],
        [-0.00018469, 0.00266973, 0.00394342],
        [-0.00023535, 0.00034705, 0.00081968],
        [0.00207338, 0.00131401, -0.00014626],
        [0.00103274, -0.00085168, 0.00074122],
        [-0.00039614, 0.00340798, -0.00398147],
        [0.0004193, 0.00028493, -0.00026207],
        [0.00347874, -0.00130969, -0.00115801],
        [0.0010759, -0.0005158, 0.00115308],
        [-0.00114011, 0.00329919, 0.00158211],
        [-0.00127307, -0.00251523, -0.00015764],
        [0.00044171, -0.00224486, -0.00048079],
        [0.00099305, 0.00196531, 0.00159827],
        [-0.00604093, -0.00139835, -0.00289208],
        [0.00167109, 0.00041445, -0.00015826],
        [0.00011197, 0.00202911, -7.148e-05],
        [0.00181745, -0.00573228, -0.0026958],
        [-0.0019641, -0.00354606, 0.00206144],
        [0.00075246, 0.00447059, 0.0005631],
        [-0.0010916, 0.00104963, -0.00106832],
        [-0.00292943, 0.0009117, -0.00173094],
        [-0.00081903, -0.00217144, -0.00192499],
        [0.00156435, 0.00316128, 0.00101542],
        [0.00150778, -0.00245052, -0.00124947],
        [-0.00073248, 0.00171601, -0.00119842],
        [0.00059719, 0.00024635, -0.00026458],
        [-0.00042524, -0.00099086, -0.00073796],
        [-0.00081571, 0.00281765, 0.00103806],
        [-0.0011598, -0.00352498, -0.0029249],
        [0.00106418, -0.0049048, -0.00157094],
        [-0.00122604, 0.00042556, 0.00164157],
        [-4.46e-06, -0.00416467, 0.00014765],
        [0.00147107, -0.00247141, -0.00033347],
        [-0.00185557, 0.00120374, 0.0023691],
        [0.00390302, -0.00291398, 0.00033059],
        [0.00221257, 0.00024822, -0.0010213],
        [-0.00085431, 2.693e-05, -0.00032337],
        [0.00202611, 6.703e-05, 0.0014463],
        [-0.00183076, -0.0019668, 0.00418939],
        [0.00323642, 0.00029357, 0.00019293],
        [0.00018329, 0.00027087, -0.00138905],
        [-0.0011572, 0.00199144, 0.00324066],
        [-0.00134302, -0.00055422, 0.00064228],
        [0.00067979, 0.0015345, 0.00274038],
        [0.00039601, 0.00143222, -0.00101204]
    ],
    "relaxed_lattice": [
        [-4.97435932, -14.25296228, -8.36128267],
        [-7.51874964, -0.12593082, -4.20360561],
        [-0.13156011, -0.13852586, -8.64994741]
    ],