{
    "atom_type": [
        "Na",
        "V",
        "P",
        "O"
    ],
    "atoms_per_type": [
        12,
        8,
        12,
        48
    ],
    "coord_mode": "direct",
    "relaxed_basis": [
        [0.24958325, 0.46883281, 0.52912955],
        [0.7594457, 0.50435964, 0.47809016],
        [0.47961282, 0.02329031, 0.01739345],
        [0.00321397, 0.99859837, 0.9947159],
        [0.12634424, 0.88122756, 0.61299022],
        [0.62440037, 0.88454114, 0.61878021],
        [0.8098743, 0.24854997, 0.87300787],
        [0.43812649, 0.62347256, 0.25235056],
        [0.55868962, 0.39158622, 0.75062583],
        [0.87659136, 0.11091487, 0.37885931],
        [0.19215967, 0.74967853, 0.12415796],
        [0.69122509, 0.75180479, 0.10647621],
        [0.32017763, 0.64188003, 0.65130925],
        [0.82631367, 0.64008862, 0.63948138],
        [0.0708402, 0.14795438, 0.14188232],
        [0.57166654, 0.14533402, 0.14702289],
        [0.17902528, 0.35445819, 0.35552265],
        [0.67646132, 0.3559305, 0.35684552],
        [0.42287105, 0.86261804, 0.85565743],
        [0.93270021, 0.84792121, 0.85606945],
        [0.12627622, 0.54143505, 0.96460055],
        [0.6235653, 0.54915172, 0.95177899],
        [0.4802676, 0.25164483, 0.54871453],
        [0.97731438, 0.25059844, 0.53486615],
        [0.26919876, 0.9553238, 0.2518133],
        [0.77318313, 0.95598054, 0.24620656],
        [0.22495576, 0.03937028, 0.74920312],
        [0.72997848, 0.04468118, 0.74885896],
        [0.37709424, 0.46048935, 0.04927989],
        [0.87407, 0.45283883, 0.03516725],
        [0.02494713, 0.74638014, 0.46134573],
        [0.52128348, 0.75364502, 0.45325055],
        [0.44134892, 0.70412037, 0.48310728],
        [0.93900444, 0.70443086, 0.51030951],
        [0.23442327, 0.87802423, 0.70653286],
        [0.74456587, 0.88082481, 0.7047223],
        [0.35837485, 0.50784224, 0.87524631],
        [0.84445133, 0.47600224, 0.88370214],
        [0.5077703, 0.21108583, 0.37472723],
        [0.98522143, 0.19562512, 0.38382792],
        [0.18786336, 0.97454604, 0.21304335],
        [0.69285856, 0.98529817, 0.19605698],
        [0.09858155, 0.37786973, 0.01515038],
        [0.60335121, 0.38293698, 0.97997252],
        [0.06055123, 0.29864098, 0.48438422],
        [0.56123568, 0.29212385, 0.53457248],
        [0.24997408, 0.11977872, 0.29801111],
        [0.75242788, 0.12176954, 0.29697081],
        [0.15371833, 0.52413775, 0.11560338],
        [0.64413915, 0.51629602, 0.11845446],
        [0.01286976, 0.80331883, 0.61482446],
        [0.5089519, 0.79235981, 0.61755754],
        [0.30955444, 0.98828952, 0.7975856],
        [0.81153514, 0.01128824, 0.79683659],
        [0.40349093, 0.61834909, 0.02426578],
        [0.89241063, 0.62501726, 0.99229675],
        [0.39005523, 0.41846173, 0.55922729],
        [0.88321604, 0.41015339, 0.56654692],
        [0.28111324, 0.76874649, 0.4191537],
        [0.77958981, 0.77694446, 0.41632784],
        [0.2070806, 0.55834525, 0.77628475],
        [0.70575439, 0.57012319, 0.766271],
        [0.02983893, 0.9127467, 0.2743446],
        [0.53686841, 0.91287226, 0.26541949],
        [0.13609946, 0.0554395, 0.92260079],
        [0.63649995, 0.06806711, 0.91101731],
        [0.46082764, 0.27706116, 0.06133529],
        [0.95271646, 0.26714869, 0.06642956],
        [0.1174665, 0.58701927, 0.43253303],
        [0.61502618, 0.5852748, 0.43301011],
        [0.21509524, 0.22274228, 0.58771559],
        [0.72297649, 0.22909568, 0.58206118],
        [0.29369565, 0.44348422, 0.22852615],
        [0.78992896, 0.43784219, 0.22280188],
        [0.46944738, 0.08173927, 0.72693361],
        [0.97058777, 0.08598568, 0.72370839],
        [0.36247022, 0.93069167, 0.09123122],
        [0.86374868, 0.9453513, 0.07953157],
        [0.04494218, 0.72895705, 0.93409607],
        [0.54140508, 0.73430547, 0.93260305]
    ],
    "relaxed_energy": -815.81709655,
    "relaxed_forces": [
        [0.00355257, -0.0012639, -8.758e-05],
        [-0.00104609, -0.0018281, 0.00057358],
        [-0.002046, 0.00353638, -0.00112734],
        [0.00076328, -0.00239213, 0.00073531],
        [0.00215465, -0.00071229, 0.00242936],
        [-0.00140871, 0.00067158, -0.00384532],
        [-8.195e-05, 9.712e-05, -0.00055657],
        [4.63e-05, 0.00049994, 0.00183363],
        [-6.594e-05, -0.00181509, -0.00202212],
        [0.0008788, 0.00116866, 0.00123779],
        [-0.00032223, -0.00090918, -0.00049237],
        [0.00327728, 0.00265806, 0.00628506],
        [0.00566221, -0.00211459, 0.00027004],
        [-0.00473501, -0.0030352, -0.00340045],
        [-0.00058852, -0.00170345, -0.00286352],
        [-6.61e-05, -0.00243445, 0.0001813],
        [0.00318841, 0.00419103, -0.00265477],
        [0.00057961, -0.00118968, -0.00017917],
        [-0.005616, 0.00658807, 0.00148278],
        [0.00087505, -0.0020785, 0.00116212],
        [0.0023312, -0.00509018, 0.00111609],
        [0.0016487, -0.00029976, -0.00326255],
        [-0.00351028, -0.00246024, -0.00120986],
        [-0.00208685, -0.00018937, 0.00107869],
        [0.00078783, 0.00041963, 0.00219261],
        [-0.00188451, -0.00032404, 0.00049169],
        [-0.00134751, 0.00110219, 0.00065527],
        [-0.00128954, -0.0002933, 0.00428938],
        [0.00155523, -0.00018727, 0.00060789],
        [0.00116702, 0.00047888, -0.00112576],
        [0.00059139, 0.00200422, -0.00249391],
        [-0.00334993, 0.00367964, -0.00110455],
        [9.839e-05, -0.00090974, -0.00010585],
        [0.00030487, -0.00142972, -1.55e-05],
        [0.00157262, -0.0001436, 0.00107416],
        [0.00205264, -0.001035, 0.00106435],
        [0.00045872, -0.00032946, 0.00042064],
        [0.00034782, -0.00111688, -0.00250658],
        [0.00015335, -0.0006897, -0.00115271],
        [0.00082191, -0.00019367, 0.00055397],
        [0.00026733, 0.00140797, -5.421e-05],
        [0.00070817, 0.00051788, 0.00096652],
        [0.00033552, 0.00028031, -0.00022591],
        [-0.00120208, -0.00081544, -0.00046842],
        [0.00402984, 0.0062393, 0.00317832],
        [0.00097686, 0.00117336, 8.07e-06],
        [-0.00525084, 0.00173053, -0.00417741],
        [-0.00113359, 0.0005309, -0.00112613],
        [0.00024909, -0.00016098, -0.00167214],
        [0.00068337, -0.00067035, -0.00343915],
        [0.00077172, -0.00043683, 0.00442726],
        [0.00075818, -0.0009809, 0.00213696],
        [-7.527e-05, -0.00370835, -0.001937],
        [0.00023476, -0.00017154, -0.00053418],
        [-0.00181671, -0.00045941, 0.00016188],
        [-0.00416296, -0.00118323, -0.00077747],
        [-0.00078882, 0.00126855, -0.0001551],
        [-0.00138121, 0.00292584, -0.00089201],
        [-0.00030819, 0.0001983, 0.00030535],
        [-0.00182313, 0.0004205, 0.00119991],
        [0.00101008, 0.00107563, 7.987e-05],
        [0.00063551, 0.00180544, -0.00107762],
        [0.00062963, -6.26e-06, 0.00024229],
        [-0.00128904, -0.00104455, 0.00155818],
        [0.00018567, -0.00157282, 0.00092143],
        [-0.0002583, -0.00240834, 0.00011303],
        [0.00015861, -0.00042927, -2.25e-06],
        [-0.00019267, -0.00047917, 0.00031697],
        [0.00206146, -0.00300442, 0.00122383],
        [-0.00025521, 7.749e-05, 0.00047499],
        [0.00149636, 0.00052197, -3.166e-05],
        [-0.00096981, 8.411e-05, 0.00020429],
        [-0.00070642, -0.00153115, 0.00095978],
        [-6.831e-05, 5.395e-05, 0.00062161],
        [0.00117236, 0.00046485, -0.00037808],
        [0.00106469, -0.00031686, -2.627e-05],
        [0.00057907, 0.0038417, -0.00221011],
        [4.6e-05, 1.06e-06, -0.00101674],
        [0.00026863, 0.00113088, 0.00088626],
        [-0.00206501, 0.00270242, 0.00068586]
    ],
    "relaxed_lattice": [
        [-5.01181965, -14.38273693, -8.39198882],
        [-7.61449256, -0.07857671, -4.18691463],
        [-0.125602, -0.0748682, -8.70603872]
    ],