{
    "atom_type": [
        "Na",
        "V",
        "P",
        "O"
    ],
    "atoms_per_type": [
        9,
        8,
        12,
        48
    ],
    "coord_mode": "direct",
    "relaxed_basis": [
        [0.25108991, 0.49611417, 0.50185334],
        [0.74263305, 0.54238246, 0.47074134],
        [0.5003826, 0.9836302, 0.01026875],
        [0.00887719, 0.98634019, 0.00279255],
        [0.12308812, 0.88474946, 0.61660618],
        [0.80579459, 0.25066452, 0.87970006],
        [0.55720553, 0.37391493, 0.74755274],
        [0.37617554, 0.11648875, 0.38541522],
        [0.87303309, 0.12114013, 0.38788923],
        [0.3182417, 0.64085122, 0.64730339],
        [0.82275867, 0.64855531, 0.642124],
        [0.07135807, 0.15144695, 0.14166684],
        [0.57468963, 0.14462775, 0.1421341],
        [0.18102857, 0.35751108, 0.35255061],
        [0.67717797, 0.35720092, 0.35165004],
        [0.42925164, 0.85268208, 0.85544622],
        [0.92942373, 0.84969496, 0.86312768],
        [0.12542577, 0.53899654, 0.96223658],
        [0.6239447, 0.54583069, 0.94829903],
        [0.47717386, 0.24959024, 0.54193502],
        [0.97803806, 0.25397959, 0.53495471],
        [0.27111999, 0.96291892, 0.24918577],
        [0.77544714, 0.96167602, 0.25193138],
        [0.22706443, 0.03251468, 0.75487521],
        [0.72950458, 0.04071594, 0.75502903],
        [0.37497922, 0.46072857, 0.04125381],
        [0.87447431, 0.45540937, 0.03749993],
        [0.0242775, 0.74714872, 0.46410095],
        [0.51819462, 0.7536611, 0.46245101],
        [0.42856233, 0.73083427, 0.50042246],
        [0.93650109, 0.7073086, 0.51007993],
        [0.22756185, 0.87784179, 0.71574515],
        [0.7531641, 0.87115698, 0.70509978],
        [0.34849835, 0.50228421, 0.8799545],
        [0.84890577, 0.47892635, 0.8791801],
        [0.4917034, 0.21099678, 0.37439387],
        [0.9828451, 0.20689312, 0.38099331],
        [0.1783113, 0.02028373, 0.22115741],
        [0.6912436, 0.00892514, 0.20672602],
        [0.09085727, 0.37749942, 0.01407069],
        [0.60443577, 0.38497062, 0.9593963],
        [0.06672288, 0.28384061, 0.48685567],
        [0.56137998, 0.27966009, 0.52284804],
        [0.26788414, 0.11831978, 0.29169842],
        [0.766684, 0.11957993, 0.29862536],
        [0.15708039, 0.49561349, 0.1169305],
        [0.64960327, 0.48701003, 0.11693859],
        [0.01196427, 0.79917724, 0.62092279],
        [0.51007875, 0.78785472, 0.62799483],
        [0.31867288, 0.9755877, 0.78380239],
        [0.81092126, 0.01916471, 0.79428635],
        [0.40670799, 0.62212473, 0.99535941],
        [0.90100529, 0.62042909, 0.9893817],
        [0.38689184, 0.41844781, 0.56474563],
        [0.88646355, 0.42245391, 0.56588971],
        [0.27356013, 0.77828414, 0.42014579],
        [0.78780322, 0.77326967, 0.41594135],
        [0.20367732, 0.55150277, 0.77138872],
        [0.71030415, 0.57127275, 0.7641157],
        [0.02917666, 0.92141642, 0.27945739],
        [0.53030669, 0.92206149, 0.27807916],
        [0.13875796, 0.06582436, 0.9261465],
        [0.63578653, 0.05818335, 0.91724941],
        [0.45880295, 0.27333213, 0.05470287],
        [0.95630874, 0.26569406, 0.0657438],
        [0.11376718, 0.58045531, 0.43778336],
        [0.60633408, 0.57851814, 0.44367117],
        [0.22285741, 0.21786191, 0.58394766],
        [0.71775597, 0.22752905, 0.58613219],
        [0.29749453, 0.43792372, 0.23307019],
        [0.79213649, 0.43934589, 0.22518215],
        [0.46088648, 0.07807492, 0.72724561],
        [0.96813679, 0.08682692, 0.72487613],
        [0.35922141, 0.93198481, 0.07910927],
        [0.8659778, 0.94432668, 0.07898016],
        [0.04474241, 0.72688132, 0.94196561],
        [0.54118588, 0.73083389, 0.93555921]
    ],
    "relaxed_energy": -793.55291232,
    "relaxed_forces": [
        [0.0004166, -0.00098549, -0.00109082],
        [0.000491, -0.00031354, -5.565e-05],
        [0.00129933, 0.00077853, -0.00095264],
        [-0.00021944, -0.00014991, 0.00059006],
        [0.00014944, -0.00113559, -0.00099198],
        [0.00019532, 0.00063973, -0.00022032],
        [0.00044487, 0.00147687, 0.00023199],
        [0.00093371, -0.00047503, 0.00074415],
        [-0.00176421, -8.159e-05, -0.00060996],
        [0.00019826, 0.00161835, -0.00071497],
        [0.00027443, -0.00139559, -0.00039822],
        [-0.0029214, 0.00186766, -0.00205095],
        [0.00313125, 0.00208154, 0.00503925],
        [0.00082761, -0.00204435, 0.00024209],
        [-0.00139777, -0.00121753, 0.00462215],
        [-0.00070429, 0.00140134, -0.00102739],
        [-0.00079273, -0.00095595, -0.00150304],
        [-0.00277391, -0.00157474, -0.00342401],
        [0.0003627, 0.00166653, 0.00157648],
        [0.00157797, 0.00360384, -0.00020927],
        [-0.0019564, -0.00601457, -0.00098932],
        [0.00124962, -8.731e-05, -0.00343127],
        [-0.00106986, 0.00280692, 0.00066677],
        [-0.00076105, 0.0004677, 0.00210894],
        [-0.00369705, -0.00292873, -0.00564103],
        [-4.24e-06, 0.00014858, -0.00142029],
        [-0.003353, -0.0029425, -0.00289085],
        [-0.00010515, 0.00034884, -0.00061252],
        [0.0010696, -0.00053036, 0.00327449],
        [0.00136577, 0.00136855, 0.00022235],
        [-0.00130598, -0.00250612, 0.00130923],
        [-0.0008203, -0.00137473, 0.00078655],
        [-0.00146758, 0.00479899, 0.00019373],
        [0.00065142, 0.00192753, -0.00012661],
        [0.00059502, -0.00058462, -0.00439921],
        [0.00123923, -0.00276851, 0.00379824],
        [0.00052373, 0.00054216, -0.00101895],
        [0.00048805, -0.00109701, -0.00169902],
        [-0.00197665, 0.00081769, 0.00147496],
        [-0.00130966, -0.00122296, -0.0008901],
        [0.00021317, 0.00316581, 0.00140083],
        [-9.654e-05, -0.00185683, -0.00066905],
        [-0.00136821, -0.00370018, 0.00016364],
        [-0.001001, 0.0014676, -0.00192461],
        [-0.00259073, 0.00122011, 0.00375672],
        [-0.00125621, -0.0015322, -0.00203808],
        [-0.00053024, 0.00189454, 0.00138836],
        [-0.00081272, -0.00227356, -0.00188953],
        [0.00297446, 0.00043994, 0.00030172],
        [-0.00095844, -0.00162062, 0.00088871],
        [0.000432, -0.00081345, -0.00225143],
        [0.00268198, 0.00307537, -8.547e-05],
        [0.00015488, -0.00088439, 0.00141421],
        [0.00015876, -0.00030562, 0.00106307],
        [0.00418052, -0.00068559, 0.00200117],
        [-0.00029743, -0.00204967, -0.00324992],
        [-0.00098021, -7.469e-05, 0.0026929],
        [-0.00194753, -0.00113599, -0.00386951],
        [0.00294293, 0.00479802, -1.2e-05],
        [0.00407945, -0.00181285, -0.00022408],
        [0.00094152, 0.00141977, 0.00072619],
        [0.00093274, -0.00180085, 0.00237039],
        [-0.00232447, 0.00282343, -0.00468815],
        [0.00233545, 0.0026721, -0.00064229],
        [-0.000307, 0.00215162, 0.00188761],
        [0.00290308, -0.00555789, 0.00232627],
        [0.00267612, 0.00250545, 0.00207675],
        [-0.00034249, -0.00053197, 0.00341355],
        [-0.00122174, 0.0028543, 0.00098649],
        [0.00025283, -5.85e-06, 0.00030037],
        [0.00053384, 0.00170931, -0.00109476],
        [-0.00034897, 0.00095714, 0.00279299],
        [0.00262167, -0.0011931, 0.00056471],
        [-0.00187407, 0.00101454, -0.00222645],
        [-0.00108471, -0.00175265, 0.00145528],
        [-0.00034098, -0.00298347, 0.00201184],
        [-0.00041596, 0.00242775, -0.00163149]
    ],
    "relaxed_lattice": [
        [-5.00949307, -14.30192704, -8.43196166],
        [-7.53539222, -0.09636156, -4.21544778],
        [-0.16962007, -0.10171948, -8.67697327]
    ],