{
    "atom_type": [
        "Na",
        "V",
        "P",
        "O"
    ],
    "atoms_per_type": [
        4,
        4,
        6,
        24
    ],
    "coord_mode": "direct",
    "relaxed_basis": [
        [0.62124574, 0.24697043, 0.88990929],
        [0.90316545, 0.64950032, 0.25527523],
        [0.75115724, 0.17478904, 0.39905334],
        [0.38791611, 0.7461835, 0.13997812],
        [0.64375466, 0.64172919, 0.65005926],
        [0.15164609, 0.14689772, 0.14039973],
        [0.34769392, 0.3545961, 0.35256402],
        [0.85059348, 0.85289266, 0.84719292],
        [0.2501809, 0.53447963, 0.96459226],
        [0.96257408, 0.24639768, 0.54351003],
        [0.5293529, 0.95469501, 0.25053973],
        [0.46952081, 0.03578468, 0.74620759],
        [0.74900797, 0.46189171, 0.02601458],
        [0.03592043, 0.74740185, 0.46336209],
        [0.87529627, 0.70442314, 0.49246793],
        [0.52746473, 0.84292947, 0.73066341],
        [0.72600622, 0.46054905, 0.8679766],
        [0.98412068, 0.23330605, 0.36914337],
        [0.36512084, 0.95477576, 0.23862781],
        [0.27614453, 0.33440205, 0.99735683],
        [0.12430534, 0.28682709, 0.51019547],
        [0.49929684, 0.14454716, 0.24077751],
        [0.25323712, 0.53650194, 0.13579022],
        [0.98666324, 0.78227785, 0.64089917],
        [0.63931475, 0.03845802, 0.75169825],
        [0.73178471, 0.66213539, 0.98339297],
        [0.77671446, 0.42175393, 0.57506336],
        [0.58167604, 0.78834633, 0.41926947],
        [0.41459719, 0.5823099, 0.78640739],
        [0.04159606, 0.93409939, 0.29685154],
        [0.30091045, 0.04472534, 0.92424927],
        [0.93061883, 0.30966787, 0.05822023],
        [0.22251103, 0.58799274, 0.43152704],
        [0.44228712, 0.1934938, 0.56478524],
        [0.58050729, 0.42540135, 0.20861261],
        [0.93346908, 0.07309165, 0.72144798],
        [0.70798468, 0.91915441, 0.07119016],
        [0.05792175, 0.6776908, 0.94800598]
    ],
    "relaxed_energy": -392.32834294,
    "relaxed_forces": [
        [0.00026089, 0.00078926, -0.00145319],
        [-0.00231528, -0.00397967, -0.0015195],
        [-0.00100283, -0.00234836, -0.00149548],
        [0.00223581, -0.00090232, -0.00763038],
        [0.00025579, -0.00487978, -0.00040783],
        [-0.0017694, 0.00082335, -6.944e-05],
        [-0.00441426, -0.00100412, 0.00587628],
        [0.00338837, 0.00069259, 0.004896],
        [0.00391115, -0.00257792, -0.00375127],
        [0.00051239, -0.00186403, -0.00286624],
        [0.00258229, -0.00627422, 0.00263906],
        [0.00400686, -0.0011491, 0.00633227],
        [-0.00056774, 0.0002543, -0.00127625],
        [0.00128796, 0.00083734, 0.00399105],
        [0.0034607, 0.00304511, 0.00558353],
        [-0.00875724, 0.00085109, 0.00145337],
        [0.00032023, 0.0011216, 0.00121359],
        [-0.00130259, -0.00020416, 0.00237457],
        [0.00093719, 6.885e-05, 0.00139012],
        [0.00319539, -0.00131223, -0.00093659],
        [0.00210289, 0.00042851, 0.00013335],
        [-0.00323312, -0.00146894, -0.00119218],
        [0.00286281, 0.00579625, 0.00143974],
        [-0.00089361, 0.0005449, -0.00683479],
        [-0.00023922, -0.00082364, 0.00342623],
        [-0.00393186, -0.00296737, 0.00145199],
        [0.00253973, -0.00044502, -0.00463484],
        [0.00386821, -7.319e-05, -0.0002105],
        [0.00169136, 0.00491496, -0.00443157],
        [-0.00733717, -0.00118961, -0.00276513],
        [-0.00659562, 0.00319527, -0.00105243],
        [-0.00109393, 0.0025924, 0.00080815],
        [0.00208953, -0.00026278, 0.00145715],
        [0.00375073, 0.00464784, -0.00401675],
        [0.00468222, -4.613e-05, 0.00064048],
        [-0.00461272, -0.00292362, 0.00114455],
        [0.00033959, 0.00239358, -0.00235104],
        [-0.00221548, 0.00369901, 0.00264394]
    ],
    "relaxed_lattice": [
        [-2.67096101, -7.25386926, -4.40559318],
        [-7.63637491, -0.25965556, -4.41507091],
        [-0.29900536, -0.27743531, -8.88358916]
    ],
    "relaxed_mag_basis": [
        0.0,
        0.0,
        0.0,
        0.0,
        1.112,
        1.817,
        1.795,
        1.083,
        0.007,
        0.004,
        0.005,
        0.006,
        0.003,
        0.005,
        -0.006,
        -0.046,
        0.004,
        0.002,
        -0.007,
        -0.011,
        -0.011,
        0.002,
        -0.011,
        -0.053,
        -0.006,
        0.005,
        -0.029,
        -0.002,
        -0.001,
        -0.013,
        -0.001,
        -0.001,
        -0.0,
        -0.019,
        -0.008,
        0.003,
        -0.031,
        0.007
    ],
    "relaxed_magmom": 5.9999
}