{
    "atom_type": [
        "Na",
        "V",
        "P",
        "O"
    ],
    "atoms_per_type": [
        4,
        8,
        12,
        48
    ],
    "coord_mode": "direct",
    "relaxed_basis": [
        [0.25717784, 0.50227054, 0.48823352],
        [0.50472317, 0.9934925, 0.00151425],
        [0.75076364, 0.4946731, 0.50640306],
        [0.05285189, 0.36746785, 0.75651162],
        [0.32270879, 0.64132192, 0.64768094],
        [0.82145559, 0.64369864, 0.64360717],
        [0.06990944, 0.14247785, 0.1521465],
        [0.57397354, 0.13522408, 0.14889432],
        [0.18347451, 0.34877218, 0.35664626],
        [0.67694686, 0.35112297, 0.36662969],
        [0.4292412, 0.85648787, 0.86224741],
        [0.92953141, 0.84728778, 0.87235625],
        [0.12631312, 0.52925336, 0.96211638],
        [0.62689701, 0.53091958, 0.96701422],
        [0.48063517, 0.24775223, 0.54262013],
        [0.98539807, 0.24875739, 0.53746235],
        [0.27195162, 0.9595033, 0.25476915],
        [0.77004921, 0.9579767, 0.25191373],
        [0.23189092, 0.03666814, 0.76085635],
        [0.73299926, 0.02900321, 0.75265632],
        [0.3776517, 0.45912677, 0.03965566],
        [0.87091918, 0.46852036, 0.05272997],
        [0.01762232, 0.74294963, 0.47665738],
        [0.51865071, 0.74714529, 0.46774827],
        [0.43546232, 0.69830874, 0.50201861],
        [0.93641222, 0.71296362, 0.48275382],
        [0.2530528, 0.87163075, 0.71036936],
        [0.7457776, 0.87153484, 0.69730192],
        [0.35497513, 0.48840182, 0.87578089],
        [0.85604551, 0.51612953, 0.87159108],
        [0.49811332, 0.20570339, 0.37455041],
        [0.00192004, 0.26082854, 0.34063648],
        [0.18690241, 0.00513271, 0.20994696],
        [0.68246962, 0.98581002, 0.21985715],
        [0.11269694, 0.36419955, 0.9678628],
        [0.60844463, 0.36036979, 0.99767508],
        [0.06613168, 0.28591489, 0.52825698],
        [0.56308395, 0.29763516, 0.50879479],
        [0.25549199, 0.12074784, 0.31179574],
        [0.74706607, 0.1201033, 0.30958541],
        [0.14794192, 0.47897705, 0.13505685],
        [0.64641521, 0.50312804, 0.13409968],
        [0.00386921, 0.71975734, 0.67563895],
        [0.49896719, 0.79378046, 0.63478653],
        [0.31551103, 0.00820317, 0.80355671],
        [0.82365027, 0.97883008, 0.78524703],
        [0.39489286, 0.6296008, 0.01193736],
        [0.88117704, 0.63509048, 0.05031129],
        [0.38618936, 0.4171944, 0.56656758],
        [0.8889327, 0.40962334, 0.58863656],
        [0.28269181, 0.77075125, 0.42276813],
        [0.78628472, 0.7641479, 0.41493844],
        [0.2091433, 0.57411583, 0.77544358],
        [0.71073761, 0.55949166, 0.77811898],
        [0.02487841, 0.9381088, 0.32511015],
        [0.52693232, 0.91881429, 0.28091525],
        [0.13807684, 0.05603623, 0.93223554],
        [0.64349969, 0.03906176, 0.93162919],
        [0.46612724, 0.27454847, 0.05743973],
        [0.96081017, 0.2860137, 0.06279505],
        [0.11452059, 0.58233357, 0.42290172],
        [0.61210264, 0.57567653, 0.44962507],
        [0.21721087, 0.23024799, 0.59386617],
        [0.71846325, 0.22247721, 0.5906382],
        [0.29369145, 0.42940573, 0.22919414],
        [0.78710987, 0.42370184, 0.2365111],
        [0.47397891, 0.07440876, 0.72853749],
        [0.98023166, 0.05585024, 0.68912273],
        [0.36479123, 0.9465618, 0.08280436],
        [0.85580398, 0.96352793, 0.06628696],
        [0.03538106, 0.7097304, 0.95373876],
        [0.53868715, 0.71670321, 0.94488035]
    ],
    "relaxed_energy": -755.73524707,
    "relaxed_forces": [
        [0.00145956, -0.00076354, -0.00287072],
        [0.00047451, 0.00029947, -0.00052873],
        [-0.00022682, -0.00022429, -6.008e-05],
        [-0.00235652, -0.00142249, 0.00123056],
        [-0.00091642, -0.00153445, 0.00230135],
        [-0.0027199, -0.00228811, -0.00459797],
        [-0.00016094, 0.00415295, -0.00168036],
        [0.00432789, -0.00303891, -0.00456124],
        [-0.0019077, -0.00328375, -0.00165124],
        [-0.00183354, -0.00180546, 0.002449],
        [0.00057858, -0.00394196, 0.0037639],
        [0.00038496, 0.00129434, 0.00267165],
        [-0.00041657, 0.00066129, 0.00469806],
        [0.00478127, 0.00030752, 0.00582397],
        [0.00284673, 0.00189806, -0.00074597],
        [0.00229432, -0.00274965, -0.00442598],
        [0.00022191, -0.00394372, 0.00377473],
        [-0.00038025, -0.00226228, -0.00331256],
        [-0.0007985, -0.0016685, -0.00421614],
        [0.00016783, 0.00414434, 0.00462392],
        [-0.00098835, -0.00506341, 0.00230247],
        [0.00089326, -0.00171568, 0.00068549],
        [0.00307053, 0.00047393, -0.00124973],
        [-0.00294391, -0.0043213, 0.00025697],
        [-0.00034072, 0.0032142, -0.00119585],
        [-0.00384086, 0.0011054, -0.00255301],
        [-0.00030318, 0.00211252, 0.00074736],
        [-0.00270208, 0.00150362, 0.00074027],
        [0.00199349, 0.00225766, 0.0038869],
        [-0.00462318, -0.002568, 0.00044384],
        [-0.00142435, 0.0002677, 0.00083596],
        [-0.00381928, 0.00359937, 0.0034278],
        [0.0002509, 0.00340593, 0.00110308],
        [-0.00422824, -0.0009484, 0.00772451],
        [0.00054416, 0.0009911, 0.00088293],
        [-0.00835324, -0.00523181, 0.00060326],
        [0.00118757, 0.00033211, 0.00197975],
        [-0.00166277, -0.00303134, -0.00185936],
        [-0.00570075, 0.00245531, -0.00461112],
        [-0.00077921, 0.00209656, 0.00046559],
        [-0.00127715, 0.00229573, -0.00183749],
        [0.00280185, 0.00032242, -0.00077003],
        [-0.00430613, -0.00201905, -0.00060783],
        [0.00046437, -0.00307851, -0.00232486],
        [0.00438825, 0.00324166, 0.00157607],
        [-3.562e-05, 0.00055742, -0.00281174],
        [0.00233177, -0.00039873, -0.00158442],
        [-0.0011211, -0.00381333, -0.0018518],
        [0.00190619, -0.00135773, 0.00326905],
        [0.00326087, -0.00084508, 0.00302831],
        [-0.0023931, -0.00207897, -8.208e-05],
        [-0.00093573, 0.00158846, -0.00042626],
        [0.00555932, 0.00063321, 0.00229093],
        [0.00206315, 0.00125223, -0.00080527],
        [0.00571478, -0.00245813, 2.791e-05],
        [0.00713782, 0.0029967, -0.00013478],
        [-0.00128036, -0.00074851, -0.00244414],
        [1.269e-05, 0.00130287, 0.00137522],
        [0.00404483, 0.00510918, -0.00142541],
        [-0.00191877, 0.00320474, -0.00055425],
        [0.00354345, 0.00801661, 0.00140582],
        [-0.00099888, -0.00089308, 0.00232636],
        [0.00299979, 0.00014085, -0.00384192],
        [-0.00103842, -0.00156722, -0.00111633],
        [-0.00101454, -0.0007908, -0.00091723],
        [-0.00512566, 0.00389202, -0.00130404],
        [-0.00174741, 0.00221969, -0.00427231],
        [0.00274349, 0.00565807, 0.00205825],
        [0.00198458, 0.00066291, -0.00163807],
        [-0.00167602, -0.00359794, -0.002808],
        [0.00038495, -0.00172127, 0.00048079],
        [0.00147657, -0.00249276, -0.00158373]
    ],
    "relaxed_lattice": [
        [-4.95201284, -14.04753582, -8.61566568],
        [-7.38172867, -0.1506256, -4.42363741],
        [-0.0289919, -0.14151839, -8.62481232]
    ],