{
    "atom_type": [
        "Na",
        "V",
        "P",
        "O"
    ],
    "atoms_per_type": [
        12,
        8,
        12,
        48
    ],
    "coord_mode": "direct",
    "relaxed_basis": [
        [0.24885663, 0.48574904, 0.50970601],
        [0.74920007, 0.48387195, 0.5104926],
        [0.4952419, 0.01400921, 0.00271587],
        [0.99399668, 0.01697261, 0.00250751],
        [0.12459069, 0.88046505, 0.61538132],
        [0.62482307, 0.87852413, 0.61750542],
        [0.30472696, 0.25056129, 0.88972664],
        [0.80668061, 0.24933417, 0.88967341],
        [0.44129677, 0.61951626, 0.25023212],
        [0.94024797, 0.61955415, 0.25036463],
        [0.19150972, 0.75033054, 0.11584248],
        [0.69273186, 0.74774511, 0.11862775],
        [0.32506691, 0.64584653, 0.64456946],
        [0.82556461, 0.64297553, 0.64558436],
        [0.07068709, 0.14151818, 0.14392892],
        [0.57053015, 0.14166323, 0.14479985],
        [0.17772812, 0.3589828, 0.35895033],
        [0.67713619, 0.35681943, 0.36166242],
        [0.42729511, 0.85512617, 0.85019474],
        [0.92696359, 0.85766912, 0.84784165],
        [0.12623848, 0.54490876, 0.96130181],
        [0.62676039, 0.54393472, 0.96266091],
        [0.47872897, 0.25031195, 0.54299164],
        [0.97995323, 0.25056355, 0.54168676],
        [0.26897779, 0.95527765, 0.2460623],
        [0.76889114, 0.95401163, 0.24815111],
        [0.2279102, 0.04870651, 0.746453],
        [0.72847999, 0.04646715, 0.74797958],
        [0.37654655, 0.45219055, 0.04367498],
        [0.87577685, 0.45187962, 0.04547621],
        [0.0226501, 0.75059941, 0.45303522],
        [0.52283217, 0.75016893, 0.45421021],
        [0.44308873, 0.69366625, 0.48919016],
        [0.94321499, 0.69276091, 0.4888562],
        [0.24854856, 0.87902768, 0.7014208],
        [0.74959318, 0.876372, 0.70371004],
        [0.35207444, 0.47601189, 0.88562677],
        [0.85231288, 0.47296924, 0.88699906],
        [0.498572, 0.19674413, 0.38212745],
        [0.00018371, 0.19498329, 0.38181103],
        [0.19030841, 0.9682882, 0.20223744],
        [0.68984503, 0.96870472, 0.20412632],
        [0.11237965, 0.36842663, 0.0039671],
        [0.61106332, 0.36946178, 0.00493607],
        [0.05866763, 0.30868151, 0.50284531],
        [0.55789002, 0.30566587, 0.50662502],
        [0.24634042, 0.13054902, 0.27788833],
        [0.74579381, 0.12711935, 0.28408634],
        [0.14635862, 0.53340838, 0.12016162],
        [0.64751265, 0.52924915, 0.1222372],
        [0.00338711, 0.81127493, 0.61105603],
        [0.50439171, 0.80746016, 0.61391365],
        [0.30686716, 0.02489676, 0.7958503],
        [0.80815831, 0.02457933, 0.7956096],
        [0.39844622, 0.62184271, 0.00414964],
        [0.89405554, 0.62468037, 0.00740362],
        [0.38469889, 0.41372688, 0.56286695],
        [0.88550474, 0.41309503, 0.56111592],
        [0.28144024, 0.77480925, 0.41343201],
        [0.78152658, 0.77233404, 0.41452005],
        [0.20813305, 0.57036918, 0.77236607],
        [0.70914271, 0.56694475, 0.77397759],
        [0.03207621, 0.9085678, 0.26517325],
        [0.53243721, 0.9085801, 0.2667843],
        [0.13651833, 0.0557105, 0.9161538],
        [0.63772886, 0.05288641, 0.91861011],
        [0.45889589, 0.27238472, 0.06821768],
        [0.95897026, 0.27347875, 0.06937115],
        [0.11688227, 0.5927372, 0.43548901],
        [0.61671069, 0.59139466, 0.43619812],
        [0.21586534, 0.22826822, 0.58205563],
        [0.7159358, 0.22635161, 0.58472876],
        [0.2912979, 0.44471951, 0.22596003],
        [0.79105709, 0.43980867, 0.22885658],
        [0.46895333, 0.08637945, 0.72968096],
        [0.97057077, 0.08804492, 0.72896329],
        [0.36377002, 0.93259976, 0.08211265],
        [0.86312524, 0.93414634, 0.08279071],
        [0.04127512, 0.72423444, 0.93557391],
        [0.54308879, 0.72510864, 0.93710113]
    ],
    "relaxed_energy": -815.53875995,
    "relaxed_forces": [
        [-0.00146179, 0.00044667, -0.00048378],
        [-0.00036473, 0.00176063, 0.00129388],
        [0.00025196, 0.00272099, -0.00054957],
        [-0.00021701, -0.00112544, 0.00061034],
        [0.00287537, 0.00133083, 0.0027962],
        [0.00036335, -2.436e-05, 0.00275955],
        [0.00058177, 0.00021592, -0.00157912],
        [-0.00078225, 0.00411993, -0.00110133],
        [-0.00114245, -0.00090233, -0.00101525],
        [0.00086953, -0.00218913, -0.0013231],
        [0.00149145, 0.00171978, 0.00194047],
        [0.00018837, -0.00075242, 0.00163726],
        [0.00339022, -0.00046364, -0.0026501],
        [0.00191398, -0.00245927, 0.00178192],
        [0.00216418, 0.00242489, -0.00161826],
        [-0.00212225, -0.00175288, -0.00128431],
        [0.00059219, 0.00336176, 0.00035452],
        [-0.00023779, 0.00210494, -0.002887],
        [-0.00061239, 0.00302289, -0.00118194],
        [-0.00359503, 0.0010819, -0.00061807],
        [-0.00476401, -0.0026682, 0.0014952],
        [-0.00045156, -0.00228401, 0.00221472],
        [0.00070374, -0.00207941, 0.00180846],
        [-0.00062548, 0.00045201, -0.00019811],
        [-0.00041025, -0.0031325, 0.00286407],
        [-0.00142964, 0.00031939, 0.00185708],
        [0.00058348, -0.00389279, -0.00135759],
        [0.00073249, -0.00107547, -0.00218009],
        [-0.00371446, 4.103e-05, 0.00098689],
        [-0.0014776, 0.00167102, 0.00022481],
        [0.00301689, 0.00347111, 0.00026975],
        [0.00175101, 0.00187387, -0.00181645],
        [-0.002546, -0.00289592, -0.00089331],
        [-0.00166329, -0.00043059, -0.00010038],
        [-0.00030736, -0.00074574, -0.00343274],
        [4.733e-05, -0.00030882, -0.0049376],
        [0.00181824, -0.00180532, 0.00021668],
        [-0.000506, -0.00072027, -0.00071914],
        [0.00238928, -0.00231517, -0.00091282],
        [-0.0019087, 0.00043978, -0.0028529],
        [0.00028988, -0.00089732, -0.00223906],
        [0.00214598, -0.00155948, 0.0011055],
        [-0.00344402, 0.00121009, 0.00446094],
        [0.0018733, 0.00233437, 0.00038933],
        [0.00198892, 0.00058174, -0.00021341],
        [-0.00166033, 7.983e-05, 0.00065979],
        [0.00312463, 0.00058682, -0.00327229],
        [0.00063287, 0.0005588, 0.00231123],
        [0.00399092, -0.00294218, -0.00094072],
        [-0.0034526, -0.00038454, 0.00098888],
        [0.00450954, -0.00248132, -0.00057693],
        [0.0020659, -0.0017497, 0.00159466],
        [-0.00175829, -0.00082764, -1.037e-05],
        [-0.00237756, 0.00010188, 0.00233353],
        [0.00185004, 0.00348816, 0.00162254],
        [0.00039958, 0.00824238, -0.00135637],
        [0.00185041, -0.00189014, 0.00232173],
        [0.00321777, -0.00434471, -6.94e-06],
        [0.00011847, 0.00142174, 0.00413321],
        [-0.00261064, -0.00124756, 0.00201292],
        [-0.00048856, 0.00088677, -0.00062426],
        [-0.00267612, 0.0018612, 0.00041809],
        [3.63e-05, 7.669e-05, -0.00554604],
        [0.00149799, 0.00125782, -0.00197962],
        [0.0004444, -0.00352682, 0.00101831],
        [-0.00118151, -0.00194485, 0.0020518],
        [-0.00426216, 0.0025382, -0.00194137],
        [-0.00579771, -0.00110402, -0.00071548],
        [7.343e-05, 0.00307287, -0.00029614],
        [0.00052912, 0.00219488, 0.00053974],
        [0.00326882, 9.01e-05, -4.645e-05],
        [0.00565194, 0.00094499, 0.0027165],
        [-0.00064403, -0.00233739, 0.00080725],
        [0.00036582, -0.00353306, 0.00135599],
        [-0.00202727, -0.00093896, -0.00012],
        [-0.00440432, -0.00088155, 0.00327899],
        [0.001358, 0.00153403, 0.0001739],
        [0.00018282, 0.00254042, -0.00131884],
        [0.000324, -0.00076077, -0.00291752],
        [-0.00039048, -0.00080744, -0.00159183]
    ],
    "relaxed_lattice": [
        [-4.97530763, -14.37162342, -8.38372658],
        [-7.61470369, -0.07411112, -4.19918143],
        [-0.06390489, -0.12583059, -8.68652719]
    ],