{
    "atom_type": [
        "Na",
        "V",
        "P",
        "O"
    ],
    "atoms_per_type": [
        9,
        8,
        12,
        48
    ],
    "coord_mode": "direct",
    "relaxed_basis": [
        [0.25482668, 0.47266902, 0.51417521],
        [0.75987057, 0.50721952, 0.47558508],
        [0.48652495, 0.00761549, 0.01135759],
        [0.99405714, 0.00110059, 0.01474301],
        [0.12425693, 0.88618459, 0.61544388],
        [0.80545289, 0.25128312, 0.88854204],
        [0.56450906, 0.3792923, 0.74919138],
        [0.18940913, 0.74984372, 0.12460414],
        [0.68906141, 0.75071087, 0.10766254],
        [0.32381224, 0.63519199, 0.64167947],
        [0.82598301, 0.6450708, 0.64210276],
        [0.06816792, 0.14549752, 0.14809493],
        [0.5727462, 0.13936987, 0.15025276],
        [0.17989158, 0.35433315, 0.35740236],
        [0.67466225, 0.35728086, 0.35554755],
        [0.42655604, 0.862095, 0.85162819],
        [0.92954265, 0.85603302, 0.85806576],
        [0.12731844, 0.54073693, 0.96539893],
        [0.62323175, 0.55239506, 0.95293265],
        [0.47885616, 0.25028654, 0.54675173],
        [0.97895516, 0.25540888, 0.54046045],
        [0.26999579, 0.9524161, 0.24831354],
        [0.76819187, 0.95411775, 0.25123293],
        [0.22925791, 0.03563671, 0.74848629],
        [0.73397961, 0.04532211, 0.74694274],
        [0.37766312, 0.45868665, 0.03532031],
        [0.87408629, 0.45675816, 0.03634893],
        [0.02355484, 0.74729461, 0.46457595],
        [0.51677687, 0.75698646, 0.45829318],
        [0.43421509, 0.69969309, 0.50479553],
        [0.93958231, 0.68658826, 0.52067572],
        [0.24461976, 0.86786147, 0.70679551],
        [0.75839927, 0.86404415, 0.71888721],
        [0.35426769, 0.48789149, 0.87136913],
        [0.85023432, 0.47150881, 0.8789877],
        [0.50495456, 0.20278245, 0.37704159],
        [0.99485245, 0.19662519, 0.38643475],
        [0.18703161, 0.968549, 0.21373827],
        [0.69109499, 0.95556133, 0.20939888],
        [0.10746245, 0.37220075, 0.00659075],
        [0.61249085, 0.37630646, 0.97853927],
        [0.06116547, 0.30612553, 0.49851827],
        [0.55640705, 0.29800482, 0.53340307],
        [0.25050023, 0.12007228, 0.28891655],
        [0.73947415, 0.14117171, 0.27071297],
        [0.1530109, 0.52561087, 0.11821143],
        [0.63830666, 0.53525423, 0.12022707],
        [0.00827137, 0.80744096, 0.61793133],
        [0.49825075, 0.81348379, 0.61671459],
        [0.31276974, 0.99229744, 0.80096799],
        [0.81089391, 0.03332683, 0.7943152],
        [0.40297593, 0.62675103, 0.98637043],
        [0.88925437, 0.63445467, 0.98932659],
        [0.38613687, 0.41932235, 0.55780708],
        [0.88405048, 0.41966886, 0.56506219],
        [0.28042107, 0.7695173, 0.42235393],
        [0.78424544, 0.78002413, 0.42320462],
        [0.21113748, 0.5661333, 0.77201964],
        [0.7110079, 0.57466523, 0.77071658],
        [0.02841793, 0.90696008, 0.27528164],
        [0.52850515, 0.9121448, 0.26726503],
        [0.13830129, 0.0509383, 0.92004453],
        [0.63851245, 0.0612103, 0.91418386],
        [0.4635568, 0.27828436, 0.05050625],
        [0.95730524, 0.2758003, 0.06403527],
        [0.11735907, 0.58511822, 0.44104289],
        [0.60934546, 0.58676574, 0.44846014],
        [0.22345052, 0.21610052, 0.5803969],
        [0.71883432, 0.2255051, 0.57947098],
        [0.29414695, 0.44708228, 0.21978976],
        [0.78671432, 0.44587662, 0.21913665],
        [0.46081699, 0.08723251, 0.73358833],
        [0.97077928, 0.09127781, 0.73101346],
        [0.36300112, 0.92526769, 0.08228515],
        [0.86209662, 0.93942874, 0.08392773],
        [0.04598962, 0.72864784, 0.93179559],
        [0.53906429, 0.73317159, 0.91954672]
    ],
    "relaxed_energy": -793.57624496,
    "relaxed_forces": [
        [-0.00139899, 0.00033036, 0.00417499],
        [0.00077347, -0.0029175, -0.00025361],
        [-0.00011586, -0.00101753, 0.00080028],
        [-0.00157331, -0.00252482, 0.00189037],
        [-0.00023505, 0.00034311, -0.00152272],
        [0.00043012, 0.00264324, 0.00058966],
        [0.00093273, 0.000928, -0.00016259],
        [0.00520984, -0.00148162, -0.0030134],
        [-0.00147837, -0.00026802, 0.00144759],
        [0.00160158, 0.00085103, -0.00489947],
        [-0.00488538, -0.00190533, -0.00033177],
        [-0.00122235, -0.00015708, -8e-08],
        [0.00294502, -0.00012035, 0.00142472],
        [0.00023329, 0.00249412, 0.00199204],
        [-0.00279819, 0.00195649, -0.00397533],
        [-0.00356137, 0.00238741, 0.00275818],
        [0.00491071, 0.00168946, -0.00519506],
        [-0.00180435, -0.00407234, 0.00091173],
        [0.00105752, 0.0025832, 0.00265612],
        [-0.00127745, -0.00041402, 0.00035295],
        [0.00192609, 0.00026938, -0.00263817],
        [-0.00186072, 0.00125315, -0.00442493],
        [0.00315736, -0.00345063, -0.00025895],
        [0.00150437, -0.00226563, 0.00358598],
        [0.00042581, 0.00223763, 0.00139174],
        [0.00189113, 0.00228123, -0.00057167],
        [-0.00241854, 0.00163664, 0.00253414],
        [0.00116302, 0.00496977, -0.00205435],
        [0.00498332, -0.00508713, 0.00362095],
        [-0.00372947, -0.00271429, 0.00297395],
        [0.00150997, 0.00502125, -0.00248449],
        [-7.549e-05, -0.00010566, 0.00470147],
        [-0.00059061, 0.00389532, 0.00030844],
        [-0.00193251, -0.00377152, 1.413e-05],
        [-0.00298916, -0.00322238, -6.933e-05],
        [0.00039102, -0.00554471, -0.0017311],
        [-0.0067361, 0.00038233, -0.00218099],
        [0.001322, -0.00394439, -0.00393658],
        [-0.00505709, 0.00131788, -0.00121994],
        [-0.00210806, -0.00054636, -0.00125358],
        [-0.00439816, 0.00035975, -0.00090672],
        [-0.00257638, 0.00299363, 0.00638283],
        [0.00064557, -0.00048285, 0.00109976],
        [0.00680201, 0.0010696, 0.002246],
        [0.00291802, 0.00189957, 0.00263283],
        [-0.0012806, 0.00141328, 0.00057864],
        [0.00272166, 9.49e-05, -0.00218047],
        [0.00196153, -0.00067743, 0.0021786],
        [0.0069998, 0.00300075, 0.00269279],
        [0.00271998, -0.0026061, -0.00139893],
        [-0.00276173, -0.0014908, -0.00024503],
        [0.00220753, 0.00507433, -0.00052268],
        [0.00544751, 3.808e-05, -0.0001026],
        [-0.00232973, -0.00262688, -0.00245074],
        [-0.00027535, 0.00058114, 0.00097088],
        [0.00472953, 0.00266215, 0.00119867],
        [-0.00498933, 0.00057127, -0.00187475],
        [-0.00032015, -0.00159826, 0.00195695],
        [0.00200909, 0.00216302, -0.0008001],
        [-0.00329255, -0.00223172, -0.00130552],
        [0.00296265, 0.00220672, -0.00255196],
        [0.00057723, -0.00132671, -0.00404331],
        [-0.00468682, 0.00217684, 0.00667875],
        [0.00030292, -0.00270558, -0.00243147],
        [-0.0025008, 0.00041503, 0.00388379],
        [-0.00291963, -0.0005725, -0.00368796],
        [0.00220291, -0.00621979, -0.00089077],
        [0.00557943, -0.00063521, -0.00351559],
        [0.00223661, 0.00019799, 0.00212433],
        [0.0024068, -0.00129639, 0.00146197],
        [0.00297153, -0.00095247, -0.00470747],
        [-0.00412925, -0.0005605, -0.00313214],
        [0.00088393, 0.0006843, -0.00166878],
        [-0.00628743, 0.00134254, 0.00388342],
        [-0.00650215, -0.00172388, -0.00156898],
        [-0.00040369, 0.00220597, 0.00373702],
        [0.00184758, 0.00261657, 0.00032739]
    ],
    "relaxed_lattice": [
        [-5.00482195, -14.23096672, -8.41442371],
        [-7.58086937, -0.10531399, -4.22679632],
        [-0.13630681, -0.12899903, -8.66552541]
    ],