{
    "atom_type": [
        "Na",
        "V",
        "P",
        "O"
    ],
    "atoms_per_type": [
        11,
        8,
        12,
        48
    ],
    "coord_mode": "direct",
    "relaxed_basis": [
        [0.24384066, 0.51462797, 0.50631742],
        [0.75507712, 0.51662451, 0.47152715],
        [0.50272151, 0.97141999, 0.02258718],
        [0.01051357, 0.00187213, 0.97642484],
        [0.6256577, 0.88561582, 0.61939856],
        [0.30725633, 0.24854747, 0.88787169],
        [0.80531697, 0.2490069, 0.884933],
        [0.55642983, 0.3775348, 0.74755967],
        [0.37414953, 0.12161548, 0.38890929],
        [0.87671475, 0.11400303, 0.37755609],
        [0.19292465, 0.75408843, 0.11921553],
        [0.32176081, 0.64387398, 0.64752126],
        [0.8222591, 0.63896451, 0.64242053],
        [0.07119053, 0.14694255, 0.14665876],
        [0.57208101, 0.1436029, 0.14448681],
        [0.17089543, 0.36183458, 0.35948223],
        [0.68152678, 0.35808164, 0.34699801],
        [0.42868222, 0.85640662, 0.85778354],
        [0.93271763, 0.84738348, 0.85047948],
        [0.12389892, 0.54934487, 0.96333364],
        [0.62190987, 0.53924599, 0.95504815],
        [0.47891577, 0.25282581, 0.54231864],
        [0.97428361, 0.24869093, 0.53963525],
        [0.26994694, 0.95652789, 0.25461078],
        [0.77645264, 0.95843138, 0.24423831],
        [0.23033648, 0.04611851, 0.75079361],
        [0.72849598, 0.03683165, 0.75291899],
        [0.37171932, 0.45332244, 0.04337845],
        [0.87683032, 0.4552062, 0.03235455],
        [0.02029203, 0.75015558, 0.45986716],
        [0.52528298, 0.74842198, 0.46513816],
        [0.44048605, 0.69690076, 0.5238755],
        [0.93625383, 0.70682385, 0.50286886],
        [0.24897264, 0.86754271, 0.72957661],
        [0.74175385, 0.87710452, 0.70554304],
        [0.34774687, 0.46662325, 0.88895275],
        [0.84820278, 0.47679037, 0.88063991],
        [0.49383568, 0.19973422, 0.38408401],
        [0.98458808, 0.1945623, 0.38650624],
        [0.18831815, 0.97536926, 0.21540758],
        [0.69009787, 0.0162391, 0.19912476],
        [0.10478328, 0.37309342, 0.02157646],
        [0.5931998, 0.38666981, 0.9777188],
        [0.05678456, 0.29976641, 0.49319548],
        [0.56355163, 0.29707398, 0.50464379],
        [0.25522343, 0.13230202, 0.27840278],
        [0.77316101, 0.11634817, 0.28087794],
        [0.14512748, 0.54324896, 0.11892044],
        [0.65252823, 0.48307288, 0.11662957],
        [0.99991544, 0.81324448, 0.61908927],
        [0.51606687, 0.80212526, 0.61905765],
        [0.31453856, 0.03439999, 0.77829905],
        [0.81169512, 0.00379704, 0.7974495],
        [0.39417532, 0.62564898, 0.98570189],
        [0.90200594, 0.62405041, 0.98186941],
        [0.38567957, 0.41079435, 0.5694781],
        [0.88102288, 0.41057978, 0.56742158],
        [0.2844213, 0.77741011, 0.42231629],
        [0.77813794, 0.77858482, 0.41619394],
        [0.20833803, 0.55641309, 0.77983366],
        [0.70458517, 0.55996861, 0.76680425],
        [0.02979057, 0.91424974, 0.27141968],
        [0.52772181, 0.9173973, 0.28135072],
        [0.14035262, 0.06572931, 0.92120583],
        [0.63424391, 0.06874576, 0.91259623],
        [0.45365665, 0.2680055, 0.07058055],
        [0.9585606, 0.2718894, 0.05941795],
        [0.11281095, 0.59070309, 0.44411568],
        [0.61556624, 0.58195116, 0.44377502],
        [0.21840939, 0.2218429, 0.57715335],
        [0.72150067, 0.22256106, 0.58248369],
        [0.28950124, 0.44123246, 0.2321547],
        [0.79557141, 0.43773075, 0.22222227],
        [0.47329787, 0.08570045, 0.7307441],
        [0.96305112, 0.08601633, 0.73090319],
        [0.36112326, 0.93764004, 0.08228261],
        [0.86650243, 0.92663061, 0.07442297],
        [0.04127551, 0.73044045, 0.92745833],
        [0.5432624, 0.7278388, 0.93843731]
    ],
    "relaxed_energy": -808.52115055,
    "relaxed_forces": [
        [-0.0016208, 0.00167816, 0.00035533],
        [0.00065732, 0.00099977, -0.0004363],
        [0.00113822, 0.00211458, -0.00248142],
        [-0.0018881, -0.00253569, 0.0001871],
        [-0.00034571, 0.00029633, -0.00263766],
        [0.00047515, -0.00187731, -0.00143],
        [0.00026804, 0.00064205, -0.00161547],
        [0.00090387, 0.00194664, 0.00063117],
        [-0.00206789, -0.00301907, -0.00634401],
        [0.00217235, -7.618e-05, 0.00176141],
        [-0.00163535, 0.00160483, 0.0024438],
        [0.00141059, 0.00084646, -0.00010776],
        [-0.00400701, -0.00080937, 0.00114678],
        [0.00291424, -0.00188862, 0.00114004],
        [0.00265012, -0.00052931, -0.00144995],
        [0.00259812, -0.00045791, -0.00340205],
        [-0.00305827, -0.00216938, -0.00105297],
        [-0.00355272, 0.00191729, 0.00200439],
        [0.00226133, -0.00050886, 0.00088241],
        [0.0005079, -0.00159849, -0.00028839],
        [0.00209862, 0.00120894, -0.00323085],
        [-3.69e-06, 0.00016219, -0.00023025],
        [-0.00596054, -0.00228536, 0.00301181],
        [0.00200091, -0.0027033, -0.0004379],
        [6.914e-05, 0.00125055, -0.00373527],
        [0.00372679, 0.00520579, 8.967e-05],
        [0.00188784, -0.00115317, 0.00357391],
        [0.0018111, 0.00298366, -0.00289331],
        [0.00214384, 0.00276418, 0.00061547],
        [-0.00357362, -0.00159646, 0.00242929],
        [0.00117546, 0.00182407, -0.00086904],
        [-0.00259096, 0.0026906, -0.00309436],
        [-0.00047223, 0.0009042, 0.00355988],
        [0.00201038, -0.00044659, -0.00402022],
        [0.00119895, 0.00329809, -0.00174493],
        [0.00134832, 0.00175796, 0.00321609],
        [-0.00049235, -7.602e-05, -0.0015565],
        [-0.00057724, -0.00027563, -0.00225006],
        [-0.00018458, 0.00120248, -0.0005065],
        [0.00048748, -0.00082084, -0.00060708],
        [-0.00320126, -0.00103076, 0.0024717],
        [0.00142157, 0.00018944, -0.00112666],
        [0.00284643, 0.00338715, 0.00131895],
        [0.00040541, -0.0013359, 0.0006045],
        [-9.773e-05, -0.00280237, -0.00155144],
        [-0.0028372, 0.00045759, 0.00399069],
        [0.00043235, 0.00100641, 0.00052283],
        [-0.00238672, 0.00225959, -0.00252328],
        [0.0013879, 0.00058561, 0.00030894],
        [0.0004301, -0.00183219, 0.00650453],
        [7.241e-05, -0.00099565, -0.00269659],
        [0.00115462, -0.00166463, 0.00091466],
        [-2.77e-05, 0.00871895, 0.00360314],
        [-0.00056037, -0.00252735, -0.00029146],
        [0.00257109, -0.00019806, 0.00116846],
        [-0.00110206, -0.00035739, -0.0007446],
        [-0.00071735, -0.00032725, 0.00072064],
        [-0.00272763, -0.00047243, -0.00199395],
        [0.00042806, 0.00238739, 0.00074811],
        [0.00248278, -0.00343127, 0.00204953],
        [-0.00119206, -0.00134047, 6.554e-05],
        [0.00281504, -0.00122649, 0.00016308],
        [-0.00057325, -0.00040193, -0.00058106],
        [-0.00188477, -0.00484847, 0.00022918],
        [0.00091651, 0.00073802, -2.234e-05],
        [0.00172014, -0.00258378, -0.00045007],
        [0.00251769, -0.00030173, 0.00232135],
        [0.00049412, 0.00096547, 0.00073375],
        [0.0007824, 0.00151317, -2.241e-05],
        [0.00048305, -0.00069191, 0.00393811],
        [-0.00377668, 0.00026809, 0.0035108],
        [-0.00178615, 0.00168099, 0.00251471],
        [3.617e-05, -0.00054022, 0.00250085],
        [0.00040514, 0.00109566, -0.0004775],
        [-0.00645669, -0.00037949, -0.0001962],
        [0.00241241, -0.00179622, 0.00195077],
        [-0.00070905, 0.00045033, -0.00559154],
        [0.00130321, -0.00697398, -0.00459934],
        [-0.00336696, -0.00011517, -0.00061272]
    ],
    "relaxed_lattice": [
        [-5.00995456, -14.31063023, -8.41954435],
        [-7.6227676, -0.05335742, -4.20061857],
        [-0.16965105, -0.07134026, -8.67605117]
    ],