{
    "atom_type": [
        "Na",
        "V",
        "P",
        "O"
    ],
    "atoms_per_type": [
        9,
        8,
        12,
        48
    ],
    "coord_mode": "direct",
    "relaxed_basis": [
        [0.25226045, 0.50175097, 0.49647617],
        [0.75581538, 0.48696588, 0.49709515],
        [0.49888022, 0.97522827, 0.02993978],
        [0.99292689, 0.03357897, 0.9817096],
        [0.62655095, 0.88164113, 0.6214678],
        [0.31210038, 0.24868844, 0.87722605],
        [0.93901899, 0.63081204, 0.24600863],
        [0.55762837, 0.3800106, 0.75233054],
        [0.19480054, 0.75436751, 0.09916638],
        [0.32204695, 0.64461956, 0.64571907],
        [0.8233084, 0.6390002, 0.64501111],
        [0.0684552, 0.14605343, 0.14651108],
        [0.57304847, 0.13823496, 0.14308478],
        [0.17557105, 0.35764755, 0.35774046],
        [0.68106887, 0.35336457, 0.35235333],
        [0.42957351, 0.85394526, 0.85809023],
        [0.92511516, 0.86219608, 0.85415433],
        [0.12415707, 0.54667753, 0.96055688],
        [0.62484759, 0.5337108, 0.96093315],
        [0.48207544, 0.25382307, 0.54062564],
        [0.98088915, 0.24510203, 0.53919283],
        [0.26620737, 0.95943248, 0.25227681],
        [0.77058297, 0.96048996, 0.24628978],
        [0.23123781, 0.04943911, 0.74836417],
        [0.7280102, 0.03835748, 0.74865393],
        [0.37160715, 0.45142077, 0.04246119],
        [0.87621901, 0.46311386, 0.04261847],
        [0.01867722, 0.75067886, 0.45202175],
        [0.52409599, 0.74856235, 0.46269681],
        [0.44012927, 0.69512573, 0.52132904],
        [0.9411721, 0.70413192, 0.4667361],
        [0.24550144, 0.86452586, 0.74287822],
        [0.74251044, 0.88036931, 0.69433339],
        [0.3471744, 0.46751222, 0.88669563],
        [0.86257531, 0.49862811, 0.86789383],
        [0.50908398, 0.19592236, 0.37825984],
        [0.00324828, 0.18683946, 0.3752852],
        [0.18834244, 0.97645327, 0.20363661],
        [0.69235444, 0.99584443, 0.19243373],
        [0.10151414, 0.37073859, 0.02053365],
        [0.59843811, 0.37983055, 0.9799085],
        [0.06167626, 0.30126669, 0.49781265],
        [0.56104872, 0.30502935, 0.51903375],
        [0.24140044, 0.14506764, 0.27989245],
        [0.74492101, 0.12328458, 0.31222826],
        [0.14728321, 0.52665694, 0.1217155],
        [0.64786528, 0.48760407, 0.13059514],
        [0.99968613, 0.79189768, 0.61806676],
        [0.51768299, 0.7898445, 0.62272068],
        [0.31181891, 0.03712379, 0.78450622],
        [0.80876799, 0.99905843, 0.8001191],
        [0.38669926, 0.6323224, 0.99204342],
        [0.89654811, 0.62300979, 0.02962188],
        [0.386939, 0.41350133, 0.56119725],
        [0.89092218, 0.41742203, 0.54083455],
        [0.27758015, 0.78668964, 0.42555149],
        [0.77864294, 0.77308752, 0.41431153],
        [0.20888849, 0.54967809, 0.77823839],
        [0.70857124, 0.56021693, 0.77532375],
        [0.03719616, 0.91275318, 0.26004227],
        [0.53097279, 0.91350849, 0.2788183],
        [0.13732675, 0.08369969, 0.91636922],
        [0.63224126, 0.06654089, 0.90899953],
        [0.4566453, 0.27293257, 0.06103024],
        [0.95941856, 0.27452693, 0.07183874],
        [0.11453351, 0.58178446, 0.42649665],
        [0.61620748, 0.57608567, 0.43781209],
        [0.21840565, 0.22195304, 0.57190984],
        [0.71774123, 0.22887769, 0.58294143],
        [0.2872444, 0.43840583, 0.22984921],
        [0.79118323, 0.43275849, 0.22402023],
        [0.47299266, 0.08563297, 0.73012511],
        [0.96949358, 0.08356412, 0.72359706],
        [0.35889198, 0.94626554, 0.08431031],
        [0.86596922, 0.94479381, 0.0893103],
        [0.03969607, 0.7275895, 0.94223212],
        [0.5429578, 0.72390122, 0.94214291]
    ],
    "relaxed_energy": -793.54484978,
    "relaxed_forces": [
        [0.00382391, -0.00159652, 0.00094692],
        [-0.00121661, 0.00176441, 0.00068876],
        [-0.00137512, -0.00166229, 0.00078738],
        [0.00088248, -0.0012262, -0.00114839],
        [-3.705e-05, 0.00123864, 0.00054696],
        [-0.00030959, -0.00209344, 0.00173633],
        [0.00109044, -0.00096357, -0.00102215],
        [0.00048456, -0.00356994, 0.00023356],
        [0.00054818, -0.0022249, -0.00098847],
        [-0.00301526, -0.00092998, 0.00601713],
        [-0.00528412, 0.00370158, 0.00212084],
        [-0.00327035, -0.00227232, 0.00436047],
        [0.00417562, -0.00145456, -0.00286106],
        [0.00561512, -0.00050707, -0.0006364],
        [-0.00259317, 0.00529113, 0.00180095],
        [-0.00233344, 9.2e-06, -0.00058769],
        [0.00041903, -0.00349949, -0.00016155],
        [0.00267616, -0.0014235, 0.00039465],
        [-0.00183607, -0.00208939, -0.00408844],
        [-0.00254889, -0.00115755, -0.00420077],
        [-2.82e-06, -7.835e-05, -0.00173328],
        [-0.00141051, -0.00117196, -0.00038792],
        [-0.00143461, 0.00377521, 0.00282945],
        [-0.00259536, 0.00168584, 0.00062454],
        [-0.00198006, -0.00274062, 0.00125333],
        [0.00292325, 0.00110144, 0.00098134],
        [0.0012636, 0.00145764, -0.00237263],
        [0.00172259, -0.00022499, -0.00080755],
        [0.00366366, 0.0011511, -0.00245929],
        [-0.00212681, 0.00234011, 0.00179496],
        [0.00078137, -0.00102994, -0.00264403],
        [-0.00105863, 0.00287147, 0.00016205],
        [-3.903e-05, -0.00161175, 0.00203786],
        [-0.00138103, -0.00170082, 0.00101945],
        [-0.00135444, 0.00075854, 0.00236656],
        [0.00182695, -0.00114608, -0.00109689],
        [-0.00151221, 0.00097674, -0.0005808],
        [-0.00034805, 0.00089594, -0.00123512],
        [-0.00161547, -0.00167926, 0.00132963],
        [0.00022866, -0.00020255, 0.00160908],
        [-0.00373326, 0.0013995, 0.00296514],
        [-0.00301475, -0.00171554, 0.00113948],
        [-0.00035983, -0.00228177, -0.0031997],
        [0.00392537, 0.00048107, -0.00325951],
        [-0.00307758, 0.00077671, -0.00181392],
        [0.00036096, -0.00320222, 0.00118411],
        [0.00143678, -0.00084432, -0.0063205],
        [0.00187445, -0.00214232, -0.0006284],
        [0.00206687, 0.00209889, 0.00220318],
        [0.00156385, 0.00224777, 0.00041933],
        [0.00059383, -0.00157986, 0.00097092],
        [-0.00291742, 0.00121401, -0.00198456],
        [0.0002796, -0.00159029, -0.00069158],
        [0.00129256, -0.00103966, 0.00012728],
        [-0.00081103, 0.00216414, -0.00037484],
        [0.00252208, -0.00064109, 0.00241945],
        [0.00225792, 0.00163848, 0.00307202],
        [-0.00020233, 0.00104342, -0.00098578],
        [-0.00027555, 0.001549, -0.00082469],
        [-0.00115068, 0.00057177, -0.00115143],
        [0.00173633, 0.00196427, 0.00019918],
        [0.0006003, 0.00015589, -0.00264722],
        [0.00281971, 0.00017276, 0.0046615],
        [-0.00340706, 0.00172039, 0.00123931],
        [9.536e-05, 0.00072574, -0.0019006],
        [0.0007745, -0.00072591, 0.00134012],
        [0.00138961, 0.00064166, 0.000478],
        [-0.00329564, 0.00247005, -0.00326608],
        [-0.00064107, -0.00034695, 0.00478274],
        [0.00503859, 0.00052576, 0.00042413],
        [0.00110404, 0.00337435, -0.00015828],
        [7.082e-05, -0.00143423, -0.00086255],
        [0.00191259, -0.00099918, -0.00229938],
        [-0.00104418, 0.00044509, -0.00189366],
        [0.0007873, 0.00048274, 0.00047492],
        [-0.00176399, -0.00121895, -0.0005745],
        [-0.00025596, 0.00113685, 0.00010662]
    ],
    "relaxed_lattice": [
        [-5.06669959, -14.2865298, -8.50031912],
        [-7.56148756, -0.10927539, -4.16778779],
        [-0.17350648, -0.09607638, -8.66695582]
    ],