{
    "atom_type": [
        "Na",
        "V",
        "P",
        "O"
    ],
    "atoms_per_type": [
        10,
        8,
        12,
        48
    ],
    "coord_mode": "direct",
    "relaxed_basis": [
        [0.25651118, 0.49742629, 0.48539259],
        [0.75407323, 0.51594336, 0.48447921],
        [0.4965437, 0.99111844, 0.01341374],
        [0.00621607, 0.98905316, 0.00210464],
        [0.12653398, 0.87533288, 0.62023361],
        [0.30363704, 0.25217292, 0.88520265],
        [0.80831711, 0.25206216, 0.87778631],
        [0.56238723, 0.38346027, 0.7525519],
        [0.87328045, 0.11422087, 0.38200967],
        [0.69328166, 0.75356539, 0.10916922],
        [0.32275773, 0.6409251, 0.64548388],
        [0.82290527, 0.64351471, 0.64151846],
        [0.07066624, 0.13917162, 0.14384376],
        [0.57093217, 0.14401146, 0.15153437],
        [0.18083194, 0.35615367, 0.35191477],
        [0.67254024, 0.36148211, 0.35780154],
        [0.42707663, 0.8583121, 0.85161362],
        [0.93129296, 0.85086952, 0.85665369],
        [0.12353774, 0.53826627, 0.96636934],
        [0.6212306, 0.55245568, 0.95492758],
        [0.47840863, 0.25069209, 0.54901328],
        [0.97968285, 0.24969918, 0.53368028],
        [0.26985395, 0.95821131, 0.25226693],
        [0.77191058, 0.95704143, 0.24861186],
        [0.22829678, 0.04227565, 0.74889153],
        [0.731681, 0.04755469, 0.74893286],
        [0.37381802, 0.45645188, 0.03967134],
        [0.872957, 0.45284465, 0.03652455],
        [0.02561608, 0.73962039, 0.46304622],
        [0.51925276, 0.7564415, 0.45950467],
        [0.43938267, 0.6997836, 0.50332902],
        [0.94070914, 0.69052417, 0.51825875],
        [0.24301815, 0.87480333, 0.70958505],
        [0.75266186, 0.87831055, 0.70823617],
        [0.35015909, 0.47239859, 0.88357849],
        [0.84519207, 0.47281131, 0.8845434],
        [0.5040847, 0.20137845, 0.38266491],
        [0.98825204, 0.19346783, 0.38300721],
        [0.1845977, 0.9921138, 0.2188789],
        [0.69280182, 0.97823408, 0.19979027],
        [0.09941212, 0.37231149, 0.0091508],
        [0.60474371, 0.37872325, 0.98855552],
        [0.06577486, 0.29788952, 0.47939378],
        [0.55623694, 0.29972554, 0.53408524],
        [0.25500411, 0.13009035, 0.28990657],
        [0.74957681, 0.12961508, 0.29164113],
        [0.15540458, 0.50343116, 0.11978334],
        [0.63997704, 0.53493743, 0.1175018],
        [0.01809836, 0.78954105, 0.6176439],
        [0.5026259, 0.80979984, 0.61977192],
        [0.31230161, 0.01237221, 0.79262708],
        [0.81359081, 0.0274142, 0.78914511],
        [0.39626126, 0.6312714, 0.9855719],
        [0.89133066, 0.62747477, 0.99067911],
        [0.38358138, 0.41174952, 0.56948128],
        [0.88580781, 0.4076828, 0.56715282],
        [0.2798007, 0.77820797, 0.42145124],
        [0.78724698, 0.77462702, 0.41191696],
        [0.20550095, 0.55684854, 0.77554157],
        [0.70568966, 0.56929819, 0.77085588],
        [0.02712186, 0.91005747, 0.28031576],
        [0.53360139, 0.91352001, 0.26931568],
        [0.13745139, 0.06593431, 0.91661316],
        [0.63813265, 0.06562069, 0.91532912],
        [0.46165392, 0.2801647, 0.0538139],
        [0.95186874, 0.26534361, 0.07081409],
        [0.1179253, 0.57433469, 0.43028175],
        [0.61305544, 0.58859212, 0.44494608],
        [0.21947632, 0.22334368, 0.57877934],
        [0.71990456, 0.23332907, 0.58275198],
        [0.29391869, 0.43437521, 0.22822448],
        [0.78794625, 0.4408039, 0.22544437],
        [0.46110264, 0.08769371, 0.7387803],
        [0.97752422, 0.08152447, 0.72057778],
        [0.35964115, 0.94360477, 0.0793825],
        [0.86325672, 0.95032419, 0.0762293],
        [0.04298584, 0.72571199, 0.94351112],
        [0.53505263, 0.73170662, 0.93016409]
    ],
    "relaxed_energy": -800.853961,
    "relaxed_forces": [
        [-0.00110072, -0.00129846, 0.000135],
        [-0.00079968, -0.00100804, 0.00152898],
        [-0.00094273, 0.00026799, 0.00052622],
        [0.00040488, -0.00041113, 0.00146097],
        [0.00079024, 0.00039446, 0.00230942],
        [-0.00047904, 0.00073666, 0.00107512],
        [-0.00019717, -0.0003176, -0.00057177],
        [-0.00161428, -0.00082393, -0.00072025],
        [-1.738e-05, 0.0004682, 0.00144903],
        [-0.00038272, -0.00058148, -0.00074997],
        [-4.685e-05, -8.425e-05, -0.00269166],
        [0.0013065, -0.00076345, -0.00230264],
        [-0.00012866, -0.00040219, -0.00164583],
        [-0.00085423, 0.00051382, 0.00088821],
        [0.00179115, 0.00081823, 0.00041006],
        [0.00115503, -0.00259726, 0.00045519],
        [0.00040207, -0.00128341, 0.00207227],
        [-0.00028086, 0.00138932, 0.0023421],
        [-0.00378107, 0.00285611, 0.00465644],
        [0.00378086, -0.00443112, -0.00345128],
        [-0.00557794, -0.00269619, -0.0040698],
        [0.00122422, 0.00723789, 0.00470071],
        [0.00498081, 0.00081888, -0.00010907],
        [-0.00310227, -9.808e-05, 0.00307676],
        [0.00499544, 0.00052324, -0.00101457],
        [-0.00613323, -0.0009328, 0.00089801],
        [0.00135031, -0.00376998, 0.00698767],
        [0.00898221, 0.00217328, 0.00278702],
        [-0.00221213, 0.00698664, -0.00452412],
        [-0.00145223, -0.00555842, 0.00332689],
        [0.00328981, 0.00358541, -0.00197861],
        [0.00035102, 0.0004132, 0.00040911],
        [-0.00086175, 0.00020425, -0.0008827],
        [0.00405176, -0.00348949, 0.00272349],
        [0.00123828, 0.00140134, -0.00241038],
        [-0.00150727, -0.00091623, -0.00012859],
        [0.00102327, -0.00137104, 0.003614],
        [-0.00049068, -1.581e-05, -0.00088544],
        [0.00269051, 0.00321019, -0.00103247],
        [0.0017817, 0.00132469, 0.00166992],
        [0.00360037, -0.00319472, -0.00154942],
        [0.00068328, -0.0010664, -0.00189183],
        [-0.00500393, -0.00413256, -0.00087202],
        [-0.00053093, 0.00223841, -0.00028699],
        [-0.00304752, 0.00455527, -0.00054005],
        [1.14e-06, -0.0007217, 0.00162494],
        [-0.0016809, -0.00072915, -0.00488159],
        [-0.00020085, -0.00175811, 4.945e-05],
        [4.635e-05, 0.00245052, 0.00397637],
        [-0.00188336, -0.00203304, -0.00359055],
        [-0.00082041, -0.00066254, -0.00086105],
        [-6.975e-05, -0.00071466, -0.00056085],
        [-0.00052592, -0.00155524, 0.00063703],
        [-0.00920605, -0.00086281, -0.00210568],
        [-0.00219493, 0.00198171, -0.00035445],
        [-0.00052127, -0.00121679, -0.00045324],
        [-0.00378132, -4.32e-05, -0.00033776],
        [0.00405528, -0.00156103, -0.00526476],
        [-0.00037473, 0.00159091, -0.00049207],
        [-6.288e-05, -0.00255117, -0.00116509],
        [-0.00082737, 0.00073421, 0.0005307],
        [0.00024596, 0.00176649, -0.00147254],
        [-0.00105251, 0.00082073, -0.00112076],
        [0.00041855, 0.00110015, -0.00159966],
        [-0.00065458, 0.00076326, -5.791e-05],
        [-0.00217669, -0.00157568, 0.00064137],
        [0.00166863, -0.00290181, 0.00046682],
        [-0.00042624, -0.00233031, -0.00105559],
        [-0.00217693, 0.00229301, 0.00299662],
        [0.00328055, -0.00100523, -0.00111461],
        [0.00334608, 0.00461384, -0.00288341],
        [0.00012077, -0.00280071, 0.00160654],
        [0.00130536, -0.00069439, -0.00065082],
        [0.00115661, 0.00061993, 0.00025962],
        [0.00018522, 0.00148274, 0.00089457],
        [0.00074651, 0.00166932, 0.00044317],
        [0.00406496, 7.344e-05, 0.00117282],
        [-0.00133372, 0.00288386, -0.00047074]
    ],
    "relaxed_lattice": [
        [-4.97527828, -14.30449416, -8.40640857],
        [-7.56150808, -0.08998881, -4.19555781],
        [-0.11924603, -0.1149489, -8.68348674]
    ],