{
    "atom_type": [
        "Na",
        "V",
        "P",
        "O"
    ],
    "atoms_per_type": [
        4,
        8,
        12,
        48
    ],
    "coord_mode": "direct",
    "relaxed_basis": [
        [0.25255256, 0.48212312, 0.51278328],
        [0.62743084, 0.85320071, 0.61605139],
        [0.8745372, 0.11843793, 0.3812259],
        [0.1761296, 0.74575032, 0.09669141],
        [0.32085185, 0.64005776, 0.64678692],
        [0.82366846, 0.63689964, 0.6460319],
        [0.07159906, 0.1524302, 0.13800031],
        [0.56692668, 0.14301992, 0.15389985],
        [0.18072177, 0.34325409, 0.35794676],
        [0.67618657, 0.36826194, 0.357075],
        [0.42733735, 0.86099669, 0.86032101],
        [0.92841001, 0.86309734, 0.85482572],
        [0.12120563, 0.54602759, 0.9611713],
        [0.62900767, 0.52796739, 0.9669783],
        [0.4771234, 0.25626115, 0.5311742],
        [0.9807579, 0.24821336, 0.53600268],
        [0.26993976, 0.96114018, 0.25145711],
        [0.76475767, 0.97376842, 0.25212222],
        [0.23575719, 0.03912451, 0.74542644],
        [0.73154743, 0.02560709, 0.75370359],
        [0.37616448, 0.46297581, 0.03375056],
        [0.87480385, 0.4665734, 0.0370399],
        [0.02386563, 0.74563327, 0.47363709],
        [0.5166119, 0.75055843, 0.46639765],
        [0.43274659, 0.71150791, 0.49692441],
        [0.93275053, 0.72313902, 0.51702721],
        [0.24866277, 0.86521052, 0.72004889],
        [0.73402183, 0.86261908, 0.72615082],
        [0.34891595, 0.49355931, 0.87389707],
        [0.85151494, 0.49646208, 0.87169592],
        [0.47686647, 0.24147706, 0.36286429],
        [0.98915997, 0.21362013, 0.3706862],
        [0.18105218, 0.0005899, 0.22166217],
        [0.6643486, 0.99758932, 0.28314547],
        [0.10407942, 0.37154175, 0.9969409],
        [0.61383746, 0.34536509, 0.02300182],
        [0.07334378, 0.28026164, 0.48374814],
        [0.56272084, 0.3032139, 0.47839236],
        [0.2618242, 0.12365236, 0.28546641],
        [0.76462826, 0.13831731, 0.27094693],
        [0.14951867, 0.50702933, 0.12224976],
        [0.65242158, 0.51017581, 0.12518494],
        [0.01804217, 0.77606398, 0.63864736],
        [0.50289867, 0.77695891, 0.64261967],
        [0.3237963, 0.02189951, 0.76113321],
        [0.8324405, 0.9989922, 0.72675274],
        [0.37746623, 0.65101358, 0.00230646],
        [0.89512118, 0.63598431, 0.99311067],
        [0.38159239, 0.41399742, 0.58563739],
        [0.89576624, 0.42619438, 0.559058],
        [0.28381445, 0.77362558, 0.41996914],
        [0.79325254, 0.78701436, 0.41589907],
        [0.20317701, 0.57596883, 0.76897394],
        [0.71222394, 0.55420422, 0.77538466],
        [0.03430852, 0.92139033, 0.28584963],
        [0.5248787, 0.93443648, 0.29080688],
        [0.14791934, 0.05418732, 0.92809152],
        [0.65759339, 0.04496721, 0.94383508],
        [0.46933856, 0.29774606, 0.03448941],
        [0.96282633, 0.28222535, 0.05725256],
        [0.11536699, 0.57809438, 0.43070695],
        [0.61042522, 0.58740336, 0.43072194],
        [0.21478645, 0.22579229, 0.58075484],
        [0.70764909, 0.21131644, 0.58264029],
        [0.29123864, 0.42794034, 0.22461342],
        [0.79295684, 0.43308736, 0.22805256],
        [0.48135935, 0.06721791, 0.70287234],
        [0.97219236, 0.07808466, 0.72078392],
        [0.35883626, 0.93704734, 0.07035043],
        [0.83791142, 0.95389228, 0.05695499],
        [0.03155049, 0.72248668, 0.95715585],
        [0.54056197, 0.70382917, 0.9403979]
    ],
    "relaxed_energy": -754.44354994,
    "relaxed_forces": [
        [-0.00128027, -0.00086112, 0.00098994],
        [-0.00310236, -0.00103521, -0.00199799],
        [0.00245586, -0.00021479, 0.00354662],
        [0.00105735, -0.00185805, -0.00302988],
        [0.00494031, -0.00174252, -0.00098286],
        [-0.00173289, 0.00024609, 0.00153091],
        [-0.00305941, -0.00430448, 0.00182298],
        [-0.00323363, -0.00139237, 1.94e-06],
        [0.00317114, 0.00592252, -0.00221911],
        [0.00038022, 0.00184947, -0.00024043],
        [-0.00407124, -0.00055593, 0.00213284],
        [0.00076084, -0.00106145, -0.00334853],
        [0.00256765, 0.00372414, 0.00690469],
        [0.00127463, -0.00125492, 0.00177952],
        [-0.00092137, 0.00233482, -0.00147013],
        [-0.00301729, -9.697e-05, -0.00325944],
        [-0.00107073, 0.00400797, 0.00063844],
        [0.00072939, -0.00097296, 0.0002291],
        [0.00060982, -0.00396214, -0.00098897],
        [-0.00109298, 0.00182767, -7.861e-05],
        [-0.00320106, 0.00269166, 0.00157371],
        [0.00106658, 0.00145483, -0.00012446],
        [-0.00040891, -0.0013917, -0.00138438],
        [-0.00126834, 0.0012677, -0.00565672],
        [0.00082007, 0.00405201, -0.00344307],
        [-0.00115707, 0.00235484, -0.00105572],
        [-0.00317901, 0.00068503, 0.00362167],
        [0.00567619, 0.00049144, 0.0034478],
        [-0.00235052, 0.00323225, 0.00051444],
        [8.983e-05, 0.00096572, 0.00200733],
        [0.00130986, 0.00246859, 0.00159761],
        [0.00296865, 0.00017214, -0.00096727],
        [-0.00118206, -0.00493199, -0.00333881],
        [-0.00195149, 0.00051004, -0.00011604],
        [0.00375709, 0.00165889, -0.00191313],
        [-0.00181621, 0.00415138, 0.00310037],
        [-0.00283506, -0.00386531, -0.00237102],
        [-0.00038171, -0.00073902, 0.00431606],
        [0.00068701, -1.801e-05, -0.00059938],
        [0.00180283, -4.624e-05, -0.00020773],
        [-0.00082368, -0.00144588, 0.00088959],
        [0.00214926, -0.00120757, 0.00226599],
        [-0.00112714, 0.0028857, -0.00222421],
        [-0.00340777, -0.00453101, -0.00264946],
        [0.00229828, -0.00421061, 0.00313538],
        [0.00127725, 0.00286009, -0.00085392],
        [-0.00153441, -0.00617691, -0.00189334],
        [-0.00257035, -0.00170292, -0.00014167],
        [-0.00133817, -0.0019179, 0.00035242],
        [-0.00033167, -0.00227326, 0.00233865],
        [-0.00292016, -0.00073014, 0.00285836],
        [0.00028214, 0.00302949, -0.00153355],
        [-0.00064496, -0.00229669, -0.00254401],
        [0.00122955, 0.00168368, -0.00015769],
        [-0.00151646, 4.729e-05, 9.476e-05],
        [0.0028365, -0.00096139, -0.00020696],
        [0.0017021, 0.00057901, -0.0035576],
        [-0.00081529, 0.00315702, 0.00071726],
        [0.00242307, 0.00090291, -0.00091455],
        [0.00123161, 0.00024364, 0.00167933],
        [0.00253297, -5.831e-05, 0.0003248],
        [0.00436818, -0.00535847, 0.00260341],
        [0.00260224, -0.0008148, -0.00179111],
        [0.00124259, 0.00119811, 0.0011719],
        [-0.00285073, -0.0001377, -0.0025289],
        [0.00342335, 0.0008928, 0.000582],
        [-0.00046735, -0.00010697, 3.111e-05],
        [5.102e-05, 0.00425243, -0.00027891],
        [-0.00195745, -0.00092516, 0.0012473],
        [0.00174728, -0.00225774, 0.00193733],
        [0.00097877, -8.619e-05, -0.00039904],
        [-0.00388227, -0.0002966, -0.00151696]
    ],
    "relaxed_lattice": [
        [-5.1169799, -14.12001386, -8.52421255],
        [-7.56002323, -0.16313155, -4.29910499],
        [-0.26643397, -0.17207281, -8.6260134]
    ],