{
    "atom_type": [
        "Na",
        "V",
        "P",
        "O"
    ],
    "atoms_per_type": [
        11,
        8,
        12,
        48
    ],
    "coord_mode": "direct",
    "relaxed_basis": [
        [0.24975259, 0.48330689, 0.51997768],
        [0.75414417, 0.52185817, 0.47001622],
        [0.49716219, 0.98406364, 0.01737766],
        [0.00033367, 0.00096267, 0.99946535],
        [0.12455209, 0.88762994, 0.61401168],
        [0.62603011, 0.89083507, 0.61771445],
        [0.80703344, 0.25059488, 0.87466254],
        [0.55715778, 0.37884375, 0.74721188],
        [0.37404624, 0.11509983, 0.38768227],
        [0.87487814, 0.11361192, 0.38721248],
        [0.19266547, 0.7505092, 0.12451883],
        [0.31954963, 0.63970962, 0.64943133],
        [0.82358585, 0.64219094, 0.64465932],
        [0.07059111, 0.15277505, 0.14243516],
        [0.57011463, 0.14764966, 0.14509653],
        [0.17765503, 0.35616136, 0.35420595],
        [0.68009897, 0.36004865, 0.34572897],
        [0.42995741, 0.85321115, 0.85726962],
        [0.92997686, 0.84777899, 0.85848533],
        [0.12432284, 0.54682715, 0.96309194],
        [0.62405152, 0.54095132, 0.95148907],
        [0.47658292, 0.25350858, 0.54187275],
        [0.97683168, 0.25043427, 0.53525922],
        [0.27300132, 0.95783286, 0.24830333],
        [0.77329601, 0.96424995, 0.25022084],
        [0.22787923, 0.03681153, 0.74960092],
        [0.72700397, 0.04129458, 0.75331967],
        [0.3741957, 0.45756264, 0.04257226],
        [0.8761882, 0.45356546, 0.03596034],
        [0.02378307, 0.74952747, 0.46357404],
        [0.52226727, 0.75062867, 0.46296676],
        [0.43408797, 0.71473118, 0.51725415],
        [0.93565479, 0.71847717, 0.51065367],
        [0.23203616, 0.87603999, 0.71246815],
        [0.73973838, 0.87975808, 0.70743096],
        [0.34316198, 0.49968156, 0.88579632],
        [0.84803933, 0.47515595, 0.88301277],
        [0.48643569, 0.21242505, 0.37866229],
        [0.98432373, 0.19636433, 0.38328549],
        [0.18654473, 0.99121443, 0.21607969],
        [0.6850381, 0.01822953, 0.21574962],
        [0.09630734, 0.38040801, 0.01760702],
        [0.59496539, 0.38742669, 0.97602337],
        [0.0653597, 0.28025568, 0.48706511],
        [0.56272153, 0.28647168, 0.50816989],
        [0.26295738, 0.1211112, 0.28907529],
        [0.76831241, 0.12103854, 0.29463435],
        [0.15333036, 0.52340503, 0.11554483],
        [0.65492922, 0.48195017, 0.11426086],
        [0.01547681, 0.80333608, 0.61634627],
        [0.51908748, 0.78923241, 0.62140735],
        [0.31725516, 0.98907016, 0.77657086],
        [0.81128545, 0.01130483, 0.78901303],
        [0.40498614, 0.6161057, 0.99666185],
        [0.90357485, 0.61995952, 0.98264565],
        [0.3862351, 0.41860343, 0.57051327],
        [0.88654335, 0.41693181, 0.56064565],
        [0.27923421, 0.77618006, 0.42225048],
        [0.78064285, 0.77987391, 0.41751074],
        [0.2031077, 0.56305792, 0.77234348],
        [0.70759042, 0.55713015, 0.76456067],
        [0.0341584, 0.91440214, 0.27232885],
        [0.52794767, 0.92073075, 0.2800772],
        [0.14049829, 0.05820402, 0.92439505],
        [0.63425958, 0.06983591, 0.91645835],
        [0.45422002, 0.26828766, 0.05841706],
        [0.95749064, 0.26721563, 0.06235817],
        [0.11437018, 0.58381041, 0.43622569],
        [0.61111898, 0.58012168, 0.43591775],
        [0.21880444, 0.22071533, 0.5816283],
        [0.71693108, 0.228977, 0.5841161],
        [0.29377564, 0.44272181, 0.23256285],
        [0.79619636, 0.43824707, 0.22498652],
        [0.47005223, 0.08031694, 0.72381191],
        [0.96607724, 0.08667285, 0.72682761],
        [0.36280759, 0.92870487, 0.08220848],
        [0.86132, 0.94416674, 0.07660795],
        [0.04311827, 0.73308443, 0.93847904],
        [0.54738559, 0.73197264, 0.93369255]
    ],
    "relaxed_energy": -808.4609976,
    "relaxed_forces": [
        [0.00016697, 0.00092017, -0.00022317],
        [0.00033887, -0.00264521, 0.00112272],
        [-0.00135033, 0.00047545, -0.00241591],
        [0.00172229, -0.00131339, 3.222e-05],
        [-0.0014466, 0.00153591, -0.00086721],
        [0.00243414, 4.082e-05, 0.00209973],
        [0.00028272, -0.00018263, 0.00137698],
        [-0.00035994, -0.00055436, -0.00053693],
        [-0.00186108, -0.00134078, -0.00191625],
        [-0.00122366, -0.00070034, 0.00250077],
        [-0.00131389, 7.694e-05, -0.00349055],
        [-0.00084129, -0.00580665, 0.00132027],
        [0.00358677, 0.00316152, 7.365e-05],
        [0.00554371, 0.00417303, -0.00206641],
        [0.00471472, 0.0055506, 0.00104477],
        [-0.00464083, -0.00279999, 0.00273148],
        [-0.000475, 0.00226428, -0.00198862],
        [-0.00122208, -0.0035987, 0.00294244],
        [-0.00162974, -0.00520976, -0.00060213],
        [-0.00081979, 0.00030112, -0.00141648],
        [0.00065087, -0.00194802, 0.00021387],
        [0.00041219, 0.00015878, -0.00119504],
        [-0.00135906, 0.00132006, 0.00124115],
        [-0.00208724, 0.00203934, 0.00015699],
        [0.00409218, 0.00028302, -0.00210299],
        [-0.00185158, -0.00230419, -0.00096863],
        [0.00378337, 0.00091881, 0.00287286],
        [-0.00019979, -9.949e-05, -0.00121813],
        [0.00088656, 0.00108788, 0.00450817],
        [0.0022787, 0.00385334, 0.00119485],
        [-0.00148007, -0.00037356, -0.00131413],
        [0.00079349, 0.00270592, 0.00027628],
        [-0.00224218, -0.0036353, -0.00197957],
        [7.266e-05, 0.00084353, 0.00104984],
        [-0.00207108, 0.00236898, -0.00191561],
        [-0.00238608, 0.00071994, 0.00056519],
        [-0.00178156, 0.00260621, 0.001339],
        [0.00077805, -0.00156794, -0.00188843],
        [-0.00141784, 0.0018681, 0.00255854],
        [-0.00044444, -0.00213154, -0.00147265],
        [0.0008504, 0.00011988, 3.354e-05],
        [-0.0028579, -0.00059559, 0.00057807],
        [-0.00063396, 0.00139602, 0.00143959],
        [0.00034003, 0.00235332, 0.00188726],
        [0.0013696, 0.00131357, -0.00083963],
        [-0.00036323, 0.00100942, -0.00031469],
        [-0.00215294, -0.00164078, -0.00181165],
        [0.00071559, -0.00051241, -0.00077998],
        [0.00121382, -0.00083177, -0.00055057],
        [0.00098296, -0.00012505, -0.00152306],
        [-0.00032749, 0.00104249, -0.00024389],
        [-0.00205314, 7.848e-05, 0.0029464],
        [0.00040724, 0.00149369, 0.00171562],
        [0.00053166, 0.0001256, -0.0012078],
        [0.00337302, 0.00114714, -0.00062905],
        [-0.00124507, 0.00069401, -0.00111218],
        [0.00233669, -0.00032499, -0.00062771],
        [0.00267691, 0.000599, -0.00291446],
        [0.00146959, 9.801e-05, 0.00248997],
        [-0.00297679, -0.00248511, 0.00317623],
        [0.00035751, 0.00083951, 0.00098675],
        [-0.00090443, 3.49e-05, 0.00076423],
        [-0.00076496, -0.00035893, -0.00042733],
        [0.00100805, -0.00212365, 0.00063731],
        [-0.00016757, -0.00091939, -0.00111685],
        [-0.00135217, -0.00234005, -0.00192634],
        [0.00064939, -0.00075665, 0.00035382],
        [0.00081511, -0.00053114, -0.00105949],
        [0.00049424, 0.00061878, 0.00097256],
        [0.00073854, 0.00067906, 0.00024958],
        [0.00114404, -0.00060231, -0.00042524],
        [-0.00247837, -0.00157007, -0.00111994],
        [0.00011785, 0.00075901, -0.00169918],
        [-0.00211541, -0.00041551, -0.00135791],
        [0.00085619, -0.00057648, -3.651e-05],
        [-0.00054806, -0.00098279, -0.00035313],
        [0.00195704, -0.00169014, 0.00462771],
        [0.00067961, 0.0025245, -0.00043396],
        [-0.00217671, -0.00060542, -0.00199098]
    ],
    "relaxed_lattice": [
        [-4.9973172, -14.49296026, -8.30419625],
        [-7.5699629, -0.12584277, -4.20799661],
        [-0.13280102, -0.17213894, -8.66697971]
    ],