{
    "atom_type": [
        "Na",
        "V",
        "P",
        "O"
    ],
    "atoms_per_type": [
        4,
        8,
        12,
        48
    ],
    "coord_mode": "direct",
    "relaxed_basis": [
        [0.25162615, 0.48004777, 0.51826103],
        [0.75162574, 0.48005322, 0.51825874],
        [0.18909332, 0.75064253, 0.11100451],
        [0.68909385, 0.75064212, 0.11100053],
        [0.32337778, 0.63782936, 0.64672048],
        [0.8233771, 0.63783256, 0.64671954],
        [0.07131764, 0.1455087, 0.14468133],
        [0.57131876, 0.14550929, 0.14467869],
        [0.17616578, 0.35449132, 0.35639523],
        [0.67616639, 0.35449174, 0.35639318],
        [0.42622475, 0.86739277, 0.8565544],
        [0.92622521, 0.86739419, 0.85655545],
        [0.12520063, 0.53581537, 0.96824501],
        [0.62520085, 0.53581611, 0.96824452],
        [0.47963407, 0.24796125, 0.53922743],
        [0.97963305, 0.24796208, 0.53922784],
        [0.2655527, 0.95516324, 0.25446285],
        [0.76555448, 0.95516494, 0.25445998],
        [0.23651117, 0.04414614, 0.74175068],
        [0.73651203, 0.04414894, 0.74175008],
        [0.37501017, 0.46817714, 0.02972632],
        [0.87501079, 0.46817908, 0.02972705],
        [0.01866447, 0.7503256, 0.46686273],
        [0.51866474, 0.75032371, 0.4668611],
        [0.44022404, 0.69610407, 0.4958467],
        [0.94022308, 0.69610296, 0.495848],
        [0.25575544, 0.86338898, 0.71587064],
        [0.75575691, 0.86339122, 0.71586818],
        [0.35407609, 0.48145774, 0.87097525],
        [0.85407766, 0.48146339, 0.87097212],
        [0.4918539, 0.22198201, 0.36723705],
        [0.99185183, 0.22198154, 0.36723815],
        [0.18076896, 0.95850001, 0.23911702],
        [0.68077027, 0.95850238, 0.23911276],
        [0.12566505, 0.33380104, 0.0216633],
        [0.62566658, 0.33379965, 0.02165887],
        [0.0616029, 0.31287671, 0.4877009],
        [0.56160451, 0.3128726, 0.487704],
        [0.24399173, 0.13228499, 0.28616204],
        [0.74399181, 0.13228785, 0.28615929],
        [0.14760992, 0.53066761, 0.1198991],
        [0.64761033, 0.53066421, 0.11989893],
        [0.99899835, 0.782379, 0.64241634],
        [0.4990001, 0.78237105, 0.64242008],
        [0.32345105, 0.04092033, 0.75039849],
        [0.82344943, 0.04092228, 0.7504004],
        [0.36461351, 0.66904665, 0.99566066],
        [0.86461413, 0.66904488, 0.99566483],
        [0.38331737, 0.40875076, 0.58132293],
        [0.88331518, 0.40875312, 0.58132622],
        [0.28998658, 0.77117994, 0.41992186],
        [0.78998611, 0.77118136, 0.41992344],
        [0.20466421, 0.57483573, 0.77201324],
        [0.70466154, 0.57484397, 0.77201228],
        [0.02685577, 0.93140092, 0.28454913],
        [0.52685549, 0.93140023, 0.28455136],
        [0.14876984, 0.05447601, 0.92590923],
        [0.64876832, 0.05447843, 0.92590557],
        [0.47167418, 0.31533078, 0.03491956],
        [0.97167417, 0.31533007, 0.03491902],
        [0.11722032, 0.59076145, 0.42823591],
        [0.61722067, 0.59076257, 0.42823261],
        [0.21219265, 0.22748248, 0.57692558],
        [0.71219541, 0.22748348, 0.57692297],
        [0.29300749, 0.42005759, 0.22338564],
        [0.79300812, 0.42005725, 0.22338523],
        [0.48503927, 0.06409781, 0.71214415],
        [0.98503789, 0.06410384, 0.71214451],
        [0.35384808, 0.94554502, 0.067816],
        [0.85385088, 0.94554363, 0.06781696],
        [0.02808, 0.68505249, 0.96250453],
        [0.5280773, 0.68505074, 0.96250829]
    ],
    "relaxed_energy": -755.00025066,
    "relaxed_forces": [
        [-0.00018981, -0.0005009, -0.00337019],
        [-0.00024607, -0.00034098, -0.00324554],
        [0.00044014, 0.00058976, 0.00299718],
        [0.00041318, 0.00064634, 0.00297164],
        [0.00430529, 0.0008559, 0.00300401],
        [0.00436653, 0.00038569, 0.0031674],
        [-0.00250529, 0.00755653, -0.00380437],
        [-0.00177373, 0.00691412, -0.00469702],
        [-0.00200333, 0.00275024, 0.00328414],
        [-0.00184766, 0.00274923, 0.00320781],
        [0.00434452, -0.00095077, 0.00217807],
        [0.00465356, -0.00032463, 0.00191763],
        [-0.00200402, -0.00419694, 0.00264589],
        [-0.00197763, -0.00271579, 0.00305397],
        [-0.00424869, 0.0011188, -0.00143834],
        [-0.00539284, 0.00241551, -0.00079244],
        [-0.00363621, -0.00443832, -0.00388391],
        [-0.0028073, -0.00275979, -0.00489933],
        [0.0016189, -0.00065325, 0.00359807],
        [0.0020532, 0.00109006, 0.00515178],
        [0.00116051, -0.00397414, 0.00180304],
        [0.00242932, -0.00265762, 0.00304041],
        [-0.00255749, 0.00246005, 0.00447515],
        [-0.00325783, 0.00149127, 0.00269669],
        [0.00026575, -0.00584656, -0.00472125],
        [-0.00068034, -0.00697145, -0.00522526],
        [-0.0036498, -0.00014047, -0.00147334],
        [-0.00337186, -0.00037727, -0.00121525],
        [-0.00170878, -0.00208553, -0.00265067],
        [-0.00116938, -0.00229673, -0.00330061],
        [0.0007807, -0.00180261, 0.00850451],
        [0.00066245, -0.00131709, 0.0076374],
        [-0.0045989, -0.00200462, -0.00086682],
        [-0.00469435, -0.00326323, -0.00104134],
        [-0.00037131, -0.00495946, -0.00028974],
        [-0.00087499, -0.00580135, -0.00028943],
        [0.00140123, -0.00297929, 0.00097947],
        [0.00166008, -0.00304696, 0.00064639],
        [-0.0014234, -0.00268617, -0.00144273],
        [-0.00117906, -0.0034294, -0.00156757],
        [0.00643259, 0.00065198, -0.0062222],
        [0.00617207, 0.00015264, -0.0065046],
        [0.00472918, 0.00053325, -0.00460009],
        [0.00504029, 0.00026149, -0.00354119],
        [-0.00070163, -0.00719008, -0.00080481],
        [-0.00083069, -0.00860907, -0.00181167],
        [-0.00122211, 0.00249049, -0.00230648],
        [-0.00252742, 0.00225294, -0.00275356],
        [0.00261692, 0.00491282, -0.00293069],
        [0.0028432, 0.00413894, -0.00268798],
        [0.00037279, 0.00303257, 0.00519757],
        [-0.00049883, 0.00316567, 0.00614864],
        [0.00046696, -0.00527025, 0.00096076],
        [0.00024385, -0.00608314, 0.00116081],
        [-0.00259717, 0.00295299, -0.00110346],
        [-0.00346478, 0.00270098, -0.00090038],
        [-0.00184639, 0.00214267, -0.00127507],
        [-0.00181863, 0.00127567, -0.0011001],
        [0.0033492, 0.00070026, 0.00016474],
        [0.00357488, -0.00055083, -0.0003573],
        [0.00323536, 0.00459442, 0.00443834],
        [0.00350301, 0.00395912, 0.00460348],
        [-0.00120414, 0.00429559, -0.00259401],
        [-0.00109605, 0.00398338, -0.00212695],
        [0.0003501, 0.00132241, 0.00268447],
        [-0.00010522, 0.00093244, 0.00289753],
        [0.00085134, 0.00049589, 0.00078937],
        [0.00160378, 0.00058968, 0.00055439],
        [-0.00151122, 0.00661363, -0.00221556],
        [-0.00169266, 0.00602123, -0.00152758],
        [0.00141889, 0.00339974, 0.00075469],
        [0.00192724, 0.00162826, 0.0002634]
    ],
    "relaxed_lattice": [
        [-5.04370313, -14.03611307, -8.65728906],
        [-7.47977033, -0.14278191, -4.29152627],
        [-0.22722174, -0.17230797, -8.68415652]
    ],