{
    "atom_type": [
        "Na",
        "V",
        "P",
        "O"
    ],
    "atoms_per_type": [
        7,
        8,
        12,
        48
    ],
    "coord_mode": "direct",
    "relaxed_basis": [
        [0.25276897, 0.50769083, 0.48596125],
        [0.75054698, 0.49662465, 0.50276935],
        [0.9995185, 0.0245694, 0.97897017],
        [0.32556476, 0.2509352, 0.89946471],
        [0.94550406, 0.62305329, 0.2482451],
        [0.5494121, 0.36884155, 0.75337794],
        [0.67340995, 0.75450491, 0.09280064],
        [0.32515071, 0.64862745, 0.63668375],
        [0.82199214, 0.64020141, 0.64395845],
        [0.07426743, 0.13690119, 0.14099159],
        [0.57199234, 0.14202017, 0.15043112],
        [0.17481239, 0.3534967, 0.36615229],
        [0.6786038, 0.35380942, 0.35496494],
        [0.42733262, 0.8582727, 0.8647976],
        [0.92826572, 0.85852324, 0.84870525],
        [0.12401666, 0.53477676, 0.96486084],
        [0.62597411, 0.53421887, 0.95675629],
        [0.48289633, 0.24602259, 0.54459831],
        [0.98388411, 0.24141741, 0.54040651],
        [0.26638629, 0.95774078, 0.25420096],
        [0.77003178, 0.95592225, 0.24447636],
        [0.23396683, 0.04625854, 0.75025279],
        [0.73137143, 0.04250268, 0.75123153],
        [0.37109802, 0.47166939, 0.04341518],
        [0.87743503, 0.46106991, 0.03816973],
        [0.0187133, 0.74995235, 0.45293378],
        [0.51564265, 0.75640896, 0.46029814],
        [0.43968891, 0.70747353, 0.4743124],
        [0.93860404, 0.70799038, 0.47288035],
        [0.25488196, 0.87230187, 0.71961102],
        [0.74623665, 0.86768497, 0.72923447],
        [0.36925195, 0.48134602, 0.86268893],
        [0.86369831, 0.49105837, 0.86417286],
        [0.51384021, 0.19448097, 0.37093452],
        [0.01172467, 0.19302393, 0.36675522],
        [0.18917969, 0.98390433, 0.1983226],
        [0.69309821, 0.97225034, 0.19304325],
        [0.10400042, 0.36876499, 0.99439235],
        [0.61189663, 0.35910631, 0.99071819],
        [0.06305384, 0.28310119, 0.52670398],
        [0.56063569, 0.29472267, 0.52570537],
        [0.24108632, 0.1395561, 0.2888692],
        [0.74539689, 0.12756879, 0.28655742],
        [0.12591231, 0.50944578, 0.15160398],
        [0.6384464, 0.52292798, 0.12279523],
        [0.99668924, 0.79466624, 0.62327358],
        [0.48803129, 0.79474481, 0.63755743],
        [0.3112023, 0.029306, 0.80259469],
        [0.81412801, 0.00352648, 0.80412409],
        [0.37765102, 0.6518222, 0.01671436],
        [0.90015579, 0.62433819, 0.01197555],
        [0.38764821, 0.40923517, 0.55857383],
        [0.89270198, 0.41433445, 0.54108462],
        [0.27290968, 0.7821895, 0.4293848],
        [0.78419273, 0.76992877, 0.41163273],
        [0.21628321, 0.5416562, 0.79837316],
        [0.70946119, 0.56142415, 0.77247575],
        [0.03419929, 0.91606626, 0.26787062],
        [0.53275587, 0.92365098, 0.27770683],
        [0.13673948, 0.07823015, 0.91368224],
        [0.63642882, 0.07555678, 0.91885745],
        [0.45979382, 0.297243, 0.07487481],
        [0.95709036, 0.27031677, 0.07951094],
        [0.11131944, 0.57472045, 0.4414655],
        [0.61010555, 0.58448853, 0.44764685],
        [0.2251132, 0.2251038, 0.57353388],
        [0.72262295, 0.22533798, 0.58389424],
        [0.28433783, 0.43916576, 0.21747976],
        [0.785629, 0.45882856, 0.21227938],
        [0.46876245, 0.07812993, 0.72784487],
        [0.96870949, 0.07520883, 0.72396341],
        [0.3602784, 0.9441681, 0.08747073],
        [0.86722651, 0.93132849, 0.0804852],
        [0.04124216, 0.72351729, 0.92611769],
        [0.5352796, 0.70879903, 0.92814912]
    ],
    "relaxed_energy": -778.21949231,
    "relaxed_forces": [
        [0.00045345, -0.00020435, 1.32e-06],
        [-0.00091823, 0.00049671, -0.00166601],
        [-0.00044311, 0.00049564, -0.00120141],
        [0.00127256, -0.00021228, -5.656e-05],
        [-0.00028817, -0.00096787, -0.00120908],
        [-0.00130396, -0.00078335, 0.00111772],
        [-0.00051612, -3.766e-05, -0.00179647],
        [0.00200984, 0.00477698, -0.00414927],
        [0.00071285, 0.00103064, -0.00105392],
        [-0.00025998, -0.00097087, -0.00273376],
        [-0.00309273, 0.00186707, 0.003475],
        [-7.099e-05, -0.0003671, 0.00374076],
        [0.00065532, 0.00443763, 0.00373635],
        [0.00372965, -0.00236595, -0.00434142],
        [-0.00131065, -0.00012689, 0.00491321],
        [0.00036592, -0.00104037, -0.00197092],
        [-0.00157615, 0.00058374, -0.00120268],
        [-0.00130822, 0.00228928, 0.00119405],
        [0.00056961, -2.884e-05, 0.00119161],
        [-0.00432507, 0.00135706, 0.00505168],
        [-0.00242957, 0.00087806, -0.00122111],
        [0.00105989, 0.00064886, 0.00054595],
        [0.00061537, 0.00019862, -0.00177605],
        [0.00118704, -0.00026046, -0.00344696],
        [0.00038161, 0.00039425, -0.00040935],
        [0.00011323, 0.00018061, -0.00128384],
        [0.00145973, -0.00403718, 0.00117665],
        [0.00141718, -0.00352673, 0.00355478],
        [-4.882e-05, -0.00068782, -0.00024996],
        [0.00110937, -0.00209086, -0.00073094],
        [0.00025086, -0.00073511, 0.00030789],
        [0.00173949, 0.00067185, 0.00295495],
        [0.00059623, -0.00057065, 0.00010234],
        [0.00223532, -0.00216417, 0.00065478],
        [-0.0001959, 0.00015249, 0.00022247],
        [0.00204377, 0.00088008, -0.00234563],
        [0.00247289, 0.00124725, 0.00172342],
        [0.00143424, -0.0008231, -1.74e-06],
        [0.00228191, -0.00151207, -0.0023724],
        [-9.563e-05, 0.00095206, -0.00015241],
        [-0.00357065, -0.00492937, 1.394e-05],
        [-4.603e-05, 0.00147467, 0.00031914],
        [-0.00132533, -3.882e-05, 0.00214061],
        [0.00011212, 0.00108519, -0.00016218],
        [-9.18e-05, -0.00020459, -0.00088982],
        [0.00010571, 2.741e-05, 0.00022618],
        [-0.00184085, 0.00209566, 0.00148338],
        [-0.0018626, 0.00171315, -0.00036773],
        [-0.00171213, -0.00243409, -0.00064293],
        [0.00190761, 0.00402261, 0.00205146],
        [-0.00186255, -0.00045662, 0.00034921],
        [0.00127605, -0.00057289, 0.00107716],
        [-9.839e-05, 0.00019103, -0.00012118],
        [0.00336981, 0.00088615, -0.00246597],
        [-0.00063339, -0.00044291, 0.00054622],
        [0.00027676, 0.0008713, 0.00099605],
        [0.00013409, 0.00295482, -0.00283286],
        [-0.00094197, 0.00066722, 0.00068845],
        [-0.0036892, 0.00171732, 0.00249905],
        [0.00010381, 0.00109109, -9.068e-05],
        [-0.00175698, 0.001117, -0.00215862],
        [-0.00362819, -0.00165402, -0.00036],
        [-0.0007545, -0.00139732, -0.00055298],
        [-0.00056894, 0.00011801, -0.00035129],
        [-0.00081315, -0.00114219, -0.00178583],
        [-0.00030821, 0.00035582, 0.00152996],
        [0.00126219, -0.00213324, -0.00126641],
        [0.00010667, -0.00237525, 0.0017175],
        [-0.00024149, -0.00118694, -0.00175678],
        [-0.00203829, -0.00235491, 6.09e-06],
        [-4.622e-05, -0.00045889, -0.00088265],
        [0.00098831, 0.0019678, -0.00071667],
        [0.00108963, 0.00022998, 0.00042403],
        [0.0008686, 0.00013024, 0.00148786],
        [0.00424545, -0.00095962, -0.00044477]
    ],
    "relaxed_lattice": [
        [-5.1772933, -14.20514282, -8.50959966],
        [-7.59495607, -0.17146578, -4.23222812],
        [-0.20494511, -0.13504883, -8.65213562]
    ],