{
    "atom_type": [
        "Na",
        "V",
        "P",
        "O"
    ],
    "atoms_per_type": [
        6,
        8,
        12,
        48
    ],
    "coord_mode": "direct",
    "relaxed_basis": [
        [0.24521033, 0.52429356, 0.49109429],
        [0.75140917, 0.48000106, 0.51850267],
        [0.49816724, 0.00160429, 0.00532669],
        [0.30614412, 0.25071737, 0.89008574],
        [0.99810173, 0.00211535, 0.00521357],
        [0.68992595, 0.75184129, 0.12045196],
        [0.3201388, 0.64390244, 0.6496707],
        [0.82050606, 0.64022592, 0.64922379],
        [0.06775491, 0.14311914, 0.15275849],
        [0.56894086, 0.14629418, 0.15421883],
        [0.17644957, 0.36354686, 0.36056562],
        [0.67620575, 0.35938783, 0.36095262],
        [0.42783513, 0.85500589, 0.85780685],
        [0.92892982, 0.86156302, 0.85666912],
        [0.11973303, 0.54461258, 0.97274707],
        [0.62402684, 0.54319894, 0.96731375],
        [0.47794657, 0.2508443, 0.5465965],
        [0.97938685, 0.25077264, 0.54392826],
        [0.26487982, 0.96440851, 0.25629901],
        [0.76721956, 0.95926326, 0.25306138],
        [0.22943417, 0.04344321, 0.75740277],
        [0.73155345, 0.03914084, 0.75398218],
        [0.37299017, 0.4584886, 0.04301445],
        [0.87685718, 0.45971614, 0.03750915],
        [0.01745607, 0.75297701, 0.46563141],
        [0.51843472, 0.7517998, 0.46480626],
        [0.43811244, 0.69946472, 0.50382296],
        [0.93333139, 0.7085933, 0.50668503],
        [0.24777053, 0.86457471, 0.7372326],
        [0.74488292, 0.85853314, 0.7369888],
        [0.35348715, 0.46445064, 0.88545674],
        [0.85411435, 0.48708969, 0.87120368],
        [0.50143219, 0.18536159, 0.38481927],
        [0.99550463, 0.19571392, 0.38191708],
        [0.18355039, 0.99358326, 0.20936549],
        [0.68761168, 0.9687125, 0.21377791],
        [0.0969082, 0.37385147, 0.02132487],
        [0.60434659, 0.36578687, 0.02146439],
        [0.06367863, 0.29485005, 0.50237112],
        [0.558243, 0.30316763, 0.50763048],
        [0.25185724, 0.14599041, 0.2708697],
        [0.74814379, 0.13766628, 0.27500786],
        [0.14253688, 0.51760818, 0.13873905],
        [0.64326957, 0.53760581, 0.12507227],
        [0.00101571, 0.80771044, 0.62816846],
        [0.49524082, 0.81724785, 0.6261929],
        [0.30906757, 0.03315771, 0.79711711],
        [0.81305976, 0.00969769, 0.80061882],
        [0.39266224, 0.63603411, 0.98874276],
        [0.8995898, 0.63030276, 0.98960053],
        [0.38271267, 0.41327705, 0.55978784],
        [0.88722372, 0.42178629, 0.55823968],
        [0.27266154, 0.78917623, 0.43236128],
        [0.77924102, 0.78171048, 0.43317894],
        [0.2074028, 0.54896773, 0.78915152],
        [0.70945668, 0.55546103, 0.7791557],
        [0.02871083, 0.9191591, 0.27628569],
        [0.53104613, 0.91674335, 0.27202774],
        [0.13382631, 0.08200503, 0.92255497],
        [0.63708217, 0.06759509, 0.92604241],
        [0.45896338, 0.27722079, 0.07407139],
        [0.95817025, 0.2720132, 0.06698658],
        [0.10961008, 0.58173108, 0.45192474],
        [0.61368987, 0.58949929, 0.45087287],
        [0.21801763, 0.22014579, 0.5761514],
        [0.7233245, 0.21524814, 0.57880962],
        [0.28752217, 0.44726072, 0.23119242],
        [0.78912965, 0.45455856, 0.22097948],
        [0.46521845, 0.08578, 0.73919182],
        [0.96818733, 0.08459445, 0.73336882],
        [0.35968585, 0.93364082, 0.08536935],
        [0.86258267, 0.92301376, 0.08680115],
        [0.03845141, 0.7321866, 0.94289902],
        [0.53791758, 0.72456266, 0.93674054]
    ],
    "relaxed_energy": -771.24417951,
    "relaxed_forces": [
        [0.00601172, -0.00182724, 0.00146242],
        [0.00163026, 0.0002577, -0.00044663],
        [0.00264593, -0.00080475, -0.00012824],
        [0.00051558, -0.00104035, 0.00106397],
        [-0.00029952, -0.00194711, -0.00100225],
        [-0.00113761, -0.0008099, -6.933e-05],
        [-0.00809578, 0.00362338, -0.00036154],
        [-0.0007627, 0.00181833, -0.00249278],
        [0.00332163, 0.00275705, -0.00742729],
        [-0.00602128, -0.00029937, 0.00018969],
        [0.00110633, 0.00092786, 8.457e-05],
        [0.001475, -0.0046315, 0.00546505],
        [0.00378376, -0.00266034, -0.00047637],
        [-0.00565222, -0.00047272, 0.00135073],
        [-0.00130243, 0.00026739, -0.0013272],
        [0.00050468, -0.00065138, -0.00122453],
        [0.001832, 0.00142684, 0.00361626],
        [-0.00044234, -0.00081011, -0.0018923],
        [0.00262055, 0.00020269, 0.00511304],
        [-0.00330314, 0.00078398, 0.00153023],
        [0.00068919, 1.006e-05, 0.00303764],
        [-6.441e-05, -0.00387738, -0.0039312],
        [-0.00081405, 0.00087381, -0.00124433],
        [0.00424273, -0.00022355, 0.00078018],
        [-0.00058432, -0.00278661, 0.00239613],
        [-0.00011192, 0.00092226, 0.00172269],
        [0.0016484, 0.00187853, 0.00133036],
        [0.00230868, -9.435e-05, -0.00103904],
        [0.00339767, -0.0001857, 0.00143952],
        [-0.0036449, 0.00012537, -0.00442116],
        [0.00028419, -0.00037359, 0.00478035],
        [0.00578884, 0.00316328, -0.00517231],
        [-0.00066802, -0.00097943, -0.00368703],
        [0.00193299, 0.00175925, 0.00067341],
        [0.00350314, -0.00450625, -0.00126813],
        [0.00090531, 0.00031553, -0.0006647],
        [0.00165719, -0.00061001, -0.00032267],
        [-0.00382391, -0.00156555, -0.00282986],
        [-0.00365792, 0.00262835, -0.00126136],
        [-0.00371908, -0.00247153, -0.00270835],
        [0.0014352, 3.573e-05, -0.00398163],
        [-0.00485797, 0.00109068, 0.00135494],
        [-0.00245538, -0.00171416, 0.00696325],
        [0.00098248, -0.00099977, -0.00505735],
        [-0.00384012, -0.00257964, -0.00351943],
        [0.0012895, -0.00112606, 0.00508356],
        [7.044e-05, 0.00045645, 0.00123413],
        [-0.00473257, 0.00436992, 0.00316526],
        [0.00450301, 0.00197607, 0.00163498],
        [-0.00259049, 0.00141964, 0.00240337],
        [-0.00250961, -0.00186726, -0.00231775],
        [0.00022114, 0.00312186, 0.00051904],
        [0.00631341, -0.00226928, -0.00341696],
        [-0.0028886, 0.000825, 0.00169602],
        [-0.00139511, -0.00121883, 0.00139554],
        [-7.678e-05, 0.00225763, 0.00150312],
        [-8.233e-05, 0.00454887, -0.00291688],
        [0.00290786, 0.00098629, -0.00061913],
        [0.00072412, 0.00383598, -0.00034029],
        [-0.00063779, -0.00401564, 0.00365781],
        [-0.00196195, 0.00115333, 0.00266812],
        [-0.00428868, 0.00229917, 0.0014307],
        [-0.00030953, -0.00310327, 0.00046988],
        [0.00264668, 0.00117681, 0.00236864],
        [0.00371621, -0.00022698, -0.00308612],
        [-0.00338165, 0.00268913, 0.00445901],
        [0.00081957, -0.00218555, 0.00014102],
        [0.00336569, 0.00495016, -0.00108016],
        [-0.00199624, -0.00155091, -0.00109189],
        [-0.00160415, -0.00163737, -0.0001297],
        [-0.00165211, 0.00368515, -0.00229079],
        [0.00024821, -0.00233528, 0.00014594],
        [0.00228299, -0.0019378, -0.00169644],
        [0.00203434, -0.00222299, -0.00138744]
    ],
    "relaxed_lattice": [
        [-5.0450447, -14.20408557, -8.50209086],
        [-7.51398467, -0.13611429, -4.27192145],
        [-0.13261618, -0.18210834, -8.57546991]
    ],