{
    "atom_type": [
        "Na",
        "V",
        "P",
        "O"
    ],
    "atoms_per_type": [
        12,
        8,
        12,
        48
    ],
    "coord_mode": "direct",
    "relaxed_basis": [
        [0.23026714, 0.52012972, 0.50962453],
        [0.7631629, 0.50980643, 0.46567078],
        [0.50698036, 0.9846331, 0.00560701],
        [0.00439185, 0.98364543, 0.01313628],
        [0.12363296, 0.90027799, 0.62269083],
        [0.6259717, 0.88143469, 0.61113812],
        [0.30336478, 0.24954097, 0.89510113],
        [0.81327472, 0.24903906, 0.872877],
        [0.43598143, 0.61329872, 0.25308801],
        [0.55959024, 0.37876875, 0.74743114],
        [0.37469011, 0.12305067, 0.39072943],
        [0.87635485, 0.10604025, 0.38576578],
        [0.31871304, 0.64975079, 0.65121563],
        [0.82323102, 0.64699822, 0.64256753],
        [0.06970332, 0.15247406, 0.13863521],
        [0.57372562, 0.14221286, 0.14205937],
        [0.17795189, 0.35582468, 0.35839745],
        [0.68181765, 0.35682981, 0.34712234],
        [0.42553838, 0.85383425, 0.85915124],
        [0.93184285, 0.84250807, 0.85517659],
        [0.1239924, 0.5417889, 0.96169001],
        [0.62434807, 0.53789731, 0.94923826],
        [0.47754551, 0.25106131, 0.54551814],
        [0.97841764, 0.24825969, 0.53451308],
        [0.27325861, 0.96524041, 0.25337931],
        [0.77450613, 0.9604476, 0.24656498],
        [0.22560629, 0.04575526, 0.75687841],
        [0.72679677, 0.03878725, 0.74949396],
        [0.37368497, 0.45614239, 0.0512722],
        [0.87485272, 0.45193186, 0.03569879],
        [0.02329878, 0.75242295, 0.46295081],
        [0.52220156, 0.74872214, 0.45579393],
        [0.43792426, 0.70759193, 0.48747785],
        [0.92865483, 0.74097247, 0.51264108],
        [0.24317969, 0.88464766, 0.70267079],
        [0.73451704, 0.88257961, 0.70227287],
        [0.35285548, 0.4885506, 0.88581277],
        [0.84401794, 0.48239007, 0.88321032],
        [0.48942258, 0.21319158, 0.38142751],
        [0.9825674, 0.20767066, 0.37818089],
        [0.19012055, 0.03027485, 0.19812661],
        [0.68550257, 0.01494014, 0.20973421],
        [0.09642903, 0.38829156, 0.98573275],
        [0.59615714, 0.38396175, 0.97225253],
        [0.07086204, 0.25991231, 0.49517004],
        [0.56220681, 0.28834066, 0.51440259],
        [0.27009324, 0.11535349, 0.30278111],
        [0.76644063, 0.11817163, 0.29235995],
        [0.15730394, 0.4882041, 0.11784105],
        [0.64509515, 0.48756899, 0.12031069],
        [0.02189472, 0.79348342, 0.61742512],
        [0.50693191, 0.79218692, 0.61988004],
        [0.30943944, 0.0079073, 0.80363735],
        [0.81150067, 0.99942128, 0.78899621],
        [0.40263491, 0.61485477, 0.01625264],
        [0.90446626, 0.61172639, 0.98956333],
        [0.38606762, 0.41764626, 0.57049539],
        [0.89109579, 0.4205892, 0.56114827],
        [0.27667569, 0.77728159, 0.41789784],
        [0.77926603, 0.77822515, 0.4141074],
        [0.20858813, 0.56089607, 0.77391338],
        [0.70688469, 0.55728174, 0.7652796],
        [0.03450451, 0.91657163, 0.27754877],
        [0.52970977, 0.9190922, 0.27558866],
        [0.1351635, 0.06380395, 0.91962597],
        [0.63372354, 0.07043324, 0.90906967],
        [0.45676552, 0.26849314, 0.06767026],
        [0.95160786, 0.26074426, 0.06693456],
        [0.10629972, 0.57583589, 0.44112634],
        [0.61173186, 0.58008844, 0.43877383],
        [0.22231086, 0.22663697, 0.58703859],
        [0.71978246, 0.22647314, 0.58155332],
        [0.29487744, 0.4352524, 0.23832376],
        [0.79219327, 0.44009031, 0.22283783],
        [0.46668266, 0.08351051, 0.73042378],
        [0.96363934, 0.08556737, 0.72415317],
        [0.36707644, 0.93299273, 0.09128095],
        [0.86183801, 0.94076037, 0.07502342],
        [0.04752892, 0.73307587, 0.93669933],
        [0.54354989, 0.72764687, 0.93170033]
    ],
    "relaxed_energy": -815.70734505,
    "relaxed_forces": [
        [0.00016107, -0.00072686, 0.00113058],
        [0.00193686, 0.00085904, -0.0031297],
        [0.00073639, 0.00208211, -0.00013311],
        [0.00085054, 0.00084247, 0.00076304],
        [-0.00155695, -0.00021344, -0.00189057],
        [0.00310379, -0.00162769, -0.00025678],
        [-0.00097776, 0.00124127, -0.00017029],
        [0.0005178, 0.00076752, -0.00202668],
        [-0.00078021, 0.00023384, -0.0028485],
        [0.00051002, -6.187e-05, 0.00268407],
        [0.00101165, -0.00036683, -0.00122264],
        [-0.00011345, 0.00053657, 0.00295311],
        [0.00089807, 0.00051904, 0.00140604],
        [-0.00050364, 0.00011142, -0.00144796],
        [0.00022226, 0.0009172, -0.00149193],
        [0.00017019, -0.00096444, -0.00197926],
        [0.00226094, 0.00524941, 0.0005517],
        [-0.00138847, -0.0023679, 0.00029672],
        [-0.00108151, -0.0007367, 0.00037963],
        [-0.00097373, -0.00084373, 0.00266757],
        [0.00057538, -0.00118167, 0.00033319],
        [0.00096088, -0.00098404, 0.00196243],
        [0.0012677, 0.00104753, -0.00160441],
        [-0.00107355, -0.00164436, -0.00174123],
        [-0.00232302, 0.00061371, 0.00071469],
        [0.00155723, 0.00182787, 0.00501439],
        [0.00025307, 0.00031787, -0.00121426],
        [3.647e-05, -0.00059046, 0.00367053],
        [0.00160052, 0.00219671, 1.2e-05],
        [-0.00128699, 0.00178477, -0.00194255],
        [0.00054238, -0.00113457, 0.00247496],
        [-0.00271977, 0.00090298, -0.00129897],
        [0.00105115, -0.00047871, 0.00134447],
        [0.00366838, 0.00725948, 0.00180918],
        [-0.00095863, 0.00043395, -0.0007545],
        [-0.00258838, 0.00111409, -0.00154025],
        [0.00051496, -0.00085425, 0.00111505],
        [0.00168362, -0.00212033, -0.00395768],
        [0.0006292, -0.0004578, 2.756e-05],
        [-0.00126705, 0.00045762, -2.381e-05],
        [0.00022723, -0.00081084, -0.00037273],
        [-0.0005394, 0.00174195, 0.0026388],
        [0.00076804, -0.0007656, -0.00044344],
        [-0.00239338, -0.00075328, 0.00095143],
        [-0.00012572, 4.637e-05, -0.00053061],
        [0.00090418, 0.00117753, -0.00111604],
        [-2.345e-05, -0.00072226, -0.00250588],
        [-0.00121287, -0.00044177, -0.00139257],
        [-0.00068003, 0.00096491, -0.00075751],
        [0.00085789, 6.679e-05, -0.00109676],
        [0.00074017, -0.00170307, 0.00292898],
        [0.00014832, -0.00082401, 0.00064356],
        [-0.00071651, -0.00110772, -0.00188115],
        [0.0006127, -0.00065571, -0.00175174],
        [-0.0010854, -0.00081266, -0.00086459],
        [-0.00164052, -0.00011708, -0.00071151],
        [0.00110287, 0.00124856, 0.00035051],
        [0.00014856, -0.00064913, 0.00105036],
        [-0.00061105, 0.00012389, 5.805e-05],
        [-0.00133368, 0.00135817, 0.00121978],
        [0.00043876, -6.857e-05, -0.00108872],
        [-0.00174462, -0.00213417, 0.00042261],
        [0.00058661, -0.00107058, 0.00017293],
        [0.0010268, -0.00148835, 0.00114773],
        [-6.32e-06, 0.00029485, -7.685e-05],
        [2.191e-05, 0.00083485, -0.00040019],
        [-0.00053821, 0.00012167, -0.00132186],
        [0.00035836, -0.00063671, -0.00048301],
        [-0.00096118, 0.00140394, -0.00041772],
        [0.00118492, -0.00187609, 0.00067074],
        [-0.00015621, -0.00055757, 0.00016639],
        [-0.00178775, -0.00119301, 0.0002864],
        [-3.213e-05, 0.00055003, 0.00014215],
        [-0.00044325, -0.00136815, 0.00179432],
        [0.00132015, 0.00010595, -0.00114057],
        [0.00018508, 0.00105939, 0.00150135],
        [0.00027895, -0.00090823, -0.00012908],
        [-0.00122097, -0.00081968, 0.00049875],
        [0.00016871, -0.00105966, 0.0010092],
        [-0.00095498, -0.00251578, 0.00019264]
    ],
    "relaxed_lattice": [
        [-4.97305676, -14.34753358, -8.43899363],
        [-7.58296557, -0.06123149, -4.22873727],
        [-0.10439254, -0.05267257, -8.72713092]
    ],