{
    "atom_type": [
        "Na",
        "V",
        "P",
        "O"
    ],
    "atoms_per_type": [
        6,
        8,
        12,
        48
    ],
    "coord_mode": "direct",
    "relaxed_basis": [
        [0.24774883, 0.50293732, 0.5037767],
        [0.49284063, 0.01789188, 0.99685212],
        [8.236e-05, 0.00274227, 0.9987768],
        [0.62572758, 0.82695179, 0.58647223],
        [0.91327805, 0.59095968, 0.24682991],
        [0.69438315, 0.74945247, 0.13232583],
        [0.31810014, 0.64669219, 0.64432838],
        [0.82834721, 0.63088609, 0.65226402],
        [0.07630637, 0.13975243, 0.14249036],
        [0.5675837, 0.14925492, 0.14703118],
        [0.1817177, 0.35771839, 0.3561973],
        [0.67468131, 0.35758149, 0.36362362],
        [0.42273882, 0.85776209, 0.86238938],
        [0.92913569, 0.8675483, 0.84235564],
        [0.12513298, 0.5364992, 0.96715688],
        [0.62695452, 0.54241145, 0.96856031],
        [0.47436616, 0.25419612, 0.53849812],
        [0.98799825, 0.24863809, 0.54000103],
        [0.27009727, 0.96125427, 0.2513604],
        [0.76729115, 0.9689081, 0.24787996],
        [0.23083977, 0.04296114, 0.74792817],
        [0.73450079, 0.03635549, 0.74984877],
        [0.3748938, 0.46511124, 0.03360529],
        [0.87555995, 0.45376261, 0.03834448],
        [0.024063, 0.75041523, 0.45992556],
        [0.51393865, 0.7483668, 0.46087421],
        [0.43293918, 0.69409727, 0.498368],
        [0.93887611, 0.70022923, 0.50710058],
        [0.25156766, 0.87877419, 0.6981681],
        [0.75766525, 0.84627989, 0.73941274],
        [0.34773991, 0.50506028, 0.8731386],
        [0.86440435, 0.45768296, 0.87330865],
        [0.48672578, 0.21012171, 0.37784164],
        [0.00630992, 0.21818084, 0.36468299],
        [0.18646975, 0.9937896, 0.20562082],
        [0.68136962, 0.96828965, 0.23660521],
        [0.11388546, 0.36278228, 0.988267],
        [0.61390535, 0.3665786, 0.01030868],
        [0.07055526, 0.29947987, 0.5042356],
        [0.55761046, 0.30574247, 0.49213453],
        [0.25283325, 0.12634583, 0.29486789],
        [0.74517933, 0.15278809, 0.26529593],
        [0.15097643, 0.4998846, 0.12911814],
        [0.64243316, 0.53627852, 0.13063877],
        [0.01091179, 0.7926006, 0.62203637],
        [0.49495735, 0.79547027, 0.62672945],
        [0.31321428, 0.01053447, 0.79689427],
        [0.81775393, 0.03960343, 0.76198243],
        [0.39333318, 0.63479601, 0.00641897],
        [0.88219023, 0.63973815, 0.99812529],
        [0.3789286, 0.41523563, 0.5775663],
        [0.89642505, 0.42541467, 0.55160067],
        [0.28016298, 0.77379231, 0.41846708],
        [0.78423318, 0.79330661, 0.42614926],
        [0.20398527, 0.58432441, 0.77443018],
        [0.71354257, 0.57371798, 0.78107918],
        [0.02943388, 0.92259032, 0.27515031],
        [0.52529162, 0.91379203, 0.27274972],
        [0.13857422, 0.0569705, 0.9211051],
        [0.64387116, 0.05390422, 0.92534777],
        [0.46345674, 0.28715255, 0.0414757],
        [0.96458531, 0.27990405, 0.0716404],
        [0.11758179, 0.58284471, 0.43108153],
        [0.61006282, 0.58239806, 0.43995435],
        [0.2212734, 0.23003498, 0.58002779],
        [0.71180101, 0.20361974, 0.57318661],
        [0.29277218, 0.43401153, 0.22434401],
        [0.78889085, 0.43308483, 0.22200479],
        [0.47508239, 0.07188513, 0.71804089],
        [0.98038038, 0.08028534, 0.72217926],
        [0.36294101, 0.94114626, 0.07886727],
        [0.85931051, 0.9355923, 0.08024807],
        [0.03146328, 0.70605972, 0.97055802],
        [0.54213097, 0.72656425, 0.92470742]
    ],
    "relaxed_energy": -770.74634945,
    "relaxed_forces": [
        [-0.00031106, -0.0021148, 0.00091749],
        [0.00131758, -0.00014178, -0.00012706],
        [0.0035996, -0.00142122, 0.00178915],
        [-8.01e-05, 0.00113406, 0.00035565],
        [-0.00101459, -0.00279028, -0.00034565],
        [-0.00181536, 0.00010244, 7.839e-05],
        [0.00169972, -8.109e-05, 0.0042538],
        [0.00069133, 0.00387775, -0.00143466],
        [0.0004308, 0.00295893, 0.00104921],
        [0.00046247, -0.00245154, -0.00047422],
        [-0.00125115, -0.00034623, 0.00231407],
        [-0.0008966, -0.00032031, -0.00330925],
        [-0.00408058, 0.00067226, -0.00010668],
        [-2.597e-05, -0.00253995, -0.00278189],
        [0.00224031, -0.00189234, -0.00116052],
        [-0.00233019, 0.00116338, -4.225e-05],
        [0.0017543, -0.00297464, 0.00270789],
        [0.00084738, -0.0015244, 0.00151213],
        [0.00421229, 0.00014687, -0.00159671],
        [-0.00229656, -0.00209296, 0.00052861],
        [-0.00484886, 0.00176421, -0.0042926],
        [-0.00090707, -0.00201641, -0.00110812],
        [-0.00324262, 0.00190355, 0.00408705],
        [-0.0010375, 0.00112084, 0.00096073],
        [-0.0015458, -0.00089724, -0.00183542],
        [0.0006745, -0.00055015, 0.00057696],
        [-0.00401073, -0.00444692, 0.0004091],
        [0.00111653, -0.00053154, -0.00326196],
        [0.00482611, 0.00106197, 0.00546196],
        [0.00352897, 0.00251376, -0.00631456],
        [0.00180515, -0.00263253, -0.00707988],
        [0.00418276, -0.0001559, 0.0005335],
        [0.000311, 0.00256131, -0.00293658],
        [0.00274719, 0.00264993, -0.00023529],
        [-0.00036231, 0.0044239, 0.00037286],
        [-0.00180919, 0.00151573, -0.00343018],
        [0.00099365, 0.00124103, -0.00175574],
        [-0.00344916, 0.00168613, -0.00459045],
        [0.00188955, 0.00096283, 0.00083816],
        [0.00425667, 0.00055169, 0.00296512],
        [-0.00183867, 0.00022624, 0.00113899],
        [-0.0025645, -0.00706952, 0.00266457],
        [-0.00342202, -0.0007296, 0.00180603],
        [-0.00203203, 0.00090342, -0.00015279],
        [0.00097933, -0.00395413, -0.0002891],
        [0.00150124, -0.00057402, 0.00149405],
        [-0.00131935, 0.00279867, 0.00235028],
        [-0.00176707, -0.00104078, 0.00493576],
        [-0.00105612, 0.00134284, 0.00030082],
        [-0.00046775, -0.00363669, 0.00239744],
        [-0.00225197, -0.0018687, 0.00012781],
        [0.00114706, -0.00046048, -0.00126117],
        [-0.00323742, -0.00180004, -0.00048767],
        [-0.002641, 0.00175447, -0.00090555],
        [0.00154217, -0.00142275, 0.00088675],
        [0.00158359, 0.00241627, 5.965e-05],
        [0.00173087, 0.0024275, 0.00102733],
        [-0.00171134, -0.00165064, -0.00134869],
        [0.00042131, 0.00106257, 0.00125965],
        [-0.0030286, -6.107e-05, -0.00098572],
        [0.00035638, -0.00177371, 0.00134633],
        [0.00107486, 0.00270703, -0.00054935],
        [0.0026846, 0.00048215, 0.00257058],
        [0.00073427, 0.00061572, -0.00367411],
        [-0.00018526, 0.00267501, 0.00174761],
        [0.00585852, -0.00018053, 0.00067366],
        [-0.00097774, -0.00019238, 0.00079108],
        [-0.00054646, -0.00172797, -0.00285728],
        [-0.00312136, -0.00113484, -0.00167571],
        [0.00249266, 0.00219157, 0.00041707],
        [-0.00252151, 0.00273673, 0.00201034],
        [0.00484565, 0.00203095, 0.00060274],
        [-0.00109223, -0.00196356, 0.00225768],
        [0.00055738, 0.00277995, -0.00217123]
    ],
    "relaxed_lattice": [
        [-5.12523985, -14.16283415, -8.49787881],
        [-7.56808595, -0.18023138, -4.26283086],
        [-0.25980546, -0.18071892, -8.69199876]
    ],