{
    "atom_type": [
        "Na",
        "V",
        "P",
        "O"
    ],
    "atoms_per_type": [
        8,
        8,
        12,
        48
    ],
    "coord_mode": "direct",
    "relaxed_basis": [
        [0.24384234, 0.51478221, 0.50367886],
        [0.74167678, 0.49611466, 0.51687946],
        [0.50960852, 0.98425582, 0.99327002],
        [0.99464907, 0.03125441, 0.98091817],
        [0.30781093, 0.2494031, 0.88176152],
        [0.94236807, 0.61222495, 0.24872172],
        [0.37483013, 0.12324038, 0.38114134],
        [0.19162189, 0.75042028, 0.12359318],
        [0.32775706, 0.64366787, 0.63719649],
        [0.8186501, 0.64381852, 0.64950737],
        [0.07213206, 0.14829866, 0.14154245],
        [0.57296509, 0.13679252, 0.14118996],
        [0.17099356, 0.36004581, 0.36783301],
        [0.68130456, 0.35285093, 0.34986151],
        [0.4341478, 0.84969772, 0.85790818],
        [0.92204032, 0.86421595, 0.85241887],
        [0.12551072, 0.55200691, 0.95391205],
        [0.62697238, 0.53223736, 0.96373346],
        [0.48159112, 0.24704775, 0.53659502],
        [0.97748645, 0.25225431, 0.54638496],
        [0.27054036, 0.95724066, 0.25354233],
        [0.7683562, 0.95592031, 0.25303887],
        [0.23395071, 0.04371389, 0.75109946],
        [0.72838751, 0.04172448, 0.74727479],
        [0.373874, 0.45567486, 0.03745489],
        [0.87560012, 0.46351182, 0.03885142],
        [0.01472851, 0.75468728, 0.45766773],
        [0.52504612, 0.7392405, 0.46010642],
        [0.44213324, 0.6786537, 0.5092876],
        [0.93866186, 0.6957983, 0.48137625],
        [0.26330883, 0.87193908, 0.69844601],
        [0.75405716, 0.87310869, 0.69283722],
        [0.34771927, 0.47657351, 0.88064197],
        [0.85182009, 0.50628899, 0.87029244],
        [0.49047938, 0.19825962, 0.37990396],
        [0.99694381, 0.23103596, 0.3651154],
        [0.18955578, 0.97476327, 0.21234255],
        [0.68633515, 0.98361129, 0.21346779],
        [0.12127197, 0.36707051, 0.98535229],
        [0.60890139, 0.36601328, 0.99164622],
        [0.05658755, 0.29523664, 0.53085411],
        [0.56465091, 0.30169507, 0.48486395],
        [0.24798777, 0.12932114, 0.29702736],
        [0.75446245, 0.11840382, 0.29893381],
        [0.13629364, 0.54091759, 0.12448404],
        [0.65653239, 0.49229641, 0.12536021],
        [0.98797493, 0.80136878, 0.63162928],
        [0.50704157, 0.78958923, 0.62193523],
        [0.31405229, 0.02376067, 0.79619959],
        [0.80869259, 0.01405229, 0.79725668],
        [0.38903194, 0.63105174, 0.99620579],
        [0.89244494, 0.63267784, 0.01732207],
        [0.3855942, 0.41317683, 0.56691714],
        [0.88311104, 0.42124039, 0.5700116],
        [0.28687308, 0.77208179, 0.41840029],
        [0.78545644, 0.76609238, 0.41595144],
        [0.21064375, 0.58166564, 0.76911803],
        [0.70857919, 0.56913187, 0.77416517],
        [0.02644822, 0.92164495, 0.27423326],
        [0.52214857, 0.91126804, 0.2797821],
        [0.14193986, 0.04402514, 0.92169094],
        [0.63703953, 0.05113534, 0.91644362],
        [0.45531791, 0.26840315, 0.06643111],
        [0.96462447, 0.28823089, 0.04393276],
        [0.11126197, 0.59373742, 0.44071428],
        [0.61838148, 0.57685903, 0.42933935],
        [0.22312058, 0.22697998, 0.58397722],
        [0.71665745, 0.2243408, 0.57897575],
        [0.28871478, 0.43747416, 0.22732863],
        [0.79423711, 0.42909936, 0.22638195],
        [0.47330261, 0.08523094, 0.72624023],
        [0.96492603, 0.0800649, 0.72433027],
        [0.36240226, 0.94949127, 0.08108271],
        [0.8630069, 0.93278845, 0.08196638],
        [0.03650563, 0.72581431, 0.92888884],
        [0.54091157, 0.71315166, 0.95700061]
    ],
    "relaxed_energy": -786.09702381,
    "relaxed_forces": [
        [-0.00104287, 0.00142084, -0.00070809],
        [0.00156838, -0.0002976, 0.00137994],
        [-2.495e-05, 0.00092766, 1.32e-05],
        [-0.00084845, -0.00064142, 7.02e-06],
        [-0.00021955, 0.00150266, 0.00061319],
        [0.00275446, 0.00080892, 0.00322301],
        [-0.00089035, 0.00083281, -0.00339097],
        [0.00088789, -0.00072814, -0.00046523],
        [0.00014584, 0.00080799, -0.00055379],
        [0.00443774, -0.00270734, -0.00107881],
        [-0.00089865, 0.00026383, 0.00026266],
        [0.00081649, -0.00365302, -0.00142779],
        [-0.00037788, 0.00091699, -0.00066098],
        [0.00146427, -0.00281582, -0.00148473],
        [0.00202538, -0.00400085, 0.00170997],
        [0.00058591, 5.394e-05, 0.00116315],
        [0.00070227, 0.00091354, -0.00371142],
        [-0.00087074, -0.00097123, -0.00104047],
        [0.00313813, -0.00050291, -0.00040773],
        [-0.00391871, 0.00080267, -0.00082677],
        [-0.00077274, 0.00134479, 0.00106361],
        [-0.00160211, 0.00178278, 0.00396254],
        [-0.00138442, 2.867e-05, -0.00018113],
        [-0.00036851, -0.0019291, 0.00276114],
        [-0.00170757, 0.0013181, -0.00337781],
        [-0.00121673, -0.00173344, -0.00533979],
        [-0.00211928, 0.00240746, -0.0008034],
        [0.00033303, -0.00222965, 0.0005865],
        [-0.00031748, -0.00523179, -0.00151611],
        [-0.00062941, 0.00063348, 0.00105759],
        [-0.00294102, -0.00087336, 0.00013848],
        [-0.00462519, 0.00238965, -0.00575201],
        [0.00147191, 0.00025186, -0.00289011],
        [0.00146368, 0.00198449, 0.0050877],
        [0.00181864, 0.00236915, 0.00039611],
        [-0.00575964, -0.00367162, -0.00098858],
        [-0.00074766, 0.0014615, 0.0001076],
        [0.00286723, -0.00141536, -0.00062051],
        [0.00130146, -0.00471145, 0.00347656],
        [0.00337424, 0.00117472, 0.00047296],
        [-0.00125796, 0.00087601, -0.00576513],
        [-0.00346007, -0.00270002, -3.891e-05],
        [-0.00014456, 0.00196435, -0.00250768],
        [0.00185656, 0.00149649, 0.00189536],
        [0.00164825, -0.00050369, 0.00025325],
        [-0.00164898, -0.00074777, 0.00366142],
        [0.00134985, 0.00075729, 0.00130911],
        [0.00028694, -0.00174333, -0.00108506],
        [-0.00066199, 0.00104584, -0.00062948],
        [-0.00431302, 0.00044126, -0.00031797],
        [-0.00213762, -0.00099854, -0.00082113],
        [-0.0017955, 0.00162615, 0.00369579],
        [0.00373684, -0.00045405, 0.00120571],
        [0.00229885, -0.00347374, -0.00038245],
        [-2.371e-05, -0.00097707, 0.00238651],
        [0.00194125, -0.00201212, 0.00126644],
        [-0.00206785, 0.00374959, -0.00019543],
        [-0.00053548, 0.0028554, 0.00201322],
        [-0.00242393, 0.00011427, -0.00233049],
        [-0.00044124, -3.134e-05, -0.00043894],
        [0.00214397, -3.25e-06, 0.00012875],
        [0.00167973, 0.0024283, -0.00031941],
        [-9.385e-05, 0.0020596, 0.00118263],
        [-0.00248008, 0.00165898, 0.00036801],
        [-0.0030182, 0.00063496, -4.437e-05],
        [0.00131639, -0.00375115, 0.00199415],
        [-0.00040126, 0.00268816, -0.00147656],
        [0.00081182, 0.00253776, 0.00293218],
        [0.00109668, 0.00093337, -0.00071631],
        [0.00306284, -0.00079148, 0.00213716],
        [0.00155041, 0.00044605, -0.00091369],
        [0.00338244, -0.00173336, 0.00142102],
        [-0.00311133, 0.00121789, -0.00124047],
        [0.00198023, 0.00135947, 0.00195048],
        [0.00277835, -1.088e-05, -0.00105843],
        [-0.0007778, 0.0007562, 0.00022402]
    ],
    "relaxed_lattice": [
        [-5.05321832, -14.24315787, -8.42847417],
        [-7.56507706, -0.1428407, -4.20030059],
        [-0.15407509, -0.15265809, -8.63818256]
    ],