{
    "atom_type": [
        "Na",
        "V",
        "P",
        "O"
    ],
    "atoms_per_type": [
        5,
        8,
        12,
        48
    ],
    "coord_mode": "direct",
    "relaxed_basis": [
        [0.25242912, 0.49774456, 0.49902846],
        [0.49340217, 0.01729361, 0.99687435],
        [0.00789248, 0.98312031, 0.0026459],
        [0.799697, 0.25437254, 0.87171704],
        [0.6948037, 0.75009433, 0.12844994],
        [0.32078805, 0.64442999, 0.64204374],
        [0.82313446, 0.64020247, 0.64685767],
        [0.07423408, 0.13832198, 0.14582054],
        [0.56889652, 0.14696844, 0.14437558],
        [0.17911721, 0.35652011, 0.35874234],
        [0.67588411, 0.3571868, 0.35570711],
        [0.42623679, 0.86221112, 0.85317955],
        [0.93047936, 0.85368633, 0.85392261],
        [0.12479199, 0.53546127, 0.96551852],
        [0.62183261, 0.55324761, 0.96802995],
        [0.47697299, 0.25117662, 0.53575617],
        [0.98198518, 0.25233658, 0.53853601],
        [0.26902132, 0.96204774, 0.24974663],
        [0.7660285, 0.96714525, 0.24861545],
        [0.23087046, 0.03929882, 0.74951742],
        [0.73574228, 0.03104984, 0.74821379],
        [0.37366951, 0.46632925, 0.03394223],
        [0.87757102, 0.44868652, 0.03349696],
        [0.02218904, 0.74748281, 0.46510857],
        [0.51847203, 0.74472294, 0.46301249],
        [0.43343018, 0.7006647, 0.49817765],
        [0.93683068, 0.69639468, 0.51713927],
        [0.24909158, 0.87347967, 0.70415283],
        [0.76066434, 0.82576903, 0.76819973],
        [0.34955228, 0.49837992, 0.87087042],
        [0.86519773, 0.44856014, 0.87067254],
        [0.48961886, 0.20184865, 0.3786359],
        [0.0042733, 0.19693756, 0.37635739],
        [0.18589981, 0.99236405, 0.203345],
        [0.68680499, 0.96578703, 0.21886706],
        [0.10567753, 0.36653109, 0.99576625],
        [0.61416974, 0.36937365, 0.00886918],
        [0.06576632, 0.29670001, 0.50763518],
        [0.56608892, 0.2963125, 0.48208077],
        [0.24903323, 0.13042929, 0.29390649],
        [0.74695406, 0.17002598, 0.22552816],
        [0.14413643, 0.50836311, 0.13248991],
        [0.63626463, 0.55160527, 0.12936906],
        [0.00406701, 0.80288629, 0.62758715],
        [0.49679902, 0.7999624, 0.62572321],
        [0.31379364, 0.01002008, 0.79467444],
        [0.81533954, 0.03057241, 0.78285169],
        [0.39170904, 0.63583234, 0.00551535],
        [0.89096517, 0.63251665, 0.98388985],
        [0.38616066, 0.42381512, 0.558145],
        [0.88992076, 0.42444, 0.55233308],
        [0.27807774, 0.77645336, 0.42050535],
        [0.77822556, 0.81840761, 0.43642158],
        [0.2096841, 0.56318892, 0.77672251],
        [0.7124667, 0.57239808, 0.78370071],
        [0.02997488, 0.91555172, 0.27763235],
        [0.53320472, 0.90532047, 0.26922562],
        [0.13786039, 0.05676774, 0.92262378],
        [0.64009912, 0.06835258, 0.9111698],
        [0.45947582, 0.2844783, 0.05185167],
        [0.96191869, 0.26928365, 0.07608078],
        [0.1142177, 0.57779568, 0.44928529],
        [0.60914812, 0.56771151, 0.4554412],
        [0.22066763, 0.22610012, 0.57965086],
        [0.72940303, 0.177504, 0.5556124],
        [0.28754583, 0.43891675, 0.22339901],
        [0.78681422, 0.43870671, 0.21393237],
        [0.469593, 0.08495237, 0.72578221],
        [0.96792376, 0.08561433, 0.7319069],
        [0.36162186, 0.94486547, 0.07723302],
        [0.8620466, 0.92492998, 0.08060215],
        [0.0382456, 0.71924574, 0.94236631],
        [0.53732248, 0.73253646, 0.92698258]
    ],
    "relaxed_energy": -763.38377014,
    "relaxed_forces": [
        [0.00104878, 0.00013233, -0.00024326],
        [0.00119396, 0.00138071, -0.00247015],
        [0.00227622, -0.00051716, -0.00028075],
        [-0.00260916, -0.00080392, -0.00042225],
        [0.00068911, 0.00235544, 0.00215792],
        [0.00193404, -0.00025771, -0.00119498],
        [-0.00053764, -0.00134639, 0.00119444],
        [0.00129187, -0.00026953, 0.00169476],
        [-0.00113949, -0.0005125, 0.0005098],
        [-0.000205, -0.00061952, 0.00028928],
        [-4.228e-05, -0.00043907, 0.00140886],
        [-0.00038856, -0.00124741, -0.00058845],
        [-0.00152706, 0.00048295, -0.00184655],
        [-0.00138379, -0.00119322, 0.00063106],
        [0.00112259, -0.00317865, 0.00064941],
        [-0.00442686, 0.0022198, 0.00080348],
        [-0.00020066, 0.00043665, -0.00155893],
        [0.00485372, 0.0017396, -0.002897],
        [-0.00125123, -0.00385507, -0.0023036],
        [0.00166398, 0.00371524, 0.00284419],
        [-0.00078072, 0.00082337, -0.00225731],
        [0.00126045, 0.002515, 0.00286471],
        [0.00148417, -0.002091, 0.00078807],
        [-0.00304116, -0.00021979, 0.00090238],
        [0.00156079, 0.0010803, 0.00393657],
        [-0.00135639, -0.00236788, -0.00296499],
        [-0.00013135, 0.00296155, 0.00135739],
        [0.0010276, 0.00172836, -0.00180184],
        [-0.00038078, -0.00054243, 0.00027426],
        [-0.00028746, -2.914e-05, -0.00213624],
        [-3.802e-05, -0.00056969, 0.00288609],
        [0.00090205, 0.00025236, 0.00184384],
        [-0.00074917, 0.00041917, 0.00119162],
        [-0.00022325, 0.00011646, -0.0017989],
        [0.00035161, 0.00211411, 0.00262112],
        [0.00225684, 0.00236722, -6.831e-05],
        [-0.00320873, -0.00136566, 0.00160435],
        [-0.00059346, 0.00020497, 0.00015659],
        [0.00194888, -0.00198218, 0.00214402],
        [-0.00152688, -0.00145666, 1.7e-06],
        [-0.00215464, -0.00254299, 3.639e-05],
        [0.00034885, -0.00024937, -0.00174764],
        [0.00060979, -0.00030592, -0.00161938],
        [-0.00132124, 0.00278822, 0.00103183],
        [-0.00071239, -0.00058145, -0.00552762],
        [0.00185607, -0.00152228, -0.00066294],
        [-5.096e-05, 0.00156917, -0.00206834],
        [-0.00303086, -0.00253217, -0.00140283],
        [-0.000513, -0.00298404, 0.00244874],
        [0.00227212, -0.00538535, 0.00077817],
        [-0.00334179, 0.00027573, 0.00132256],
        [-0.00333121, 0.00219965, -0.00039209],
        [-0.00391884, -0.00044289, 0.00204689],
        [0.00687078, 0.00203944, -0.00245258],
        [-0.00128597, 0.0016566, -0.00077438],
        [0.0017323, 0.00028944, -0.00119571],
        [0.00321748, -0.00117244, -0.00234093],
        [0.00037222, -0.00148039, -0.00222627],
        [-0.00112916, 0.00175799, 0.00080391],
        [0.00080798, -0.00248432, -0.00046977],
        [0.0016844, 0.00284996, 0.00138254],
        [0.00068793, -0.00038364, -0.00129486],
        [0.00216328, 0.00084253, -0.00117503],
        [0.00110437, -0.00037058, 0.00282534],
        [-0.00038513, -0.00074183, -0.00033912],
        [-0.00266739, 0.00037787, 0.00018079],
        [-0.00200166, -0.00016025, 0.00114848],
        [0.00197423, 7.506e-05, -0.00269478],
        [-0.00220616, 0.00199257, 0.00136544],
        [0.00320209, -0.00090337, 0.00154212],
        [0.00158868, 0.00149865, -0.00051242],
        [-0.00034962, -6.791e-05, 0.00131361],
        [-0.00293011, 0.00191727, 0.00074752]
    ],
    "relaxed_lattice": [
        [-5.01991546, -14.0933673, -8.53116587],
        [-7.51573853, -0.12751062, -4.2733119],
        [-0.21174361, -0.16385586, -8.63454832]
    ],