{
    "atom_type": [
        "Na",
        "V",
        "P",
        "O"
    ],
    "atoms_per_type": [
        9,
        8,
        12,
        48
    ],
    "coord_mode": "direct",
    "relaxed_basis": [
        [0.24952473, 0.48169461, 0.5134408],
        [0.75408949, 0.48723336, 0.50760732],
        [0.48704682, 0.03662987, 0.99105647],
        [0.00088903, 0.99650825, 0.99840813],
        [0.12646014, 0.87909506, 0.62030287],
        [0.62255669, 0.87963786, 0.61499616],
        [0.43931889, 0.63257284, 0.25044874],
        [0.8756797, 0.10458285, 0.38376423],
        [0.69410606, 0.75103426, 0.11131426],
        [0.32079767, 0.64073458, 0.65142892],
        [0.82131882, 0.6438275, 0.64483171],
        [0.07314221, 0.14695687, 0.13650665],
        [0.56779982, 0.1500656, 0.14714618],
        [0.18029006, 0.35271091, 0.35697668],
        [0.67924749, 0.35760554, 0.35314826],
        [0.42219173, 0.85962821, 0.85864447],
        [0.93218405, 0.85024209, 0.85701337],
        [0.12780182, 0.53511133, 0.96343527],
        [0.62515909, 0.54450606, 0.95824674],
        [0.47870493, 0.24742556, 0.53864319],
        [0.97919993, 0.25408884, 0.5317199],
        [0.26926164, 0.96541943, 0.2508696],
        [0.77290371, 0.96122399, 0.24300466],
        [0.22502748, 0.03888999, 0.75148883],
        [0.72632117, 0.03934145, 0.75051928],
        [0.37384912, 0.46160587, 0.05078199],
        [0.87914259, 0.45563005, 0.03741425],
        [0.02422235, 0.75005836, 0.46187733],
        [0.5212459, 0.7507993, 0.45728718],
        [0.43913, 0.71063542, 0.48066523],
        [0.93088074, 0.74126043, 0.50085878],
        [0.23388474, 0.87948823, 0.70650612],
        [0.72804693, 0.87818434, 0.71693329],
        [0.35438406, 0.50529758, 0.87970107],
        [0.84874135, 0.49748643, 0.88029887],
        [0.49348436, 0.19461381, 0.37829425],
        [0.98812816, 0.20575279, 0.37418083],
        [0.18322165, 0.01138711, 0.2087623],
        [0.68666343, 0.99792289, 0.20306237],
        [0.09648154, 0.3733835, 0.00614193],
        [0.59578494, 0.37595276, 0.01796382],
        [0.06843335, 0.28973274, 0.48292066],
        [0.56600054, 0.28072541, 0.49655737],
        [0.25467889, 0.12188615, 0.30773262],
        [0.76161615, 0.12446627, 0.28555207],
        [0.15740696, 0.49043253, 0.1225167],
        [0.65117109, 0.52180324, 0.11410871],
        [0.02148567, 0.78965874, 0.61778321],
        [0.50752534, 0.79354278, 0.61962031],
        [0.30976064, 0.99469439, 0.79435441],
        [0.81421441, 0.98165035, 0.78949186],
        [0.39573724, 0.62065866, 0.03604479],
        [0.90989441, 0.61172505, 0.99805267],
        [0.39018886, 0.42227412, 0.54732852],
        [0.89044048, 0.42415866, 0.55629539],
        [0.27665582, 0.77540433, 0.41715216],
        [0.77571903, 0.78029773, 0.41877888],
        [0.2098355, 0.54761934, 0.77600375],
        [0.70340052, 0.56023854, 0.76857636],
        [0.03731874, 0.92045224, 0.27355987],
        [0.53676616, 0.91793688, 0.2657482],
        [0.13382194, 0.06567687, 0.9205433],
        [0.63548653, 0.07160304, 0.91993801],
        [0.45829686, 0.27550011, 0.06897094],
        [0.95786981, 0.26126974, 0.06587748],
        [0.11044263, 0.57498076, 0.43418355],
        [0.61576845, 0.58750214, 0.42685423],
        [0.21363385, 0.22752635, 0.58676286],
        [0.72324594, 0.22118927, 0.57736064],
        [0.29069323, 0.42947477, 0.23606067],
        [0.79582668, 0.44331574, 0.22553983],
        [0.46744227, 0.08167076, 0.72477625],
        [0.974731, 0.08250846, 0.71568737],
        [0.36145814, 0.94352965, 0.08800736],
        [0.86410782, 0.93298572, 0.07849893],
        [0.0489768, 0.72549675, 0.93899256],
        [0.53993027, 0.72993993, 0.94101625]
    ],
    "relaxed_energy": -793.58041904,
    "relaxed_forces": [
        [0.00090814, -0.00049368, -0.00113764],
        [-0.0003531, -0.00201235, 0.00095727],
        [0.00078879, -0.00055808, -0.00250674],
        [0.00037378, 0.00017541, 0.00097094],
        [-0.00119297, 0.00035862, -0.00114733],
        [0.00263045, 0.00040408, 0.00099134],
        [0.00077791, -0.00028391, -1.869e-05],
        [-0.00073332, 0.00168628, 0.00286552],
        [-0.00154508, 0.00089219, -0.00065471],
        [-0.00019005, 0.00198306, 0.00172344],
        [0.00146214, -0.00061823, 0.00029354],
        [-0.00245187, 0.00246955, -0.0018104],
        [-0.00462951, 0.000681, 0.00326631],
        [-0.00256614, -0.00417563, 0.00228818],
        [0.00017376, 4.221e-05, 0.00114784],
        [0.00219689, 0.00020989, -0.00238049],
        [-0.00151242, -0.00101355, -0.0022315],
        [-0.00644167, -0.00078826, -9.864e-05],
        [0.0036705, -0.00164888, 0.000488],
        [-0.00168191, 0.00652182, -0.00533602],
        [0.00083254, 0.00669011, -0.00015417],
        [-0.00276078, -0.00292154, -0.00476089],
        [-0.00110873, -0.0025129, 0.00160377],
        [0.00145374, -0.00113624, 0.00054042],
        [0.00149629, 0.00162884, 0.00161414],
        [0.00207187, -0.00194682, -0.00559643],
        [-0.00135748, 0.00223992, 0.00474053],
        [0.00653371, 0.0024345, 0.0005538],
        [0.00517278, 0.00418743, 0.00250245],
        [8.239e-05, -0.00770798, 0.00163731],
        [-0.00513922, 0.00015563, -0.00091034],
        [-0.00190744, -0.00350139, -0.00272761],
        [-0.00112409, 0.00013, -0.0011032],
        [0.00342703, -0.00143161, -0.00067373],
        [0.00138958, -0.00479574, -0.00394875],
        [0.00586542, -0.00080198, 0.00569948],
        [-0.00147379, -0.00168084, -0.00132787],
        [0.00057055, 7.373e-05, 0.00136701],
        [0.00130481, 0.00261677, 0.00132955],
        [0.00320678, 0.00165105, 0.00308071],
        [-0.00302692, 0.00063165, -0.0052403],
        [0.00536223, 0.00152216, -0.00225157],
        [-0.00610679, -0.00571075, -0.00036988],
        [0.00237493, 0.00032437, 0.00179773],
        [-0.00265178, 0.00304765, 0.003825],
        [-0.00053976, 0.00161667, -0.00203001],
        [-0.0030072, -0.00032167, -0.00111124],
        [-0.00182098, 0.00220925, 0.00133338],
        [-0.00281609, -0.00194527, -0.00269549],
        [-0.00098897, -0.00407418, -0.00357515],
        [-0.00043434, 0.00292014, -0.00027183],
        [0.00139539, 0.00071122, 0.00132183],
        [0.00592473, -0.00070143, 0.00018572],
        [0.00529224, -0.00060804, 0.00470173],
        [0.00155419, -0.0056642, 0.00243152],
        [-0.00109972, 0.00236257, 0.00106306],
        [-0.00103075, 0.00068341, -0.00123244],
        [0.00162654, 0.00431866, -0.00148822],
        [0.00378824, 0.00125438, -0.00137234],
        [-0.00204753, 0.00096931, 0.00241327],
        [-0.00063209, -0.00238865, 0.00228351],
        [0.00078453, -0.00171916, 9.519e-05],
        [-0.00361115, 0.00423049, -0.00153516],
        [-0.00394992, 0.00075183, -0.00433141],
        [0.00183609, 0.00153306, 1.852e-05],
        [-0.0008394, 0.00468709, -0.00225534],
        [-0.00396173, -0.00352695, 0.00063677],
        [-0.00064781, -0.00135322, -0.00178499],
        [0.00039988, 0.00113934, 0.00362816],
        [-0.00217643, 0.00050203, 0.00077771],
        [-0.00380406, -0.00199986, 0.00038071],
        [0.0058795, -0.00176605, -0.00110039],
        [-0.00424163, 0.00116543, 0.00193094],
        [0.0018903, -0.00375321, -0.00057296],
        [0.00135733, 0.00386661, 0.00169143],
        [0.00150852, -0.00167798, 0.00179145],
        [0.00024016, -0.00043915, -0.0002253]
    ],
    "relaxed_lattice": [
        [-5.01505102, -14.28954269, -8.40171716],
        [-7.53761602, -0.10266458, -4.20362271],
        [-0.17200241, -0.09224236, -8.67863564]
    ],