{
    "atom_type": [
        "Na",
        "V",
        "P",
        "O"
    ],
    "atoms_per_type": [
        5,
        8,
        12,
        48
    ],
    "coord_mode": "direct",
    "relaxed_basis": [
        [0.74848648, 0.49046674, 0.51504438],
        [0.48293796, 0.01975807, 0.0105343],
        [0.02188273, 0.99368689, 0.96567415],
        [0.87592633, 0.10074291, 0.36818769],
        [0.68687635, 0.75239052, 0.12073759],
        [0.31765313, 0.63703559, 0.64807468],
        [0.82003965, 0.64348058, 0.64366546],
        [0.07559493, 0.14268596, 0.14232705],
        [0.56370589, 0.15310567, 0.15476854],
        [0.18419333, 0.35472451, 0.35277966],
        [0.67381817, 0.35931399, 0.35923893],
        [0.42959658, 0.85946623, 0.85133693],
        [0.93336022, 0.85470271, 0.85298973],
        [0.12540475, 0.53859043, 0.96649375],
        [0.62493882, 0.54526632, 0.96122165],
        [0.47523981, 0.25569184, 0.54491692],
        [0.98176666, 0.24683667, 0.53169184],
        [0.27009894, 0.97083342, 0.2476711],
        [0.76942359, 0.95929812, 0.2473224],
        [0.23416085, 0.02736155, 0.75255727],
        [0.72866238, 0.03564879, 0.75624219],
        [0.37317994, 0.46570903, 0.03287585],
        [0.88059584, 0.45654624, 0.03273893],
        [0.02082686, 0.74620036, 0.46353081],
        [0.51732159, 0.75402856, 0.46668603],
        [0.43255968, 0.70981039, 0.51340153],
        [0.92389642, 0.74897164, 0.49611795],
        [0.24152918, 0.8427914, 0.75779606],
        [0.73646676, 0.86328051, 0.73340007],
        [0.35693913, 0.47933325, 0.86557088],
        [0.8561771, 0.49939253, 0.86259982],
        [0.49588559, 0.1950922, 0.381654],
        [0.98355674, 0.19800182, 0.38026546],
        [0.18311446, 0.99811083, 0.21901299],
        [0.685884, 0.98317944, 0.21006962],
        [0.09526748, 0.37210382, 0.02038338],
        [0.59979385, 0.374198, 0.01649359],
        [0.07477234, 0.26620254, 0.47978707],
        [0.56224696, 0.29141379, 0.50415143],
        [0.26594774, 0.15511427, 0.23815085],
        [0.75912343, 0.12766895, 0.27631667],
        [0.14225988, 0.51360061, 0.13656624],
        [0.64635063, 0.53217655, 0.12047933],
        [0.00597417, 0.80014904, 0.62446206],
        [0.50494422, 0.81453044, 0.61977131],
        [0.31745936, 0.01235924, 0.78201446],
        [0.81504078, 0.98974791, 0.79929273],
        [0.40124694, 0.63126649, 0.97837299],
        [0.90777025, 0.61652949, 0.9945885],
        [0.38725698, 0.43267588, 0.54491149],
        [0.89406939, 0.42784305, 0.55001047],
        [0.27452944, 0.80950731, 0.44087134],
        [0.77887034, 0.77716704, 0.42858268],
        [0.2125682, 0.53999133, 0.78580047],
        [0.71385757, 0.54562543, 0.77758588],
        [0.03953653, 0.91181727, 0.26913177],
        [0.52982384, 0.91953164, 0.27067926],
        [0.139531, 0.08472961, 0.91044168],
        [0.63539973, 0.07226448, 0.9243174],
        [0.45599128, 0.27648288, 0.07036943],
        [0.95983148, 0.26171877, 0.06129824],
        [0.10118221, 0.56008351, 0.46167662],
        [0.61236531, 0.58773462, 0.44556472],
        [0.22611579, 0.19090765, 0.56013349],
        [0.72768205, 0.2129807, 0.5742431],
        [0.28465754, 0.46209074, 0.21363947],
        [0.79279564, 0.44582313, 0.21869638],
        [0.46110231, 0.09206345, 0.73671901],
        [0.96596415, 0.08451268, 0.72809653],
        [0.36263843, 0.91081748, 0.08898757],
        [0.86414297, 0.91896611, 0.08184523],
        [0.04386952, 0.72887049, 0.93066957],
        [0.54291641, 0.73357189, 0.92547139]
    ],
    "relaxed_energy": -762.78587425,
    "relaxed_forces": [
        [-0.00124454, -0.00193605, -0.00192879],
        [0.00107308, 0.00198755, 0.00071491],
        [-0.00136357, -0.00149375, 0.00094962],
        [0.00063912, -0.00037282, 0.00256861],
        [-0.00035243, -0.00069364, 0.00094334],
        [-0.00535709, -0.00241399, -0.00311016],
        [-0.00152136, 0.00409013, 0.0056332],
        [0.00395795, 0.00564277, 0.00091747],
        [0.0009024, -0.00089052, 0.00377646],
        [0.00401114, 0.00330469, 0.00152271],
        [-0.00233467, 0.00051658, -0.00161147],
        [0.00503206, 0.00145439, -0.00253293],
        [-0.00046337, -0.00097862, 0.00389571],
        [-0.00356451, -0.00555826, 0.00154655],
        [-0.00083745, -0.00160735, 0.00026495],
        [0.00801026, 0.00191013, 0.0018496],
        [-0.0025519, -0.00466712, 0.00811326],
        [0.00284328, -0.00230168, -0.00536718],
        [-0.00553657, -0.00127262, -0.00563355],
        [0.00219639, 0.0053285, 0.00337617],
        [0.00358672, -0.00016849, -0.00464915],
        [-0.00439226, 0.00052654, 0.00566243],
        [9.122e-05, -0.00290528, -0.00187346],
        [-0.0046914, 0.00099521, -0.00592931],
        [0.00127197, -0.00182741, 0.00061205],
        [0.00039755, 0.00014495, -8.363e-05],
        [-0.00126872, 0.00018755, -0.00337054],
        [0.00117878, -0.00219259, 0.00118972],
        [6.496e-05, 0.00226837, -0.00034703],
        [0.00141783, -0.0035749, -0.00327251],
        [-0.00173394, -0.00303935, -0.00501225],
        [0.00104596, -0.00096699, -0.00945952],
        [0.00143018, -0.0007435, 0.00029942],
        [0.00428555, 0.00631601, 0.00111608],
        [-0.00236207, -0.00067241, 0.00368436],
        [-0.0024307, 0.00153583, 0.00040746],
        [-0.00348777, -4.751e-05, -0.00098744],
        [-0.00141471, -0.00039448, -0.00127741],
        [-0.00101678, -0.00625765, -0.0034205],
        [-0.00292706, 0.00089226, -0.00537409],
        [0.00427715, -0.00211732, 0.00371032],
        [0.00079467, 0.00421896, -0.0016067],
        [0.00323731, -0.00059889, -0.00322763],
        [0.00071112, 0.00550443, -0.00092726],
        [0.00044448, 0.00200846, 0.00047475],
        [-0.00214111, 1.448e-05, -0.0004068],
        [0.0022508, 0.00027089, -0.0016598],
        [-0.0011192, 0.00138618, -0.00379629],
        [0.00058104, 0.00106515, 0.00271178],
        [0.00029526, -0.00454656, 0.00278758],
        [-0.00152657, -0.00123142, 0.00074125],
        [0.00035786, 0.00147702, 0.00372756],
        [0.00347037, 0.00263107, -0.0027071],
        [0.00216363, 0.00027269, -0.0051449],
        [0.00112317, -3.156e-05, 0.0019375],
        [-1.242e-05, -0.00324935, 0.00111345],
        [-0.00205594, 0.00218586, -0.0015285],
        [-0.00276458, -0.00137704, 0.00186279],
        [-0.00476634, -0.00159514, 0.00082555],
        [0.0020565, 0.00257314, -0.00209521],
        [-0.00041813, -0.00259476, -0.00068459],
        [0.00285882, 0.00109009, -0.00059838],
        [-0.00077664, 0.00048117, 4.192e-05],
        [-0.00450061, -0.00053118, 0.00223084],
        [-0.00364573, 0.00114736, 0.00171623],
        [0.00057522, 0.0024075, 0.00263683],
        [0.00293762, 0.00698563, 0.00016175],
        [-0.00593683, -0.00117304, 0.00209448],
        [0.00411182, 0.00171227, -0.00116694],
        [0.00025178, -0.00607782, 0.00625335],
        [0.00129984, -0.0016096, 0.00308747],
        [0.00206657, -0.00072017, 0.00341116],
        [0.00121554, -0.000103, 0.00022037]
    ],
    "relaxed_lattice": [
        [-5.10376918, -14.14563872, -8.45751606],
        [-7.537068, -0.14570763, -4.23110527],
        [-0.26005869, -0.15571118, -8.5878124]
    ],