{
    "atom_type": [
        "Na",
        "V",
        "P",
        "O"
    ],
    "atoms_per_type": [
        7,
        8,
        12,
        48
    ],
    "coord_mode": "direct",
    "relaxed_basis": [
        [0.25221068, 0.48401291, 0.51288727],
        [0.75233015, 0.48967357, 0.50478871],
        [0.97111137, 0.03689802, 0.01851424],
        [0.6259446, 0.9134368, 0.64771482],
        [0.37746017, 0.08635366, 0.32138799],
        [0.18825124, 0.74965878, 0.10935833],
        [0.66924667, 0.75167711, 0.09120799],
        [0.31773689, 0.64722572, 0.64987679],
        [0.82755297, 0.63186152, 0.64520209],
        [0.06725626, 0.14491448, 0.15363906],
        [0.57210179, 0.15286287, 0.1424794],
        [0.17422836, 0.3585438, 0.35659329],
        [0.6818064, 0.34828187, 0.35589437],
        [0.42762561, 0.85992454, 0.86430682],
        [0.93449513, 0.85522796, 0.84646749],
        [0.12642643, 0.53756491, 0.96352423],
        [0.62313381, 0.54168134, 0.9596633],
        [0.47778997, 0.25233112, 0.5327165],
        [0.98010328, 0.24630969, 0.54479698],
        [0.2651144, 0.95367633, 0.2523541],
        [0.77191497, 0.96431698, 0.24973021],
        [0.22917347, 0.03663448, 0.75335971],
        [0.73694374, 0.04005049, 0.74879648],
        [0.38178033, 0.45945085, 0.03045706],
        [0.87517986, 0.46472702, 0.03599254],
        [0.02290101, 0.7509538, 0.46010565],
        [0.51738343, 0.75431374, 0.47206261],
        [0.42156184, 0.75612983, 0.50405103],
        [0.94001048, 0.70242555, 0.50496779],
        [0.23427117, 0.86002024, 0.74420927],
        [0.74433671, 0.86493456, 0.73547654],
        [0.35844553, 0.50370879, 0.85933015],
        [0.85793851, 0.46757853, 0.8786561],
        [0.48086358, 0.21689593, 0.37242226],
        [0.00654319, 0.18216151, 0.38066175],
        [0.18693735, 0.96413862, 0.21121462],
        [0.67869998, 0.01852902, 0.2220606],
        [0.10496445, 0.36454889, 0.01878884],
        [0.5949385, 0.38123778, 0.00040182],
        [0.06108785, 0.29640376, 0.50815714],
        [0.57432144, 0.2471715, 0.49575629],
        [0.24925395, 0.12974323, 0.27271477],
        [0.77045377, 0.1286763, 0.2705938],
        [0.1458723, 0.53061864, 0.12074233],
        [0.64508361, 0.50707758, 0.12529572],
        [0.01054912, 0.80903805, 0.61204368],
        [0.50871655, 0.79391368, 0.6342668],
        [0.31271649, 0.99046527, 0.80296382],
        [0.82544854, 0.00653981, 0.77591237],
        [0.40246007, 0.62356299, 0.99905007],
        [0.90397974, 0.63140764, 0.97222425],
        [0.39504739, 0.43529024, 0.55116461],
        [0.88881302, 0.41425881, 0.54521698],
        [0.2761709, 0.78061516, 0.4360136],
        [0.77211176, 0.78878306, 0.43107684],
        [0.21465686, 0.54422725, 0.77953793],
        [0.70753926, 0.56008205, 0.77301549],
        [0.03230592, 0.91662046, 0.26557691],
        [0.53746889, 0.91950599, 0.28081597],
        [0.13477928, 0.0831914, 0.91600918],
        [0.64880304, 0.06481358, 0.92808328],
        [0.46409747, 0.27171875, 0.05316803],
        [0.95481634, 0.27628801, 0.08554245],
        [0.11822167, 0.58674621, 0.43562081],
        [0.60193521, 0.57633695, 0.44800569],
        [0.2328566, 0.20269551, 0.5649638],
        [0.72351483, 0.22071139, 0.57852145],
        [0.29480515, 0.43736297, 0.21379124],
        [0.78423923, 0.47633911, 0.21287712],
        [0.4595716, 0.08573991, 0.72149793],
        [0.96863483, 0.08121687, 0.73392913],
        [0.36104158, 0.9133795, 0.09062472],
        [0.86093247, 0.91925289, 0.08214276],
        [0.04239471, 0.72125823, 0.92869394],
        [0.5418813, 0.73384761, 0.9312103]
    ],
    "relaxed_energy": -778.26700349,
    "relaxed_forces": [
        [0.00137486, -0.00064347, -7.613e-05],
        [0.0013511, -0.00126712, -3.82e-06],
        [-0.00375532, 0.00749671, -0.00089743],
        [-0.00137095, -0.00019164, -0.00161704],
        [-0.00058048, 0.00123952, 0.00133012],
        [1.18e-06, -0.00074726, 0.00108184],
        [0.000282, 0.00113766, 0.00068521],
        [-0.00155161, 0.00063803, -0.00013348],
        [0.00211185, -0.00221056, -0.00207435],
        [-0.00176923, 0.00131408, 0.00025453],
        [0.00275334, 0.0022138, -0.00088732],
        [0.00028729, 0.00032435, 0.00115248],
        [-0.00309387, -0.00150143, -0.00076638],
        [0.00149639, 0.00095468, -0.00110608],
        [-0.00552206, -0.00371127, 0.00245719],
        [0.00219819, 0.00182531, -0.00376137],
        [-0.00015545, -0.00353822, 0.00144914],
        [0.00293689, -0.00213094, -0.00208797],
        [-0.00186884, -0.00048896, 0.00086452],
        [-0.00167799, 0.00159221, 0.00169824],
        [0.00165892, 0.00016522, -0.00122902],
        [-0.00272074, -0.00089836, 0.00139661],
        [0.00194464, 0.00030841, -0.00109999],
        [0.00091427, -0.00303204, -0.00371205],
        [-0.00032798, 0.00197496, 0.00072052],
        [-0.00064621, -0.00091104, -0.00154798],
        [0.00080281, 0.0006332, 0.00034349],
        [0.00061955, 0.00108183, 0.00279419],
        [-0.00193938, -0.00237155, -0.00033965],
        [-0.00055858, -0.00012922, 0.00029352],
        [-0.00040646, -0.00053067, 0.0005648],
        [0.00042688, -0.00308182, 0.00135869],
        [0.00149569, -0.00153706, 0.00348634],
        [0.0005042, 0.00076804, -0.00033318],
        [0.00126275, -0.00181468, -0.00054497],
        [0.00032153, -0.00037869, 0.00306025],
        [0.00186801, -0.0044815, -0.00034441],
        [9.793e-05, -0.00344727, 0.00135224],
        [0.00065303, -0.00238142, 0.00362794],
        [0.00265394, -0.00024012, -0.00131544],
        [-0.00219548, 0.00082649, 0.00214206],
        [-0.00033731, 0.00055014, -0.00024646],
        [-0.00188904, 0.00014636, -0.00342199],
        [0.00188231, -0.00013533, -0.00289033],
        [0.00041156, 0.00183318, -0.00022634],
        [0.00134528, 0.00317696, -0.00227287],
        [0.00129446, 0.00427375, 0.00149636],
        [0.00124961, 0.00080691, 0.00109099],
        [-0.00309995, -0.00045261, 0.00036645],
        [0.00044247, 0.00162265, -0.00283285],
        [0.00413548, 0.00318055, -0.0017906],
        [-0.00209954, 0.00182659, -4.574e-05],
        [0.0003123, -0.00221674, 0.00096623],
        [-0.00112914, 0.00141163, 0.00108608],
        [0.00109731, 0.00032281, -0.00124039],
        [-0.00102647, 0.0066258, 0.00231136],
        [0.00033544, -0.0021059, 0.00030318],
        [0.00182626, -0.00221174, -0.00189979],
        [-0.00034849, 0.00303115, -0.00151893],
        [-0.00091688, -0.00193009, 6.928e-05],
        [-5.272e-05, -0.00394392, -0.00464508],
        [0.00270054, -0.00010691, -0.00015108],
        [-0.00300942, -0.00190368, -0.00367357],
        [-0.0033638, -0.00120201, 0.00102712],
        [0.00065703, 0.00208652, 0.00016766],
        [0.00019248, 0.00039571, 0.00250001],
        [-0.00059313, 0.00268399, 0.00052013],
        [0.00345705, 0.00172581, 0.00052056],
        [0.00071615, 0.00256402, -0.00214834],
        [-0.00065007, -0.00102502, 0.00091973],
        [-0.00052958, -0.00295107, -0.0022439],
        [-9.52e-05, 0.00084329, 5.433e-05],
        [-0.00093269, 0.00377923, 0.00587413],
        [-0.00282214, -0.00312621, 0.00294772],
        [0.00096325, -0.00240398, 0.00079108]
    ],
    "relaxed_lattice": [
        [-5.178357, -14.16783945, -8.58009938],
        [-7.60987424, -0.12437111, -4.27500263],
        [-0.25031302, -0.13986698, -8.65804812]
    ],