{
    "atom_type": [
        "Na",
        "V",
        "P",
        "O"
    ],
    "atoms_per_type": [
        4,
        8,
        12,
        48
    ],
    "coord_mode": "direct",
    "relaxed_basis": [
        [0.76123934, 0.50154806, 0.47822018],
        [0.49632928, 0.98426175, 0.02146629],
        [0.55732246, 0.38444257, 0.75015953],
        [0.18241628, 0.75365045, 0.11460353],
        [0.3221389, 0.6376624, 0.63623195],
        [0.82299887, 0.64471847, 0.64193525],
        [0.06828161, 0.14552066, 0.1421603],
        [0.57464564, 0.14007611, 0.14948094],
        [0.17263698, 0.35829034, 0.36259238],
        [0.68147747, 0.35241303, 0.35272272],
        [0.42661558, 0.85870693, 0.85724917],
        [0.92945879, 0.86178429, 0.8623149],
        [0.12684509, 0.5324607, 0.9669816],
        [0.62443444, 0.5377687, 0.95800029],
        [0.48280357, 0.24986241, 0.54400732],
        [0.97862511, 0.24946047, 0.53983671],
        [0.26502064, 0.96569732, 0.24734221],
        [0.77249957, 0.95866005, 0.24883097],
        [0.23461065, 0.03415184, 0.74579832],
        [0.73272275, 0.03982659, 0.75261959],
        [0.37503614, 0.45949719, 0.03472948],
        [0.87508849, 0.47133988, 0.03536203],
        [0.01450296, 0.75427699, 0.46336988],
        [0.51976001, 0.74867156, 0.45926224],
        [0.43847176, 0.70804679, 0.48181265],
        [0.93295033, 0.71540957, 0.48008758],
        [0.25195916, 0.84145608, 0.74808758],
        [0.74905804, 0.87716848, 0.70503482],
        [0.37448978, 0.4822674, 0.84601519],
        [0.85377644, 0.50936826, 0.86291374],
        [0.50987248, 0.20598818, 0.36647543],
        [0.99385809, 0.21338678, 0.36940229],
        [0.18675467, 0.96444699, 0.21501719],
        [0.69045791, 0.99346045, 0.19781387],
        [0.11290031, 0.34887757, 0.01831827],
        [0.60389847, 0.37418672, 0.97781319],
        [0.06362099, 0.29671605, 0.50078385],
        [0.56367071, 0.2929322, 0.52567117],
        [0.2399575, 0.15273698, 0.26495963],
        [0.74698571, 0.12695065, 0.3050217],
        [0.13172089, 0.53588403, 0.13710201],
        [0.64273415, 0.49567646, 0.13350597],
        [0.99007414, 0.7988145, 0.63357717],
        [0.50490581, 0.76971084, 0.63915186],
        [0.32157316, 0.00829003, 0.78114354],
        [0.81269968, 0.01009569, 0.80413943],
        [0.38768662, 0.63382118, 0.01056557],
        [0.88304281, 0.64516354, 0.02053865],
        [0.38986724, 0.41838636, 0.55523598],
        [0.88609704, 0.4210056, 0.56484815],
        [0.2778247, 0.79741537, 0.43535541],
        [0.77922064, 0.77548428, 0.42281637],
        [0.21623408, 0.54607836, 0.79229013],
        [0.70942244, 0.56573805, 0.7747358],
        [0.03114824, 0.92588367, 0.27541403],
        [0.53179142, 0.92337965, 0.279399],
        [0.14370626, 0.07042811, 0.91472257],
        [0.63556842, 0.06682706, 0.92024588],
        [0.45971783, 0.27426108, 0.07161934],
        [0.96546462, 0.29640199, 0.04329115],
        [0.10770948, 0.5827761, 0.4419262],
        [0.6148136, 0.57698168, 0.4336358],
        [0.22773144, 0.20095451, 0.56262305],
        [0.71935288, 0.23116989, 0.58476526],
        [0.28277955, 0.44348931, 0.20182189],
        [0.79199494, 0.42764199, 0.22154111],
        [0.47192421, 0.07569188, 0.726189],
        [0.97070111, 0.07914248, 0.72289725],
        [0.36128865, 0.93437139, 0.08505321],
        [0.86495459, 0.94599964, 0.08148246],
        [0.03984535, 0.70712284, 0.92169126],
        [0.53610103, 0.72095254, 0.94254457]
    ],
    "relaxed_energy": -754.78135935,
    "relaxed_forces": [
        [0.00263159, -0.00032641, 0.00018872],
        [1.418e-05, 0.00079044, -0.00319351],
        [-0.00109292, 0.00503415, 0.00026393],
        [-0.00041482, -0.00230094, 0.00135686],
        [0.00221481, -0.00110075, -0.00563219],
        [0.00099262, -0.00456837, 0.0015698],
        [0.00347749, -0.00058194, -0.00237497],
        [-0.00136794, 0.00020838, 0.00597063],
        [-0.00177399, 0.00645623, 0.00356888],
        [0.00380936, -0.00158871, 0.00096698],
        [-0.00340404, 0.007885, 0.00051672],
        [0.0008042, 0.00172806, -0.00014857],
        [0.00326725, 0.00342982, -0.00644632],
        [0.00254736, 0.00343711, -0.00311073],
        [0.00217685, -0.00642675, -0.00398283],
        [-0.00427387, 0.00437595, -0.00093798],
        [-0.00011732, 0.00058562, -0.00251024],
        [-0.00210147, 0.0017093, -0.00291741],
        [0.00082757, -0.00556112, -0.00084496],
        [-0.0032811, -0.0004384, 0.00143209],
        [0.00175087, -0.00838103, -0.00018543],
        [0.00021513, 0.00743067, 0.00402252],
        [0.00043506, 0.00418662, 0.00478947],
        [-0.00147999, -0.00381371, -0.00159437],
        [-0.00078343, 0.00202858, 0.00142482],
        [0.00142779, -0.00142717, 0.00037624],
        [-0.00384673, 0.00467486, -0.00329188],
        [0.00089469, -0.0060982, -0.00142361],
        [0.00169018, -0.00446068, 0.0011553],
        [0.0035109, -0.00141494, 0.00236225],
        [0.00110327, -0.00093439, -0.00227565],
        [0.00683771, -0.00372071, 0.00052504],
        [0.00585339, 0.00484195, 0.00191486],
        [0.00030409, -0.00818261, -0.00113985],
        [-0.00376251, -0.0027726, -0.00156405],
        [0.00413016, 0.00061738, 0.0015104],
        [0.00097487, 0.00064936, -0.00096712],
        [0.00119276, 0.00165909, 0.00024159],
        [-0.00150229, 0.00704307, -0.00104624],
        [-0.00557779, -0.00083006, -0.00241231],
        [-0.00093749, 0.00097908, -0.00176329],
        [-0.00230857, -0.00022496, 0.00049607],
        [0.00129134, 0.00049172, 0.00467071],
        [0.0005636, 0.00106068, 0.00048889],
        [0.00182825, -0.00437759, -0.00286388],
        [-0.00778478, -0.00013475, -0.00188144],
        [-8.802e-05, -0.00060244, -3.042e-05],
        [-0.0012376, 0.00398771, 0.00080905],
        [-0.00273758, 0.0015073, 0.00010089],
        [0.0016434, -0.00117565, 0.00517964],
        [-0.00544983, 0.00332357, 0.0017117],
        [0.00064245, 0.00142471, -0.00090687],
        [0.00108988, -0.00471098, -0.00142582],
        [-0.00581907, -0.00226861, 0.00281479],
        [0.00297262, -0.0008753, 0.00234373],
        [-0.003242, -0.00353189, -0.00019583],
        [-0.00161182, -0.00475545, 0.00676493],
        [-0.00121453, 0.00321268, -0.00755545],
        [0.00126191, -0.00058444, -0.00045537],
        [-0.0023249, -0.00278541, -0.00102522],
        [0.00203532, 0.00075526, -0.00198675],
        [0.00320002, 0.00366587, 0.00043415],
        [0.00194067, 0.00213568, -0.0032022],
        [-0.00480059, -0.0017183, 0.00102222],
        [0.00041454, 0.00162367, 0.00196671],
        [0.00213068, 0.00046302, 0.00162024],
        [0.00058712, 0.00096517, 0.00022513],
        [-0.00377433, 2.035e-05, 0.00459074],
        [0.00055679, -0.00025415, 7.499e-05],
        [0.00165526, -0.00202241, -0.00113042],
        [0.00136707, -0.00162678, 0.00396021],
        [-0.00015374, 0.00219051, -0.00100876]
    ],
    "relaxed_lattice": [
        [-5.10499569, -14.10791649, -8.46107402],
        [-7.5205237, -0.15366771, -4.23812318],
        [-0.21177433, -0.13191139, -8.59433515]
    ],