{
    "atom_type": [
        "Na",
        "V",
        "P",
        "O"
    ],
    "atoms_per_type": [
        6,
        8,
        12,
        48
    ],
    "coord_mode": "direct",
    "relaxed_basis": [
        [0.75036547, 0.49619287, 0.49946284],
        [0.50695876, 0.99592603, 0.99070021],
        [0.99491722, 0.99867778, 0.00781811],
        [0.12554658, 0.84344682, 0.59782349],
        [0.29563586, 0.24756623, 0.83237947],
        [0.37454703, 0.14127202, 0.40330776],
        [0.32536039, 0.64016219, 0.64443276],
        [0.81692603, 0.6438212, 0.64951523],
        [0.06824667, 0.14509868, 0.15233341],
        [0.57534851, 0.1454514, 0.13726831],
        [0.17432075, 0.37608451, 0.35681265],
        [0.68347243, 0.34937016, 0.35418167],
        [0.43571429, 0.84703351, 0.85194152],
        [0.92423267, 0.85738617, 0.86256136],
        [0.12698443, 0.54217944, 0.96543251],
        [0.62513501, 0.53553069, 0.96328134],
        [0.4847624, 0.25118305, 0.53572664],
        [0.97833268, 0.25695099, 0.53298128],
        [0.26720705, 0.9753699, 0.25456253],
        [0.76918352, 0.95822691, 0.25491724],
        [0.23060365, 0.03238771, 0.7533122],
        [0.72876443, 0.03834241, 0.75055103],
        [0.37323222, 0.46081754, 0.04129354],
        [0.87824488, 0.45733662, 0.03510085],
        [0.01189707, 0.75832383, 0.46062565],
        [0.52652417, 0.744495, 0.46311632],
        [0.43613359, 0.71131101, 0.51695955],
        [0.92792738, 0.71816299, 0.49633012],
        [0.23591578, 0.86540577, 0.72816066],
        [0.74015717, 0.87349642, 0.71108266],
        [0.34960221, 0.48862227, 0.87702644],
        [0.85166639, 0.5005936, 0.86786959],
        [0.49594328, 0.21060698, 0.3714514],
        [0.98896986, 0.2176901, 0.36435822],
        [0.1726375, 0.99394175, 0.26265261],
        [0.68525676, 0.99758176, 0.20869889],
        [0.11375444, 0.3604225, 0.0111707],
        [0.60016222, 0.37226049, 0.99307567],
        [0.06422866, 0.3026726, 0.47741433],
        [0.56806419, 0.29072483, 0.50254144],
        [0.25528342, 0.14451635, 0.2890291],
        [0.75208738, 0.11962003, 0.30734676],
        [0.15321842, 0.52236008, 0.11889134],
        [0.65497283, 0.48472312, 0.12456281],
        [0.00374194, 0.79230492, 0.62385775],
        [0.52563161, 0.76945348, 0.62404181],
        [0.32670048, 0.00460293, 0.74732944],
        [0.81174156, 0.00369076, 0.79162227],
        [0.39445342, 0.62967592, 0.99702987],
        [0.89656622, 0.6223251, 0.01018042],
        [0.39107498, 0.42079679, 0.56440297],
        [0.88443455, 0.41913139, 0.56590054],
        [0.2901127, 0.79036151, 0.42215951],
        [0.77884604, 0.77081879, 0.4247832],
        [0.21173075, 0.55995488, 0.77382236],
        [0.70788461, 0.55771349, 0.77446389],
        [0.02507768, 0.92676443, 0.27327743],
        [0.5265653, 0.92739369, 0.28267169],
        [0.15136782, 0.05264044, 0.943123],
        [0.6352783, 0.06343214, 0.92201209],
        [0.45701856, 0.27133208, 0.06773418],
        [0.96741936, 0.27625627, 0.03932999],
        [0.1038964, 0.58283977, 0.43463586],
        [0.61796093, 0.58070207, 0.41199351],
        [0.20950998, 0.22002746, 0.59002866],
        [0.71718317, 0.22652323, 0.58153532],
        [0.29100779, 0.43395318, 0.23247362],
        [0.79736248, 0.41880719, 0.22499461],
        [0.46864723, 0.084321, 0.72476947],
        [0.97903046, 0.07572456, 0.7094672],
        [0.34753449, 0.96745114, 0.06673016],
        [0.86072033, 0.94419462, 0.08391358],
        [0.04310894, 0.72511406, 0.93484763],
        [0.53813824, 0.71811843, 0.95997375]
    ],
    "relaxed_energy": -770.77392817,
    "relaxed_forces": [
        [-0.000237, 0.00076442, -0.00022446],
        [-0.00098068, 0.00025381, -0.0003089],
        [-0.00083195, -0.00147145, 0.00114104],
        [0.00531829, 7.99e-06, 0.0039648],
        [0.00091021, 0.00064516, 0.00183441],
        [-0.0007089, -0.00010466, 0.00031799],
        [0.00017398, -0.00106395, -0.00073737],
        [0.00066534, 0.00025274, -0.00042466],
        [-0.00035982, -0.00121777, -0.00144293],
        [-0.00058107, -0.00029789, -0.00067876],
        [-0.00260938, 0.00114757, -0.0001617],
        [0.00078836, -0.00058253, -5.652e-05],
        [0.00187691, -0.00210235, 0.00182999],
        [-9.563e-05, 0.00155432, -0.00076389],
        [0.00011747, -0.00296928, -0.00233788],
        [-7.99e-05, 9.615e-05, 0.00114908],
        [0.00170328, -0.00028045, 0.00088168],
        [-0.00249555, 0.00051742, 0.00122227],
        [-0.00288619, 0.00268313, -0.0018799],
        [0.00207857, 0.00143851, -0.00268717],
        [-0.00153814, -0.00049979, -0.00048578],
        [0.00054738, 0.00394142, 0.0010447],
        [0.00212496, -0.00024117, -0.00036462],
        [0.00267843, -0.00058488, 0.00212293],
        [0.00051406, 0.00123227, 0.00493923],
        [-0.00226248, -0.00312567, 0.00130095],
        [-7.199e-05, -0.00203018, -6.608e-05],
        [0.00042296, -0.00145563, 0.00301583],
        [0.00077097, 0.00176674, -0.00162014],
        [-0.0010346, -0.00076682, -0.00068538],
        [0.0012085, -0.00041939, -0.00077685],
        [1.957e-05, -0.00048818, 0.00070579],
        [-0.00087255, 0.00129879, -0.00126821],
        [0.00052088, 0.00043442, 0.0011951],
        [0.00568882, 0.00215077, -0.00368423],
        [-0.00195601, -0.00033119, -0.00079368],
        [0.00047091, -0.00556638, -0.00327922],
        [0.00035929, -3.607e-05, -0.00101163],
        [-0.00381259, 0.00162609, 0.00214312],
        [-0.0009671, -0.00147552, 0.00013204],
        [-0.00143065, 0.00101114, -0.00042263],
        [-0.00121178, 0.00192774, -0.00096508],
        [-0.00292961, -0.00052857, -0.00163942],
        [0.00261893, -0.00025264, -0.00169926],
        [-0.00218399, -0.00289754, 0.00187302],
        [0.00146995, -0.00369324, 0.00107174],
        [-0.00555761, -3.967e-05, 0.00162937],
        [-0.00265727, 0.00286206, -0.00190907],
        [0.00116577, 0.0007536, 0.00105757],
        [0.00095391, 0.00120124, 0.00010903],
        [-5.021e-05, 0.00025268, -0.00219507],
        [0.00182896, 0.0023112, 0.00115382],
        [-0.00150558, 0.00190053, -0.00450783],
        [0.00061752, 0.00054215, -0.00102737],
        [0.00061638, -0.00205882, -0.00023555],
        [-0.000984, 0.00072269, -0.00065175],
        [-0.00018961, -0.00138856, 0.00344908],
        [-0.0011505, 0.00190498, -0.00045664],
        [-0.0015143, -0.00087893, -0.00241624],
        [-0.00085694, 0.0023425, 0.00014562],
        [0.00385896, 0.00135756, -0.00223678],
        [0.00127798, 3.689e-05, 0.0005156],
        [0.0005724, -0.00034518, 0.00088077],
        [0.00283299, -0.00124893, 0.00172048],
        [0.00218783, -0.0011808, 0.00563006],
        [-0.00166275, 0.00080015, 0.00099702],
        [0.00466017, -0.00034338, 0.00128544],
        [0.00172079, 0.00153085, -7.81e-05],
        [-0.00098485, 0.00445448, -0.00257904],
        [0.0001138, -0.00449693, 0.00021463],
        [-0.00099395, 0.00356038, 0.00132007],
        [-0.00112549, -0.00180703, -0.00342146],
        [-0.00308276, -0.00254899, 0.00213783],
        [-0.00100212, -0.00046415, -0.00195085]
    ],
    "relaxed_lattice": [
        [-5.13274995, -14.24642854, -8.48048196],
        [-7.5371128, -0.17814405, -4.2753569],
        [-0.22217274, -0.18308218, -8.64439594]
    ],