{
    "atom_type": [
        "Na",
        "V",
        "P",
        "O"
    ],
    "atoms_per_type": [
        7,
        8,
        12,
        48
    ],
    "coord_mode": "direct",
    "relaxed_basis": [
        [0.25166928, 0.48375304, 0.50921345],
        [0.7402548, 0.51225686, 0.5040049],
        [0.49920648, 0.00055596, 0.00018772],
        [0.00344198, 0.01132362, 0.98660157],
        [0.81096985, 0.25080744, 0.88423662],
        [0.93732851, 0.62246617, 0.24839805],
        [0.19280011, 0.74943035, 0.11269788],
        [0.32212668, 0.63908744, 0.64184685],
        [0.82158541, 0.64604585, 0.64560592],
        [0.07158248, 0.14194376, 0.14698245],
        [0.56917712, 0.14279193, 0.1460261],
        [0.18120013, 0.35522453, 0.35266691],
        [0.67552108, 0.36073678, 0.36219661],
        [0.43171114, 0.85745739, 0.85141212],
        [0.92630449, 0.85984163, 0.85316754],
        [0.12776551, 0.54047031, 0.95822047],
        [0.62242039, 0.53984812, 0.96737949],
        [0.48009302, 0.25057972, 0.54041616],
        [0.98165123, 0.24541742, 0.53975635],
        [0.27077062, 0.95542488, 0.24636197],
        [0.7647925, 0.96280689, 0.25837743],
        [0.23442558, 0.03797064, 0.74546368],
        [0.72867079, 0.04826622, 0.75452998],
        [0.37903738, 0.45893529, 0.0305224],
        [0.87451895, 0.4560418, 0.04653824],
        [0.01997588, 0.74826038, 0.45359737],
        [0.51793756, 0.75419655, 0.45943637],
        [0.43479969, 0.7059703, 0.50133442],
        [0.94266371, 0.69650561, 0.47089788],
        [0.24697135, 0.86049268, 0.72364385],
        [0.75237068, 0.87589239, 0.71543607],
        [0.35420355, 0.48955526, 0.86566397],
        [0.85666995, 0.47618468, 0.87932819],
        [0.49940469, 0.2010355, 0.3720775],
        [0.00229063, 0.18360478, 0.3782388],
        [0.19056069, 0.968661, 0.20552946],
        [0.68496911, 0.99617553, 0.20448936],
        [0.10589415, 0.36438078, 0.01481434],
        [0.6006229, 0.37160345, 0.00497666],
        [0.06164355, 0.3033447, 0.49310683],
        [0.56051518, 0.30219769, 0.50640565],
        [0.2529902, 0.13049477, 0.27278875],
        [0.74591366, 0.13165796, 0.30234518],
        [0.15013931, 0.52799245, 0.11567859],
        [0.64514457, 0.50601601, 0.13542305],
        [0.99172637, 0.80349966, 0.62024741],
        [0.50356214, 0.80287322, 0.6239964],
        [0.31642632, 0.00476357, 0.79346255],
        [0.80591031, 0.03889956, 0.79993219],
        [0.4023997, 0.62829859, 0.98405391],
        [0.8919285, 0.62443056, 0.02062387],
        [0.38649441, 0.41714814, 0.55813469],
        [0.88691893, 0.41276101, 0.54897387],
        [0.28279257, 0.77629317, 0.42351549],
        [0.77704142, 0.77509928, 0.42236665],
        [0.21028476, 0.55689187, 0.7690187],
        [0.71061604, 0.54810082, 0.78610677],
        [0.03510618, 0.91430208, 0.2612701],
        [0.52591419, 0.92383729, 0.27530175],
        [0.14065332, 0.06543886, 0.91667881],
        [0.63422962, 0.06870578, 0.92535134],
        [0.46042484, 0.27212301, 0.0573103],
        [0.96106474, 0.27263305, 0.06926919],
        [0.11611834, 0.58731324, 0.43491034],
        [0.61114479, 0.58725069, 0.43748275],
        [0.22606216, 0.21523655, 0.57274924],
        [0.71182054, 0.23298277, 0.58554025],
        [0.2927995, 0.45277571, 0.21436585],
        [0.78956467, 0.43023518, 0.23326658],
        [0.47117727, 0.08088102, 0.72511673],
        [0.96835361, 0.08723579, 0.73155906],
        [0.36540027, 0.92142318, 0.07964475],
        [0.86028053, 0.94483022, 0.09053781],
        [0.03925093, 0.71880578, 0.94258936],
        [0.54141354, 0.72759881, 0.93837115]
    ],
    "relaxed_energy": -778.61243795,
    "relaxed_forces": [
        [0.0001392, 0.00104046, 0.00051787],
        [-0.00170777, -0.00173607, -0.00255044],
        [0.0051457, -0.00074253, 0.00082383],
        [-0.00169759, -0.00040894, -0.00134879],
        [-0.00055685, -0.00323893, -0.00180681],
        [-0.00083045, 0.00014515, -0.00064414],
        [-0.00246299, -0.00058132, -0.00364941],
        [-0.00075998, -0.00146964, -0.00143226],
        [0.00158391, 0.0027537, -0.00025777],
        [-0.00470159, 0.00437679, 0.00195657],
        [-0.00111208, -0.00183604, 0.00170512],
        [0.00466079, 0.00057758, 0.00130619],
        [0.00448255, 0.00043352, -0.00011528],
        [0.00649516, -0.00361506, 0.00579398],
        [6.053e-05, -0.00061373, -0.0052068],
        [-0.00588344, 0.00284743, -0.0019555],
        [0.00200802, -0.00161383, 0.00421987],
        [-0.00252741, -0.0017958, 0.00165598],
        [-0.00234929, -0.00051246, 0.00317686],
        [-0.00015265, -0.00214075, 0.00158894],
        [0.00327293, -0.00260105, 0.0004831],
        [-4.525e-05, 0.00350471, -0.00029784],
        [0.00453622, -0.0043748, -0.00195109],
        [0.00214439, 0.00085038, 0.00501112],
        [0.00281567, 0.00473833, -0.00198858],
        [-0.00550915, -0.00031917, -0.00254666],
        [-0.00024206, -0.00216367, 0.00449821],
        [0.00141369, 0.00033016, -0.00049043],
        [-0.00074357, 0.00152982, -0.00156297],
        [0.00403117, 0.00329517, -0.00251462],
        [0.00277026, -0.00201933, -0.00391908],
        [0.00022758, 0.0013728, 0.00223555],
        [0.00074251, 0.00212438, 0.00114061],
        [-0.00024708, 0.00124289, -0.00056072],
        [-0.0003398, 0.00367874, -0.00466705],
        [-0.00057857, -0.00033315, -0.00378626],
        [0.00429377, -0.00020995, -0.00032214],
        [-0.00254255, 0.00539619, -0.0043264],
        [-0.00018972, 0.00150807, -0.00173808],
        [-0.00317467, 0.00055205, 0.0027279],
        [0.00207035, 0.00167986, 0.0027067],
        [-0.00112815, -0.00189972, 0.00267571],
        [0.00254841, 0.00290428, 0.0032616],
        [-0.00212953, -6.233e-05, -0.00136695],
        [0.00045146, 0.00026085, 2.044e-05],
        [-0.00393601, -0.00223475, 0.00314439],
        [-0.00393164, 0.00067593, -0.00190896],
        [0.00221414, -0.00045045, 0.00121241],
        [-0.00030404, -0.00118775, 0.00390834],
        [0.00266245, -0.00120728, 0.00346908],
        [-0.00631578, 0.00071389, -0.00224856],
        [-0.00101949, 0.00048761, 0.00187239],
        [0.00111198, -0.000926, 0.00194541],
        [-0.00657321, -0.0005501, 0.0007847],
        [-0.00174906, -0.00273256, -0.00202022],
        [0.0001125, 0.00361027, -0.00070229],
        [-0.00061175, -0.00434316, -0.00208969],
        [-0.00808232, -0.00227107, -0.00075738],
        [0.00149242, -0.00298629, 0.00424585],
        [-0.00713942, 0.00279933, -0.00101577],
        [-0.00215448, -0.00056151, -0.00450898],
        [0.00222555, 0.000775, -0.00044172],
        [0.00133513, 0.0002333, 0.00191384],
        [-0.0022371, -0.00258579, -0.00559947],
        [0.00300082, -0.00285617, -0.00016552],
        [0.00259417, -9.27e-06, 0.00164759],
        [0.00265761, -0.00173389, 0.00139988],
        [-0.00072332, -0.00232224, 0.00092683],
        [0.00526462, 0.00248852, -0.00196681],
        [0.0026882, 0.00176037, 0.00256943],
        [-0.0028187, -0.00017247, -0.00154098],
        [0.00708102, 0.00198301, 0.00163712],
        [0.00178024, 0.00467604, 0.00048371],
        [-0.00198057, -0.00043227, -0.00283869],
        [-0.00092604, -0.0034953, 0.00014401]
    ],
    "relaxed_lattice": [
        [-5.06595939, -14.23612564, -8.39307512],
        [-7.56347336, -0.1453093, -4.1804648],
        [-0.18047069, -0.16276012, -8.58741097]
    ],