{
    "atom_type": [
        "Na",
        "V",
        "P",
        "O"
    ],
    "atoms_per_type": [
        8,
        8,
        12,
        48
    ],
    "coord_mode": "direct",
    "relaxed_basis": [
        [0.2596986, 0.47513347, 0.50223959],
        [0.73451503, 0.52194631, 0.50746304],
        [0.4973412, 0.99962238, 0.00251316],
        [0.99666866, 0.01786994, 0.99798401],
        [0.12354867, 0.87540552, 0.61479561],
        [0.80834039, 0.25282728, 0.88480986],
        [0.9391146, 0.62660176, 0.25373485],
        [0.19478507, 0.74856432, 0.10683201],
        [0.32295059, 0.63932229, 0.63677131],
        [0.82085574, 0.64874304, 0.64974324],
        [0.07007662, 0.14322439, 0.14640743],
        [0.57099718, 0.14351719, 0.14255584],
        [0.18361378, 0.35418292, 0.35188737],
        [0.67453358, 0.35928173, 0.36527669],
        [0.4321879, 0.84911194, 0.85078853],
        [0.9234287, 0.85933485, 0.85997917],
        [0.12639078, 0.54073673, 0.96055964],
        [0.62258178, 0.54122693, 0.96662781],
        [0.48111457, 0.24581759, 0.53852376],
        [0.9801786, 0.24838206, 0.53993671],
        [0.27140136, 0.9581604, 0.23851032],
        [0.76609198, 0.96460875, 0.25904541],
        [0.22969027, 0.03588846, 0.74425519],
        [0.72901668, 0.05106675, 0.75286981],
        [0.38110885, 0.45540735, 0.03260886],
        [0.87245324, 0.45729661, 0.05153188],
        [0.02350496, 0.74606915, 0.45732906],
        [0.51758584, 0.75582872, 0.45587822],
        [0.43206543, 0.72299424, 0.48825611],
        [0.94351258, 0.69553836, 0.48450595],
        [0.23319344, 0.87349005, 0.71051299],
        [0.75275744, 0.87864468, 0.71285557],
        [0.35609658, 0.49283513, 0.87111619],
        [0.85627994, 0.47545115, 0.88515029],
        [0.50279965, 0.19916474, 0.36793679],
        [0.99912578, 0.18443414, 0.38415659],
        [0.18656464, 0.99144089, 0.19240763],
        [0.6876004, 7.22e-06, 0.20182797],
        [0.09705002, 0.37430896, 0.0197329],
        [0.60212, 0.37321209, 0.99700275],
        [0.06313408, 0.29490831, 0.49775932],
        [0.56338316, 0.28503791, 0.5157389],
        [0.25297565, 0.12745493, 0.27813128],
        [0.74677565, 0.13326178, 0.30545843],
        [0.1515611, 0.52486671, 0.11459228],
        [0.64496724, 0.50203061, 0.13489938],
        [0.0051138, 0.79802976, 0.61865949],
        [0.50891408, 0.79451592, 0.61881816],
        [0.31451914, 0.9757569, 0.79796915],
        [0.80755129, 0.03364899, 0.80163143],
        [0.40981505, 0.62111616, 0.98829904],
        [0.89239826, 0.62571726, 0.02223627],
        [0.39009367, 0.41573801, 0.55219488],
        [0.88626156, 0.41500978, 0.55535755],
        [0.27318227, 0.7776807, 0.41197479],
        [0.77937154, 0.77685554, 0.42109029],
        [0.20520266, 0.55926173, 0.76816915],
        [0.71071713, 0.55278022, 0.78574776],
        [0.03665042, 0.91100679, 0.26389252],
        [0.53347035, 0.91987248, 0.2696274],
        [0.13684078, 0.06660608, 0.91528645],
        [0.63587564, 0.06911588, 0.92273548],
        [0.46147582, 0.2668016, 0.06361785],
        [0.95878885, 0.2733833, 0.07813092],
        [0.11955681, 0.58560579, 0.42947775],
        [0.6082063, 0.58001925, 0.43506897],
        [0.22626154, 0.21732858, 0.57482475],
        [0.71525016, 0.23547861, 0.58574252],
        [0.29589257, 0.45391328, 0.2161254],
        [0.78846758, 0.43382921, 0.23637534],
        [0.46562522, 0.07665385, 0.72186544],
        [0.96897, 0.08461033, 0.73169657],
        [0.36379737, 0.93009047, 0.0735586],
        [0.86122542, 0.94967475, 0.09216526],
        [0.04002444, 0.7270009, 0.94170924],
        [0.54133027, 0.7284101, 0.93880789]
    ],
    "relaxed_energy": -785.97653034,
    "relaxed_forces": [
        [0.00079437, -0.00057414, -0.00051393],
        [-0.0004566, -0.00035181, 0.00097687],
        [-0.0008523, -7.645e-05, 0.00191201],
        [0.0019065, 0.00106928, 0.00107804],
        [0.00021311, -0.00057061, 0.00176854],
        [-0.0014328, -0.00044626, -0.00296873],
        [0.00072506, 0.00071993, 7.308e-05],
        [4.46e-05, 0.0005011, -0.00213476],
        [7.75e-06, 0.00046857, -0.00386661],
        [-0.00163817, 0.001643, -0.00601938],
        [0.00138582, -0.00108848, 0.00022511],
        [0.00134089, 0.00055135, -0.00219118],
        [-0.00030181, -0.0012328, 0.00041301],
        [0.00258232, 0.00123742, 0.00258138],
        [0.0023535, 0.00163624, 0.00133014],
        [-0.00160715, 5.892e-05, 0.00096661],
        [0.00027267, 0.00178099, -0.00325237],
        [-0.00019797, 0.00271273, 0.00309514],
        [0.00249801, 0.00352159, -8.985e-05],
        [-0.00415542, -0.00203315, -0.00159308],
        [0.00644869, -0.00295355, 0.00045549],
        [-0.00156566, 0.00252479, 0.00153726],
        [0.00340711, -0.00402976, 0.00034616],
        [0.00134148, 0.0027709, 0.00145569],
        [-0.00451162, 0.00053161, 0.00576813],
        [0.00205707, 0.00020115, -0.00261949],
        [0.00105454, 0.00147313, 0.00107396],
        [-0.00390263, -0.00281072, -0.00416164],
        [0.00159556, 0.00509117, 0.00186922],
        [-0.00170814, 0.00121556, 0.00220577],
        [-0.00363376, -0.00115677, 0.00129067],
        [-0.00035307, -0.00272115, -0.0005227],
        [-0.00246602, 0.00041864, -0.00938325],
        [0.00103151, 0.00034448, 0.00148531],
        [0.00046648, 0.00273209, 0.00205784],
        [-0.00271644, -0.00203903, -0.00044665],
        [0.00120581, 0.00268812, -0.00138312],
        [-0.00329004, -0.00160429, -0.00252467],
        [-0.0015286, 0.00117833, -0.00319758],
        [0.00189727, 0.00061646, 0.00302768],
        [-0.00101404, -0.0027143, -0.001808],
        [-0.00027903, -0.00298101, 0.00193814],
        [-0.00133606, -7.018e-05, -0.00237695],
        [0.00078826, -0.00556805, -0.00026919],
        [-0.00096813, -0.00187832, 0.00254681],
        [0.00519034, 0.00024786, -0.00184334],
        [0.00027075, 0.00246199, 0.00028754],
        [0.00161739, -0.00108347, 0.00056184],
        [-0.00135065, 0.0010933, 0.00190002],
        [-0.00155121, 9.73e-06, -0.00022053],
        [-0.00242126, -0.00216065, -0.00280224],
        [8.698e-05, 0.00125195, -0.00018862],
        [0.00195976, -0.00092631, 0.00054307],
        [-0.00465063, -0.00349423, -0.00439292],
        [-0.00321096, -0.00132952, 0.00375846],
        [0.00131581, 0.00099932, 0.00046782],
        [-0.00025856, -0.00076785, 0.0018173],
        [-0.000886, -0.00297382, 0.00175847],
        [-0.00227081, 9.97e-05, 4.732e-05],
        [0.00090928, -0.000487, -0.00199615],
        [0.00060914, 0.00036974, 0.00197781],
        [0.00241382, 8.583e-05, 0.0036714],
        [-0.00141326, -0.00106321, 0.00181567],
        [0.00050348, 0.0005432, -0.00322831],
        [0.00095683, -0.00145638, 0.00095904],
        [0.00226865, 0.0007854, 0.00204714],
        [-0.00135403, 0.00078341, 0.00231083],
        [0.00145641, 0.00194492, 0.00106324],
        [0.00132097, -0.00045172, -0.00292037],
        [-0.00015103, 0.00065958, -0.00127251],
        [-0.00018476, 0.00265967, 0.00188327],
        [0.00035978, -0.00086641, 8.957e-05],
        [0.00015198, 0.00170006, 0.00130704],
        [0.00182901, -0.00057525, 0.00052366],
        [-0.00020814, 0.0001666, 0.00065845],
        [0.00118805, 0.00098683, -0.00073892]
    ],
    "relaxed_lattice": [
        [-4.95432911, -14.24299863, -8.46064535],
        [-7.51482287, -0.12792958, -4.2369418],
        [-0.1026569, -0.12605839, -8.64751615]
    ],