{
    "atom_type": [
        "Na",
        "V",
        "P",
        "O"
    ],
    "atoms_per_type": [
        6,
        8,
        12,
        48
    ],
    "coord_mode": "direct",
    "relaxed_basis": [
        [0.25452103, 0.48788502, 0.49812508],
        [0.49275371, 0.00860817, 0.00130346],
        [0.99806928, 0.9846889, 0.02327869],
        [0.1248176, 0.88510269, 0.62510916],
        [0.80539381, 0.2517579, 0.86605054],
        [0.69896865, 0.74878916, 0.13010903],
        [0.32144868, 0.63854382, 0.64192747],
        [0.82167295, 0.64741439, 0.64599025],
        [0.07003105, 0.14456397, 0.14371568],
        [0.57005949, 0.1478662, 0.14585709],
        [0.18371625, 0.35266366, 0.35258465],
        [0.67338764, 0.36417932, 0.35535424],
        [0.42740888, 0.85716685, 0.85045971],
        [0.93014118, 0.85155301, 0.85720603],
        [0.12409807, 0.53425478, 0.96467748],
        [0.62264773, 0.55346145, 0.96451959],
        [0.47801602, 0.25109758, 0.53423358],
        [0.98207796, 0.25747218, 0.53477349],
        [0.27039415, 0.96440113, 0.24185339],
        [0.765135, 0.97122725, 0.25136208],
        [0.22794958, 0.03528343, 0.75222285],
        [0.73528893, 0.0348799, 0.74952022],
        [0.37802361, 0.45928735, 0.03408747],
        [0.87460065, 0.44768904, 0.03657977],
        [0.02527695, 0.74507576, 0.46736974],
        [0.51758954, 0.75037336, 0.45953777],
        [0.43352425, 0.72046011, 0.48452159],
        [0.93592023, 0.71020616, 0.52122147],
        [0.23713189, 0.87259437, 0.71249644],
        [0.75035336, 0.8332911, 0.77467923],
        [0.35795635, 0.48769997, 0.86925488],
        [0.85765676, 0.46155049, 0.87044084],
        [0.49591691, 0.19395039, 0.37366471],
        [0.99744463, 0.19962371, 0.37948963],
        [0.18472919, 0.01054977, 0.1986491],
        [0.68552331, 0.96665553, 0.22624129],
        [0.09327864, 0.37455013, 0.00595039],
        [0.60778286, 0.36817578, 0.02109039],
        [0.0715648, 0.2867299, 0.49522451],
        [0.56419017, 0.2993446, 0.48157305],
        [0.25817018, 0.12695049, 0.28725507],
        [0.74271871, 0.17229826, 0.23483554],
        [0.15218019, 0.49578353, 0.12426423],
        [0.63643535, 0.55202636, 0.12733101],
        [0.02028567, 0.79056092, 0.62202225],
        [0.49840505, 0.80422002, 0.62313557],
        [0.31207667, 0.99301144, 0.79856687],
        [0.81725452, 0.03193491, 0.77338802],
        [0.39985208, 0.62472015, 0.00370352],
        [0.88703233, 0.62764141, 0.99334203],
        [0.38798318, 0.42263796, 0.54587189],
        [0.89256389, 0.43203895, 0.5516952],
        [0.2726128, 0.78172327, 0.41765118],
        [0.77689058, 0.8202719, 0.44426428],
        [0.20503033, 0.55476396, 0.77230025],
        [0.7120405, 0.55796993, 0.78388966],
        [0.03530233, 0.91537629, 0.27762786],
        [0.53858506, 0.9132051, 0.26484116],
        [0.13392151, 0.06848611, 0.91915217],
        [0.64281566, 0.07737635, 0.91959131],
        [0.46352079, 0.27338615, 0.05979769],
        [0.95674818, 0.26381145, 0.07284031],
        [0.11510766, 0.57211842, 0.43763089],
        [0.60816025, 0.57395545, 0.45174783],
        [0.22258743, 0.22069824, 0.57797314],
        [0.72108679, 0.18447246, 0.56392219],
        [0.29352103, 0.43327724, 0.22353495],
        [0.7844902, 0.43374189, 0.21792912],
        [0.46876311, 0.08492184, 0.72272961],
        [0.96991815, 0.09219715, 0.72977021],
        [0.36268861, 0.9385302, 0.07227453],
        [0.85940397, 0.9309035, 0.08898173],
        [0.04092235, 0.72392612, 0.94657393],
        [0.53935314, 0.73358329, 0.9236138]
    ],
    "relaxed_energy": -770.82293853,
    "relaxed_forces": [
        [-0.00279108, 0.00035818, 0.00298882],
        [-0.00041067, 0.00345469, -0.00140577],
        [-0.00058383, -0.00044239, -0.00012553],
        [-0.00152434, -0.00028358, -0.00156306],
        [-0.00020275, 0.00036928, -0.00205267],
        [0.0001776, 0.00293848, 0.00145662],
        [0.00272163, 0.00028551, 0.00428217],
        [-0.00812968, 0.0029087, -0.00064361],
        [-0.00073042, -0.00094819, -0.00111436],
        [0.00541226, -0.00182412, 0.00040004],
        [-0.00041518, 0.00273503, 0.00174245],
        [0.00025565, 3.847e-05, -0.00321867],
        [0.00308271, 0.00029832, 0.00131195],
        [-0.00046991, -0.00017678, -0.00392822],
        [-0.00315124, -0.00218255, -0.00024942],
        [-0.00175314, 0.00271279, -0.00197717],
        [0.00107208, 0.00043838, 0.0001931],
        [0.00284906, -0.00223104, 0.00069486],
        [0.00055844, 0.00152232, 0.0020072],
        [8.604e-05, -0.00141588, 0.00064688],
        [0.00037139, -0.00132445, -0.00195131],
        [0.00200696, -0.00045678, 0.00031149],
        [0.00120473, -0.0014717, 0.00290413],
        [-0.00232914, 0.00074167, 0.00139736],
        [-0.00147607, 0.00396066, -0.00302305],
        [0.00109245, -0.00083024, 0.00029266],
        [-0.00242724, -0.006247, -0.00186165],
        [-3.181e-05, 0.00133066, -0.00016087],
        [-0.00102111, -0.00067319, -0.0013912],
        [-0.00196181, 0.00078828, -0.0021854],
        [0.00249773, -0.0030346, 0.00132665],
        [-0.00126873, 0.00051538, 0.00143356],
        [0.00241365, -0.00460277, 0.00019883],
        [-0.00039672, -0.00151695, 0.00296873],
        [-0.00098113, 0.00050919, -0.00026377],
        [0.00012142, -0.00138254, 0.00186825],
        [-0.00103538, 0.00174706, 0.00140132],
        [0.00176848, 0.00047509, -0.00049866],
        [-0.00113772, -0.00073267, 0.0007209],
        [0.00147298, -0.00094993, -0.00041458],
        [0.00012148, 0.00096781, -0.00077334],
        [-0.00108117, 0.0003143, -0.00136509],
        [0.00014038, 0.00105522, -0.00031291],
        [0.00063121, 0.00166793, -0.00037673],
        [-0.00062727, 0.00099246, 0.0007002],
        [-0.00092647, -0.00048363, -0.00054934],
        [0.0001065, -0.0009854, -0.0025324],
        [-6.541e-05, 0.00038954, -0.0021705],
        [0.00060344, 0.00092865, 0.00120639],
        [0.0019891, -9.713e-05, 0.00147395],
        [0.00056143, -0.00149908, 0.00271849],
        [0.00257487, -0.00314175, 0.00146949],
        [0.0006104, 0.0028927, 0.00400961],
        [9.352e-05, -5.883e-05, 0.0012557],
        [0.00046969, 0.00065206, -0.00036973],
        [-7.78e-06, 0.00119246, -0.00147637],
        [-0.00066557, 0.0004143, 0.00086986],
        [-0.00032325, -0.0014435, 0.00056227],
        [0.00040873, 0.00138525, -0.00057397],
        [-0.00045948, 0.00062901, 3.053e-05],
        [0.0015336, -3.885e-05, -0.00346974],
        [-0.00141577, -0.00015088, -0.00023257],
        [-0.00087127, 0.00197843, -0.00094429],
        [0.00233253, -0.00319675, -0.00086154],
        [-0.00022393, 0.00031931, 0.00038074],
        [0.00110771, -0.00181148, -0.0009452],
        [0.00015547, -0.00018666, 0.00133897],
        [-0.00068652, 0.00039991, -0.00013255],
        [0.00032486, -0.00083705, -0.00047662],
        [0.00070481, -0.00052924, 0.00312263],
        [0.00031014, 0.00049047, -3.851e-05],
        [-0.00064688, 0.00093366, -0.00398219],
        [-0.00138395, -0.00018511, -0.0002711],
        [-0.00033132, 0.00164108, 0.00019683]
    ],
    "relaxed_lattice": [
        [-5.06253135, -14.27357066, -8.4758989],
        [-7.5225056, -0.15910231, -4.25374728],
        [-0.23323752, -0.19868101, -8.62797874]
    ],