{
    "atom_type": [
        "Na",
        "V",
        "P",
        "O"
    ],
    "atoms_per_type": [
        9,
        8,
        12,
        48
    ],
    "coord_mode": "direct",
    "relaxed_basis": [
        [0.24355192, 0.53402687, 0.4837479],
        [0.74171569, 0.48877573, 0.53031886],
        [0.50557157, 0.00448779, 0.9851145],
        [0.00933126, 0.01178161, 0.96792807],
        [0.30169405, 0.25329249, 0.88702562],
        [0.94337965, 0.61518927, 0.25056636],
        [0.37351235, 0.12478297, 0.37604795],
        [0.87498724, 0.11450138, 0.37158557],
        [0.69393499, 0.74939462, 0.12290248],
        [0.32429151, 0.64640709, 0.64287175],
        [0.82071587, 0.63589891, 0.64599731],
        [0.07767326, 0.13679106, 0.13870824],
        [0.5686512, 0.14898225, 0.14632736],
        [0.17445108, 0.3626018, 0.36284251],
        [0.67515144, 0.35740441, 0.35522978],
        [0.43119036, 0.85397858, 0.85943439],
        [0.92535042, 0.86120166, 0.84959616],
        [0.12490675, 0.54648163, 0.95602744],
        [0.62454915, 0.5450231, 0.96391159],
        [0.47520207, 0.2511759, 0.54064861],
        [0.97994496, 0.24208649, 0.53886635],
        [0.27369137, 0.96088836, 0.25317469],
        [0.77004413, 0.95362022, 0.24929288],
        [0.23462687, 0.04138097, 0.75303931],
        [0.72783418, 0.04019652, 0.75204812],
        [0.37251758, 0.4642772, 0.03891549],
        [0.87843106, 0.45529092, 0.03704008],
        [0.01825721, 0.7456166, 0.457202],
        [0.52096292, 0.74471297, 0.46543857],
        [0.44142118, 0.68002172, 0.50997107],
        [0.93887455, 0.69617489, 0.48053834],
        [0.26385348, 0.87525044, 0.69478765],
        [0.74761224, 0.87037341, 0.71468441],
        [0.34710593, 0.48532978, 0.88153601],
        [0.85525789, 0.49150742, 0.87343255],
        [0.48382449, 0.19831305, 0.38807768],
        [0.99567447, 0.1990381, 0.37227731],
        [0.19120569, 0.98862342, 0.2133824],
        [0.68738399, 0.98079411, 0.20749287],
        [0.11944677, 0.36751836, 0.97664363],
        [0.60031858, 0.37687914, 0.01818299],
        [0.06299304, 0.28386506, 0.50859766],
        [0.55913284, 0.30026145, 0.4907747],
        [0.26044758, 0.13006259, 0.28843736],
        [0.75775012, 0.11674483, 0.28950716],
        [0.13597377, 0.52323268, 0.12977207],
        [0.64573964, 0.53798074, 0.1195347],
        [0.98962159, 0.79987572, 0.62788882],
        [0.49710928, 0.80734514, 0.62415144],
        [0.31493462, 0.01410895, 0.80617026],
        [0.810031, 0.00979529, 0.80120468],
        [0.39724728, 0.63174205, 0.99226928],
        [0.89675744, 0.62382599, 0.01255579],
        [0.38067719, 0.41534459, 0.57260853],
        [0.88804278, 0.40960977, 0.55414421],
        [0.28863932, 0.77643411, 0.4186971],
        [0.78536971, 0.76364899, 0.41084545],
        [0.20987706, 0.58241476, 0.77202947],
        [0.70647058, 0.5623327, 0.77741248],
        [0.02674356, 0.91536728, 0.27548981],
        [0.52355772, 0.91255509, 0.27843926],
        [0.14261623, 0.0485212, 0.91838774],
        [0.63616076, 0.06085553, 0.92128399],
        [0.45509459, 0.27753874, 0.06372723],
        [0.96089144, 0.27058185, 0.06315706],
        [0.11045777, 0.58068281, 0.45155562],
        [0.61603062, 0.58890534, 0.44028011],
        [0.2280215, 0.2237655, 0.58426688],
        [0.72214531, 0.22030874, 0.57890059],
        [0.29084454, 0.44331324, 0.22781382],
        [0.79363508, 0.43402164, 0.22514793],
        [0.46493781, 0.08854518, 0.73264036],
        [0.96896457, 0.07325134, 0.72353418],
        [0.36554267, 0.94431892, 0.07963354],
        [0.8646774, 0.92632347, 0.07986376],
        [0.03758308, 0.72267637, 0.93062811],
        [0.53876814, 0.72931414, 0.932359]
    ],
    "relaxed_energy": -793.48239709,
    "relaxed_forces": [
        [-0.00039244, -0.00041057, -0.0001244],
        [0.00029093, 0.00026117, 0.00018641],
        [0.00078664, 2.018e-05, -0.00077726],
        [0.00172883, -0.00128943, 0.00028799],
        [-0.00100305, -0.00083989, -0.00090295],
        [-8.16e-06, -0.00198024, -0.00112332],
        [0.00034835, 0.00133575, 0.00053572],
        [0.00039867, 0.00012324, -0.00036829],
        [-0.00104048, -0.00105396, -0.00062376],
        [-0.00671343, 0.00315782, -0.00145424],
        [0.00188776, 0.00166049, -0.00178065],
        [0.00330562, -0.00073846, 0.00208904],
        [-0.00328377, 0.00238826, -0.00088439],
        [-0.00043909, 0.00018961, 0.00140657],
        [-0.00368697, 0.0002351, -0.00160098],
        [0.00835614, 0.00129699, 0.00072679],
        [-0.00363877, -0.00324744, 0.00270989],
        [-0.00114403, 0.00037475, 0.00213083],
        [0.00036795, -0.00557187, -0.00257651],
        [-0.00387114, -0.00662906, 0.00440311],
        [0.00046774, 0.00045954, -0.00286704],
        [-0.00188415, 0.00446197, -0.00306763],
        [0.00110851, 0.00335715, 0.00233191],
        [0.00099704, 0.00435173, 0.00385822],
        [-0.00098141, 0.00266302, -0.00064329],
        [0.00229834, -0.00132516, -0.00172872],
        [0.00333204, 0.00123867, 0.0004859],
        [0.00339593, -0.00401069, -0.00017285],
        [-0.00137711, -0.00043199, 0.00158095],
        [-0.00037577, -0.00011702, -0.00013943],
        [-0.00080141, -0.000549, 0.00067896],
        [0.00146557, -0.00069976, 0.00133792],
        [-0.00066355, 0.00080547, -0.00117918],
        [-0.00048042, 0.00047573, 0.00216527],
        [0.00032522, 0.00039626, 0.00119745],
        [-0.0003535, 0.00033825, -0.00234424],
        [0.0011406, 0.00029183, 0.00186548],
        [0.00050427, -0.00343836, -0.00250261],
        [0.00023719, -0.00239311, -0.00113035],
        [0.00286868, 2.109e-05, 6.353e-05],
        [0.0027603, 0.00038993, 9.586e-05],
        [0.0017597, 0.00321985, -0.00033067],
        [0.00171386, 0.00553293, 0.0021704],
        [0.00642991, -0.00181508, 0.00371182],
        [-0.00429649, 0.00030549, -0.00289509],
        [0.00079208, -0.00081611, -0.00291387],
        [0.00020297, 0.00140495, 0.00326511],
        [-0.000933, 0.00121718, -0.00289673],
        [0.00019515, 0.00104202, -0.00131176],
        [0.00015014, -0.00631415, -0.00448158],
        [-0.00047442, -0.00166428, -0.0013749],
        [-0.00465822, -0.00133401, -0.00077208],
        [-0.00344304, -0.00078517, -0.00048383],
        [-0.00404309, 0.00460287, -0.00076293],
        [0.0025634, -0.00253089, 0.00057683],
        [0.00019009, -0.00049398, -0.00126254],
        [0.00166258, 0.00023643, -0.0003214],
        [-0.00038919, -0.00079728, 0.00013893],
        [0.00287624, 0.00439308, -0.00262608],
        [-0.00297024, -0.00114669, 0.00076064],
        [0.00069129, -0.00035489, -0.00071461],
        [-0.00046231, -0.00043042, 0.00033993],
        [-0.000208, -0.00296532, 0.00278755],
        [-0.00256029, 0.00260056, 0.00038381],
        [-0.00023006, 0.00124131, 0.00142798],
        [-0.00566643, 0.00610054, -0.00141036],
        [0.00103326, -0.00176342, 0.0007724],
        [0.00022607, 0.00157319, 0.00031857],
        [0.00150504, 0.0001184, -0.00131763],
        [-0.00131357, -0.00083671, -0.00110934],
        [-0.00103472, -0.00200857, 0.00193481],
        [0.00791127, 0.00066832, -0.0052854],
        [-0.00017288, -5.92e-05, 0.00192919],
        [0.00012564, -0.0054545, 0.00386758],
        [-0.00096495, -0.00377174, 0.0030918],
        [0.00080595, -0.00088778, 0.000738],
        [-0.00324737, 0.00640506, 0.00190974]
    ],
    "relaxed_lattice": [
        [-5.02205155, -14.23561963, -8.43747847],
        [-7.59403661, -0.09924913, -4.20010809],
        [-0.18518944, -0.09057926, -8.66288349]
    ],