{
    "atom_type": [
        "Na",
        "V",
        "P",
        "O"
    ],
    "atoms_per_type": [
        4,
        8,
        12,
        48
    ],
    "coord_mode": "direct",
    "relaxed_basis": [
        [0.24763353, 0.49555245, 0.50329323],
        [0.81135709, 0.25036982, 0.88053064],
        [0.5937421, 0.44105616, 0.73952956],
        [0.87446058, 0.19437455, 0.41413279],
        [0.31958305, 0.64474311, 0.64025602],
        [0.82569403, 0.63994204, 0.64225205],
        [0.07962693, 0.13567328, 0.13339172],
        [0.5715575, 0.13563082, 0.15440829],
        [0.17966428, 0.35139197, 0.35549669],
        [0.67271337, 0.36487573, 0.35067018],
        [0.42043823, 0.86303101, 0.8564653],
        [0.93362331, 0.84545604, 0.85456373],
        [0.12452938, 0.52641761, 0.96926785],
        [0.62526336, 0.53679697, 0.96746244],
        [0.47750364, 0.25158783, 0.53189456],
        [0.98751116, 0.24604022, 0.53836229],
        [0.26834639, 0.95368786, 0.2504388],
        [0.76059987, 0.95895301, 0.26118216],
        [0.23016125, 0.04237777, 0.74668056],
        [0.73574584, 0.03135112, 0.75201012],
        [0.37560484, 0.47001579, 0.02612562],
        [0.87283831, 0.46374138, 0.03156294],
        [0.02409019, 0.74478817, 0.46834508],
        [0.50932493, 0.75393395, 0.45572238],
        [0.43333883, 0.70086936, 0.47187302],
        [0.93862392, 0.68813704, 0.52726034],
        [0.25668305, 0.87506482, 0.69430227],
        [0.75106838, 0.85471746, 0.73195968],
        [0.35795812, 0.49472814, 0.86047871],
        [0.85971658, 0.45502769, 0.87889484],
        [0.49366608, 0.24716352, 0.34217467],
        [0.01015121, 0.21992867, 0.35979445],
        [0.18313819, 0.98035584, 0.21305116],
        [0.66590806, 0.9687092, 0.27918515],
        [0.12902776, 0.34437568, 0.97278736],
        [0.63850773, 0.33365157, 0.99744728],
        [0.06356644, 0.29179142, 0.52589992],
        [0.55883545, 0.29402244, 0.50564159],
        [0.24470838, 0.1180138, 0.30284562],
        [0.74475615, 0.14704515, 0.2738517],
        [0.14586106, 0.48726565, 0.13742409],
        [0.6369307, 0.53057978, 0.13052368],
        [0.02041055, 0.75153325, 0.64358922],
        [0.48899936, 0.75714949, 0.64527643],
        [0.31121664, 0.03336349, 0.77621532],
        [0.82922064, 0.0271226, 0.73590404],
        [0.36791534, 0.66607149, 0.00516554],
        [0.87595787, 0.66123865, 0.97398045],
        [0.37945839, 0.40551127, 0.58235341],
        [0.88884999, 0.40700667, 0.57309033],
        [0.28102236, 0.76273826, 0.41693984],
        [0.79337493, 0.78327118, 0.42009854],
        [0.20198994, 0.59343573, 0.77928233],
        [0.7120865, 0.57657049, 0.78002443],
        [0.01216874, 0.94110484, 0.30965562],
        [0.51401594, 0.94206461, 0.28847962],
        [0.13897203, 0.04484241, 0.92739671],
        [0.65390459, 0.05045364, 0.94278294],
        [0.4781976, 0.32759866, 0.01650154],
        [0.96512731, 0.30337171, 0.06924538],
        [0.12060982, 0.59344978, 0.40353695],
        [0.60657867, 0.58471179, 0.42420166],
        [0.21149373, 0.23291035, 0.57865974],
        [0.7081609, 0.21773403, 0.58744984],
        [0.30006634, 0.4059687, 0.21932601],
        [0.79003193, 0.42790017, 0.22453282],
        [0.47772566, 0.0535339, 0.68891733],
        [0.9741814, 0.06083003, 0.71817092],
        [0.35829226, 0.94543851, 0.07071191],
        [0.83986626, 0.95015377, 0.06790481],
        [0.02504499, 0.68396768, 0.98016467],
        [0.53248608, 0.68549093, 0.93758813]
    ],
    "relaxed_energy": -754.55197215,
    "relaxed_forces": [
        [0.00059727, 0.00120391, -0.00115326],
        [0.00190162, -0.00076286, 0.00074297],
        [-0.0019118, -0.00012214, -0.00041015],
        [0.00267282, -0.00148654, 0.00105746],
        [0.00256794, 0.00397349, -0.00011525],
        [0.00201842, -0.00110452, -0.00662515],
        [-0.00201886, -0.0001267, -0.00200281],
        [-0.00076656, 0.00097931, -0.00324056],
        [-0.00205713, -0.00109317, -0.00074309],
        [0.00246488, -0.00514582, 0.00254924],
        [0.00108133, 0.00141487, -0.00370989],
        [-0.00234567, 0.00175453, -0.00053058],
        [-0.002905, -0.00171632, -0.00437085],
        [-0.00358927, -0.00109367, -0.00116352],
        [-0.00109725, -0.00010129, -0.00117597],
        [0.00575688, -0.00165937, 0.00525947],
        [-0.00370995, 0.00094317, -0.00036301],
        [-0.00197656, 0.00259165, -0.00056252],
        [-0.000929, -0.00723857, 0.0031371],
        [-0.00457728, 0.00072, 0.00059599],
        [0.00215865, 0.00048066, -0.00055443],
        [0.00484489, 0.00403282, -0.00031531],
        [0.00822221, -0.0015465, 0.00048707],
        [-0.00207003, -0.00175375, 0.00866627],
        [0.00122507, 0.00282887, -4.131e-05],
        [0.00041138, 0.00268535, 0.00086272],
        [-0.00190898, -0.00587567, -0.00228787],
        [-0.00092376, 0.00309218, -0.00021637],
        [0.0046099, 0.00183524, -0.00108241],
        [-0.00265562, -0.00136024, 0.0003474],
        [0.00597862, 0.00018697, 0.00215421],
        [-0.00189478, 0.00338352, -0.00612959],
        [-0.00212672, -0.00016997, -0.00033995],
        [0.00306883, -0.00088621, -0.00310345],
        [0.00329998, 0.0024986, 0.0031934],
        [0.00351732, -0.00326735, -0.00519866],
        [0.00121667, 0.00276619, 0.00105188],
        [-0.00056534, 0.0014429, 0.00075848],
        [0.00032067, -0.00271289, -0.00174319],
        [0.00670143, -0.00082979, 0.00045614],
        [-0.00187688, 0.00153967, 0.00512804],
        [-0.00172419, -0.0011121, 0.00666815],
        [0.00123256, 0.00154064, -0.00208313],
        [-0.00123488, -8.879e-05, 0.00145545],
        [-0.00277528, 0.00262818, -0.00467777],
        [0.00010965, 0.00293519, 0.00066845],
        [0.0016722, 0.00083617, 0.00459821],
        [0.00378338, -0.00055874, -0.00022976],
        [0.00452645, 0.00357869, -0.00021173],
        [0.00010532, -0.00415858, 0.00104269],
        [-0.00239649, -0.00043056, 0.00050592],
        [0.00092174, 0.00124278, 0.00358293],
        [-5.208e-05, -0.00082447, -0.00382629],
        [0.00169382, -0.00227009, -0.00247785],
        [-0.00790572, -0.0019441, 0.00287309],
        [-0.00346615, -0.00066281, 0.00224638],
        [-1.225e-05, -0.00143752, 0.0040764],
        [-0.00208558, -0.00205278, 0.00194439],
        [0.00091486, -0.00025293, -0.00111693],
        [-0.00027759, 0.0001981, 0.00249156],
        [-0.00165193, 0.00152227, -0.00399885],
        [-4.264e-05, 0.00337811, -0.0041634],
        [-0.00163285, 0.00257832, 0.0008159],
        [-0.00142921, 0.0011541, 0.00063646],
        [-0.00421008, -0.00658279, 0.00022928],
        [0.003051, -1.109e-05, -0.00089116],
        [0.00217071, 0.00094812, -0.00564366],
        [-0.00907937, -0.00073337, 0.00232235],
        [0.00040707, -0.00087985, -0.00218199],
        [5.904e-05, -0.00512098, 0.00400661],
        [-0.00246218, 0.00052548, -0.00106708],
        [-0.00093969, 0.00575484, 0.00313675]
    ],
    "relaxed_lattice": [
        [-4.99208815, -14.04414243, -8.94176895],
        [-7.48615523, -0.22867625, -4.3724812],
        [-0.2559265, -0.1279654, -8.75369805]
    ],