{
    "atom_type": [
        "Na",
        "V",
        "P",
        "O"
    ],
    "atoms_per_type": [
        12,
        8,
        12,
        48
    ],
    "coord_mode": "direct",
    "relaxed_basis": [
        [0.25621849, 0.52040562, 0.46612888],
        [0.74926263, 0.49877773, 0.50397218],
        [0.50420799, 0.98835835, 0.99381012],
        [0.00042347, 0.9893864, 0.01828445],
        [0.12520498, 0.88651415, 0.62536311],
        [0.30620229, 0.24676529, 0.87674695],
        [0.80972786, 0.25249101, 0.89287114],
        [0.94213884, 0.61096246, 0.25371906],
        [0.05942055, 0.37869463, 0.75140726],
        [0.55521039, 0.38645574, 0.74972883],
        [0.3766172, 0.1165211, 0.38215963],
        [0.68960777, 0.74756031, 0.11389248],
        [0.32312297, 0.64092972, 0.64053246],
        [0.82195431, 0.64845321, 0.64514112],
        [0.07302065, 0.13943973, 0.14565506],
        [0.57233236, 0.14163009, 0.14798844],
        [0.17962391, 0.35771554, 0.35563267],
        [0.67497815, 0.35531279, 0.35681082],
        [0.43057124, 0.85412471, 0.85359956],
        [0.92447385, 0.86064773, 0.85445728],
        [0.12160265, 0.53900579, 0.95592061],
        [0.62526145, 0.54495525, 0.95572113],
        [0.47639646, 0.25288165, 0.542766],
        [0.98149932, 0.2498569, 0.54851998],
        [0.27413283, 0.96226758, 0.24800708],
        [0.76841484, 0.95134933, 0.25272006],
        [0.22881606, 0.03997954, 0.7534552],
        [0.72981173, 0.04960949, 0.74938349],
        [0.37464386, 0.4546407, 0.03557746],
        [0.8740244, 0.45237009, 0.04969545],
        [0.02286835, 0.75081605, 0.45601445],
        [0.52018103, 0.75250924, 0.45626559],
        [0.43906536, 0.7005284, 0.49698625],
        [0.94337321, 0.69922068, 0.48401928],
        [0.24649228, 0.87932627, 0.70045462],
        [0.75413224, 0.87341004, 0.71757462],
        [0.34933817, 0.46967469, 0.88107918],
        [0.85505631, 0.48221131, 0.88015347],
        [0.49468512, 0.19733721, 0.38229841],
        [0.00398677, 0.20737719, 0.37967066],
        [0.19186156, 0.0172772, 0.19029373],
        [0.69137119, 0.96500657, 0.20310539],
        [0.09743211, 0.38339542, 0.97338746],
        [0.6077599, 0.37422662, 0.98825985],
        [0.06203118, 0.29295424, 0.52998732],
        [0.55475202, 0.31010286, 0.51006176],
        [0.26213728, 0.11944557, 0.30077879],
        [0.74518597, 0.12617689, 0.28519071],
        [0.14084236, 0.49127371, 0.12934964],
        [0.64709852, 0.5207246, 0.11921414],
        [0.00339631, 0.79841837, 0.62321014],
        [0.50057384, 0.81524364, 0.61056356],
        [0.30862044, 0.00906873, 0.8060648],
        [0.80775734, 0.03693772, 0.79641839],
        [0.40304755, 0.61592968, 0.98147465],
        [0.89361761, 0.6201591, 0.01874795],
        [0.38186237, 0.41543359, 0.56039052],
        [0.8884784, 0.41431763, 0.5649706],
        [0.27377447, 0.7833381, 0.4185211],
        [0.78601123, 0.76774939, 0.41394103],
        [0.20378273, 0.5654537, 0.77202873],
        [0.71213626, 0.55651982, 0.77643134],
        [0.03661001, 0.9122426, 0.27345274],
        [0.53020229, 0.91178291, 0.26628931],
        [0.13320771, 0.06950007, 0.90678475],
        [0.63630815, 0.06513082, 0.91552425],
        [0.45845267, 0.26833963, 0.06051932],
        [0.95780434, 0.2711715, 0.06659944],
        [0.11377087, 0.58030528, 0.44807984],
        [0.61317983, 0.58780479, 0.4425487],
        [0.22437094, 0.22465898, 0.58411233],
        [0.71213972, 0.23187624, 0.5876377],
        [0.2948959, 0.43347533, 0.2242644],
        [0.78843332, 0.43864634, 0.22813414],
        [0.46356605, 0.09565621, 0.73119632],
        [0.96994437, 0.08523053, 0.7339099],
        [0.36570103, 0.93952333, 0.08426398],
        [0.86290911, 0.93443976, 0.08662113],
        [0.03928797, 0.72663279, 0.93935376],
        [0.54405075, 0.72711201, 0.9272879]
    ],
    "relaxed_energy": -815.82925544,
    "relaxed_forces": [
        [-9.003e-05, -0.00033532, -0.00031469],
        [0.0004732, -0.00236045, 0.00032335],
        [0.00077819, 0.00033081, 1.66e-06],
        [-0.00196695, 0.0004825, 0.00021922],
        [-0.00327917, 0.00010045, -0.00403179],
        [0.00060341, 0.00095094, 0.00105648],
        [-0.00061986, -0.00173604, -0.00416233],
        [-0.00242072, 0.00169971, 0.00199354],
        [0.00138703, 0.00184655, -3.236e-05],
        [-0.00134516, -0.00161712, -0.00383063],
        [0.00065348, 0.00016431, -0.00169705],
        [0.0005189, -0.00081637, 0.00077085],
        [-0.00082441, -0.00011, -0.00187932],
        [0.00214451, -0.00140146, -0.0002879],
        [-0.00259902, 0.00307465, -0.00198538],
        [0.00173891, -0.00052817, -0.00189742],
        [0.00144375, -0.00138291, 0.00020265],
        [-0.00046728, 0.00106837, 0.00052291],
        [-0.00062349, -0.00311248, -0.00051734],
        [-0.00165087, -0.00420668, 0.00484746],
        [-0.00433558, 0.00445965, -0.00226364],
        [-0.00502501, 0.00068805, -0.00199231],
        [0.00425928, 0.00269056, 0.00557471],
        [-0.00507065, 0.00084605, 0.00472403],
        [-0.00175378, 0.00154283, -0.00196231],
        [-0.00130106, 0.00135695, 0.00068642],
        [0.00336435, 0.00226583, 0.00285872],
        [0.00100027, -0.00088286, -0.00598174],
        [-0.00543005, -0.00308793, -0.00267239],
        [0.00433409, 0.00155044, 0.00131348],
        [0.00111649, -0.00036335, 0.00393737],
        [0.00302762, -0.00166908, -0.00056228],
        [-0.00143437, 0.001953, -0.00235633],
        [-0.0011712, -0.00010412, -0.00258592],
        [-0.00197493, 0.00014782, -0.00108723],
        [0.00059401, -0.00250405, -0.00173067],
        [0.00148314, 0.00128298, 0.003316],
        [0.00299416, -0.00025349, 0.00325983],
        [-0.00102312, -0.00235364, -0.00343395],
        [0.00042335, -0.00237834, 0.00131231],
        [-0.00098548, -0.00088974, 0.00157622],
        [-0.00153571, 0.00015154, 0.00455676],
        [-0.00270592, -0.00158423, 4.374e-05],
        [0.00055074, 0.00160414, 0.00262044],
        [-0.00414354, -0.00282795, 0.00050465],
        [0.0011649, -2.397e-05, -0.00123782],
        [-1.796e-05, -0.00050539, -0.001191],
        [0.00020256, -0.00235671, 0.00570606],
        [-7.021e-05, 0.0030462, -0.00164402],
        [0.00085296, 0.00179373, -0.00106036],
        [-0.00110261, 0.00491626, -0.00486873],
        [-0.00209487, 0.00195791, 0.00052974],
        [0.00032687, -0.00030292, -0.00149063],
        [-0.00155079, -0.0029703, 0.00232244],
        [0.00821617, -0.00035297, 0.00543534],
        [0.00382141, -0.00147701, -0.00029423],
        [0.00018951, 0.00169129, 3.907e-05],
        [-0.00258301, -0.00280933, 0.00369624],
        [0.0011174, 0.00113093, -0.00191473],
        [-0.00253817, 0.00208723, -0.00097408],
        [-0.0015603, 0.001949, -0.00102582],
        [0.00077747, -0.00202735, -0.00064295],
        [0.0053493, 0.00054972, -0.00198237],
        [0.00089797, 0.00033212, 0.00131844],
        [-0.00060676, 0.00211662, -0.00250228],
        [-0.00200298, -0.00022626, -0.00049141],
        [0.00244703, -0.00160863, -0.00202327],
        [0.00383855, 0.00017296, -0.0003411],
        [0.00104016, -0.0023679, -0.00236174],
        [0.00283081, 0.00123652, -0.00273181],
        [0.00024361, 0.00019947, -0.00028795],
        [0.00079544, -0.00256897, 0.00258083],
        [0.0020021, 0.00038598, -0.00058671],
        [0.00121001, 0.00173801, 0.00173753],
        [-0.00183707, -0.00033251, -0.00087086],
        [-0.00660907, -0.00197687, -0.00288598],
        [0.00248726, 0.00105098, -0.00119783],
        [0.00306068, -0.00342282, 0.0079614],
        [0.00019994, 0.00543192, 0.00425352],
        [0.00039015, -0.00020929, 6.922e-05]
    ],
    "relaxed_lattice": [
        [-5.0374987, -14.31812423, -8.41941102],
        [-7.63810291, -0.06851508, -4.19203079],
        [-0.10506647, -0.03607689, -8.67373578]
    ],