{
    "atom_type": [
        "Na",
        "V",
        "P",
        "O"
    ],
    "atoms_per_type": [
        11,
        8,
        12,
        48
    ],
    "coord_mode": "direct",
    "relaxed_basis": [
        [0.25224655, 0.51615841, 0.49033189],
        [0.76033819, 0.50024055, 0.47581973],
        [0.50697558, 0.96885735, 0.01661101],
        [0.99553511, 0.98994349, 0.01536093],
        [0.62571519, 0.8787289, 0.61532575],
        [0.30907538, 0.25236348, 0.88049448],
        [0.80403393, 0.25050714, 0.89087652],
        [0.061323, 0.38296579, 0.75443177],
        [0.55845826, 0.37584457, 0.74604622],
        [0.37425228, 0.12067132, 0.38713351],
        [0.19185178, 0.75422872, 0.11107804],
        [0.3225898, 0.64473499, 0.64180303],
        [0.82214136, 0.64168123, 0.64209117],
        [0.07023132, 0.14579795, 0.15184813],
        [0.57256377, 0.13792892, 0.14424072],
        [0.17144898, 0.35946954, 0.36195248],
        [0.6836301, 0.35546329, 0.34716514],
        [0.42826085, 0.85711326, 0.85934859],
        [0.92952679, 0.85366106, 0.84980008],
        [0.12224268, 0.55069788, 0.95591787],
        [0.62257316, 0.53746796, 0.95701469],
        [0.4799523, 0.25121605, 0.53954917],
        [0.97790595, 0.25009533, 0.55065718],
        [0.27058061, 0.95772351, 0.25245758],
        [0.77326211, 0.95404526, 0.24633145],
        [0.23068117, 0.04817613, 0.75202025],
        [0.72912833, 0.03939816, 0.74808339],
        [0.37112957, 0.4550538, 0.04101722],
        [0.87488624, 0.45686555, 0.03551345],
        [0.01922895, 0.75731682, 0.4580557],
        [0.52453735, 0.74621399, 0.46349514],
        [0.44222727, 0.68856743, 0.51789536],
        [0.93944529, 0.70173054, 0.50231796],
        [0.25399664, 0.87734397, 0.71218038],
        [0.74265211, 0.87650223, 0.70374139],
        [0.34717127, 0.47214675, 0.88496183],
        [0.85077977, 0.47464575, 0.87905441],
        [0.49389226, 0.19645403, 0.38281902],
        [0.00364265, 0.20138607, 0.38380459],
        [0.19203798, 0.98075558, 0.2008617],
        [0.68761903, 0.99340381, 0.20844617],
        [0.10368975, 0.37983604, 0.98963125],
        [0.59636176, 0.37991408, 0.98211208],
        [0.05569257, 0.29969656, 0.53562248],
        [0.56348308, 0.29857557, 0.50025713],
        [0.24895509, 0.12853601, 0.29650588],
        [0.76555259, 0.12201714, 0.27231425],
        [0.14124411, 0.53039191, 0.12012212],
        [0.65098892, 0.4924756, 0.11693116],
        [0.00106193, 0.81475142, 0.61845423],
        [0.51013361, 0.80420616, 0.61965769],
        [0.31106541, 0.03213491, 0.7943756],
        [0.81053968, 0.00788065, 0.79760993],
        [0.38981945, 0.62860038, 0.99397651],
        [0.90256575, 0.62639085, 0.97601755],
        [0.38538144, 0.40799573, 0.56811761],
        [0.88376384, 0.41164725, 0.56976388],
        [0.28477245, 0.77590778, 0.4157635],
        [0.77968942, 0.77523145, 0.41723609],
        [0.20794728, 0.56259803, 0.77446027],
        [0.70481523, 0.55892688, 0.7683693],
        [0.03475838, 0.91270508, 0.26890176],
        [0.52518283, 0.91533295, 0.28130251],
        [0.13713613, 0.06612134, 0.91654467],
        [0.63491232, 0.06624359, 0.91154141],
        [0.45353184, 0.27044809, 0.06674922],
        [0.96083655, 0.27784066, 0.05420242],
        [0.11244021, 0.58906848, 0.44803456],
        [0.6162357, 0.58213852, 0.44530624],
        [0.21919243, 0.23237162, 0.58532067],
        [0.71755791, 0.22584954, 0.5847207],
        [0.2881994, 0.4379587, 0.22946466],
        [0.79349753, 0.445646, 0.21953537],
        [0.47472933, 0.08482709, 0.72744076],
        [0.9613722, 0.08727182, 0.73838822],
        [0.36236256, 0.94942487, 0.08224521],
        [0.86387492, 0.92322286, 0.07610999],
        [0.0395149, 0.73331171, 0.92558474],
        [0.5421396, 0.7255071, 0.93650727]
    ],
    "relaxed_energy": -808.37767223,
    "relaxed_forces": [
        [-0.00100262, 4.962e-05, -0.00121188],
        [9.115e-05, 0.00022199, 0.00014145],
        [-0.00028322, 0.00108123, -0.00068105],
        [0.00081439, 0.00305127, 4.952e-05],
        [-0.00061746, -2.108e-05, -0.00081128],
        [-0.00101199, -0.00096647, -0.00147195],
        [0.00251356, 0.00012039, 0.00224635],
        [-0.00214612, 9.722e-05, -0.00234408],
        [0.00100343, 9.321e-05, 0.00191742],
        [-0.00080974, -7.79e-06, 1.879e-05],
        [0.00057699, 0.0003041, 0.00027151],
        [0.00366909, 0.0018884, -5.617e-05],
        [0.00103267, -0.00078026, 0.00172684],
        [0.00074293, -0.00307107, 0.00183941],
        [-0.00319131, 0.0040071, -0.00062522],
        [-0.00039778, -0.00015488, 0.00085494],
        [0.00643832, -0.00178894, 0.00146523],
        [-0.0042026, -0.00059717, -0.0003444],
        [0.00037924, -0.00011774, 0.00078799],
        [-0.00072973, -0.00101154, -0.001311],
        [-0.00246767, 0.00195386, 0.00188593],
        [-0.0005314, 0.00164006, 0.0014303],
        [-0.00099822, -0.00018605, -0.00270959],
        [0.00160166, 0.00114242, -0.00031357],
        [-0.00126035, -0.00027171, -0.00132649],
        [-0.0001792, -0.00360264, -0.00106535],
        [0.00275937, 0.00085692, -0.00050185],
        [-0.00074924, 0.00097695, 0.00089123],
        [0.00073398, -0.003382, 0.00057424],
        [0.00014921, -0.00028073, -0.00096818],
        [0.00083166, -0.00105068, -0.00083616],
        [0.00043902, -0.000792, -0.00437847],
        [0.0013091, 0.00103368, -0.00141453],
        [-0.00334508, -0.00195852, 0.00157623],
        [0.00261767, -7.856e-05, -0.00216995],
        [-0.00076029, 0.00356458, -0.00010525],
        [0.00685936, -0.00084872, 0.00343701],
        [0.0001481, 0.00217326, 0.00266823],
        [0.00313887, -0.00061956, -0.00175647],
        [0.00080255, -0.00067432, -0.0003533],
        [0.00035311, -0.00014616, -0.00359598],
        [0.00483306, -0.00089818, -0.00224358],
        [0.00110662, 0.00193476, 0.00022423],
        [-0.00197069, 0.00056729, -0.00085634],
        [-0.00095142, -0.00101018, 0.00232993],
        [-0.00342726, 0.00084313, 0.00175441],
        [-0.00344529, -0.00023992, 0.00113724],
        [-0.00148634, -0.00048756, -0.00070424],
        [-0.00382805, -0.00044746, 0.00028559],
        [-0.00479199, 0.00032408, -0.00204773],
        [-0.00021061, -5.591e-05, -0.00167113],
        [1.889e-05, -0.00252443, -0.00183205],
        [-0.0010549, -0.0026663, -0.00181252],
        [-0.00027666, -0.00155778, -0.00126576],
        [-0.00343742, -0.00245208, 0.00777337],
        [-0.00126875, 0.00034614, -0.00148453],
        [-0.00124549, 0.00110763, 0.0019121],
        [-0.00097605, -0.00119008, -0.00241063],
        [-0.00174458, 0.00049181, -0.0025052],
        [0.00066226, 0.00159693, -0.00187785],
        [-0.00024895, 0.00016504, 0.00045417],
        [-0.0010998, -0.00036473, 0.00225495],
        [-0.00107711, 0.00020293, -0.00063245],
        [0.00050736, -0.00059079, -0.00050531],
        [-0.00136231, 0.00208627, -0.00210966],
        [0.00097721, 7.496e-05, 0.00010326],
        [0.00196484, -0.00196767, -0.00174488],
        [-0.00058526, -0.00047982, 0.00011161],
        [0.00268638, -0.00500239, 0.00341021],
        [-0.00140061, 0.00090377, 0.00028713],
        [0.00212241, 0.00037739, 0.00205518],
        [0.00042561, 0.00197663, -0.00086631],
        [0.00093071, 0.00063166, -0.00160452],
        [-0.00137005, -0.00045653, 0.00098257],
        [0.00412777, 0.00271817, -0.000448],
        [0.00041097, 0.00049199, 0.00224141],
        [0.00352075, -0.00333024, 0.0044183],
        [0.00029414, 0.00485292, 0.00217296],
        [-0.00165084, 0.00218087, 0.0012836]
    ],
    "relaxed_lattice": [
        [-4.99352582, -14.32027983, -8.39062442],
        [-7.60180044, -0.08262497, -4.18567664],
        [-0.11842401, -0.09182087, -8.68282991]
    ],