{
    "atom_type": [
        "Na",
        "V",
        "P",
        "O"
    ],
    "atoms_per_type": [
        6,
        4,
        6,
        24
    ],
    "coord_mode": "direct",
    "relaxed_basis": [
        [0.51639128, 0.4906906, 0.50077902],
        [0.98236004, 0.99872235, 0.01083971],
        [0.25024902, 0.88400916, 0.61631694],
        [0.11872419, 0.38396576, 0.75073576],
        [0.75011837, 0.11380185, 0.38719352],
        [0.38064503, 0.74891716, 0.1151583],
        [0.64195529, 0.63961829, 0.64588128],
        [0.14190793, 0.15252486, 0.14591135],
        [0.35828327, 0.3542659, 0.34695059],
        [0.85810446, 0.85503686, 0.85922479],
        [0.24975944, 0.54654877, 0.95366714],
        [0.95342853, 0.25167085, 0.54390324],
        [0.54669475, 0.95585354, 0.24843049],
        [0.45550031, 0.03911309, 0.74826123],
        [0.75002316, 0.45864877, 0.04091778],
        [0.0448443, 0.75163238, 0.46113579],
        [0.8704241, 0.71954247, 0.50797815],
        [0.4667572, 0.87926466, 0.70859764],
        [0.69138217, 0.49776891, 0.88355269],
        [0.97620835, 0.20349883, 0.38305536],
        [0.3763443, 0.99268427, 0.21148617],
        [0.18920952, 0.38842524, 0.99255795],
        [0.12371536, 0.28921581, 0.50640636],
        [0.5240658, 0.11722426, 0.29581254],
        [0.31016298, 0.50865451, 0.11147069],
        [0.03397164, 0.79304792, 0.61959911],
        [0.63014135, 0.99422312, 0.778876],
        [0.80839958, 0.6171943, 0.9992381],
        [0.77403432, 0.41695925, 0.56645181],
        [0.55883874, 0.77438472, 0.41884891],
        [0.40787808, 0.56359123, 0.76529705],
        [0.06775097, 0.91549281, 0.27255294],
        [0.27515955, 0.06582639, 0.91793542],
        [0.91179935, 0.27042791, 0.05850352],
        [0.22525151, 0.58206916, 0.43450217],
        [0.43189153, 0.22730134, 0.58414935],
        [0.58834229, 0.44184823, 0.22935214],
        [0.94143235, 0.0817938, 0.72583114],
        [0.72595663, 0.93281673, 0.08308171],
        [0.09177394, 0.73500094, 0.93601917]
    ],
    "relaxed_energy": -407.78898581,
    "relaxed_forces": [
        [0.0048587, -0.00290086, -0.00077545],
        [-0.00162481, -0.00021048, 0.00126531],
        [-0.00063001, 0.00110573, 0.00085444],
        [0.00049452, -0.00042233, -0.00464839],
        [0.00245322, 0.00169389, 0.00270316],
        [-0.00089807, -0.00209473, -0.0067595],
        [-0.00091674, 0.00111381, -0.00301757],
        [0.00197829, 0.00369952, 0.00181664],
        [0.00359405, -0.00219946, 0.00605],
        [0.00644085, 0.00040365, 0.00074499],
        [0.0001228, 0.00032675, 0.00146303],
        [-0.00355904, 0.00206926, 0.00402307],
        [0.00428542, -0.00067941, -0.0032139],
        [0.00096171, 0.0026418, -0.00256114],
        [-0.00350834, -0.00230679, 0.0037595],
        [0.00180044, 0.00025649, 0.00222239],
        [-0.00605504, -0.00054916, 0.00010414],
        [-0.00377109, -0.00080417, 0.00244318],
        [-0.00500256, -0.00144319, -0.0008934],
        [-1.866e-05, -0.00492175, -0.00162107],
        [-0.00352529, 0.00218843, -0.00366849],
        [0.00076262, -0.0033737, -0.00392051],
        [0.00341688, -0.00354862, 0.00746479],
        [-0.00174705, -0.00218506, -0.0004906],
        [-0.00055711, 0.00044279, 0.00050447],
        [-0.00081749, 0.0012239, -0.00195697],
        [0.00234519, -0.00067167, 0.00459022],
        [0.00136466, 0.00214043, -0.0008611],
        [-0.00159792, 0.0002752, -0.00074215],
        [-0.00290267, -0.00167645, -0.00037349],
        [0.00072378, -0.00065598, 0.00400635],
        [-0.00328155, 0.00366582, 0.00158042],
        [-3.459e-05, -0.00204307, 0.00207473],
        [-0.00224005, 0.0044594, -0.00275672],
        [-0.00244826, -0.00176741, -0.0011893],
        [0.00344663, 0.00151773, 0.00051633],
        [0.00066232, 0.00096696, 0.00027149],
        [0.00422536, 0.00334937, -0.00496203],
        [-0.0016797, 0.00208511, 0.00069408],
        [0.00287859, -0.00117172, -0.00474096]
    ],
    "relaxed_lattice": [
        [-2.3564669, -7.3741234, -4.06838493],
        [-7.51975051, -0.28825369, -4.28797658],
        [0.02667397, -0.29203173, -8.65822357]
    ],
    "relaxed_mag_basis": [
        0.0,
        0.0,
        0.0,
        0.0,
        0.0,
        0.0,
        1.854,
        1.86,
        1.859,
        1.853,
        0.008,
        0.01,
        0.01,
        0.007,
        0.005,
        0.007,
        0.014,
        -0.006,
        -0.001,
        -0.007,
        0.016,
        -0.007,
        0.015,
        -0.007,
        -0.006,
        -0.006,
        0.013,
        -0.0,
        -0.009,
        -0.006,
        0.004,
        -0.005,
        -0.005,
        0.004,
        -0.005,
        -0.005,
        0.004,
        -0.006,
        -0.009,
        0.004
    ],
    "relaxed_magmom": 8.0
}