{
    "atom_type": [
        "Na",
        "V",
        "P",
        "O"
    ],
    "atoms_per_type": [
        4,
        8,
        12,
        48
    ],
    "coord_mode": "direct",
    "relaxed_basis": [
        [0.76170439, 0.49528184, 0.48529174],
        [0.00753466, 0.99878294, 0.98955334],
        [0.5563667, 0.38108716, 0.75325478],
        [0.49802715, 0.98055468, 0.02649115],
        [0.32307559, 0.63596326, 0.64045063],
        [0.8253298, 0.64217498, 0.6392365],
        [0.0775357, 0.13866673, 0.13885994],
        [0.57426998, 0.14176353, 0.148966],
        [0.17799991, 0.35509745, 0.3700142],
        [0.68445545, 0.34672221, 0.3553595],
        [0.42733777, 0.85329065, 0.86695718],
        [0.93164774, 0.85363409, 0.85808252],
        [0.1257711, 0.52942019, 0.97583179],
        [0.62750802, 0.53456571, 0.959006],
        [0.48441069, 0.24560679, 0.54562812],
        [0.98476476, 0.24659995, 0.53941091],
        [0.26946882, 0.95950824, 0.25513708],
        [0.77465762, 0.95650922, 0.24898346],
        [0.23599135, 0.03366334, 0.7473654],
        [0.73168706, 0.03190221, 0.75563144],
        [0.37564203, 0.4651081, 0.03752793],
        [0.87977991, 0.46025008, 0.03594593],
        [0.01961537, 0.75223212, 0.45993738],
        [0.51942077, 0.74731383, 0.46174724],
        [0.43658386, 0.71360035, 0.4764832],
        [0.93098103, 0.71820979, 0.49140644],
        [0.25556308, 0.8617603, 0.71029543],
        [0.74537582, 0.86896577, 0.71186772],
        [0.38507111, 0.49031588, 0.84033068],
        [0.86093568, 0.49488464, 0.86490671],
        [0.51136692, 0.20314405, 0.36876256],
        [0.00661631, 0.20488974, 0.36709036],
        [0.188545, 0.99083157, 0.20039113],
        [0.693069, 0.00556966, 0.18787615],
        [0.10972335, 0.36813003, 0.98276369],
        [0.60340085, 0.37758424, 0.97441213],
        [0.06704979, 0.2714523, 0.53509672],
        [0.56795942, 0.28171393, 0.52846736],
        [0.25161721, 0.13448425, 0.28482206],
        [0.75677332, 0.12086227, 0.30158861],
        [0.12582155, 0.4924539, 0.16886076],
        [0.64740089, 0.48225929, 0.13689328],
        [0.9987124, 0.79938969, 0.62760948],
        [0.5019852, 0.77168954, 0.64107394],
        [0.31688109, 0.00793206, 0.79550628],
        [0.81193364, 0.99405149, 0.81103598],
        [0.39806481, 0.62879367, 0.01571994],
        [0.90183239, 0.6253832, 0.00894566],
        [0.39276842, 0.41719946, 0.55646425],
        [0.89295767, 0.423422, 0.55029852],
        [0.27634265, 0.77746236, 0.43045662],
        [0.7768348, 0.77290625, 0.42281618],
        [0.22365589, 0.54207438, 0.81822733],
        [0.71658346, 0.5533757, 0.77794191],
        [0.03282815, 0.91870783, 0.27057825],
        [0.5364538, 0.9178962, 0.27903003],
        [0.14061564, 0.06123806, 0.91332601],
        [0.63337212, 0.06812292, 0.91858554],
        [0.45746539, 0.27276503, 0.08560723],
        [0.96415495, 0.27237101, 0.06397228],
        [0.10787281, 0.57476788, 0.44945789],
        [0.613187, 0.57110762, 0.44152597],
        [0.22825325, 0.21472252, 0.56710562],
        [0.72362375, 0.2224942, 0.58300695],
        [0.28045407, 0.46185356, 0.19380528],
        [0.79193162, 0.44010888, 0.22056056],
        [0.47172266, 0.07032988, 0.72743423],
        [0.96338559, 0.07864971, 0.72778816],
        [0.36560473, 0.92960186, 0.08854618],
        [0.87073574, 0.93123196, 0.08627547],
        [0.04795096, 0.72335703, 0.92531797],
        [0.54386882, 0.72337083, 0.94137011]
    ],
    "relaxed_energy": -755.44500891,
    "relaxed_forces": [
        [0.00029235, 0.0012303, -0.00166126],
        [-7.115e-05, -0.00019228, -0.00097023],
        [0.00203912, 0.00081388, -0.00151196],
        [0.00053711, 0.00305416, 0.00088669],
        [-0.00132291, 0.00177392, -0.00218652],
        [-0.00405269, -0.0019919, 0.00061422],
        [-0.00286157, -0.00551389, -0.00312283],
        [0.00244766, 0.00364139, -0.00139216],
        [-0.00109723, -0.00070993, -0.00172435],
        [0.00083492, -0.00141643, 0.00026912],
        [0.00043294, 0.00551066, -0.0033508],
        [-0.00050522, 0.00160039, 0.00660974],
        [-0.00104391, -0.00313191, 0.00243045],
        [0.00082209, 0.00134606, -0.00107215],
        [0.00614492, -0.00015704, 0.0025211],
        [-0.00240902, -0.00203812, -0.00148412],
        [0.00321228, -0.00079663, -0.00089813],
        [-0.00183923, 0.00672617, 4.644e-05],
        [-0.00298953, -0.00339039, -0.00157649],
        [-0.00186076, 0.00074616, -0.00072213],
        [-0.00170792, -0.00277591, -0.00221493],
        [0.00257843, 0.00746656, 0.00439831],
        [-0.00168992, 0.00239282, 0.00431061],
        [0.00148146, -0.00349585, 0.00179103],
        [-0.00083801, 0.00449681, 0.00130623],
        [0.00432689, -0.00223096, -0.00392358],
        [-0.00628393, 0.00215963, -0.00362424],
        [0.00744248, 0.00101749, 0.00051247],
        [-0.00047799, -0.00260038, 0.000586],
        [-0.00342943, -0.00052258, 0.00319583],
        [0.0021699, 0.00136735, -0.0002679],
        [0.00113635, -0.00156075, 0.00143632],
        [0.0018235, -0.00109898, -0.00270177],
        [0.00595323, 0.00154628, -0.00080608],
        [0.00052369, 5.476e-05, 0.0021324],
        [0.00565543, 0.00037407, -4.084e-05],
        [-0.000699, -0.00059845, -0.00500285],
        [0.00284553, -0.0026161, 0.00251074],
        [0.00312645, 0.00128404, 0.00028952],
        [-0.00202414, -0.00222402, 0.00127937],
        [-0.0021016, 0.00319267, 0.0058081],
        [0.00041841, -0.00061443, -0.00074349],
        [-0.00236782, 0.00044779, -0.00163158],
        [0.00018681, -0.00081335, -0.00272785],
        [-0.00036338, -0.00330708, 0.00386283],
        [-0.000809, -0.00017619, -0.00351722],
        [0.00040824, -0.00095333, -0.00068559],
        [-0.00310878, -0.00102677, 0.00163491],
        [-0.00478739, 0.0005581, 0.00035039],
        [0.00248838, -0.0013843, -0.00141829],
        [-0.00035583, -0.00078737, -0.00181108],
        [0.00116352, -0.00069043, 0.00519071],
        [-0.00157245, 0.00220342, 0.00273452],
        [-0.00543905, 0.00207406, 0.00052208],
        [-0.00051339, -0.00089004, 0.00464601],
        [-0.00028892, 0.00026952, 0.00022531],
        [-0.0016495, 0.00308283, -0.00102277],
        [-0.00066421, -0.00281777, -0.00234225],
        [-0.00010434, -0.00288684, -0.0031006],
        [-0.00186486, -0.00188878, 0.0041863],
        [-0.0033677, 0.00120047, -0.00317683],
        [-0.00127684, 0.00036635, 0.0035],
        [0.00491602, 0.00194176, -0.00443371],
        [-0.00057262, 0.00085541, -0.00433207],
        [0.00294632, -0.0001469, 0.00196225],
        [-0.00236829, 0.00058141, 0.00059578],
        [-4.895e-05, -0.00526037, -0.00291659],
        [-0.00115461, -0.00251166, 0.00061272],
        [0.00180384, -0.00135778, -9.931e-05],
        [5.378e-05, 0.00284167, 0.00135953],
        [0.00075182, -0.00247553, -0.00050346],
        [0.00101924, 0.00083308, 0.00039998]
    ],
    "relaxed_lattice": [
        [-5.0335617, -14.0832172, -8.39883658],
        [-7.48619258, -0.17114707, -4.2722913],
        [-0.18735141, -0.18679147, -8.60009866]
    ],