{
    "atom_type": [
        "Na",
        "V",
        "P",
        "O"
    ],
    "atoms_per_type": [
        9,
        8,
        12,
        48
    ],
    "coord_mode": "direct",
    "relaxed_basis": [
        [0.24175233, 0.53423387, 0.48452072],
        [0.74808811, 0.53446427, 0.46992404],
        [0.5053693, 0.97848804, 0.00781606],
        [0.01389835, 0.98145852, 0.98791628],
        [0.30382777, 0.24920943, 0.88202644],
        [0.80363496, 0.25063517, 0.88691953],
        [0.55728557, 0.38174924, 0.74787882],
        [0.37272698, 0.1285405, 0.38727749],
        [0.8753307, 0.1287744, 0.37880353],
        [0.32238081, 0.64675865, 0.64265837],
        [0.82228469, 0.64288307, 0.64204227],
        [0.07446759, 0.13779134, 0.14162305],
        [0.57204265, 0.14399351, 0.14686907],
        [0.17291524, 0.36257293, 0.36089111],
        [0.68082041, 0.35759025, 0.34733754],
        [0.42913414, 0.85438853, 0.86050681],
        [0.9302522, 0.85210907, 0.85453955],
        [0.12571264, 0.54088185, 0.95922983],
        [0.62440939, 0.54253546, 0.95091047],
        [0.47868308, 0.25110404, 0.54510046],
        [0.97578722, 0.24972594, 0.53802061],
        [0.26927888, 0.96141513, 0.25888466],
        [0.77490405, 0.95874334, 0.25165594],
        [0.23037833, 0.04138192, 0.75366998],
        [0.73011305, 0.03866579, 0.75565199],
        [0.37147354, 0.46074574, 0.04354743],
        [0.87718434, 0.45807779, 0.0316599],
        [0.0178925, 0.74774437, 0.46163564],
        [0.52158877, 0.74605682, 0.461319],
        [0.43868008, 0.68702724, 0.51093564],
        [0.93506426, 0.68795454, 0.51171945],
        [0.25614923, 0.87276007, 0.70099724],
        [0.75507954, 0.87135706, 0.70482878],
        [0.34881012, 0.48052349, 0.88231381],
        [0.84921223, 0.47935078, 0.87790234],
        [0.49283934, 0.20595782, 0.38087882],
        [0.98704251, 0.20455904, 0.37747921],
        [0.18373145, 0.98950398, 0.22655752],
        [0.68929614, 0.00836087, 0.20714539],
        [0.11705825, 0.3643273, 0.9839052],
        [0.60841599, 0.38085088, 0.95819902],
        [0.0570375, 0.2931397, 0.50565956],
        [0.56003701, 0.29621438, 0.51522763],
        [0.25521567, 0.12720073, 0.30110914],
        [0.7676752, 0.11798342, 0.29444957],
        [0.14557743, 0.51737199, 0.12275478],
        [0.65484295, 0.48068636, 0.11545079],
        [0.99659539, 0.80966412, 0.61978904],
        [0.50894238, 0.78033838, 0.62784881],
        [0.31333716, 0.0202106, 0.79092654],
        [0.81041503, 0.01547652, 0.80346317],
        [0.39658281, 0.62625182, 0.99607241],
        [0.89933843, 0.63191837, 0.98071997],
        [0.38325078, 0.41621657, 0.57073289],
        [0.87999963, 0.41241832, 0.57107586],
        [0.28561253, 0.77379561, 0.42205498],
        [0.78626331, 0.77252824, 0.4153455],
        [0.2099841, 0.57304238, 0.77255847],
        [0.70923757, 0.5759014, 0.76503308],
        [0.0188972, 0.9155896, 0.27898213],
        [0.52082764, 0.91948468, 0.28334248],
        [0.14076007, 0.04585245, 0.92505099],
        [0.63591041, 0.05994811, 0.91793656],
        [0.45753288, 0.27409459, 0.06136959],
        [0.96139579, 0.27528787, 0.05413124],
        [0.10971453, 0.58401744, 0.4460548],
        [0.61452677, 0.58131285, 0.43009921],
        [0.2183383, 0.22525753, 0.58605786],
        [0.72069479, 0.22460247, 0.58570512],
        [0.29268879, 0.43479779, 0.23346245],
        [0.79745776, 0.43895554, 0.22197135],
        [0.46499581, 0.08728736, 0.73364081],
        [0.96228187, 0.08213407, 0.72878917],
        [0.35854713, 0.95010478, 0.08521702],
        [0.86561047, 0.93814018, 0.07818966],
        [0.03916896, 0.72019908, 0.93295759],
        [0.54048623, 0.72368067, 0.94645077]
    ],
    "relaxed_energy": -793.48500855,
    "relaxed_forces": [
        [-0.00146312, 0.00043544, 0.00032578],
        [0.00097739, -0.00036782, 8.93e-06],
        [0.00080728, 0.00070355, -0.00028379],
        [0.00068762, -0.00184684, 0.00035036],
        [0.00060374, 5.845e-05, 0.00147302],
        [-0.00033719, 0.00040237, -0.00072225],
        [-4.367e-05, -0.00028118, 0.00054454],
        [-0.00109009, -0.00013027, -0.00189033],
        [-0.00014118, 0.00046806, 0.00054302],
        [0.00217123, 0.00084055, -0.00020829],
        [0.00314859, 0.00401321, -0.00054995],
        [0.00029935, 0.0021688, -0.00312276],
        [0.00048715, -0.0026184, 0.00181218],
        [7.077e-05, 0.00018835, 0.00041686],
        [-0.00041417, -0.00147682, -0.00179136],
        [-0.00061356, -0.00217437, -0.00073604],
        [-0.00179759, 0.00358785, 9.342e-05],
        [0.00257676, 0.00206097, -0.00193821],
        [0.0013456, 0.00039322, -0.00265302],
        [-0.00123908, -0.00510433, 0.00110276],
        [0.00014347, -8.68e-06, 0.00290881],
        [-0.00039907, 0.00219646, 0.0022829],
        [-0.00246485, 0.00329965, 0.00014489],
        [-0.0003197, 0.00055356, -0.00151919],
        [-0.0008763, 0.00213501, -0.00083527],
        [-0.00111749, 0.00035181, 0.00023882],
        [-0.00036428, 0.00058349, -0.001868],
        [0.00050505, 0.00148933, 0.00383631],
        [-0.00028217, -0.00277731, 0.00067919],
        [0.00108541, -0.0005852, -0.00094629],
        [-0.000461, 0.00101723, 0.00182966],
        [0.00357987, -0.00013637, 0.00304214],
        [0.00043838, -0.00241459, -0.00037616],
        [0.001026, -0.00036895, 0.00324124],
        [-0.00168378, 0.00112415, 0.00350585],
        [0.00027164, -0.00045692, 0.00205876],
        [0.00139877, 0.00188444, 0.00135016],
        [0.002934, 0.00185891, 3.462e-05],
        [4.021e-05, 4.041e-05, 0.00287305],
        [0.00108996, -0.00142253, -0.00087568],
        [0.00197967, -0.00217503, 0.00302006],
        [-0.00222457, -0.00212019, -0.00156948],
        [-0.0024334, -0.00249205, -0.00219786],
        [-0.00193009, -0.00111252, -0.00180258],
        [-0.00016393, -0.000946, -0.00043681],
        [-0.00235965, 0.00012063, -0.00186474],
        [0.00076135, -0.00188049, -3.046e-05],
        [-0.00093925, 0.00380096, -0.0013464],
        [0.00039234, -0.00131233, -0.00511214],
        [2.251e-05, -0.00535503, -0.00076225],
        [-0.00094489, -0.0001764, -0.0026793],
        [-0.00194637, -0.00036008, 5.087e-05],
        [-0.00114203, 0.0015948, -0.0008508],
        [-0.00346403, 0.00379051, -0.00082779],
        [-0.00151741, 0.00469092, -0.00118012],
        [0.00359007, -0.00236749, -0.00163585],
        [0.00464763, -0.00064852, -0.00223269],
        [-0.00184477, -0.00234869, 0.0021259],
        [-0.0009683, -0.00189033, 0.00098207],
        [-0.00321005, 0.00081976, 8.331e-05],
        [-0.00266968, 0.00024403, 0.00082316],
        [0.0011632, 0.00036652, -0.00193158],
        [0.00039401, -0.00059021, -0.00130234],
        [0.00181227, -0.0025281, -0.00043974],
        [-0.00123798, -0.00108597, 0.00062407],
        [0.00039084, 0.00143823, -0.00095464],
        [0.00036592, -0.00128542, 0.00105075],
        [-0.00192789, 0.00061844, 0.00240506],
        [-0.00047115, -0.00058076, -1.844e-05],
        [0.00284595, 0.00304269, -0.00179126],
        [0.00094789, 0.00248663, 0.00022307],
        [0.00392188, -0.00017131, -0.00268786],
        [0.00167304, 0.00082366, -0.00080855],
        [-0.00061201, -0.00421338, 0.00531266],
        [0.00037659, -0.00323009, 0.00196444],
        [-0.00233966, 0.00230929, 0.00160543],
        [-0.00151802, 0.00303863, -0.00018784]
    ],
    "relaxed_lattice": [
        [-5.1212517, -14.29494773, -8.3108661],
        [-7.60987925, -0.12663572, -4.14625127],
        [-0.22694783, -0.13110642, -8.65526899]
    ],