{
    "atom_type": [
        "Na",
        "V",
        "P",
        "O"
    ],
    "atoms_per_type": [
        5,
        8,
        12,
        48
    ],
    "coord_mode": "direct",
    "relaxed_basis": [
        [0.248269, 0.49743331, 0.50492087],
        [0.00198533, 0.98915878, 0.00645726],
        [0.489707, 0.02053121, 0.00060873],
        [0.75178982, 0.47479357, 0.51837694],
        [0.68909861, 0.74759128, 0.1190235],
        [0.32300871, 0.63693537, 0.64351767],
        [0.8211778, 0.63532517, 0.64995347],
        [0.07396439, 0.1360708, 0.1453933],
        [0.56826492, 0.14332044, 0.15391041],
        [0.17734, 0.35482501, 0.3635142],
        [0.67858833, 0.35275222, 0.35741468],
        [0.4251824, 0.85851117, 0.86258303],
        [0.93267139, 0.8548551, 0.85423075],
        [0.12650672, 0.53184569, 0.96610932],
        [0.62419468, 0.54035365, 0.96577437],
        [0.47880455, 0.24623207, 0.54514157],
        [0.98150416, 0.24787315, 0.54176988],
        [0.26801756, 0.9583424, 0.25675619],
        [0.76938006, 0.95468247, 0.25002066],
        [0.23147133, 0.03417678, 0.75343318],
        [0.73277075, 0.03408762, 0.75489567],
        [0.37351544, 0.46231395, 0.04045679],
        [0.87961518, 0.45337641, 0.03503388],
        [0.01942179, 0.74884605, 0.46503866],
        [0.51756877, 0.7467478, 0.46576738],
        [0.43668808, 0.69381149, 0.49607629],
        [0.93413006, 0.70596785, 0.507255],
        [0.25331122, 0.86542099, 0.70698037],
        [0.74588826, 0.85058319, 0.74305896],
        [0.35547222, 0.48620407, 0.87215108],
        [0.85693229, 0.47668371, 0.87107353],
        [0.4989966, 0.18691984, 0.38172144],
        [0.00083493, 0.20065953, 0.37471391],
        [0.18538045, 0.99119729, 0.20715825],
        [0.68816065, 0.96479566, 0.21342033],
        [0.10542749, 0.36570348, 0.99544165],
        [0.6042951, 0.36282735, 0.02107303],
        [0.06424155, 0.29607173, 0.5091836],
        [0.56181036, 0.29171004, 0.50615711],
        [0.24886487, 0.12485301, 0.3032033],
        [0.75190772, 0.13587144, 0.26542906],
        [0.14624087, 0.50106502, 0.13533142],
        [0.64339172, 0.53486873, 0.1229178],
        [0.00383728, 0.80318641, 0.62648096],
        [0.49354189, 0.80197075, 0.63013142],
        [0.31259439, 0.00694694, 0.80310285],
        [0.81477023, 0.00667599, 0.80010982],
        [0.39125314, 0.63223185, 0.01071014],
        [0.90202569, 0.62502122, 0.98504392],
        [0.38603932, 0.41817679, 0.55271871],
        [0.88773923, 0.4177351, 0.55999906],
        [0.2771179, 0.77148247, 0.42642231],
        [0.77946496, 0.7802343, 0.43427527],
        [0.21370522, 0.55312205, 0.78084739],
        [0.70974552, 0.55212668, 0.77776884],
        [0.03127019, 0.91543083, 0.27586243],
        [0.52839138, 0.91442804, 0.27331414],
        [0.13809411, 0.05040981, 0.924763],
        [0.63741058, 0.06585592, 0.92531799],
        [0.45960259, 0.27765572, 0.06646059],
        [0.96345923, 0.26640935, 0.06423652],
        [0.11183096, 0.57606915, 0.45111112],
        [0.61339089, 0.58280617, 0.44607623],
        [0.22042381, 0.22150056, 0.58412248],
        [0.72533116, 0.20801707, 0.57639656],
        [0.28746965, 0.43651116, 0.22723481],
        [0.79202006, 0.44737539, 0.21907629],
        [0.46529877, 0.08110126, 0.73455129],
        [0.97226909, 0.07852029, 0.73012472],
        [0.36151568, 0.9396034, 0.08643311],
        [0.86568476, 0.91282468, 0.08692126],
        [0.04318751, 0.72048456, 0.93834757],
        [0.53732066, 0.72285017, 0.93275974]
    ],
    "relaxed_energy": -763.8677591,
    "relaxed_forces": [
        [0.00022761, 0.00027493, -0.00018827],
        [-0.00034155, -4.456e-05, 0.00032152],
        [0.00199874, -0.00194096, -6.843e-05],
        [0.00089094, 0.00013946, 1.353e-05],
        [-0.00098688, 0.00054725, -0.00035941],
        [0.00093656, -0.00125736, -0.00060171],
        [-0.00052813, 0.00172667, -0.00068972],
        [-0.00023492, -0.0010666, -0.0005966],
        [0.00030581, 0.00267874, -0.00239805],
        [0.00023423, -0.00062721, 0.00065967],
        [0.00433171, -0.00821017, 0.00054414],
        [-0.00400997, -0.00225453, 0.00075976],
        [-0.00078066, -0.00123767, -8.562e-05],
        [-0.00183166, 0.00128933, 0.00025559],
        [0.00043659, -4.159e-05, -0.00422517],
        [-1.9e-05, -0.00325905, -0.0016229],
        [-0.0003044, -0.00222251, 0.00097952],
        [0.00034259, -0.00143613, -0.0004256],
        [0.00451726, 5.41e-05, 0.00192723],
        [0.00109096, 0.00266038, 0.00012068],
        [-0.00081429, 0.00182584, -0.00044368],
        [-0.00018798, 0.00020215, -0.0008262],
        [-2.033e-05, 2.789e-05, 0.00095513],
        [-0.00093835, -0.00049892, 0.00141976],
        [0.00113517, -0.00228253, -0.00074059],
        [-0.00012504, -0.00391808, -0.00085239],
        [-0.00375699, -0.00271491, 0.00119239],
        [-0.0023126, -0.00121114, -0.00249655],
        [-0.00295963, 0.00425815, -0.00197161],
        [0.00085412, -0.00115524, 0.00065655],
        [0.0044828, -0.00027254, -0.00450023],
        [0.00267048, 0.00417178, -0.00524904],
        [0.00019237, -0.001861, 0.00288092],
        [-0.00102865, 0.00087388, 0.00367326],
        [-0.00360433, -0.0022807, -0.00590421],
        [0.00031845, -0.00084674, 7.595e-05],
        [-0.00478574, -0.00088994, -0.00112535],
        [0.00268241, 0.00061217, 0.00120839],
        [-0.00411792, -0.00662323, -0.00106861],
        [0.000867, -0.00066138, 0.00026507],
        [-0.00758638, 0.00423285, -0.00188913],
        [-0.00031147, -0.00039074, -0.00170928],
        [-0.00173255, 0.00332943, -0.00056169],
        [-0.00089224, -0.00167271, 0.00233191],
        [0.00019103, 0.00123713, 0.00139274],
        [0.00051652, -0.0016534, -0.00384834],
        [-0.00145509, 0.00082402, 0.00179689],
        [0.00216303, 0.00116623, 0.00149942],
        [0.00199717, 0.00202394, 0.00073419],
        [0.000679, -0.00069543, 0.00026988],
        [0.00204723, 0.00027891, 0.00548689],
        [-0.00130252, -9.778e-05, 0.00060767],
        [-0.00611577, 0.00585239, 0.00271621],
        [0.00207706, -9.839e-05, -0.000887],
        [0.00308448, 0.0044433, 0.00258725],
        [0.00044407, -0.00024662, 0.00131812],
        [0.00463666, 0.00091437, -0.00040514],
        [0.00029219, -0.00247472, -0.00378988],
        [0.00097643, -0.00149162, 0.00446636],
        [-0.00023071, 0.0034909, 0.00332952],
        [0.00259006, 0.0023292, -0.00183879],
        [-0.00233222, -0.00097272, -0.00163524],
        [0.00797842, -0.00231128, 0.00514766],
        [0.0021398, 0.00023846, 0.00118085],
        [-0.00045711, -0.00084319, 0.00078887],
        [-0.00257939, 0.00013307, 0.00061688],
        [0.00351287, 0.00345204, 0.00132932],
        [-0.0027094, 0.00027848, 0.00159158],
        [-0.00172688, 0.00145036, -0.00016669],
        [0.0015078, 0.00030606, -0.00136975],
        [-0.00113914, 0.00209433, -0.00482885],
        [-0.00027177, -0.00191651, -0.00049507],
        [-0.00081795, 0.00426164, 0.00276352]
    ],
    "relaxed_lattice": [
        [-4.90721272, -14.01083607, -8.68494111],
        [-7.46895628, -0.13018454, -4.32423909],
        [-0.10635287, -0.04668803, -8.59630886]
    ],