{
    "atom_type": [
        "Na",
        "V",
        "P",
        "O"
    ],
    "atoms_per_type": [
        6,
        4,
        6,
        24
    ],
    "coord_mode": "direct",
    "relaxed_basis": [
        [0.49996202, 0.49995207, 0.50008984],
        [0.99997602, 0.99996591, 4.662e-05],
        [0.25449593, 0.88896327, 0.61689677],
        [0.61142949, 0.24539819, 0.88309382],
        [0.74545545, 0.11109164, 0.38308564],
        [0.38865795, 0.75457005, 0.11687483],
        [0.64867843, 0.6372033, 0.64982234],
        [0.13709852, 0.14879994, 0.14973399],
        [0.35129674, 0.36280512, 0.3501694],
        [0.86287306, 0.85119812, 0.85028268],
        [0.24847764, 0.55018185, 0.96378878],
        [0.94985343, 0.25147645, 0.5361147],
        [0.54579509, 0.95416065, 0.25000359],
        [0.45415503, 0.04584555, 0.75000418],
        [0.75156025, 0.44979533, 0.03621068],
        [0.05012948, 0.74853309, 0.46385259],
        [0.87575127, 0.70296722, 0.52471619],
        [0.47704132, 0.87363727, 0.72350968],
        [0.69474901, 0.46333156, 0.88848792],
        [0.96310648, 0.19470045, 0.38849084],
        [0.37354489, 0.97744804, 0.22335914],
        [0.20239372, 0.37620809, 0.02440772],
        [0.12419631, 0.29705804, 0.47529763],
        [0.52287822, 0.12640899, 0.27645704],
        [0.3053199, 0.53663455, 0.11150264],
        [0.03692649, 0.80530698, 0.6114464],
        [0.6264294, 0.02248219, 0.7766737],
        [0.79767071, 0.62378432, 0.97552688],
        [0.76653382, 0.40913761, 0.56888447],
        [0.56630909, 0.77706235, 0.42322896],
        [0.41443317, 0.55709887, 0.77472203],
        [0.05726501, 0.91433454, 0.27463086],
        [0.27700953, 0.06666582, 0.92310527],
        [0.90901095, 0.2662163, 0.06902068],
        [0.23342712, 0.59083433, 0.43108435],
        [0.43367108, 0.22296849, 0.57678078],
        [0.58561767, 0.4428573, 0.2252801],
        [0.94272393, 0.0856346, 0.72531365],
        [0.72293492, 0.93338846, 0.07687307],
        [0.09104247, 0.73377409, 0.93098855]
    ],
    "relaxed_energy": -408.03385973,
    "relaxed_forces": [
        [-8.398e-05, 0.00068065, 0.00146143],
        [-0.00028771, -0.00053147, 0.00052116],
        [0.00113338, -0.00100894, -0.0009985],
        [-0.00025599, -0.00015969, 0.00085767],
        [-0.00038429, 0.0007111, 0.00022625],
        [0.00013134, 0.00131197, -0.00072806],
        [-0.00222709, 0.00023816, 0.00522327],
        [0.00052871, -0.00113543, -0.00514426],
        [0.00017628, -0.00104628, -0.00659897],
        [-0.00070206, -0.00119178, 0.00466991],
        [-0.00148808, 0.0023583, -0.0005174],
        [0.00360286, -0.00634532, 0.00093551],
        [-0.00066277, -0.00160152, 0.00122753],
        [0.00109826, 0.00112458, -0.00052243],
        [-0.00028505, -0.0010891, 0.00069277],
        [-0.00282579, 0.00573099, -0.00167382],
        [-0.00305528, 0.00059893, -0.00068903],
        [0.00032408, 0.00100025, -0.00011309],
        [-0.00053721, -0.00033956, 0.00098653],
        [-0.00312707, -0.0001413, -0.00380709],
        [0.0039648, 0.00052211, -0.00190094],
        [0.00180887, -0.0012681, -0.00503014],
        [0.0024897, -0.0009833, 0.0002959],
        [0.00051778, -0.00093397, -0.00104275],
        [-0.00010955, 0.00112011, 0.00238125],
        [0.00409362, 0.00053061, 0.00321303],
        [-0.00377297, 0.00064802, 0.00147135],
        [-0.00021521, 0.00292833, 0.00262174],
        [-0.00215759, 0.00357937, 0.00088561],
        [-0.00232815, -0.00103775, 0.00014499],
        [0.00010355, -3.749e-05, 0.00109291],
        [0.00470454, -0.00067513, -0.00247413],
        [0.0034417, -0.00400219, 0.00382326],
        [-0.00289821, 0.00355341, 0.0005132],
        [0.00115945, -0.00485176, -0.00170556],
        [0.0026306, -4.59e-06, 0.00201289],
        [-0.00115211, -0.00082045, -0.00154285],
        [-0.00502431, 0.00254258, 0.00045697],
        [-0.00110008, 0.00212322, -0.00227882],
        [0.00277103, -0.00209755, 0.00105269]
    ],
    "relaxed_lattice": [
        [-2.44370134, -7.18574261, -4.21922978],
        [-7.59178998, -0.01941367, -4.21313125],
        [-0.15272098, -0.10313981, -8.72452605]
    ],
    "relaxed_mag_basis": [
        0.0,
        0.0,
        0.0,
        0.0,
        0.0,
        0.0,
        1.855,
        1.855,
        1.855,
        1.855,
        0.006,
        0.006,
        0.008,
        0.008,
        0.006,
        0.006,
        0.001,
        0.011,
        -0.009,
        -0.01,
        0.011,
        0.002,
        0.001,
        0.011,
        -0.009,
        -0.009,
        0.011,
        0.001,
        0.006,
        -0.007,
        -0.004,
        -0.004,
        -0.007,
        0.006,
        0.006,
        -0.007,
        -0.004,
        -0.004,
        -0.007,
        0.006
    ],
    "relaxed_magmom": 8.0011
}