{
    "atom_type": [
        "Na",
        "V",
        "P",
        "O"
    ],
    "atoms_per_type": [
        8,
        8,
        12,
        48
    ],
    "coord_mode": "direct",
    "relaxed_basis": [
        [0.25553876, 0.48231525, 0.50146751],
        [0.75728875, 0.51075227, 0.47742952],
        [0.48421053, 0.0085351, 0.01774375],
        [0.00023719, 0.98512049, 0.01913585],
        [0.12507287, 0.87639718, 0.62919792],
        [0.8055338, 0.25219532, 0.889031],
        [0.56048065, 0.38299079, 0.74989982],
        [0.68705101, 0.75185763, 0.11140423],
        [0.32187216, 0.63668924, 0.64135129],
        [0.82701785, 0.64540375, 0.64131202],
        [0.06940234, 0.14123467, 0.14560302],
        [0.57515412, 0.14121642, 0.14883199],
        [0.18169348, 0.35500245, 0.35258351],
        [0.67348357, 0.35843558, 0.3578186],
        [0.4238459, 0.86236792, 0.85270163],
        [0.93093372, 0.85398568, 0.85840823],
        [0.12552946, 0.53166066, 0.96649915],
        [0.62365977, 0.55533712, 0.95385159],
        [0.47908305, 0.24954099, 0.54737596],
        [0.98114435, 0.25347355, 0.53604964],
        [0.26724781, 0.95963644, 0.24716441],
        [0.77026502, 0.95383322, 0.24960089],
        [0.22536022, 0.0368306, 0.75124634],
        [0.73544257, 0.04631927, 0.74590562],
        [0.37569054, 0.46174491, 0.03849957],
        [0.87507906, 0.45412682, 0.0386162],
        [0.02623789, 0.74483045, 0.4626289],
        [0.51512493, 0.75845964, 0.45726961],
        [0.43400471, 0.71009191, 0.48993647],
        [0.94051456, 0.69096492, 0.51635807],
        [0.23715908, 0.87275121, 0.71034992],
        [0.76054779, 0.8626368, 0.71970668],
        [0.35985199, 0.48501364, 0.87143959],
        [0.85621657, 0.46510769, 0.87724903],
        [0.51096746, 0.19806228, 0.37665617],
        [0.9963324, 0.19700719, 0.37991031],
        [0.18133519, 0.00533486, 0.19916853],
        [0.69491936, 0.95255891, 0.20633483],
        [0.09650733, 0.37253402, 0.00680648],
        [0.61744517, 0.37602985, 0.97414469],
        [0.06456248, 0.30313611, 0.49128152],
        [0.55584417, 0.29514573, 0.54019319],
        [0.25158098, 0.12286599, 0.2951795],
        [0.74044566, 0.14033807, 0.27213378],
        [0.15369247, 0.49399767, 0.12771881],
        [0.64044438, 0.53387611, 0.12121946],
        [0.01421614, 0.79532494, 0.61998085],
        [0.49647014, 0.80533406, 0.62374403],
        [0.3089219, 0.00399934, 0.79264402],
        [0.81365019, 0.03339913, 0.79057225],
        [0.39527823, 0.63679908, 0.99799495],
        [0.89337192, 0.6290447, 0.98994692],
        [0.38640343, 0.41721146, 0.55382266],
        [0.88625208, 0.41768353, 0.56260285],
        [0.26888333, 0.77840092, 0.41824743],
        [0.78772753, 0.77751912, 0.42105937],
        [0.20706372, 0.55390611, 0.77697099],
        [0.71301609, 0.57960037, 0.7713675],
        [0.03007351, 0.91228534, 0.27733079],
        [0.53084386, 0.91703193, 0.26753161],
        [0.13259233, 0.06628172, 0.91927726],
        [0.64015956, 0.06295882, 0.91275043],
        [0.46466563, 0.28568695, 0.0578341],
        [0.95724791, 0.26781897, 0.07656802],
        [0.11809353, 0.57793933, 0.43412751],
        [0.60930824, 0.58745244, 0.44721225],
        [0.21592622, 0.22071026, 0.57780122],
        [0.72039417, 0.22681956, 0.57736634],
        [0.29303156, 0.43587308, 0.22525299],
        [0.78698156, 0.44734445, 0.21852712],
        [0.46066812, 0.08193078, 0.73274425],
        [0.97481881, 0.0870124, 0.72547373],
        [0.3591012, 0.93608886, 0.08080626],
        [0.86438511, 0.9415355, 0.08110338],
        [0.04399655, 0.72215623, 0.94558555],
        [0.5385863, 0.73369019, 0.92569455]
    ],
    "relaxed_energy": -786.14731157,
    "relaxed_forces": [
        [0.00160702, -0.00061841, -1.633e-05],
        [-0.00187709, 0.00020621, -0.00063873],
        [2.286e-05, 0.0006907, -0.00216471],
        [-0.00030404, -0.00148176, 0.00085668],
        [0.00184389, -0.00147946, 0.00107617],
        [-0.00043422, 0.00083842, 0.00061379],
        [0.00017219, 0.00149525, 0.00028857],
        [-0.00049271, -0.00146395, 0.00046687],
        [0.00045805, 0.00072006, -0.00127609],
        [0.00254374, 0.00346387, -0.00407233],
        [-0.00068778, 1.296e-05, 0.00084443],
        [-0.0009921, -0.00357851, 0.00200086],
        [-0.00260272, 0.00176062, 8.695e-05],
        [0.00415987, 0.00151696, 0.00126034],
        [-0.00092502, -0.00131704, -0.00201023],
        [-0.00049307, -0.00053089, 0.00143589],
        [-0.00067488, -0.00070137, 0.00041906],
        [0.00573973, -0.00093089, 0.00668673],
        [-0.00276895, 0.00295761, -0.00297506],
        [-0.00197206, 0.00079944, -0.00215788],
        [-0.00066697, 0.00403062, 0.00124288],
        [0.00398875, -0.00190088, -4.641e-05],
        [-0.00363735, 0.00170203, 0.00106886],
        [0.00171335, -0.00081588, -0.00306516],
        [-0.00100877, 0.00224819, 0.00028109],
        [0.00202021, 0.00151163, -0.00277471],
        [-0.00213245, -0.00073552, 0.00487405],
        [-0.00092398, -0.00419216, -0.00060509],
        [-0.00187998, -0.00144378, -0.00135806],
        [0.00158799, -0.00111769, 0.00087506],
        [-0.00149391, -0.00053315, -0.00187179],
        [-0.00395103, -0.00087864, 0.00048044],
        [0.0023887, -0.00043981, 0.00058691],
        [-0.00232013, -0.00189267, -0.00221038],
        [0.0037149, -0.00315266, -0.00053819],
        [-0.00067029, 0.00094248, 6.751e-05],
        [0.00363009, -0.00185059, -0.00134513],
        [-0.00360138, -0.00177658, -0.0001864],
        [0.00238255, -0.002022, -0.00043092],
        [-0.00309077, -0.00174838, -0.00362328],
        [-0.00012312, 0.00472018, 0.00169801],
        [-0.00120068, -0.0005123, -0.00190078],
        [0.00431693, 0.00350039, -0.00044683],
        [-0.00144227, -0.00029649, 0.00339728],
        [-0.0015126, 0.00010464, 0.00213123],
        [0.00050442, -0.00037161, -0.00427731],
        [0.00022503, 0.00089021, -0.00095902],
        [-0.0016438, -9.858e-05, -0.00523997],
        [-0.0009285, -0.00083553, 0.00223569],
        [-0.00041048, -0.00056586, 6.228e-05],
        [0.00134921, 0.00369014, 0.00098425],
        [0.00101469, 0.00081704, 0.0025577],
        [-0.00067808, -0.0009394, 0.00017896],
        [0.00196611, 0.0010786, 0.00112866],
        [0.00140032, -0.00270376, 0.00126128],
        [1.489e-05, -5.3e-05, 0.00154402],
        [0.00131058, -0.00398021, 0.00110589],
        [-0.00204321, 0.00207763, -0.00058542],
        [-0.00324174, -0.00048822, 0.00401483],
        [0.00200621, 0.0021087, 0.0010062],
        [0.00205187, -0.00027422, 0.00014377],
        [-0.0006756, 0.001247, -0.00017279],
        [-0.00151248, 0.00279714, -0.00073478],
        [-3.646e-05, -0.00180455, 0.00386207],
        [0.00132926, -0.00333712, -0.00021446],
        [-0.00207391, -9.598e-05, -0.00226601],
        [0.00329726, 0.00147505, -3.83e-06],
        [-0.00243914, -0.00039787, 0.00255364],
        [0.00188064, -0.00225878, 0.00097947],
        [-0.00099997, 0.00011632, -0.0003275],
        [0.00367132, -0.00022655, -0.00345696],
        [-0.0022183, -0.00197735, 0.0031145],
        [-0.00034517, 0.00450358, -0.00289323],
        [-0.00169471, -0.00074645, -0.00013206],
        [0.0011594, -0.00115949, 0.00066234],
        [-0.0006502, 0.00570236, -0.00315736]
    ],
    "relaxed_lattice": [
        [-5.03831426, -14.21153337, -8.45085657],
        [-7.5448813, -0.11638643, -4.22497865],
        [-0.15387605, -0.13089403, -8.66509721]
    ],