{
    "atom_type": [
        "Na",
        "V",
        "P",
        "O"
    ],
    "atoms_per_type": [
        8,
        8,
        12,
        48
    ],
    "coord_mode": "direct",
    "relaxed_basis": [
        [0.24849509, 0.48542263, 0.5180376],
        [0.7638877, 0.48037821, 0.49075406],
        [0.47977195, 0.00849367, 0.02783296],
        [0.98974488, 0.01626661, 0.00233708],
        [0.62823151, 0.89272021, 0.6125213],
        [0.56394593, 0.38053586, 0.74880758],
        [0.18764942, 0.75313772, 0.11785507],
        [0.68707639, 0.74907353, 0.11232006],
        [0.31748775, 0.64209995, 0.65110908],
        [0.8266924, 0.635443, 0.63463101],
        [0.06988633, 0.14777551, 0.15197552],
        [0.56948719, 0.142934, 0.14838326],
        [0.17765104, 0.35707278, 0.35912519],
        [0.68009897, 0.35316991, 0.35153299],
        [0.42815424, 0.86187802, 0.85475374],
        [0.93068635, 0.8529589, 0.8530063],
        [0.12450577, 0.54348463, 0.96553767],
        [0.62459442, 0.54292086, 0.95358423],
        [0.47736918, 0.25732671, 0.54714365],
        [0.98194898, 0.24424078, 0.54507039],
        [0.26893881, 0.95885601, 0.25265174],
        [0.77014859, 0.95248216, 0.23917636],
        [0.2317917, 0.04089433, 0.75112019],
        [0.73113048, 0.03657993, 0.74486549],
        [0.37442539, 0.46199279, 0.03688572],
        [0.87901947, 0.45811767, 0.03335717],
        [0.02014637, 0.75220567, 0.45805992],
        [0.51855344, 0.75450146, 0.46414032],
        [0.43430535, 0.69894012, 0.52669238],
        [0.93957719, 0.70832016, 0.4852602],
        [0.24407843, 0.86224757, 0.73418087],
        [0.74382476, 0.87404809, 0.7003107],
        [0.34791857, 0.48834335, 0.87743778],
        [0.85996734, 0.4831546, 0.8685512],
        [0.50308852, 0.20186303, 0.38183044],
        [0.00314837, 0.18895697, 0.37778501],
        [0.18808257, 0.97114917, 0.21571205],
        [0.68969205, 0.97239158, 0.19319052],
        [0.10489504, 0.36792973, 0.01601075],
        [0.60075614, 0.38246521, 0.9836847],
        [0.06351299, 0.29266154, 0.50750794],
        [0.55842872, 0.2984633, 0.52818111],
        [0.25321251, 0.13529981, 0.27375591],
        [0.7445857, 0.12195712, 0.28643727],
        [0.14648741, 0.5312029, 0.12260242],
        [0.64399825, 0.52133721, 0.11845406],
        [0.99829329, 0.80668527, 0.624344],
        [0.50980454, 0.81256454, 0.61603978],
        [0.31712571, 0.00481897, 0.7941508],
        [0.81205197, 0.99456443, 0.79964873],
        [0.402464, 0.62987523, 0.977299],
        [0.90014182, 0.62660742, 0.99780459],
        [0.38402367, 0.42295783, 0.56297962],
        [0.88994971, 0.4116352, 0.55300348],
        [0.28139455, 0.78334957, 0.43265327],
        [0.77882648, 0.77093326, 0.40992113],
        [0.20908761, 0.55700755, 0.777639],
        [0.70586452, 0.57199184, 0.76395983],
        [0.03418953, 0.91812675, 0.2688647],
        [0.52720146, 0.91226023, 0.27260395],
        [0.1408431, 0.06813221, 0.92395613],
        [0.63513715, 0.0609809, 0.91153352],
        [0.45889439, 0.27874125, 0.05338005],
        [0.96158821, 0.27255303, 0.06896285],
        [0.11481687, 0.58893474, 0.4418575],
        [0.61238377, 0.58576543, 0.44462632],
        [0.22495896, 0.21615103, 0.57818322],
        [0.7208366, 0.22475092, 0.58013784],
        [0.29063611, 0.45701112, 0.22163026],
        [0.79095148, 0.44855927, 0.2151131],
        [0.46613707, 0.08742589, 0.7352343],
        [0.97040512, 0.07729234, 0.72808119],
        [0.36278956, 0.91894903, 0.08964596],
        [0.86398816, 0.93382442, 0.07189863],
        [0.04073958, 0.72626652, 0.93381293],
        [0.53998336, 0.73417481, 0.92641634]
    ],
    "relaxed_energy": -786.02973348,
    "relaxed_forces": [
        [-0.00102416, -0.00014752, -0.00193875],
        [-0.00040642, 0.00129709, -0.00112289],
        [0.00047591, -0.00106786, -0.00095992],
        [0.00198551, -0.00153818, 0.00115479],
        [0.00191106, 5.371e-05, -0.00106361],
        [0.0009481, -0.00156393, 0.00024329],
        [-0.00028167, -0.00080574, -0.00252605],
        [0.00142774, 0.00074102, 0.00032694],
        [0.00140203, -0.00786829, -0.00418792],
        [0.00393139, 0.00506544, 0.00201295],
        [-0.0030601, 0.00105994, 0.00075011],
        [0.00563555, -0.00026275, -0.00455601],
        [0.00611934, -2.37e-06, -0.00169795],
        [-0.00470998, -0.00222542, 0.00543596],
        [0.00117743, -0.00297429, -0.00303235],
        [-0.0045376, 0.00644308, 0.00357699],
        [-0.00178915, -0.00196857, -0.00139563],
        [0.00073764, -0.00291963, 0.00481947],
        [-0.00357852, 0.00059244, 0.00162365],
        [0.00216156, 4.489e-05, -0.00410228],
        [-0.0097991, 0.00035324, -0.00035241],
        [0.00075001, -0.00030938, -0.00067687],
        [-0.00044591, 0.0007737, 0.00404001],
        [0.00154625, 0.00462091, 0.00294263],
        [0.0031559, -0.0012793, -0.00029571],
        [-0.00127784, -0.00272982, 0.00161252],
        [0.00368107, -0.00160274, -0.00299837],
        [0.00130834, 0.00128136, -0.00038745],
        [0.00149721, 0.00412838, -0.00315719],
        [-0.00093131, -0.00286846, 0.0054041],
        [0.00168126, -0.00215955, 0.00234566],
        [-0.00203931, 0.00676355, 0.00433182],
        [0.00068551, 0.00299027, 0.00276758],
        [-0.00410858, -0.00087073, -0.00224919],
        [0.00059554, 0.00119706, -0.00041291],
        [-0.00230783, 0.00093003, -0.0019796],
        [0.00173668, 0.00021496, 0.00023918],
        [0.00068866, 0.00197707, -8.607e-05],
        [0.00363627, 0.00181908, 0.00257765],
        [-0.00044881, 0.00618133, 0.00479503],
        [0.00142437, -0.00562363, 0.0041219],
        [-0.00071135, -0.00317001, -0.00106647],
        [-0.00579106, 0.00190658, -0.0060332],
        [-0.0006001, 0.00242307, -0.0038216],
        [-0.00404939, -0.00135496, -0.00430358],
        [0.00158308, 0.00506064, 0.00066671],
        [-0.00182154, -0.00172234, -0.00651386],
        [-0.00190515, 0.00289682, -0.00396498],
        [0.00285313, -0.00282296, -0.0011996],
        [0.00572612, 0.00039683, -0.00130279],
        [-0.00435973, -0.00199505, -0.0029327],
        [0.00139167, -0.00557688, -0.0042514],
        [-0.00175064, 0.00215346, -0.00250543],
        [0.00111847, -0.00101449, 0.00307376],
        [-0.00185836, 0.00089365, 0.00482152],
        [-0.00054596, 0.00134913, 0.00525697],
        [-0.00238355, -0.00018229, 0.0003497],
        [0.00153082, 0.00365699, 0.00234534],
        [0.00155289, -0.00409737, 0.00061653],
        [-0.00440184, 0.00180754, -0.00133928],
        [0.0016708, -0.00042243, -0.00357467],
        [0.0005239, 0.00658491, 0.0014065],
        [0.00123158, 0.00012086, 0.00090788],
        [0.000347, -0.00633578, -0.00256264],
        [0.00030995, -0.00239455, 0.00218754],
        [0.00190816, -0.00069603, -7.05e-06],
        [-0.00236065, -0.00364392, 0.00444805],
        [-0.00137621, 0.00134127, -0.0019544],
        [-0.00319353, -0.00232568, -0.00135853],
        [-0.00248077, -0.00033524, -0.00424652],
        [0.00155169, 0.00347788, 0.00090515],
        [0.00861302, 0.00063448, 0.00053065],
        [0.00049523, -0.00509023, 0.00572837],
        [0.00108118, -0.0009002, 0.00206274],
        [-0.006257, -0.00108347, 0.00016236],
        [0.00280408, 0.00271939, 0.00152585]
    ],
    "relaxed_lattice": [
        [-5.07506215, -14.26088406, -8.37927804],
        [-7.57894953, -0.13877123, -4.210225],
        [-0.15879393, -0.16234603, -8.62215749]
    ],