{
    "atom_type": [
        "Na",
        "V",
        "P",
        "O"
    ],
    "atoms_per_type": [
        8,
        8,
        12,
        48
    ],
    "coord_mode": "direct",
    "relaxed_basis": [
        [0.25594759, 0.50789521, 0.47796507],
        [0.74152557, 0.49274748, 0.52047062],
        [0.48908318, 0.02954975, 0.99152036],
        [0.01620732, 0.97062186, 0.99486654],
        [0.81393984, 0.24561319, 0.90017768],
        [0.94270926, 0.6131447, 0.24786744],
        [0.06046033, 0.37984873, 0.75133014],
        [0.6889069, 0.74901915, 0.11209918],
        [0.32416574, 0.64228259, 0.63782937],
        [0.82334934, 0.64590127, 0.64466264],
        [0.08034308, 0.13162614, 0.14443082],
        [0.56603721, 0.14818348, 0.14962276],
        [0.18148688, 0.3563337, 0.35398535],
        [0.67153812, 0.35717104, 0.36325434],
        [0.42691691, 0.8597205, 0.85593126],
        [0.92610576, 0.85921367, 0.85237716],
        [0.12709485, 0.53399663, 0.95487065],
        [0.622786, 0.54326044, 0.96506853],
        [0.47667036, 0.25053571, 0.54412021],
        [0.98541775, 0.24640286, 0.5446796],
        [0.27365587, 0.95730485, 0.24948971],
        [0.76368979, 0.95512636, 0.25425693],
        [0.23477162, 0.03915614, 0.74681958],
        [0.72905427, 0.04820705, 0.7570909],
        [0.37500895, 0.46988424, 0.03102568],
        [0.87723111, 0.44862098, 0.04886704],
        [0.01965679, 0.75344658, 0.45010985],
        [0.51517765, 0.75642606, 0.45706535],
        [0.43603785, 0.70111196, 0.48578031],
        [0.94163148, 0.707828, 0.46195873],
        [0.25582379, 0.87306916, 0.69811124],
        [0.75393732, 0.85754584, 0.74647563],
        [0.35990642, 0.49504431, 0.85883296],
        [0.86855189, 0.46619128, 0.87185697],
        [0.50128048, 0.19426774, 0.37537581],
        [0.01402753, 0.20268444, 0.36816661],
        [0.19252057, 0.99393085, 0.191521],
        [0.68685535, 0.96795331, 0.20347797],
        [0.10999174, 0.36874519, 0.96949666],
        [0.60495288, 0.36603213, 0.01494293],
        [0.06216843, 0.29655242, 0.52985379],
        [0.55647614, 0.29833398, 0.51450658],
        [0.25220785, 0.1241006, 0.29519843],
        [0.74028114, 0.14089035, 0.26983684],
        [0.13409772, 0.50095715, 0.13672034],
        [0.63659555, 0.5381411, 0.12842174],
        [0.98838503, 0.80367866, 0.62206802],
        [0.49002993, 0.81339127, 0.62057677],
        [0.311932, 0.00311959, 0.8114242],
        [0.80429131, 0.04125468, 0.80672765],
        [0.39815603, 0.63307342, 0.99925342],
        [0.89237685, 0.62012007, 0.01997298],
        [0.38446521, 0.42103825, 0.55112452],
        [0.89044026, 0.41623646, 0.54998058],
        [0.27860883, 0.7748996, 0.41908304],
        [0.77414112, 0.7783683, 0.4288209],
        [0.21369828, 0.56429121, 0.77628528],
        [0.71406454, 0.54278237, 0.78968287],
        [0.03911776, 0.91476968, 0.2638512],
        [0.52591103, 0.92172051, 0.2680958],
        [0.13833328, 0.06201822, 0.9112886],
        [0.63223989, 0.07304977, 0.92401753],
        [0.45769511, 0.28242491, 0.06418546],
        [0.96462097, 0.26732963, 0.07593633],
        [0.11136071, 0.57978349, 0.45206412],
        [0.61045138, 0.59323989, 0.43975269],
        [0.22578354, 0.22602972, 0.58376272],
        [0.71818986, 0.21812758, 0.58104148],
        [0.28755975, 0.45544213, 0.20937731],
        [0.78840491, 0.43406907, 0.22432688],
        [0.46339961, 0.08547084, 0.72833961],
        [0.96820169, 0.08652675, 0.73226828],
        [0.36720011, 0.93289749, 0.08356785],
        [0.86228451, 0.92581583, 0.0936339],
        [0.04044175, 0.71642515, 0.93085907],
        [0.54181257, 0.72775829, 0.91601466]
    ],
    "relaxed_energy": -786.21779366,
    "relaxed_forces": [
        [0.00118956, -0.00264976, 0.00100707],
        [-0.00013233, 0.00152651, 0.00020599],
        [-0.00171471, 0.00260073, -0.00403574],
        [-0.00236944, -0.00128413, -0.00153865],
        [2.42e-06, -0.00262385, -0.00205684],
        [-0.00067594, 0.00186691, 0.00135641],
        [-0.0001125, 0.00269593, 0.00337722],
        [0.00022269, 0.00181985, -0.00115542],
        [0.00179629, 0.00058236, 0.00226895],
        [-0.00189828, -0.00056731, 0.00210867],
        [0.00053561, -0.00611484, -0.0023134],
        [-0.0006491, -0.00144463, 0.00088371],
        [-0.00025997, 0.00146953, 0.00156987],
        [0.00048407, 0.00363365, -0.00258157],
        [-0.00085103, -0.00275975, -0.00037394],
        [5.265e-05, 0.00444854, -0.00336604],
        [0.0009507, 0.00272396, 8.553e-05],
        [-0.00263144, -0.00075132, -0.00214474],
        [0.00045369, 0.00084549, 0.00291091],
        [-0.00052473, 0.00040654, -0.00625961],
        [0.00038615, 0.00152284, 0.0005692],
        [0.00421314, -0.00719499, 0.00028012],
        [0.00133209, -0.00014635, 0.00274533],
        [0.00405148, 0.00123179, -0.00607775],
        [0.00301158, 0.00295418, 0.00193493],
        [-0.00610921, 0.00107774, -0.00122629],
        [-0.00501687, 0.00438913, -0.0068732],
        [0.00446083, 0.00299732, 0.00065526],
        [-0.00172544, -0.00037707, -0.00298265],
        [0.00341199, 0.00589855, -0.00021599],
        [0.00210978, 0.0006455, 0.00107186],
        [-0.00079247, 0.00033081, 0.00334466],
        [0.00070596, -0.00413944, 8.131e-05],
        [-0.0037523, 0.00199974, 0.00383606],
        [0.00284909, 0.00070553, -0.00251993],
        [-6.042e-05, -0.00402904, 0.00897484],
        [0.00066099, 0.0025488, 0.00661182],
        [0.00110512, 0.00334101, -0.00077954],
        [0.00223309, 0.00227134, -0.0017473],
        [-0.0010699, -0.00166148, -0.00501083],
        [-0.00435624, -0.00029652, 0.0016427],
        [-0.00429747, -0.00048329, -0.00148053],
        [3.31e-05, -0.00011013, -0.00136948],
        [-0.00442846, 0.00304965, -0.00252384],
        [0.00429673, -0.00334516, -0.00334351],
        [0.00165782, -0.00114715, 0.00098442],
        [0.00219078, -0.00315202, 0.00399608],
        [0.00066446, 0.00146572, -0.00010357],
        [-0.00248866, 3.719e-05, -0.00113121],
        [-0.00200522, -0.00310381, 0.00261313],
        [0.00391422, 0.00076698, 0.00191215],
        [0.00245601, 0.00095346, 0.00102455],
        [-0.00182121, -0.00213861, -0.00097835],
        [-0.00295653, 0.00065984, 0.00079792],
        [-0.00278722, 0.00080032, -0.00029311],
        [-0.00466832, -0.00132274, -0.00011424],
        [-0.00320377, 0.00033988, 0.00019252],
        [-0.00145369, 0.00229637, -0.00350303],
        [-0.00393217, -0.00122945, 0.00141657],
        [-0.00177619, -0.00221012, -0.00261677],
        [-0.0019797, 6.025e-05, -0.00079597],
        [0.00010841, -0.00351581, -0.00286162],
        [0.00157892, -0.00239115, 0.00095306],
        [0.00365142, -0.00501866, 0.00051302],
        [0.00652643, -0.00452965, 0.00042285],
        [-0.0026897, 0.00025563, 0.00077095],
        [0.00057597, -0.00109738, 0.00178882],
        [0.0015443, -0.00094357, 0.00235941],
        [0.00223342, -0.00028447, 0.0020562],
        [0.00511019, 0.00508652, -0.00143755],
        [0.00520808, -8.198e-05, 0.00103391],
        [-0.00239911, -3.269e-05, -0.00308115],
        [-0.00033583, 0.00196837, 0.00507036],
        [-0.00173371, 0.0010629, -0.00219565],
        [0.00060424, -0.00125722, 0.00378417],
        [0.0010858, -0.00190184, 0.0018765]
    ],
    "relaxed_lattice": [
        [-5.02580628, -14.25351163, -8.4346867],
        [-7.54024519, -0.17855239, -4.29519836],
        [-0.06967893, -0.19648604, -8.64330754]
    ],