{
    "atom_type": [
        "Na",
        "V",
        "P",
        "O"
    ],
    "atoms_per_type": [
        9,
        8,
        12,
        48
    ],
    "coord_mode": "direct",
    "relaxed_basis": [
        [0.25174604, 0.48488453, 0.51415998],
        [0.74379392, 0.47542432, 0.5390244],
        [0.50107313, 0.0094506, 0.9808216],
        [0.9918492, 0.0225815, 0.99796827],
        [0.12433085, 0.88163486, 0.61231488],
        [0.94109314, 0.60736318, 0.25058282],
        [0.3777368, 0.11122507, 0.37494168],
        [0.19193413, 0.75259858, 0.12028794],
        [0.69340037, 0.74639857, 0.12687712],
        [0.32145078, 0.63952493, 0.64402273],
        [0.82092993, 0.64553583, 0.64874226],
        [0.06613371, 0.15046982, 0.14839184],
        [0.57511252, 0.14511742, 0.13646154],
        [0.18051002, 0.35862614, 0.35156483],
        [0.67410871, 0.35087586, 0.36173591],
        [0.43417747, 0.84997688, 0.85119887],
        [0.92392214, 0.86340622, 0.85809721],
        [0.12469465, 0.54635545, 0.96043074],
        [0.62633356, 0.54351279, 0.96134772],
        [0.47661829, 0.24975051, 0.53737332],
        [0.97744108, 0.25234984, 0.54343051],
        [0.27354139, 0.95896776, 0.24189395],
        [0.76902454, 0.95575122, 0.25335112],
        [0.22946598, 0.03509028, 0.74748574],
        [0.73003581, 0.04132637, 0.74326434],
        [0.38009229, 0.45832318, 0.03475933],
        [0.87224798, 0.45936775, 0.0491773],
        [0.02118117, 0.74777625, 0.46182306],
        [0.52184199, 0.74746994, 0.46258357],
        [0.43490884, 0.71796076, 0.4999075],
        [0.94073906, 0.69604191, 0.49162849],
        [0.23605654, 0.87812201, 0.70170267],
        [0.75432737, 0.87542784, 0.68684707],
        [0.34861068, 0.50094812, 0.87931933],
        [0.84679968, 0.51391941, 0.87895244],
        [0.48881872, 0.20629201, 0.37642936],
        [0.98027333, 0.22291258, 0.38247256],
        [0.18501461, 0.99668663, 0.21113197],
        [0.69023802, 0.97533625, 0.2052621],
        [0.09524083, 0.38238872, 0.01946956],
        [0.60894828, 0.37275421, 0.99422051],
        [0.06480652, 0.29488211, 0.48874415],
        [0.56233583, 0.30083793, 0.48969149],
        [0.26596913, 0.12124099, 0.27961914],
        [0.74486185, 0.12430509, 0.30138774],
        [0.1529103, 0.52831552, 0.11245404],
        [0.64777429, 0.51983773, 0.12539719],
        [0.00388417, 0.79590001, 0.62579724],
        [0.50900826, 0.79640736, 0.62410338],
        [0.31867946, 0.97801883, 0.78818871],
        [0.81172499, 0.01552034, 0.78519834],
        [0.40936619, 0.61766634, 0.99502817],
        [0.88543462, 0.62631404, 0.03842474],
        [0.38608533, 0.41599234, 0.5674894],
        [0.88578911, 0.42316215, 0.57648695],
        [0.28050582, 0.77557951, 0.41292707],
        [0.78553746, 0.76637732, 0.41665936],
        [0.20188441, 0.56815327, 0.76757649],
        [0.70981792, 0.56988161, 0.77575278],
        [0.0328004, 0.91299438, 0.27302586],
        [0.53409261, 0.91354338, 0.2739369],
        [0.14029341, 0.05769271, 0.91786006],
        [0.64120361, 0.03801601, 0.91728435],
        [0.46038954, 0.26733137, 0.05842442],
        [0.95685368, 0.27948426, 0.05712652],
        [0.11647519, 0.58606733, 0.43568413],
        [0.61419283, 0.58043908, 0.43876021],
        [0.22746474, 0.21749103, 0.57546997],
        [0.71163108, 0.22811095, 0.58365967],
        [0.29746628, 0.44438712, 0.2248217],
        [0.78655061, 0.42770632, 0.2323746],
        [0.47170193, 0.08018369, 0.7208563],
        [0.97394262, 0.08280136, 0.72506966],
        [0.36338067, 0.93050151, 0.06964506],
        [0.86266022, 0.94004932, 0.08752402],
        [0.03884122, 0.73241101, 0.9433285],
        [0.54288118, 0.72882855, 0.93570456]
    ],
    "relaxed_energy": -793.49977542,
    "relaxed_forces": [
        [-0.00038762, -0.00041608, 0.00083898],
        [0.00377053, 0.00440517, -0.00477068],
        [0.00051459, 0.00038783, 0.00158386],
        [-0.00278738, -0.00354892, 0.00169894],
        [0.00372348, -0.00056012, 0.00214071],
        [-0.00069786, -0.00070453, -0.00159242],
        [0.00321092, 0.00213969, 0.00222002],
        [-0.00195787, -0.0015601, -0.00165056],
        [-0.00092878, -0.00207365, -0.00202684],
        [0.00284175, 0.00123779, 0.00057432],
        [0.00069847, 0.0005889, -0.00206065],
        [-0.00143381, -0.00062713, -0.00187455],
        [-0.0005547, 0.00096832, -0.00301865],
        [0.00056324, 0.00125909, 0.00113111],
        [0.00224123, -0.00013033, 0.00023895],
        [-0.00193325, 0.00171744, 0.00124121],
        [-0.00111362, -0.00122036, 0.00048509],
        [-0.00374863, -0.00128277, -0.00193243],
        [-0.0002182, 0.00560995, 0.00755722],
        [-0.00061741, -0.00370528, 0.0064966],
        [-0.0036305, 0.00203903, 0.00527769],
        [6.19e-05, 0.00289418, 0.00094928],
        [-0.00023494, -0.00251145, 0.00243393],
        [-0.00175398, -0.0005828, 0.00130525],
        [-9.109e-05, -0.00364511, -0.00134301],
        [0.00477421, 0.00042804, -0.0001233],
        [0.00549271, -0.00146118, 0.0038724],
        [-0.00056544, 0.00208864, -0.00166781],
        [0.00233014, 0.00613572, 0.0004297],
        [-0.00317728, -0.00572758, -0.00073157],
        [0.00145341, 0.00150962, 0.00096039],
        [0.00365004, -0.00041116, 0.00179506],
        [0.00328067, -0.0043487, 0.0020497],
        [-0.00093529, -0.00047237, 0.00197458],
        [-0.00083035, -0.00082514, -0.00133119],
        [-0.00126596, -0.00125987, -0.00397468],
        [-0.00114446, 0.00147194, -0.00513962],
        [0.00208448, 0.00482408, -0.00062016],
        [-0.0018633, -0.00044143, -0.00057627],
        [0.00235405, 0.00176756, -0.00552834],
        [-0.00012812, 0.000371, -0.00159623],
        [-0.00580569, -0.00740291, 0.00010062],
        [-0.00304455, -0.00464576, 0.00105729],
        [0.00354854, -0.00014015, 0.00278071],
        [0.00164786, 3.118e-05, 0.00228401],
        [-0.00040056, -0.00111189, 0.00099232],
        [0.00217604, 0.00152659, 0.00522014],
        [0.0010326, 0.00128561, -0.00297471],
        [-0.0032259, -0.00402989, 0.0003818],
        [0.00055665, -0.00510413, -0.00097727],
        [-0.00149168, 0.00133857, 0.00037614],
        [-0.00167939, 0.00013903, -0.00062802],
        [-0.0009853, -3.611e-05, 0.00128178],
        [-0.00253958, 0.00125067, -0.00143016],
        [0.00177335, -0.00014456, -0.00156486],
        [0.00277844, 9.059e-05, -0.00175428],
        [0.00144638, -0.00027909, -0.00248002],
        [0.00216027, 0.00385306, -0.00127516],
        [0.00018064, 0.00158035, -0.00136845],
        [-0.00131516, 6.196e-05, 0.00039588],
        [-0.0049551, -0.00133376, -0.00039514],
        [0.00060543, -0.00487339, 0.00123714],
        [-0.00035629, 3.365e-05, 5.087e-05],
        [-0.00231652, 0.0015824, 0.00082819],
        [-0.00095913, 0.00085997, -0.00052914],
        [-0.00158033, 0.00013606, -0.00059778],
        [0.00150346, -0.00457691, -0.00026707],
        [0.00243456, -1.915e-05, -0.00060244],
        [0.00260968, -0.00027051, -0.00092625],
        [0.00149785, 0.00324537, -0.00129099],
        [0.00137796, 0.00261381, -0.00226385],
        [-0.00101715, -0.00033955, 0.0011198],
        [-0.00183469, -0.00053721, -0.00064255],
        [0.00052008, 0.00458602, -0.0009076],
        [-0.00094369, -0.00091585, -0.00035981],
        [-0.00141136, 0.0010248, -0.00103767],
        [-0.00303374, 0.00619321, 0.00047054]
    ],
    "relaxed_lattice": [
        [-5.04231237, -14.24393629, -8.40094952],
        [-7.57543558, -0.09824361, -4.20142526],
        [-0.1686617, -0.09368208, -8.66216532]
    ],