{
    "atom_type": [
        "Na",
        "V",
        "P",
        "O"
    ],
    "atoms_per_type": [
        4,
        8,
        12,
        48
    ],
    "coord_mode": "direct",
    "relaxed_basis": [
        [0.76881513, 0.47355385, 0.49632233],
        [0.48122598, 0.00398214, 0.02585281],
        [0.12503652, 0.88333082, 0.61675954],
        [0.62504634, 0.88507203, 0.61440296],
        [0.32141814, 0.63643519, 0.64531935],
        [0.82177191, 0.65061107, 0.64806329],
        [0.06829168, 0.14404436, 0.1425787],
        [0.56700945, 0.14550014, 0.14575261],
        [0.18178717, 0.35765313, 0.35586065],
        [0.68290009, 0.35439188, 0.35432378],
        [0.42824007, 0.85223967, 0.84913335],
        [0.92867072, 0.85473548, 0.86317599],
        [0.12499083, 0.534673, 0.96527082],
        [0.62501682, 0.53746778, 0.96235365],
        [0.48013228, 0.25373675, 0.53416593],
        [0.98056139, 0.2546193, 0.52520262],
        [0.26948546, 0.97477603, 0.24557678],
        [0.76980402, 0.96574458, 0.24628281],
        [0.23334785, 0.03105268, 0.74612052],
        [0.72706649, 0.03551188, 0.75508853],
        [0.37127419, 0.46114109, 0.04116024],
        [0.87877846, 0.45885697, 0.0390795],
        [0.01663355, 0.75396018, 0.46896124],
        [0.52290282, 0.7447766, 0.46430657],
        [0.4349507, 0.70286857, 0.5233837],
        [0.91897546, 0.75459524, 0.50750547],
        [0.23668729, 0.8653998, 0.72085593],
        [0.72770768, 0.88044853, 0.71543635],
        [0.3486997, 0.49141302, 0.87484131],
        [0.84667712, 0.51686297, 0.87388314],
        [0.49481962, 0.20763936, 0.3688838],
        [0.97863719, 0.23972858, 0.35864727],
        [0.17225764, 0.0089073, 0.2534673],
        [0.67930987, 0.99963544, 0.22451998],
        [0.10203988, 0.36568593, 0.00591071],
        [0.59945634, 0.3749708, 0.99775826],
        [0.07761968, 0.24694558, 0.49156405],
        [0.57047952, 0.27653234, 0.49945983],
        [0.27141155, 0.14089396, 0.26113414],
        [0.7549671, 0.13127781, 0.29216801],
        [0.14808487, 0.49386834, 0.1342072],
        [0.65062287, 0.50290077, 0.12449497],
        [0.01357729, 0.77864901, 0.63478617],
        [0.52211541, 0.7845159, 0.61949955],
        [0.33104768, 0.99269446, 0.74566921],
        [0.81521583, 0.9762975, 0.79651625],
        [0.40311984, 0.62610784, 0.98383236],
        [0.90120464, 0.62521929, 0.00878399],
        [0.39081581, 0.42516485, 0.55565851],
        [0.89640247, 0.43280904, 0.5626004],
        [0.28760405, 0.79065193, 0.42172795],
        [0.78023512, 0.7788406, 0.42214724],
        [0.20901389, 0.55966836, 0.77712001],
        [0.70954382, 0.56120982, 0.77087153],
        [0.03414956, 0.92657483, 0.28353601],
        [0.52879208, 0.9170728, 0.2766738],
        [0.15458879, 0.05601899, 0.92938314],
        [0.63527264, 0.0683113, 0.92821452],
        [0.45400412, 0.27140036, 0.06969212],
        [0.96623393, 0.27963899, 0.03552211],
        [0.09571929, 0.57125891, 0.44309159],
        [0.61483828, 0.57186879, 0.43146565],
        [0.21565097, 0.21676042, 0.57396885],
        [0.72102159, 0.22324106, 0.58295389],
        [0.28386928, 0.4639755, 0.22061082],
        [0.79610219, 0.42993818, 0.22870845],
        [0.47011798, 0.0778259, 0.72103849],
        [0.96251541, 0.07813413, 0.70898174],
        [0.35346939, 0.93797066, 0.06696121],
        [0.85889197, 0.94472813, 0.07443917],
        [0.04081164, 0.72271136, 0.94080056],
        [0.54034356, 0.72888412, 0.9384667]
    ],
    "relaxed_energy": -754.88464952,
    "relaxed_forces": [
        [0.00193728, -0.00053017, 0.00177087],
        [-0.0014729, 0.00188319, -0.00201746],
        [0.00262666, -0.00010744, -0.00108924],
        [-0.00016792, 0.00059214, -0.00010272],
        [-0.00057879, -0.00162938, -0.00224382],
        [0.00091097, -0.00052253, -0.00295494],
        [0.00264825, 0.0017217, 0.00281789],
        [-0.00025735, 0.0083153, -0.00149044],
        [-0.00067847, -0.00294078, -0.00168365],
        [-6.193e-05, -0.00478745, -0.00236739],
        [0.00419458, 0.00033238, 0.00205327],
        [0.00628197, 0.00157287, 0.00325599],
        [-0.00702477, 0.00010367, 0.00312156],
        [0.00180516, -0.00026287, -0.00049666],
        [0.00102364, -0.00278052, 0.00229076],
        [-0.00151186, 0.00445747, -0.00046166],
        [-0.00065538, -0.00568668, 0.0004636],
        [-0.00062194, 0.00360027, -0.00126721],
        [0.00215089, -0.00643308, 0.00113225],
        [-0.00196775, 0.00145914, 0.00091073],
        [0.00130867, -0.00453076, -0.00154557],
        [-0.00054558, 0.00411001, -0.00193821],
        [0.00233492, 0.00671591, -0.00154214],
        [-0.00172035, -0.00304902, 0.00037295],
        [0.003854, 0.00186351, -0.00381976],
        [0.00082154, -0.00217402, 0.00220119],
        [-0.00326536, -0.00208031, -0.0050427],
        [0.00307187, 0.00401592, 0.00114607],
        [0.00253151, 0.0042958, -0.00300933],
        [-0.00025395, -0.00134064, 0.00094595],
        [0.0001034, -0.0039626, 0.00157103],
        [-0.00236086, 8.79e-05, 0.00302885],
        [-0.00041691, 0.0021001, 0.00041088],
        [0.00329458, -0.00339265, -0.00145002],
        [0.00376063, 0.00077459, 0.00064615],
        [0.00016402, -0.00361525, 0.00130289],
        [0.00024416, -0.00269553, 0.00060919],
        [0.00274179, 0.0034965, -0.0025515],
        [-0.00228206, 4.675e-05, 0.00286362],
        [-0.00085488, 0.00311455, -0.00086745],
        [0.00155996, -0.00166023, -0.00308359],
        [-0.00143488, 0.00239136, 0.00085462],
        [0.00231565, 0.00135329, 0.00403172],
        [-0.00020289, -0.00309057, -0.00232462],
        [-0.00280777, 0.00053394, -0.00358842],
        [0.00408467, -0.00236606, -0.00200228],
        [-0.00024146, 0.00281104, 0.00162794],
        [0.00148756, -0.00304904, -0.00070427],
        [-0.00218659, 0.00179076, -0.00198797],
        [-1.118e-05, -0.00139491, 0.00093833],
        [-0.00298691, -0.00159609, -0.00040624],
        [0.0012837, 0.00085231, 0.00195598],
        [-0.001382, 0.00060145, 0.00074591],
        [7.619e-05, -0.00088355, 1.32e-05],
        [-0.00335339, 9.419e-05, -0.00068984],
        [-0.001319, -0.00159035, -0.00229588],
        [-0.00131685, 0.00142056, -0.0049041],
        [0.00108964, -0.00060575, 0.00453169],
        [-0.00408088, 0.00632927, -0.00053278],
        [0.00256971, -0.00420995, 0.00104654],
        [0.00199097, 0.00087526, 0.00265438],
        [-0.00316166, -0.0013163, -0.00256364],
        [0.00017135, -0.00115043, 0.00146232],
        [0.00073853, 0.00186608, 0.00286192],
        [0.00041562, 0.00388309, -0.00143175],
        [-0.00148829, -0.00668652, 0.00495348],
        [-0.00539649, -0.00169546, -0.00184342],
        [-0.00276367, 0.0012461, 0.00308082],
        [-0.00031743, 0.00237511, -0.00021337],
        [-0.00016455, -0.00141611, 0.00154674],
        [-0.00285899, 0.00025921, 0.00027629],
        [-0.00142016, 0.00189031, 0.0010165]
    ],
    "relaxed_lattice": [
        [-5.07113007, -14.11651785, -8.46569633],
        [-7.49398545, -0.13655346, -4.25878157],
        [-0.24587497, -0.12451274, -8.61384168]
    ],