{
    "atom_type": [
        "Na",
        "V",
        "P",
        "O"
    ],
    "atoms_per_type": [
        7,
        8,
        12,
        48
    ],
    "coord_mode": "direct",
    "relaxed_basis": [
        [0.25589879, 0.50642613, 0.47915505],
        [0.75689569, 0.49920924, 0.48670091],
        [0.00432508, 0.97904367, 0.01095571],
        [0.32734838, 0.24755064, 0.90965145],
        [0.0567924, 0.37825897, 0.752641],
        [0.55153798, 0.36648687, 0.75122238],
        [0.66969945, 0.75398848, 0.09048244],
        [0.32242289, 0.64919657, 0.63573117],
        [0.82524928, 0.64146548, 0.63779006],
        [0.07342521, 0.13760625, 0.15122858],
        [0.57423037, 0.1394569, 0.1475472],
        [0.17610134, 0.35853495, 0.35819871],
        [0.67768507, 0.35121952, 0.35573366],
        [0.42779298, 0.85570188, 0.85925498],
        [0.92748726, 0.86365473, 0.85898133],
        [0.12256099, 0.53558001, 0.96435215],
        [0.62724354, 0.53305504, 0.95535122],
        [0.48241111, 0.2468911, 0.54098522],
        [0.98109499, 0.2492435, 0.54639978],
        [0.2690245, 0.95598227, 0.25080374],
        [0.77037938, 0.95387845, 0.24890463],
        [0.23123275, 0.04277601, 0.75286123],
        [0.73435158, 0.04020968, 0.75080678],
        [0.3738372, 0.46793285, 0.0409714],
        [0.87601051, 0.46584443, 0.03596859],
        [0.01604491, 0.76021025, 0.46130279],
        [0.51557281, 0.75511982, 0.45767177],
        [0.43883492, 0.70848698, 0.47098129],
        [0.93228387, 0.71460818, 0.49195399],
        [0.25243695, 0.87376214, 0.71381581],
        [0.75249759, 0.86069096, 0.72929135],
        [0.36880715, 0.48164942, 0.86286334],
        [0.86975527, 0.48633671, 0.85628846],
        [0.51488704, 0.19977417, 0.36393976],
        [0.00647522, 0.19988747, 0.3775805],
        [0.18633983, 0.99286635, 0.19496848],
        [0.69375626, 0.96818656, 0.19701836],
        [0.09952045, 0.37408409, 0.98888712],
        [0.61747028, 0.3580705, 0.97768156],
        [0.05995151, 0.29154602, 0.53280779],
        [0.56080575, 0.29111707, 0.52749287],
        [0.24973414, 0.13357405, 0.27373193],
        [0.74545396, 0.1290404, 0.2848149],
        [0.13034994, 0.5094768, 0.14249791],
        [0.63445368, 0.5189326, 0.12804963],
        [0.99194698, 0.81071157, 0.62736199],
        [0.48880584, 0.79537471, 0.63201384],
        [0.31044437, 0.0184526, 0.80542048],
        [0.81296222, 0.01039202, 0.8075003],
        [0.38645714, 0.64254941, 0.01073044],
        [0.8975901, 0.63157038, 0.00222685],
        [0.38780176, 0.41138356, 0.55489886],
        [0.8886856, 0.42380029, 0.55152138],
        [0.27110194, 0.77875325, 0.42455943],
        [0.7791946, 0.77497245, 0.42465746],
        [0.21548371, 0.5372294, 0.79514236],
        [0.71660301, 0.56244541, 0.77937488],
        [0.02815332, 0.92379637, 0.27423035],
        [0.53371046, 0.92294381, 0.27532043],
        [0.13377264, 0.07126132, 0.91723111],
        [0.63803244, 0.07013823, 0.91653517],
        [0.46239162, 0.29084929, 0.07111423],
        [0.95826444, 0.27735556, 0.07514974],
        [0.1061741, 0.58534311, 0.45721202],
        [0.6102593, 0.5824759, 0.44599399],
        [0.21849518, 0.23032925, 0.58577685],
        [0.72517296, 0.22029505, 0.58024989],
        [0.28640795, 0.44458459, 0.21643649],
        [0.78356977, 0.46193673, 0.20527178],
        [0.46714107, 0.07835126, 0.7224976],
        [0.96396839, 0.0855924, 0.73453389],
        [0.36205084, 0.93116286, 0.08216454],
        [0.86722961, 0.92837111, 0.0877342],
        [0.04258338, 0.72688368, 0.91805507],
        [0.54155003, 0.71066732, 0.91253943]
    ],
    "relaxed_energy": -778.16643816,
    "relaxed_forces": [
        [0.00053637, 0.00028891, -0.00185012],
        [-0.001116, -0.0016262, 0.00156882],
        [0.0010525, -0.00023674, 0.00032268],
        [-0.00016705, -0.00291984, -0.00078378],
        [-0.00235984, -0.00052832, -0.00095108],
        [-0.00135322, 0.00205928, -0.00100183],
        [0.00178835, 0.00481611, 0.00293517],
        [0.00467521, 0.00472267, 0.00086282],
        [-7.152e-05, -0.00387981, 0.0004706],
        [-0.00107142, -0.00370382, -0.0022845],
        [-0.00321948, 0.0007753, -0.00252705],
        [0.0046903, -0.00046185, 0.00114855],
        [0.0025747, 0.00182607, 0.00231986],
        [0.00090194, 0.00573546, 0.00168891],
        [0.00017757, -0.00630483, 0.00044782],
        [0.00243839, -0.00014758, -0.00034898],
        [0.00140648, 0.00038529, 0.00442757],
        [-0.00400313, -0.00058386, 0.00434111],
        [-0.00587846, -0.00273191, -0.00252291],
        [0.00111728, 0.00040614, -0.00363537],
        [-0.00258656, 0.00138536, -0.00420238],
        [0.00138455, -0.00056998, 0.00261351],
        [0.00268138, 0.00150367, 0.00183232],
        [0.00073779, 0.00616716, -0.00520401],
        [-0.00081862, 0.00605423, 0.00427641],
        [0.0070771, 0.00228183, 0.00124247],
        [0.0058043, 0.00248825, 0.00363272],
        [-0.00115224, -0.00632727, -0.00226692],
        [0.00012757, 0.00152341, 0.00077757],
        [-0.00424459, 0.00310609, 0.0006753],
        [0.00269446, -0.000654, 0.00152742],
        [-0.00272385, -0.00067085, 0.00130962],
        [-0.00250605, -0.00090155, -0.00105032],
        [-0.00219562, -0.0041969, 0.00431414],
        [0.00192841, -0.00132876, -0.00018252],
        [-0.00366838, 1.062e-05, 0.00129937],
        [-0.00295321, -0.00080791, 0.00242288],
        [-0.00291716, 0.00421909, -0.00071401],
        [0.00067556, 0.00085907, 0.00437338],
        [0.00272466, 0.00225767, 0.00140441],
        [-0.00122492, 0.00139145, -0.00281078],
        [-0.00092945, -0.00162157, 0.00334211],
        [-0.00078023, -0.00310321, -0.006443],
        [0.00094973, -0.00270595, 0.0010634],
        [0.00352389, -0.002056, -0.00025523],
        [0.00139111, 0.00225241, -0.00439035],
        [0.00269027, 0.00132154, -0.004462],
        [0.00533216, -0.00330112, 0.0004144],
        [-0.00097728, -0.00229365, -0.00023581],
        [0.00049151, -0.00482646, -0.00469468],
        [-0.00288351, 0.00261571, -0.00157127],
        [0.00133486, -0.00052137, -0.00501959],
        [0.00017489, -0.00191581, -0.00402042],
        [0.00059176, -0.0037135, -0.00387205],
        [-0.00300276, -0.00073099, 0.00238879],
        [0.00014706, -0.00159927, -0.00251738],
        [-0.00221207, -0.00095488, -0.00297087],
        [-0.0023621, 0.00069239, 0.00140603],
        [-0.00533506, -0.00184174, 0.00171156],
        [0.0001365, 0.00305302, 0.00219935],
        [-0.00052098, 0.00151505, -0.00301013],
        [0.00286518, -0.00404208, 0.00103243],
        [0.00622064, 0.00151808, 0.00130409],
        [-0.00358842, 0.00371804, 0.00109462],
        [0.00128983, -0.00185079, 0.00274894],
        [-0.00099212, 0.00249833, 0.00210538],
        [-0.00060997, -0.00035473, -0.00120139],
        [-0.00181537, -0.00332135, 0.00349858],
        [0.00231583, 0.00266901, 0.00447719],
        [-0.00019575, -0.00060059, -0.00045392],
        [0.00522503, 0.00083751, -0.00155985],
        [-0.00378313, 0.00275315, -0.00061228],
        [0.00034675, -0.00063032, -0.00041966],
        [-0.00162135, 0.00217886, 0.00040125],
        [-0.00438097, -0.00131887, -0.00137711]
    ],
    "relaxed_lattice": [
        [-5.13920223, -14.13268247, -8.52603636],
        [-7.58614626, -0.14878399, -4.29283943],
        [-0.18348122, -0.12573138, -8.68770219]
    ],