{
    "atom_type": [
        "Na",
        "V",
        "P",
        "O"
    ],
    "atoms_per_type": [
        7,
        8,
        12,
        48
    ],
    "coord_mode": "direct",
    "relaxed_basis": [
        [0.24897667, 0.50880374, 0.4946971],
        [0.74957445, 0.50736148, 0.49689063],
        [0.01106711, 0.97823123, 0.00118507],
        [0.31939869, 0.24681177, 0.89435934],
        [0.80824599, 0.24931373, 0.89544432],
        [0.37346428, 0.08345362, 0.33757076],
        [0.68166168, 0.75955887, 0.09936421],
        [0.32210599, 0.64374995, 0.64208656],
        [0.8222336, 0.64319945, 0.64825836],
        [0.06962654, 0.141102, 0.14605978],
        [0.57292736, 0.14394503, 0.14377963],
        [0.17165863, 0.36832372, 0.35764686],
        [0.67791699, 0.35717466, 0.35474322],
        [0.42742763, 0.85782737, 0.85836297],
        [0.93306381, 0.85597807, 0.84862586],
        [0.1230967, 0.53801025, 0.96712089],
        [0.62218472, 0.5448357, 0.96767115],
        [0.48170771, 0.24538258, 0.53997327],
        [0.98080804, 0.24760233, 0.5412046],
        [0.26286323, 0.95836661, 0.25190847],
        [0.76871876, 0.95450239, 0.24854862],
        [0.23034291, 0.04406871, 0.75242803],
        [0.73645059, 0.04629595, 0.74775545],
        [0.3742692, 0.46354326, 0.03667695],
        [0.87662677, 0.45849009, 0.03495898],
        [0.02053571, 0.75275071, 0.45906614],
        [0.51899119, 0.74890309, 0.46291257],
        [0.43574845, 0.71575982, 0.48320727],
        [0.93859243, 0.70375406, 0.50271776],
        [0.25352267, 0.86663864, 0.71991903],
        [0.75160151, 0.85559929, 0.75441962],
        [0.36133831, 0.47007441, 0.87379474],
        [0.85973489, 0.45917838, 0.87834839],
        [0.5031581, 0.18685496, 0.37697353],
        [0.00303093, 0.18666472, 0.38298613],
        [0.18287879, 0.99291909, 0.19789113],
        [0.6901424, 0.96348494, 0.20776957],
        [0.10052231, 0.36849792, 0.01307758],
        [0.61190834, 0.35678154, 0.02424261],
        [0.06400852, 0.29995042, 0.50099113],
        [0.56317456, 0.29277688, 0.50226143],
        [0.24764649, 0.13937904, 0.27239335],
        [0.7528496, 0.14458208, 0.24529077],
        [0.13991152, 0.52216952, 0.1330935],
        [0.64016868, 0.53986146, 0.12528932],
        [0.00281227, 0.81265674, 0.61840149],
        [0.49053022, 0.80714798, 0.63098194],
        [0.30811075, 0.03272228, 0.79682366],
        [0.81662178, 0.03386338, 0.787984],
        [0.38434473, 0.64341729, 0.00100729],
        [0.8999345, 0.63318404, 0.97208747],
        [0.38765753, 0.41354601, 0.55589005],
        [0.88751955, 0.41237413, 0.55949925],
        [0.26825845, 0.78538429, 0.42674033],
        [0.77833919, 0.78751095, 0.42828456],
        [0.21311841, 0.54021689, 0.7888255],
        [0.70970159, 0.5537645, 0.78263917],
        [0.0341386, 0.91404952, 0.26865893],
        [0.53196159, 0.91864441, 0.27615416],
        [0.13341103, 0.07608135, 0.91265469],
        [0.64150382, 0.08724754, 0.91651466],
        [0.45797559, 0.2840193, 0.0803302],
        [0.95848544, 0.27365143, 0.08001564],
        [0.11288848, 0.57994205, 0.44991342],
        [0.61197075, 0.58453467, 0.45000928],
        [0.22536069, 0.21667644, 0.56777798],
        [0.72856719, 0.21188479, 0.56669394],
        [0.28746108, 0.43190621, 0.22428981],
        [0.78742851, 0.46312037, 0.21485868],
        [0.46644194, 0.08019446, 0.72760277],
        [0.97158709, 0.08427403, 0.73348165],
        [0.3574364, 0.93293721, 0.08270027],
        [0.8651357, 0.91761834, 0.07921871],
        [0.04261644, 0.72482474, 0.92932459],
        [0.53598027, 0.71646913, 0.93323528]
    ],
    "relaxed_energy": -778.28773799,
    "relaxed_forces": [
        [0.00124717, 0.00198919, -0.0015834],
        [0.00173917, -0.00054724, -0.00192266],
        [-0.0041644, -0.00109579, -0.0039639],
        [-0.00321833, -0.0011024, -0.00241317],
        [-0.00024161, -0.00109363, 0.00322313],
        [0.00238499, 0.00115302, 0.00491439],
        [0.00125393, 0.00356632, 0.0009286],
        [0.0050031, -0.00467271, 0.00372271],
        [-0.0006416, 0.00054878, -0.00269912],
        [-0.00739685, -0.00095537, 0.00120072],
        [-0.00019877, 0.0019434, 0.00413685],
        [-0.00111556, -0.0031194, 0.00274131],
        [0.00189013, 0.00096769, 0.00100128],
        [0.00512003, 0.0037866, 0.00542123],
        [0.00268107, 0.00465485, -0.00248128],
        [-0.00752933, 0.00200851, 0.00149646],
        [0.00235087, 0.00537247, 0.00077841],
        [0.00458025, -0.00402709, -0.00321264],
        [0.0037621, -0.00156225, -0.00280379],
        [0.00256608, 0.00249329, -0.00902534],
        [-0.00088222, -0.00048236, 0.00429824],
        [0.00307936, 0.00922963, -0.00114504],
        [-0.00219608, 0.00478381, -0.00060806],
        [6.687e-05, -9.65e-05, 0.00250089],
        [-0.00060081, -0.00265743, -0.00840924],
        [-0.00115099, -0.00276545, -0.00235376],
        [0.00429467, -0.00260807, 0.00460593],
        [-0.0011804, -0.00045145, -0.00128324],
        [-0.00391085, -0.00278426, 0.0036574],
        [0.00246526, -0.00755929, 0.00025851],
        [0.00164316, -0.00270964, 0.0031986],
        [-0.00155941, -0.000981, 0.00061279],
        [0.00152402, 0.00099629, -0.00199183],
        [-0.00392926, -0.00385275, -0.00047631],
        [-0.00282689, -0.00184812, -0.00449079],
        [0.00126251, -0.00148686, 0.00080561],
        [0.00055273, -0.00322245, 0.00030422],
        [0.00114021, -0.00441235, -0.00070565],
        [6.259e-05, -0.00360405, 0.00128397],
        [0.00259297, 0.00330821, -0.0037492],
        [0.00394621, 0.00555083, 0.00147647],
        [0.00250709, 0.00160504, 0.00072977],
        [-0.00462338, 0.00326741, -0.00117784],
        [0.00531597, -0.00112225, 0.00250571],
        [0.00032018, -0.00244046, 0.00169813],
        [0.00038326, 0.00337186, -0.00515573],
        [0.00260595, 0.00315408, -0.00613965],
        [-0.00348867, 0.00393301, -0.00145355],
        [0.00326104, 0.00025513, 3.738e-05],
        [0.0035326, 0.00381172, -0.00125106],
        [-0.00206559, 0.00074723, 0.00352177],
        [-0.00415312, -0.00037029, -0.00033431],
        [-0.00524236, 0.00333096, -0.00135369],
        [8.881e-05, -9.494e-05, 0.00145473],
        [0.00145578, -0.00126564, 0.00271955],
        [-0.00340109, -0.0032634, -3.292e-05],
        [-0.00154776, 0.00088464, 0.00074187],
        [0.00350244, 0.00163146, 0.00148208],
        [-0.00310378, -0.00034677, -0.002366],
        [-0.00378684, -0.00212155, -0.00129155],
        [-0.00170169, 0.00366284, 0.00341574],
        [-0.00465, 0.00384897, -0.00023133],
        [0.00039863, -0.00358458, -0.00115496],
        [0.00118566, -0.00247863, 0.00011278],
        [-0.00304706, 0.00227671, -0.00183207],
        [-0.00265371, -0.00314958, -0.0001993],
        [0.00072658, -0.00135532, -0.00118443],
        [0.00181009, 0.00224266, -0.00150015],
        [0.00057883, -0.00187353, 0.00318915],
        [-0.00450312, -0.00131864, -0.00085138],
        [0.00087244, 0.00144005, 0.000366],
        [-0.00161651, -0.00605693, 0.00444597],
        [0.00315321, -0.00098402, 0.00166816],
        [0.00285729, 0.00076091, 0.00060493],
        [0.0005628, -0.00105313, 0.00156685]
    ],
    "relaxed_lattice": [
        [-5.08205323, -14.25478591, -8.54121618],
        [-7.5689394, -0.16133228, -4.23515316],
        [-0.18679119, -0.2076081, -8.65589929]
    ],