{
    "atom_type": [
        "Na",
        "V",
        "P",
        "O"
    ],
    "atoms_per_type": [
        8,
        8,
        12,
        48
    ],
    "coord_mode": "direct",
    "relaxed_basis": [
        [0.254038, 0.47644112, 0.51574636],
        [0.74794676, 0.53543094, 0.47045676],
        [0.4951615, 0.98661118, 0.0242883],
        [0.00729555, 0.00200019, 0.97982344],
        [0.80188921, 0.25277966, 0.88595525],
        [0.56104603, 0.37494816, 0.75093077],
        [0.87508287, 0.12378917, 0.37885807],
        [0.19129128, 0.74678169, 0.12483034],
        [0.32180397, 0.64202965, 0.64114185],
        [0.82246938, 0.64456177, 0.64030106],
        [0.07190098, 0.1421793, 0.14185319],
        [0.57224054, 0.1442396, 0.14827779],
        [0.17664448, 0.35416344, 0.35619175],
        [0.67770638, 0.36030406, 0.35668701],
        [0.42650692, 0.86132535, 0.85900041],
        [0.9319704, 0.85242477, 0.85559464],
        [0.12747003, 0.54028064, 0.95940748],
        [0.62174195, 0.54650654, 0.95560931],
        [0.48126937, 0.24985048, 0.54797378],
        [0.9757141, 0.25129123, 0.53609082],
        [0.26738896, 0.95189156, 0.25250802],
        [0.77524785, 0.96245263, 0.25080503],
        [0.23185647, 0.03739811, 0.74479772],
        [0.73224976, 0.03811996, 0.75678575],
        [0.37506391, 0.46026919, 0.04032901],
        [0.87483446, 0.46103941, 0.03283429],
        [0.01962746, 0.74333889, 0.46259906],
        [0.51738775, 0.75520996, 0.46409554],
        [0.43630367, 0.7070399, 0.4940021],
        [0.93905964, 0.68065449, 0.50668877],
        [0.25088161, 0.86520435, 0.70459626],
        [0.76147074, 0.87375947, 0.69609785],
        [0.35319673, 0.49886118, 0.87124269],
        [0.84823793, 0.48171385, 0.87737776],
        [0.49836342, 0.222547, 0.37419931],
        [0.98598839, 0.19882057, 0.38153461],
        [0.18653698, 0.96469621, 0.21402901],
        [0.69201287, 0.01100613, 0.20008809],
        [0.10755124, 0.36834319, 0.00755034],
        [0.60738536, 0.38201511, 0.96205512],
        [0.05753257, 0.3026479, 0.49188757],
        [0.56250074, 0.28899414, 0.53276447],
        [0.24923794, 0.12467281, 0.28258037],
        [0.76593366, 0.12168783, 0.29606406],
        [0.14497152, 0.53658448, 0.1174219],
        [0.64624951, 0.49197244, 0.12444522],
        [0.99329113, 0.81206984, 0.61905707],
        [0.49860811, 0.79283583, 0.63770552],
        [0.31349994, 0.00715334, 0.7916363],
        [0.81224466, 0.01150049, 0.80990571],
        [0.39548186, 0.63042439, 0.00452999],
        [0.89865587, 0.62959123, 0.98678532],
        [0.38740701, 0.41794801, 0.57725449],
        [0.87954642, 0.41475332, 0.56799153],
        [0.28242109, 0.76826331, 0.42170756],
        [0.78547551, 0.77518407, 0.41546699],
        [0.20949177, 0.56467718, 0.77115594],
        [0.70837061, 0.57790965, 0.76968952],
        [0.02310052, 0.91003077, 0.27401686],
        [0.53002121, 0.92267133, 0.28272091],
        [0.14072107, 0.04600974, 0.91941229],
        [0.63734748, 0.05556079, 0.91579798],
        [0.46122795, 0.27888515, 0.05241929],
        [0.95802009, 0.27429527, 0.0577616],
        [0.1145938, 0.58615158, 0.44292161],
        [0.60960416, 0.58347776, 0.45090879],
        [0.21826302, 0.21977176, 0.57935909],
        [0.72501706, 0.22623155, 0.58807322],
        [0.2900297, 0.44344739, 0.22352547],
        [0.79275749, 0.44219086, 0.22304323],
        [0.46794501, 0.07815457, 0.73008354],
        [0.96433904, 0.08734077, 0.72860192],
        [0.3609295, 0.92701812, 0.08164236],
        [0.86757142, 0.94243825, 0.07777334],
        [0.04041388, 0.72410922, 0.9248814],
        [0.53852477, 0.73079773, 0.93894186]
    ],
    "relaxed_energy": -786.13179103,
    "relaxed_forces": [
        [0.00150504, -0.00029634, 0.00052384],
        [0.00053711, -0.0015629, -0.00117099],
        [-0.00028857, -5.078e-05, 0.0012204],
        [0.00078948, -0.00104656, -0.0008656],
        [-0.00036089, -0.00011183, -0.00154253],
        [-0.00026577, -0.00047176, -0.00173867],
        [0.00132065, 0.00043524, 0.00035074],
        [-0.00058979, -0.00076598, -0.00119659],
        [0.00024398, 0.00216555, -0.00033197],
        [0.00049116, -0.00151618, -0.00090442],
        [0.00148151, -0.00187559, -0.00317442],
        [0.00255355, 0.0037562, 0.00040246],
        [0.00135217, 0.00044863, 0.00038121],
        [-0.00087989, -0.00282451, -0.00430999],
        [-0.00330807, 0.00213788, 0.00400791],
        [0.00033971, -0.00049449, -0.00241665],
        [-0.00454322, -0.00232764, -0.00209584],
        [-0.00333186, -0.00102142, 0.00260663],
        [-0.00251582, 0.00120837, -0.00485746],
        [-0.00219322, 0.00228187, 0.00026576],
        [0.00159691, -0.00170018, 0.00352839],
        [0.00551827, -0.0012555, -0.00207665],
        [0.00068486, -0.00060736, -0.00036524],
        [0.0007545, -0.00387935, 0.00529655],
        [0.00273581, 0.00010631, 0.00091886],
        [0.00049702, 0.00278523, 0.00195845],
        [0.00149493, 0.00192958, 0.00317231],
        [-0.00075734, 0.00111213, -0.00292336],
        [0.00241838, 0.00167594, 0.00149274],
        [-0.00088241, -0.00213133, -0.00085886],
        [0.00306401, -0.00195723, 0.00091442],
        [-0.00493382, 0.00149529, -0.00508743],
        [0.00039167, -1.288e-05, 0.00332893],
        [0.00060628, -0.00131345, -0.00353489],
        [0.00018328, -0.00293527, 0.00445158],
        [0.00093708, -0.00077531, 0.00501553],
        [-0.00133041, 0.0011313, -0.00011444],
        [-0.0005094, 0.00166073, 0.00209331],
        [0.00306084, 0.00063992, 0.00153104],
        [0.00113987, -0.00093156, -0.00018359],
        [-0.00110107, -0.00132923, 0.00021764],
        [-0.00115144, 0.00063581, 0.00018911],
        [-0.00370598, 0.00091675, -0.0011929],
        [-0.00063141, 0.00122127, 0.00092593],
        [0.00061599, 0.00040165, 0.00184911],
        [0.00068298, 0.00045752, -0.00365218],
        [-0.00044655, 0.00071813, -0.00306262],
        [-0.00023684, 0.00048533, 0.00250746],
        [-0.0012126, -0.00026307, -0.00026264],
        [-0.00013162, -0.00120873, -0.00279426],
        [-0.00242459, 0.00041295, 0.00150401],
        [-0.0036801, -0.00150316, -0.00123291],
        [0.00200271, -0.00317646, 0.00099127],
        [0.00059495, -0.00179924, 0.00014776],
        [0.001722, -0.00080608, -0.00104925],
        [-0.00259467, 0.00025896, 0.00068407],
        [0.00155475, 0.00100165, 0.00062577],
        [0.00226232, 0.00359077, -0.00315363],
        [-0.00164158, -0.00036352, 0.0002527],
        [-0.00411806, -0.00157587, 0.00156527],
        [0.00047317, 0.00335339, -0.00298152],
        [0.00049855, 0.00242284, -0.00241853],
        [0.00015069, -0.00149635, 0.00025972],
        [-3.234e-05, -0.00061658, 0.00016025],
        [-1.632e-05, -0.0007797, -0.00034229],
        [0.00221061, -0.00129241, 0.00166992],
        [-0.0017225, 0.00115105, 0.00124515],
        [-0.00084749, 0.0004705, 0.00021736],
        [0.00019182, 0.0013326, 0.00093704],
        [0.00064311, 0.00041155, -8.812e-05],
        [-6.565e-05, 9.019e-05, -0.00120039],
        [0.00253984, 0.00021829, 0.00011658],
        [0.00047238, 0.00151805, 5.662e-05],
        [-0.00022539, -0.0013204, 0.00217355],
        [-0.00013592, 0.00272952, 0.0018231],
        [0.00049865, 0.00062728, -0.00039966]
    ],
    "relaxed_lattice": [
        [-5.07174552, -14.17708467, -8.45581075],
        [-7.57575429, -0.09878515, -4.18659295],
        [-0.20331946, -0.09059805, -8.65663764]
    ],