{
    "atom_type": [
        "Na",
        "V",
        "P",
        "O"
    ],
    "atoms_per_type": [
        7,
        8,
        12,
        48
    ],
    "coord_mode": "direct",
    "relaxed_basis": [
        [0.25576527, 0.48732782, 0.49873124],
        [0.7459451, 0.48079391, 0.5263823],
        [0.49149301, 0.01746166, 0.99781493],
        [0.99479964, 0.01726894, 0.99938787],
        [0.12510994, 0.87265774, 0.6214414],
        [0.93991141, 0.62770493, 0.2500094],
        [0.69275006, 0.75200283, 0.10775938],
        [0.3230541, 0.63933449, 0.64127558],
        [0.82016138, 0.63984225, 0.65033185],
        [0.07302028, 0.13943497, 0.14256728],
        [0.56877484, 0.14978929, 0.1452109],
        [0.18327867, 0.35636511, 0.35215213],
        [0.67461, 0.35575712, 0.36002236],
        [0.43017788, 0.85368838, 0.85350829],
        [0.92585102, 0.86185579, 0.85567216],
        [0.12657576, 0.53633129, 0.96168789],
        [0.62356843, 0.54437011, 0.96424915],
        [0.4791197, 0.24863362, 0.54074427],
        [0.98286472, 0.24708583, 0.53641704],
        [0.2718385, 0.96358157, 0.24170985],
        [0.76627699, 0.9606426, 0.25076673],
        [0.23070711, 0.03750962, 0.74702508],
        [0.72843259, 0.04524001, 0.75018673],
        [0.37545096, 0.46265812, 0.03761945],
        [0.87610746, 0.45449883, 0.04617637],
        [0.02211757, 0.74651495, 0.45679489],
        [0.51921057, 0.75303597, 0.45866467],
        [0.43580284, 0.71369076, 0.49336978],
        [0.93873064, 0.70575504, 0.48649629],
        [0.23609708, 0.87624738, 0.71058574],
        [0.74001696, 0.86593021, 0.73743175],
        [0.35381508, 0.4898713, 0.87504877],
        [0.85862984, 0.48669156, 0.87527706],
        [0.50276047, 0.19022037, 0.37523514],
        [0.00342004, 0.18511494, 0.37617938],
        [0.18827336, 0.00189069, 0.19603486],
        [0.68860226, 0.98140215, 0.19869656],
        [0.09518079, 0.37675854, 0.00918028],
        [0.59902175, 0.37475964, 0.01390768],
        [0.06735409, 0.29394572, 0.4926554],
        [0.56025932, 0.29798369, 0.50841701],
        [0.25474505, 0.13138897, 0.28891715],
        [0.74163172, 0.13551014, 0.2936344],
        [0.15263551, 0.50238335, 0.12358762],
        [0.64500763, 0.52306235, 0.12859583],
        [0.00941137, 0.78918199, 0.62161235],
        [0.50732906, 0.79844148, 0.62088747],
        [0.31628089, 0.99233817, 0.79030269],
        [0.81092861, 0.02286048, 0.78626349],
        [0.40121757, 0.63000672, 0.99677209],
        [0.89388546, 0.62340687, 0.02309075],
        [0.38795334, 0.41768626, 0.54946685],
        [0.89165093, 0.41700821, 0.54241891],
        [0.2750674, 0.78271154, 0.41648548],
        [0.77979255, 0.77586001, 0.41934085],
        [0.20619708, 0.55752727, 0.76977871],
        [0.70999479, 0.55081625, 0.78290737],
        [0.03644321, 0.91193242, 0.26798444],
        [0.53535922, 0.91561614, 0.26600399],
        [0.13760651, 0.07480416, 0.91547478],
        [0.63451633, 0.07822375, 0.92054759],
        [0.45871871, 0.27611512, 0.06773816],
        [0.95809804, 0.2672213, 0.0771937],
        [0.11445475, 0.57295882, 0.43534864],
        [0.61374109, 0.58314167, 0.43332265],
        [0.22371644, 0.2217544, 0.57484276],
        [0.71566101, 0.22402607, 0.57614225],
        [0.29164681, 0.44610506, 0.22530072],
        [0.78745759, 0.43967656, 0.22806458],
        [0.46684266, 0.08074654, 0.7263565],
        [0.97630737, 0.0796068, 0.72321754],
        [0.36453545, 0.9398521, 0.07596877],
        [0.86228308, 0.94022491, 0.08804656],
        [0.04217747, 0.72581447, 0.94687931],
        [0.54006278, 0.73011091, 0.93763816]
    ],
    "relaxed_energy": -778.615505,
    "relaxed_forces": [
        [-0.00070727, 0.00231693, 0.00094742],
        [-0.00258397, 0.00131437, 0.00193867],
        [-0.0027356, -9.999e-05, 0.00105938],
        [0.00113802, 0.00034123, -0.00096218],
        [-0.00237087, 0.00026912, -0.00038373],
        [-0.00187617, -0.00185809, 0.00323777],
        [0.00112816, 0.00368187, 0.00258056],
        [0.00292684, 0.00232792, -0.0017001],
        [-0.00036345, 0.0020666, -0.00130209],
        [0.00308221, 0.00102094, -0.00184014],
        [0.00227437, -0.00148838, -0.00068907],
        [0.00228427, -0.00172586, -0.00118567],
        [-0.00228889, -0.00036308, -0.00021741],
        [-0.00433097, 0.00256684, -0.00317012],
        [0.00292839, -0.00156074, 0.00193619],
        [0.00155218, 0.00164828, 0.00107012],
        [-0.00044936, 0.00158933, 0.00021369],
        [-0.00120319, 0.00034271, 0.00255472],
        [-0.00285951, -0.00042731, 0.00112207],
        [-0.00015033, -0.00036821, 0.00078635],
        [-0.00043497, -0.00041986, 0.00172656],
        [-0.00344838, -0.00184931, -0.00072145],
        [-0.00233115, -0.00277025, -0.00051101],
        [0.0014583, -0.00020405, 0.00027171],
        [0.00517162, -0.00153151, 0.00159459],
        [-0.00031996, -0.00220077, -0.00504116],
        [-0.00229546, 0.00180105, -0.00257443],
        [0.00087506, -0.00186331, -0.0009379],
        [-0.00100067, 0.00110085, 0.00078821],
        [0.00088938, 0.00214875, -0.00304194],
        [0.0024171, -0.00048006, 0.00277265],
        [-0.00241593, 0.00099259, -0.0001034],
        [-0.00409385, -0.00091412, -0.00061446],
        [0.00078687, -0.00057647, 0.00385436],
        [0.00483456, -0.00076677, -0.00373982],
        [0.00317936, -0.00271849, -0.00516746],
        [0.00071304, 0.00285673, 0.00105472],
        [0.00583513, 0.00168222, -0.00249441],
        [-0.00150999, -0.00039643, -0.0005654],
        [-0.00131897, 0.00201822, 0.00129597],
        [-0.00109169, 0.0025052, -0.00242212],
        [-0.00310082, 0.00063045, -0.00079777],
        [-0.00313985, -0.0031567, 0.00421474],
        [-0.00330325, -0.00146322, 0.00137321],
        [-0.0002467, -5.037e-05, -2.955e-05],
        [-0.002451, -0.00168681, 0.00325101],
        [-0.00160208, 0.00056625, 0.00108728],
        [0.00070142, 0.0012197, -0.00335103],
        [0.00415019, -0.00024838, 0.00153689],
        [0.00100704, -0.00017722, -0.00133838],
        [0.00018961, -0.00151885, -0.00162575],
        [0.00040991, -0.00015626, -0.00614825],
        [0.00074665, -0.00230949, -0.00261439],
        [0.00343299, 0.00174166, 0.00334854],
        [0.0028183, 0.00197852, -0.00197388],
        [0.00193398, 0.00160312, 0.00085679],
        [0.00017044, -0.0026277, 0.00090929],
        [0.00100507, -0.00278523, 0.00264972],
        [-0.00207408, -0.00096425, 0.00059331],
        [-0.00080212, 0.00147623, -0.0004605],
        [-0.00350399, -0.00223835, 0.00087924],
        [-0.00194919, -0.00208913, 0.00406151],
        [0.00234106, 0.00184355, -0.00221881],
        [0.00225421, -0.00071249, -0.00101076],
        [-0.00079741, 0.00026714, 0.00201696],
        [-0.00054146, -0.00222881, 0.00034462],
        [-0.00368702, -0.00061752, -0.00152803],
        [0.00231238, -0.00035018, 0.0005956],
        [-4.6e-05, 0.00094871, 0.00475239],
        [-0.00393024, -0.00263542, -0.00159878],
        [0.00456562, 0.00332932, 0.00096216],
        [0.00129671, 0.00060842, 0.0015572],
        [1.261e-05, 0.00013632, -0.00064644],
        [0.00221859, 0.00060928, -0.00265102],
        [-0.0016858, 0.00104898, 0.00158269]
    ],
    "relaxed_lattice": [
        [-5.04517617, -14.19856274, -8.52130764],
        [-7.52457635, -0.11518352, -4.19297891],
        [-0.16735092, -0.0920945, -8.61223876]
    ],