{
    "atom_type": [
        "Na",
        "V",
        "P",
        "O"
    ],
    "atoms_per_type": [
        11,
        8,
        12,
        48
    ],
    "coord_mode": "direct",
    "relaxed_basis": [
        [0.25563204, 0.48039412, 0.50112388],
        [0.75415612, 0.51466398, 0.48690988],
        [0.49670857, 0.98725797, 0.01586506],
        [0.0010168, 0.0026466, 0.99613426],
        [0.12397083, 0.87339485, 0.61497034],
        [0.30249398, 0.24799014, 0.89484902],
        [0.80781699, 0.25336067, 0.87987182],
        [0.5626531, 0.38052713, 0.75356999],
        [0.87326742, 0.11408294, 0.38206007],
        [0.19038437, 0.75200999, 0.11778093],
        [0.69493398, 0.75344634, 0.10820974],
        [0.32322635, 0.63793228, 0.64660453],
        [0.82375031, 0.64245717, 0.64185174],
        [0.06912406, 0.14452187, 0.147403],
        [0.57198471, 0.14352326, 0.15184968],
        [0.17924715, 0.35715292, 0.34954832],
        [0.6729854, 0.36082646, 0.35880951],
        [0.43124497, 0.85624657, 0.84604998],
        [0.92830094, 0.85634108, 0.85744524],
        [0.12360501, 0.54519742, 0.96549457],
        [0.62219099, 0.55083274, 0.95630411],
        [0.47867557, 0.25090233, 0.55037619],
        [0.97785076, 0.25015526, 0.53517994],
        [0.27064179, 0.95157637, 0.2462549],
        [0.77094962, 0.95692579, 0.25172035],
        [0.23014822, 0.04080989, 0.74793782],
        [0.73157721, 0.04818517, 0.75047395],
        [0.37649546, 0.45293971, 0.03617347],
        [0.8725694, 0.45580517, 0.03716201],
        [0.02403759, 0.74254718, 0.46337879],
        [0.52046203, 0.75671368, 0.4584652],
        [0.44008792, 0.70043772, 0.50844748],
        [0.94283087, 0.68666372, 0.5119533],
        [0.24415131, 0.86248673, 0.72669298],
        [0.75591974, 0.87694487, 0.71000042],
        [0.35180627, 0.46428115, 0.88362528],
        [0.84681477, 0.47152696, 0.88480333],
        [0.50443499, 0.1992248, 0.38542676],
        [0.98592184, 0.18916259, 0.38773249],
        [0.18736813, 0.9653929, 0.21736386],
        [0.69254524, 0.97879711, 0.20108369],
        [0.10419038, 0.36844326, 0.02418125],
        [0.60409154, 0.37885468, 0.99071241],
        [0.06365488, 0.29871285, 0.47436022],
        [0.55564308, 0.30314531, 0.53333284],
        [0.25711925, 0.13533126, 0.25261662],
        [0.74866293, 0.12877516, 0.29498518],
        [0.15204707, 0.53479969, 0.11184483],
        [0.64015014, 0.53239944, 0.12047244],
        [0.00870222, 0.80495459, 0.61633522],
        [0.50266823, 0.81818742, 0.61629242],
        [0.31206214, 0.01712805, 0.79104379],
        [0.81077347, 0.03355221, 0.7937984],
        [0.40073966, 0.62928032, 0.96784022],
        [0.88741178, 0.63284539, 0.9937961],
        [0.38386209, 0.411424, 0.56981154],
        [0.88397428, 0.40705602, 0.56737134],
        [0.27938826, 0.78243121, 0.42449936],
        [0.78520663, 0.77557759, 0.41524001],
        [0.20506614, 0.55708059, 0.77404168],
        [0.70754718, 0.56408836, 0.77415827],
        [0.02761921, 0.91028578, 0.27484429],
        [0.53524234, 0.9118543, 0.26838976],
        [0.13885199, 0.06356447, 0.9183636],
        [0.63761251, 0.06528203, 0.91569783],
        [0.46160613, 0.27555188, 0.05791362],
        [0.95324547, 0.27217975, 0.06965358],
        [0.11913954, 0.58730895, 0.43397479],
        [0.61328183, 0.5893523, 0.44886116],
        [0.22050653, 0.21390723, 0.57505821],
        [0.71955002, 0.23223862, 0.58355664],
        [0.29330528, 0.4505285, 0.21976549],
        [0.78809445, 0.4388001, 0.22669865],
        [0.4624238, 0.08832841, 0.74015331],
        [0.97542971, 0.08478478, 0.72350313],
        [0.36238949, 0.91743803, 0.07796774],
        [0.86225086, 0.95100701, 0.07961605],
        [0.0417859, 0.728089, 0.93548892],
        [0.53889576, 0.73232088, 0.92653821]
    ],
    "relaxed_energy": -808.46802793,
    "relaxed_forces": [
        [0.00145912, 0.0005644, 0.00015529],
        [-0.00011833, -0.00028802, -0.00067454],
        [-0.0019419, 3.713e-05, -0.0005955],
        [-0.00019654, -0.00040364, 0.00025141],
        [0.00020486, 0.00116272, 0.00027603],
        [-0.00052103, 0.0006145, -0.00101196],
        [-0.00067676, -0.0008832, -5.509e-05],
        [0.00098, 0.00182229, -0.00149882],
        [0.00110555, 0.00094428, 0.00099586],
        [0.00070988, -0.00126992, -0.00149773],
        [-0.00071635, -0.00021096, -0.00062288],
        [0.0069721, 0.0032344, -0.00091185],
        [-0.00302868, -0.00510945, 0.0028914],
        [0.00017914, 0.00195314, 0.0003492],
        [-0.00177316, 0.00293766, 0.00367781],
        [-0.00590452, 0.00438498, 0.00068322],
        [0.0044317, -0.00420707, 0.00024001],
        [0.00202659, 0.00132618, 0.00019341],
        [-0.0009411, 0.00072087, -0.00079718],
        [0.00197939, 0.00334262, 0.00157131],
        [0.00643455, -0.00067866, 0.00081734],
        [-0.00450501, 0.00199262, 0.00037638],
        [-0.00247567, -0.00017867, -9.897e-05],
        [-0.00024482, -0.00118884, 0.00118835],
        [0.00063508, -0.00253109, -0.0054499],
        [0.00442695, -0.00024042, 0.00189425],
        [0.00118119, -0.0007813, 0.00088214],
        [0.00172771, 0.0035899, -0.00059056],
        [-0.00076746, 0.00176751, 0.00075708],
        [-0.00139237, -0.00031977, 0.00244643],
        [-0.00389426, -0.00267532, -0.00225586],
        [0.00015809, -0.00150276, 0.0002758],
        [-0.00077979, -0.00019018, 0.00096498],
        [0.00220194, 0.00053834, 0.00129632],
        [0.00110928, -0.00117491, 0.00115246],
        [-0.00153711, 0.00039432, 0.00141663],
        [-0.00136016, -0.00033451, 8.417e-05],
        [-0.00204183, -0.00094024, 0.00182237],
        [-5.446e-05, -0.00011296, 0.00103243],
        [-4.312e-05, 0.00179245, 0.00041963],
        [8.822e-05, -0.00186561, -0.00176408],
        [-0.00058549, 0.00162402, -0.00139916],
        [0.00199045, 0.00057351, -0.00135219],
        [0.00217396, -0.00020755, 0.00158892],
        [-0.00039119, 0.00010659, 0.00032169],
        [-0.00097719, -0.00034605, -0.00112086],
        [-0.00168631, -0.00016607, -0.00051639],
        [-2.808e-05, -0.00034461, -0.00217622],
        [9.466e-05, 0.00011118, 2.368e-05],
        [0.00079641, 4.408e-05, 0.00053928],
        [-0.0015875, -0.00473655, 0.00646819],
        [-0.00175771, 0.00394439, 0.00324389],
        [0.0004715, 0.00087418, -0.00015916],
        [0.00344669, 0.00032456, 0.00039509],
        [0.00108478, -0.00096125, 0.00019398],
        [-0.00083281, 0.00074461, -0.00084878],
        [-0.00075786, -0.00115725, -0.00039959],
        [0.00048143, -0.00037687, -0.00253577],
        [0.0006686, -0.00145419, -0.00219312],
        [0.00085175, 0.00062976, 0.00128719],
        [0.00039332, -0.0014073, 0.00010031],
        [0.00032203, -0.00069081, -0.00050132],
        [-0.00382264, -0.00156754, -0.00183581],
        [-2.321e-05, -1.591e-05, 0.0005105],
        [-0.00123005, -0.00035313, -0.00060706],
        [0.0006549, 0.00065744, 0.00045366],
        [-0.00077952, -0.0001438, -0.00022723],
        [0.00145532, 5.572e-05, -0.00014859],
        [-0.0002556, -0.00212605, 0.00081195],
        [-0.00029752, 0.00086318, 0.0017166],
        [2.532e-05, 0.00058127, -0.00126758],
        [-0.00038401, 0.00115492, 0.00029435],
        [-0.00035298, 3.617e-05, 0.00091022],
        [-0.00425056, -0.00100973, -0.0020281],
        [-0.0002968, -0.00011543, -0.00016426],
        [0.00036176, 0.00249454, -0.00581526],
        [-0.00025518, 0.0021844, -0.00075264],
        [0.00062172, 0.00011591, 0.00031618],
        [0.00156072, -0.00597313, -0.00341337]
    ],
    "relaxed_lattice": [
        [-4.96073085, -14.36811034, -8.44023386],
        [-7.58396893, -0.09563438, -4.21047853],
        [-0.10746699, -0.13063527, -8.69058289]
    ],