{
    "atom_type": [
        "Na",
        "V",
        "P",
        "O"
    ],
    "atoms_per_type": [
        7,
        8,
        12,
        48
    ],
    "coord_mode": "direct",
    "relaxed_basis": [
        [0.25070189, 0.50453247, 0.49934783],
        [0.74383033, 0.51563989, 0.49553011],
        [0.5157489, 0.0002499, 0.97280756],
        [0.81493836, 0.24284836, 0.89342187],
        [0.37702096, 0.10976108, 0.37527852],
        [0.87795006, 0.10181757, 0.37814481],
        [0.02768201, 0.97667306, 0.97534061],
        [0.32092408, 0.64091146, 0.65088618],
        [0.82150039, 0.64034756, 0.64818257],
        [0.07546132, 0.14308609, 0.14797624],
        [0.57252924, 0.14603452, 0.14643636],
        [0.18033992, 0.35720451, 0.35660307],
        [0.67885773, 0.35519039, 0.35577471],
        [0.43237452, 0.85540139, 0.85585585],
        [0.93462112, 0.84521343, 0.85480028],
        [0.12882782, 0.53667627, 0.96277291],
        [0.62325835, 0.54263629, 0.96481126],
        [0.47955473, 0.24775239, 0.53881202],
        [0.98096348, 0.24432359, 0.5397144],
        [0.27326942, 0.95897307, 0.25411295],
        [0.77261843, 0.95426671, 0.2532126],
        [0.23291656, 0.0310098, 0.7564553],
        [0.73266483, 0.03424962, 0.75776669],
        [0.37927942, 0.45973417, 0.03652331],
        [0.87887543, 0.45012835, 0.03897394],
        [0.02412515, 0.74647068, 0.46284366],
        [0.5212275, 0.74986384, 0.46842974],
        [0.42789891, 0.7363993, 0.50747436],
        [0.93432933, 0.72997877, 0.49426978],
        [0.23872008, 0.86520858, 0.72598766],
        [0.74483509, 0.86076982, 0.7334656],
        [0.35370222, 0.49834512, 0.86994535],
        [0.85512299, 0.46836898, 0.88213357],
        [0.48435911, 0.19953207, 0.38457717],
        [0.98884126, 0.19249434, 0.38494854],
        [0.18516495, 0.99933882, 0.22290508],
        [0.68550469, 0.00867725, 0.20887363],
        [0.10071461, 0.36750012, 0.01596682],
        [0.59147447, 0.37636423, 0.02234572],
        [0.06776726, 0.28058492, 0.49222072],
        [0.57076159, 0.27132672, 0.49033189],
        [0.2681375, 0.12297748, 0.2838118],
        [0.77141934, 0.12418002, 0.26725808],
        [0.15151714, 0.51446161, 0.12097504],
        [0.64756658, 0.51307007, 0.12508875],
        [0.00614977, 0.80494937, 0.6236884],
        [0.5086179, 0.80455595, 0.62556992],
        [0.3206379, 0.98622559, 0.79263347],
        [0.81768215, 0.00833725, 0.79297204],
        [0.41009438, 0.61765201, 0.99131564],
        [0.90601969, 0.61745845, 0.98500328],
        [0.39251115, 0.42726539, 0.55568049],
        [0.88796128, 0.41223732, 0.565625],
        [0.28266456, 0.77534939, 0.42991263],
        [0.77631826, 0.77597451, 0.42824548],
        [0.21424353, 0.54250257, 0.77712952],
        [0.70965015, 0.53392433, 0.78396313],
        [0.04059663, 0.91391335, 0.27205494],
        [0.53485254, 0.9187231, 0.27631146],
        [0.14222941, 0.0678502, 0.9236658],
        [0.63963372, 0.07368073, 0.92181763],
        [0.46023385, 0.26648646, 0.05981046],
        [0.96236658, 0.26093993, 0.06932366],
        [0.11229247, 0.57202922, 0.45664736],
        [0.60714769, 0.57406476, 0.45681379],
        [0.22973264, 0.21110447, 0.57906377],
        [0.72720897, 0.21138784, 0.57720029],
        [0.29654662, 0.44195845, 0.22459386],
        [0.79557545, 0.4362438, 0.22861034],
        [0.46426421, 0.08653964, 0.73278262],
        [0.96778655, 0.07989258, 0.7350371],
        [0.36355785, 0.92149257, 0.08368395],
        [0.86426625, 0.91545807, 0.08147207],
        [0.04543589, 0.72126265, 0.93130222],
        [0.5437139, 0.73292637, 0.93124079]
    ],
    "relaxed_energy": -778.67883641,
    "relaxed_forces": [
        [-0.00083004, 0.0009979, 0.00014565],
        [0.00014911, -0.00179978, 0.00068168],
        [0.0017733, 0.00289995, -0.00234339],
        [0.00026609, 0.00263049, 0.00320696],
        [-0.00297392, -0.00050627, -0.00421344],
        [-0.0011797, -0.00096569, -0.00278417],
        [0.00105847, 0.00684641, -0.00261422],
        [-0.00091196, 0.00128221, -0.0015335],
        [-0.00065391, -0.00089225, 0.00364075],
        [-0.00162348, -0.00094243, -0.0002096],
        [-0.00314122, -0.00086185, 0.00146449],
        [0.00272205, -0.00228121, -0.00189543],
        [-9.577e-05, -0.00023461, 0.00140925],
        [-0.00075769, 0.00281156, 0.00167355],
        [-0.00028027, 0.00296284, -0.00149857],
        [-0.00082395, -0.00371169, -0.00053941],
        [-0.00142953, -0.00158129, 0.00143668],
        [0.0011782, 0.00151332, 0.00306092],
        [-0.00268099, -0.00158734, 0.00158389],
        [0.00209851, 0.00174012, 0.0047285],
        [-0.00016465, 0.00062298, 0.00529454],
        [0.00083824, 0.00179686, 0.00109689],
        [0.00219545, 0.00350841, 0.00159436],
        [0.00377175, -0.00230489, -0.00014494],
        [0.00561893, -0.00240168, 0.00365631],
        [-0.00079506, 0.00423816, -0.00569317],
        [-9.465e-05, 0.00150934, -0.00083797],
        [0.00357649, -0.00553079, 0.00116837],
        [-0.00016948, -0.00170633, 0.00406202],
        [-0.00416559, -0.00279082, 0.00294417],
        [-0.00169547, -0.00184112, -3.246e-05],
        [0.00340573, -0.0004203, -0.00345462],
        [-0.00045688, 0.00028949, 0.00031638],
        [-0.00147502, 0.00134568, -0.0083247],
        [-0.00203785, -0.00026024, -0.00458902],
        [-0.00244513, -0.00462233, -0.00120784],
        [-0.000893, -0.00566068, -0.00396257],
        [0.00331674, -0.00097379, 0.00130456],
        [0.00296386, -0.00094775, -0.00150323],
        [-0.00231628, -0.00378869, -0.00265948],
        [-0.00514375, -0.00108686, -0.00173521],
        [-0.00324457, 0.0016117, -0.00601902],
        [0.00092532, 0.00159791, -0.0018901],
        [0.00620873, -0.00010411, 0.00355099],
        [-1.382e-05, -0.00048892, 0.00253158],
        [-0.00074553, -0.00382457, 0.00511564],
        [0.00257516, 0.00341374, 0.0055486],
        [-0.00314576, -0.0021614, -0.00259618],
        [0.00068764, -0.00170184, -0.00215333],
        [-0.00294873, 0.00122981, 0.00149414],
        [-0.00605163, -0.00018336, -0.00316408],
        [0.00564852, 0.00199625, 0.00232126],
        [0.00131511, -0.00042398, 0.00066089],
        [-0.00178889, 0.00037087, 0.00414346],
        [-0.00124268, -0.00063838, 0.00165956],
        [-0.00051097, 0.00240881, -0.00286297],
        [0.00096859, 0.00098311, 0.00049736],
        [-0.00192036, -0.00107284, -0.00274912],
        [0.00069638, 0.00258469, -0.00119308],
        [0.0033628, 0.00107752, 0.0047765],
        [0.00269393, -0.00402266, 0.0051409],
        [-0.00396991, 0.00343274, 0.0024884],
        [-7.362e-05, 0.00187182, 0.00251203],
        [0.00325622, -0.0064356, 0.00177064],
        [-0.00222419, -0.00378172, -0.0028134],
        [-6.622e-05, 0.00203202, -0.00031979],
        [0.00077613, 0.0016688, 0.0003832],
        [0.00277863, 0.00468529, -0.00093308],
        [0.00108307, 0.00041155, -0.00011182],
        [0.0008807, -0.00105423, 0.0017862],
        [0.00299782, 0.00202203, -0.00047275],
        [-0.00246139, 0.00107762, -0.00283943],
        [-0.00177565, 0.00250844, -0.00387187],
        [-0.0010826, 0.00245737, -0.00437104],
        [0.00071411, -0.00084352, -0.00071325]
    ],
    "relaxed_lattice": [
        [-4.99489122, -13.99071275, -8.93167093],
        [-7.52690932, -0.02579768, -4.25362785],
        [-0.19715326, 0.12207522, -8.63999402]
    ],