{
    "atom_type": [
        "Na",
        "V",
        "P",
        "O"
    ],
    "atoms_per_type": [
        9,
        8,
        12,
        48
    ],
    "coord_mode": "direct",
    "relaxed_basis": [
        [0.24909196, 0.52790002, 0.47676105],
        [0.74304714, 0.49287751, 0.52515431],
        [0.50677932, 0.99841633, 0.98623534],
        [0.00987455, 0.97975713, 0.99971097],
        [0.30684275, 0.25202244, 0.88410686],
        [0.060592, 0.37285301, 0.74869882],
        [0.37551253, 0.11974074, 0.38224353],
        [0.87343241, 0.12213798, 0.37341367],
        [0.69048055, 0.74984663, 0.13250765],
        [0.32124972, 0.64279425, 0.64100868],
        [0.82037546, 0.6410064, 0.64248874],
        [0.07241321, 0.14613573, 0.14544396],
        [0.57191325, 0.14711303, 0.14229088],
        [0.179826, 0.35842327, 0.3502446],
        [0.6732344, 0.35781407, 0.35867097],
        [0.43112244, 0.85221295, 0.85469311],
        [0.92890806, 0.85908535, 0.85882703],
        [0.12129164, 0.54309317, 0.95313879],
        [0.62587702, 0.54606859, 0.96142438],
        [0.47633488, 0.24794694, 0.53900153],
        [0.97846228, 0.2495606, 0.54654153],
        [0.27458321, 0.96054047, 0.2499885],
        [0.77112431, 0.95383326, 0.25099764],
        [0.23132157, 0.04047332, 0.75509475],
        [0.7321116, 0.03664855, 0.74801763],
        [0.37507546, 0.45933052, 0.03421642],
        [0.8735659, 0.4618387, 0.03960959],
        [0.01852455, 0.7501846, 0.46370431],
        [0.51994927, 0.7461314, 0.46270124],
        [0.44027352, 0.6923326, 0.50192752],
        [0.93585709, 0.70357207, 0.49919303],
        [0.25413028, 0.87643248, 0.70504747],
        [0.75234357, 0.86902939, 0.69942661],
        [0.34842939, 0.47724566, 0.8811632],
        [0.84872288, 0.5006037, 0.87445869],
        [0.48903041, 0.19187211, 0.3837964],
        [0.9880158, 0.2118777, 0.38222177],
        [0.18984381, 0.01817066, 0.20018908],
        [0.68948901, 0.97749657, 0.21001938],
        [0.09367811, 0.38782004, 0.97640931],
        [0.6084957, 0.37225349, 0.00608121],
        [0.06141121, 0.29194962, 0.51592135],
        [0.55942926, 0.29832396, 0.4922805],
        [0.27012398, 0.12017534, 0.28794181],
        [0.7598363, 0.1188493, 0.28735532],
        [0.14499933, 0.49276066, 0.1229743],
        [0.64826762, 0.53434647, 0.11889758],
        [0.99850225, 0.79619444, 0.63424435],
        [0.49644135, 0.81122463, 0.62385248],
        [0.31177519, 0.01991741, 0.80108456],
        [0.81571948, 0.00569763, 0.78889594],
        [0.3984824, 0.62942589, 0.98674933],
        [0.89685681, 0.62793917, 0.00171996],
        [0.38205087, 0.40783631, 0.56714261],
        [0.88560926, 0.41725936, 0.57619193],
        [0.28268442, 0.77588626, 0.4138739],
        [0.78427938, 0.76836935, 0.41896851],
        [0.20671883, 0.55684681, 0.77091277],
        [0.70827431, 0.57084635, 0.77169964],
        [0.02515621, 0.92219627, 0.28345042],
        [0.52863771, 0.91258291, 0.2740764],
        [0.13636752, 0.06509223, 0.91737196],
        [0.64211565, 0.04627519, 0.91977424],
        [0.45846623, 0.27441441, 0.06045645],
        [0.95548908, 0.27417885, 0.05718338],
        [0.10943828, 0.58290024, 0.44940837],
        [0.61467202, 0.58805541, 0.44574292],
        [0.22035581, 0.22867019, 0.58663828],
        [0.72249427, 0.21867698, 0.57844746],
        [0.29349427, 0.44045751, 0.22541126],
        [0.79117096, 0.44170166, 0.22852438],
        [0.46768253, 0.08308561, 0.73011457],
        [0.96803271, 0.08025694, 0.73115681],
        [0.36617425, 0.93463416, 0.07594754],
        [0.86394361, 0.92563254, 0.08017921],
        [0.04048838, 0.73183055, 0.93230631],
        [0.54131425, 0.72737396, 0.93280005]
    ],
    "relaxed_energy": -793.47903279,
    "relaxed_forces": [
        [-0.0008642, -0.00025461, -0.00059826],
        [-0.00075091, -0.00188809, 0.00298431],
        [0.0022782, 0.00024851, 9.03e-05],
        [-0.00128578, 0.00073385, 0.00201826],
        [0.00248774, -0.00136899, -0.00204],
        [0.00056045, 0.00088454, 0.00030313],
        [0.00101963, -0.00227538, -3.867e-05],
        [-0.00128474, -0.00141853, -0.00042584],
        [0.00074188, -7.222e-05, -0.00272052],
        [0.00190372, -0.0030347, 0.00280018],
        [-0.00145036, -0.00120041, 0.00143163],
        [0.00057516, 0.00260572, -0.00023013],
        [-0.00176829, 0.00311542, 0.00146858],
        [-0.00095065, -0.00282835, 0.00248877],
        [-0.00228174, -0.00443807, 0.00062536],
        [-0.00111298, 0.00120735, 0.00096038],
        [0.00067456, -0.00236912, -0.00242926],
        [0.00096444, -0.0001531, -0.00257477],
        [3.379e-05, 0.00493068, 0.00252764],
        [0.00171875, 5.224e-05, -0.00056476],
        [0.00236025, 0.00070753, 0.00154643],
        [-0.00067301, 0.00078238, 0.00151113],
        [-0.00017306, -0.0005461, 0.00256576],
        [-0.00090327, -0.00221558, 0.00301283],
        [0.00137392, -0.00206718, 0.00143284],
        [0.00147351, 0.00382239, -0.00011078],
        [-0.00088054, -0.00043088, -0.00257419],
        [0.00219818, -0.00079673, -0.00147281],
        [-5.63e-05, 0.00719819, -0.00249953],
        [-0.00067448, -0.00086972, 0.00172975],
        [-0.00234013, 0.00521912, 0.00314252],
        [-0.00192698, -0.00150991, 0.00069324],
        [0.0005659, 0.00118534, 0.00063041],
        [-0.00288691, -0.00284712, -0.00189945],
        [-0.00344268, -0.0009675, -0.00197695],
        [-0.00099089, 0.00236513, 0.00061008],
        [-0.00370889, -0.00164117, 0.00090111],
        [-0.00153, 0.00014372, 0.00055571],
        [0.00090362, -0.0014242, 0.00276969],
        [-0.00226557, 0.00208593, 0.00584323],
        [-0.00032997, 0.00098707, -0.00041727],
        [0.00012225, 0.00404452, 0.00182483],
        [0.00124054, 0.00222365, 0.00076399],
        [0.00086594, -0.00161297, 0.00162279],
        [0.00023192, -0.00292501, -0.00365692],
        [-0.00190116, -0.0005682, -0.00011995],
        [0.00160462, -0.00204757, 0.00227429],
        [-0.00230243, 0.00013833, 0.00087379],
        [0.00202414, -0.00185874, -0.00260414],
        [0.0039471, 0.00087119, -0.00329777],
        [0.0028156, 0.00170068, -0.00024971],
        [0.00525008, 6.092e-05, 0.00117366],
        [0.0018148, 0.00138073, -0.00196677],
        [0.00126678, -0.00240667, 0.00033985],
        [0.00020752, -0.0042665, -0.00152717],
        [0.00194349, 0.00405982, 0.00097511],
        [-0.00025808, -0.00142483, -0.00036773],
        [0.00050645, 0.00180408, -0.00279608],
        [-0.00260404, -0.00093666, -0.0074316],
        [-0.00060892, 0.00362582, -0.00636708],
        [0.003482, 0.00020583, 0.00310349],
        [-0.00319496, -0.0020861, -0.00224204],
        [-0.00226619, -0.00330476, -0.00095811],
        [-0.00076871, 0.00297949, 0.00115733],
        [0.00049289, -0.00130029, -0.00107849],
        [-0.00098036, -0.00160228, -0.00052822],
        [0.00324044, -0.00261196, 0.00069956],
        [0.00180854, 0.00090781, 0.00049687],
        [-0.00147581, 0.00204314, 0.00470042],
        [0.00142307, 0.0031614, -0.00748021],
        [-0.00089049, -0.00151027, -0.00068915],
        [0.0022574, 0.00226314, 0.00040002],
        [0.00127088, -0.00018049, 0.00134327],
        [-0.00085391, -0.00426719, -0.00162809],
        [-0.00182695, 0.00162957, -0.00516511],
        [-0.00247427, -0.00150478, 0.00318099],
        [-0.0027116, 0.00165767, 0.00315398]
    ],
    "relaxed_lattice": [
        [-5.03161994, -14.30372736, -8.39888801],
        [-7.58716607, -0.10264775, -4.17935076],
        [-0.16946555, -0.11010764, -8.62590076]
    ],