{
    "atom_type": [
        "Na",
        "V",
        "P",
        "O"
    ],
    "atoms_per_type": [
        5,
        8,
        12,
        48
    ],
    "coord_mode": "direct",
    "relaxed_basis": [
        [0.76051587, 0.48384404, 0.49508698],
        [0.48376674, 0.99801548, 0.02621424],
        [0.1236551, 0.87174658, 0.61434973],
        [0.62535444, 0.88814159, 0.61981572],
        [0.18752108, 0.75264309, 0.12510628],
        [0.32457411, 0.63091573, 0.65118069],
        [0.82088079, 0.64570141, 0.64695127],
        [0.06507737, 0.15157881, 0.14609064],
        [0.56803309, 0.14438147, 0.14677261],
        [0.17958834, 0.35239047, 0.35644151],
        [0.68278072, 0.35565281, 0.35275429],
        [0.43146181, 0.85688503, 0.84455901],
        [0.92538655, 0.85830559, 0.86537879],
        [0.12519472, 0.54103478, 0.96739332],
        [0.62581392, 0.53731884, 0.964165],
        [0.48039297, 0.25924424, 0.53198698],
        [0.97597206, 0.25373017, 0.52639728],
        [0.26747765, 0.97172836, 0.24785487],
        [0.76923061, 0.96521953, 0.247628],
        [0.23672244, 0.03044968, 0.74781041],
        [0.72779202, 0.03696533, 0.75471204],
        [0.37439101, 0.45300777, 0.0376738],
        [0.87834207, 0.46068661, 0.03588868],
        [0.01567072, 0.75327231, 0.4670824],
        [0.52569557, 0.74443735, 0.46510256],
        [0.43825496, 0.6958063, 0.53275085],
        [0.92420591, 0.73458083, 0.50150746],
        [0.23945563, 0.84481503, 0.75895842],
        [0.73370868, 0.87683782, 0.71448851],
        [0.35138172, 0.46982332, 0.87680034],
        [0.85023291, 0.50735117, 0.87155741],
        [0.49733534, 0.20793833, 0.36791391],
        [0.97424662, 0.22501313, 0.3678661],
        [0.17369078, 0.9803589, 0.26084913],
        [0.68087988, 0.99862135, 0.22073425],
        [0.10447748, 0.36000501, 0.03128586],
        [0.601555, 0.3742931, 0.99701764],
        [0.07076629, 0.26921691, 0.47122201],
        [0.56849745, 0.29351851, 0.49130692],
        [0.25964604, 0.15898862, 0.24208287],
        [0.75373406, 0.12714183, 0.2979367],
        [0.14595759, 0.52751149, 0.12634038],
        [0.65618018, 0.49772293, 0.12134954],
        [0.0068269, 0.78755299, 0.63143949],
        [0.52767423, 0.78427176, 0.615535],
        [0.33072638, 0.01805309, 0.72924977],
        [0.81507568, 0.98864339, 0.79337259],
        [0.39600165, 0.62762558, 0.97805328],
        [0.89666974, 0.63163557, 0.00715632],
        [0.39066769, 0.43137327, 0.54722916],
        [0.88969613, 0.42823083, 0.5617754],
        [0.28437366, 0.80994302, 0.43606578],
        [0.77925526, 0.77755477, 0.42163728],
        [0.20785885, 0.56069765, 0.77724743],
        [0.71052315, 0.56259994, 0.77088404],
        [0.03361709, 0.92337722, 0.27691033],
        [0.52791069, 0.91782931, 0.27825988],
        [0.15630891, 0.0663128, 0.92931755],
        [0.63682252, 0.06396424, 0.92932198],
        [0.45668962, 0.26606211, 0.0693428],
        [0.96942237, 0.28735561, 0.03162086],
        [0.10232243, 0.57769489, 0.43841322],
        [0.6185299, 0.57614514, 0.42400923],
        [0.21020316, 0.19997122, 0.57202709],
        [0.71918052, 0.22365343, 0.58366828],
        [0.28578876, 0.44991847, 0.21991446],
        [0.79842596, 0.42394206, 0.22757112],
        [0.47367646, 0.08659172, 0.71915281],
        [0.96632298, 0.07740269, 0.71140932],
        [0.353217, 0.92777926, 0.07785025],
        [0.85936783, 0.94535542, 0.0759566],
        [0.0391468, 0.72095144, 0.93593057],
        [0.54379837, 0.72725546, 0.94285573]
    ],
    "relaxed_energy": -762.54472683,
    "relaxed_forces": [
        [0.00068755, -2.333e-05, 0.00062045],
        [-0.00210929, 0.00132892, 4.634e-05],
        [0.00375192, 0.00314697, 0.0039998],
        [-1.949e-05, 0.00136947, -0.00094338],
        [0.00194272, -0.00034249, 0.00068292],
        [0.00579777, 0.00011951, 0.00167691],
        [0.00267288, -0.00237864, -0.00098597],
        [0.00130075, -0.00137537, -4.888e-05],
        [-0.00057917, -0.00472391, -0.0014329],
        [-0.00350998, 0.00880389, 0.00103],
        [0.001955, 0.00058147, -0.00193886],
        [0.00310571, -0.00151171, -0.00110507],
        [-0.0009844, 0.00026522, -0.0018548],
        [-0.0009895, 0.00153259, -0.00363642],
        [-0.00069439, 0.00294962, -0.00179344],
        [-0.00405779, 0.00029246, 0.00118829],
        [0.003233, 0.00237348, -0.00096034],
        [-0.00168828, 0.00072154, 0.00446349],
        [0.00149961, -0.00177351, 0.00604854],
        [0.00341135, 5.093e-05, -2.262e-05],
        [0.00225073, 0.00248115, 0.00555616],
        [-0.00234922, 0.00273295, -0.00602839],
        [-0.00532117, 0.00165259, 0.00075494],
        [0.00118845, 0.00156297, 0.00122071],
        [0.00202644, -0.00258594, 0.00091992],
        [-0.00151845, -0.00227226, -0.00318659],
        [0.00185863, 0.00080768, 0.00083849],
        [-0.00074344, -0.00324245, -0.00191491],
        [-0.00220825, 0.00170055, -0.00132611],
        [-0.00338762, -0.00106854, 0.0052209],
        [0.00133893, 0.00032548, 0.00273844],
        [0.00089971, 0.0008021, 0.00411118],
        [0.0003671, -0.00173645, 0.00607615],
        [-0.00039364, -0.00141173, -0.00031796],
        [-0.00238673, -3.79e-05, 0.00103895],
        [-0.00581565, -0.00188719, -0.00226187],
        [-0.00318532, -0.0001143, -0.00084878],
        [-0.00252665, -0.00527142, -0.00273318],
        [-0.00098111, -0.00019059, 0.0023986],
        [0.00125861, -0.00253082, 0.00131228],
        [-0.00172957, 0.00030749, -0.00339118],
        [0.0008929, -0.00055046, 0.00385197],
        [-0.00109576, 0.00460315, -0.00068257],
        [-0.00225078, -0.00054263, -0.00119138],
        [-0.00161978, 0.00172139, -0.00444825],
        [-0.00277912, 0.00106191, 0.00436172],
        [0.00070119, -0.00038027, -0.00306142],
        [-0.00275558, 0.00287867, 0.00189869],
        [0.00182477, 0.00029104, 0.00303659],
        [-0.00250701, 0.00219193, -0.00307721],
        [-0.00336401, 0.00507422, -0.00070872],
        [0.0039181, -0.00089804, -0.00522626],
        [0.00269799, 0.00086551, 0.00017641],
        [0.00217235, 0.00038198, 0.00272438],
        [-0.00128618, -0.00101719, -0.00346161],
        [-0.00382485, -0.00013691, 0.00104789],
        [0.00098378, -0.00190068, -0.00044735],
        [-0.00069804, -0.0037671, 0.00190276],
        [-0.00155406, 0.00464422, 0.00243004],
        [0.00274728, -0.00092193, 0.00059948],
        [0.00170461, -0.00505862, -0.00189539],
        [0.00170033, -0.0005673, 0.00110573],
        [-0.00042286, 0.00096155, -0.00311683],
        [0.0027424, -0.0008067, -0.0005731],
        [0.00136354, -0.00036952, 0.00028848],
        [0.00243165, -0.00277929, -1.618e-05],
        [-0.00099285, -0.00090876, -0.00112303],
        [-0.00110226, -0.00254616, -0.00200109],
        [0.00505262, 0.0013737, 0.00068238],
        [-0.0007158, 0.00073908, -0.0016483],
        [0.00231201, 0.00074418, -0.00303688],
        [-0.00069928, -0.00276788, -0.00125224],
        [0.00105495, -0.00304362, -0.00235053]
    ],
    "relaxed_lattice": [
        [-5.06731409, -14.16238652, -8.53840987],
        [-7.50308165, -0.11205744, -4.27318526],
        [-0.23591319, -0.13026445, -8.63976619]
    ],