{
    "atom_type": [
        "Na",
        "V",
        "P",
        "O"
    ],
    "atoms_per_type": [
        7,
        8,
        12,
        48
    ],
    "coord_mode": "direct",
    "relaxed_basis": [
        [0.2485502, 0.50089754, 0.49799373],
        [0.74502128, 0.51078182, 0.50375057],
        [0.48976198, 0.02344249, 0.99635599],
        [0.0165946, 0.97517265, 0.98964345],
        [0.81276246, 0.24631604, 0.88375829],
        [0.87542039, 0.10892664, 0.38069856],
        [0.69326921, 0.75312619, 0.10882849],
        [0.32233767, 0.6391388, 0.64153871],
        [0.82171333, 0.64312345, 0.64600876],
        [0.07756661, 0.13723805, 0.14002199],
        [0.56618093, 0.15129045, 0.15153013],
        [0.18028738, 0.35374598, 0.35395182],
        [0.67253689, 0.36287266, 0.35877882],
        [0.42439812, 0.86311118, 0.85582551],
        [0.93431924, 0.85182583, 0.85352929],
        [0.1287824, 0.53208525, 0.96255291],
        [0.620644, 0.55093546, 0.96392321],
        [0.47647482, 0.25036085, 0.54332526],
        [0.98179768, 0.24918846, 0.53434075],
        [0.27010807, 0.95703444, 0.25322019],
        [0.76832117, 0.95827545, 0.25289083],
        [0.23201199, 0.03773399, 0.74616252],
        [0.73013935, 0.04673546, 0.75763306],
        [0.37367376, 0.46561672, 0.03454405],
        [0.87755782, 0.45135494, 0.03559692],
        [0.02417906, 0.74652849, 0.45966545],
        [0.51628241, 0.75513687, 0.46010321],
        [0.43556726, 0.69974935, 0.4950623],
        [0.93535675, 0.71826309, 0.49657415],
        [0.25076626, 0.86722902, 0.70663778],
        [0.74633195, 0.86298504, 0.74608894],
        [0.35406764, 0.49012093, 0.86864717],
        [0.85496532, 0.46217665, 0.88050186],
        [0.49616396, 0.19333651, 0.38041169],
        [0.99712579, 0.19323031, 0.37590473],
        [0.18662716, 0.98739557, 0.20996887],
        [0.68652865, 0.98316873, 0.20635306],
        [0.10730949, 0.36096189, 0.00053832],
        [0.60090604, 0.37095605, 0.02514715],
        [0.06615002, 0.3039646, 0.48373575],
        [0.55971952, 0.29505426, 0.50628619],
        [0.25251351, 0.12439252, 0.29617863],
        [0.75077281, 0.13669457, 0.27970136],
        [0.15458005, 0.5008087, 0.1216896],
        [0.63913164, 0.54784756, 0.11910631],
        [0.01053284, 0.80053469, 0.61538112],
        [0.49544592, 0.80639295, 0.62350304],
        [0.31413622, 0.0089034, 0.79356722],
        [0.81275045, 0.02953391, 0.7945203],
        [0.39121291, 0.63680862, 0.00195942],
        [0.89251491, 0.62858673, 0.98935242],
        [0.38466502, 0.42129283, 0.55306038],
        [0.88736817, 0.41365906, 0.55623297],
        [0.28070291, 0.77238297, 0.42203917],
        [0.77536227, 0.78216654, 0.42843135],
        [0.21279108, 0.55491416, 0.7737601],
        [0.70837389, 0.54918882, 0.78181528],
        [0.03474628, 0.91604569, 0.26946244],
        [0.52749119, 0.92108133, 0.27001691],
        [0.13955592, 0.05928985, 0.91687744],
        [0.63520959, 0.07738357, 0.92648149],
        [0.4597019, 0.28351641, 0.05891109],
        [0.96130165, 0.26503246, 0.0699195],
        [0.11462952, 0.57417642, 0.4389776],
        [0.61211496, 0.59158127, 0.43722761],
        [0.2214656, 0.22157825, 0.57743527],
        [0.72304028, 0.21937264, 0.57906438],
        [0.28998771, 0.43588222, 0.2227919],
        [0.7922944, 0.43300656, 0.22648724],
        [0.46343455, 0.08639426, 0.73073482],
        [0.97468173, 0.0872537, 0.72503674],
        [0.36197289, 0.93893513, 0.08156167],
        [0.86273163, 0.93717398, 0.08459361],
        [0.04302687, 0.71214624, 0.94566929],
        [0.53636909, 0.73182884, 0.92358892]
    ],
    "relaxed_energy": -778.69175912,
    "relaxed_forces": [
        [-0.00038374, 0.00129183, -0.00103135],
        [0.00125152, 0.00166141, 8.679e-05],
        [6.02e-05, 0.00056158, 0.00123111],
        [-0.00044007, 0.00046124, -0.00020734],
        [-0.00075483, 0.00083084, 0.00241527],
        [0.00231263, -0.00015027, 0.00259415],
        [-0.00014511, -0.00024558, -0.00046682],
        [5.041e-05, 0.00093459, 0.00067826],
        [0.00565777, 0.00028421, -0.00425366],
        [-0.00064484, 0.00052043, -8.984e-05],
        [-0.00015142, 0.0017698, 0.00188125],
        [0.00046909, 0.00013805, -0.00069003],
        [-0.00324084, 0.00669504, -0.00266267],
        [0.00046732, 0.00173938, 0.0006455],
        [0.00103719, -0.00665793, -0.00131242],
        [0.000271, -0.00127334, -0.00086134],
        [0.00087419, 0.00362843, 0.00758489],
        [0.00381977, 0.00449568, 0.00622516],
        [1.943e-05, -0.00086736, 0.00031401],
        [-0.00188181, 0.00069704, -0.00038064],
        [-0.00269504, 0.0016236, -0.00258662],
        [-0.00345595, 0.00046192, -0.00038475],
        [0.00576127, -0.00020046, -0.00523458],
        [0.00289653, 0.00063757, -0.00010222],
        [-0.00362093, -0.00012165, 0.00304808],
        [-0.00051525, -0.00102823, -0.00103922],
        [0.00073204, -0.00123053, 0.00253968],
        [-0.00102242, 0.00342241, 0.00097363],
        [0.00033407, 0.00276177, -0.00610192],
        [0.00110024, -0.00125946, 0.0004162],
        [0.0014716, 0.00270096, -0.00037497],
        [6.323e-05, -0.00349501, 0.00230755],
        [0.00280688, -0.00071345, 0.00040585],
        [-0.00056811, 0.00175573, -0.00481965],
        [0.00276038, -0.00236097, 0.00145971],
        [-0.00098559, 0.0009182, -0.00069013],
        [-0.00286133, 0.00045155, -0.00143081],
        [-0.0001267, 0.00021687, -0.00097559],
        [-0.00255311, 0.000883, 8.257e-05],
        [0.00101192, -0.00054159, -0.00131605],
        [0.00253696, -0.00491193, 0.00092786],
        [0.00123629, -0.00070699, 0.00037522],
        [-0.00222716, -0.0015322, 0.0039965],
        [0.00021473, -0.00057407, -0.00069292],
        [-0.00185559, -0.00179295, -0.00330673],
        [-0.0013158, -0.0070182, -0.00183065],
        [-0.00126108, -0.00021667, -0.0015162],
        [0.00271472, -0.00108296, 0.0016619],
        [0.00186576, -0.00104665, -0.00020616],
        [0.0007915, -0.00261557, 0.00057867],
        [-0.00116901, -0.00298282, -0.00180751],
        [-0.00102248, 0.00355022, 0.0024473],
        [0.00053141, -0.00059433, -0.00012181],
        [-0.00101508, -0.00129105, 0.00060691],
        [-0.00038319, -0.00103983, -0.00473235],
        [0.00048406, -0.00182839, -0.00030015],
        [0.00101693, 0.00091417, -0.00125711],
        [-0.00152372, -0.00200687, -0.00285331],
        [0.00176762, -0.00078276, 0.00025271],
        [0.00126986, -0.00011273, -0.00310349],
        [-0.00632152, -0.00375628, 0.00329816],
        [-0.00258638, 0.00193837, 0.00108071],
        [-0.00071877, 0.00126101, 0.00316349],
        [-0.00104843, -0.00191761, -0.00245621],
        [0.00167971, 0.00141258, 0.00124779],
        [0.00022493, 0.00087619, 0.00137783],
        [0.00071609, -0.00071028, 0.00105818],
        [0.00222473, -0.00018132, -0.00204827],
        [0.00114262, 0.00250429, 0.00064543],
        [-0.00133789, 0.00166433, 0.00090081],
        [-0.00184084, 0.0014536, -0.00225799],
        [-0.00184819, 0.00110549, 0.00254124],
        [-8.821e-05, 0.00050221, 0.00171148],
        [-0.00051921, -0.00075148, -0.00154394],
        [-0.00151697, 0.00087415, 0.00428556]
    ],
    "relaxed_lattice": [
        [-4.98036665, -14.14929856, -8.48290841],
        [-7.53200373, -0.13339644, -4.24581109],
        [-0.15419927, -0.14152056, -8.65798731]
    ],