{
    "atom_type": [
        "Na",
        "V",
        "P",
        "O"
    ],
    "atoms_per_type": [
        8,
        8,
        12,
        48
    ],
    "coord_mode": "direct",
    "relaxed_basis": [
        [0.25960764, 0.45864601, 0.5195434],
        [0.76982029, 0.48374974, 0.48050874],
        [0.49421775, 0.99025612, 0.02054445],
        [0.99185879, 0.00993848, 0.00631841],
        [0.12443261, 0.87477846, 0.60709627],
        [0.62585965, 0.8763647, 0.60962049],
        [0.56296701, 0.38706288, 0.74866541],
        [0.19392217, 0.74950797, 0.12474293],
        [0.32248135, 0.6411072, 0.64354583],
        [0.82343996, 0.6437439, 0.64844434],
        [0.06767006, 0.14850096, 0.14156191],
        [0.57100586, 0.14332222, 0.14641101],
        [0.17482268, 0.35400798, 0.3582467],
        [0.68254082, 0.35481633, 0.34933959],
        [0.42685337, 0.85676356, 0.85803496],
        [0.92666016, 0.85980165, 0.85920495],
        [0.12621958, 0.54153926, 0.96094472],
        [0.62552647, 0.53819098, 0.95740901],
        [0.48129957, 0.25628876, 0.53855515],
        [0.97676514, 0.25636968, 0.53881006],
        [0.26913423, 0.95873837, 0.24666781],
        [0.77160781, 0.96111948, 0.2531419],
        [0.22945534, 0.03749552, 0.74190932],
        [0.72935093, 0.04021746, 0.74860908],
        [0.37181403, 0.45729638, 0.04347855],
        [0.87502648, 0.46475858, 0.03934568],
        [0.02132895, 0.75032622, 0.46188079],
        [0.52172438, 0.74870552, 0.46006911],
        [0.43808801, 0.69617838, 0.50867901],
        [0.93666686, 0.70175532, 0.51035247],
        [0.2437027, 0.87490294, 0.69099998],
        [0.74053427, 0.88319036, 0.69673168],
        [0.34341421, 0.50531666, 0.87795822],
        [0.8447036, 0.51295619, 0.87593661],
        [0.49517246, 0.2271215, 0.36716967],
        [0.9879592, 0.21817702, 0.37686072],
        [0.18432487, 0.97582826, 0.21851218],
        [0.68251495, 0.98812463, 0.23682802],
        [0.10724612, 0.37040009, 0.00160447],
        [0.60261088, 0.37929231, 0.97726903],
        [0.06210483, 0.30898755, 0.4890146],
        [0.56309161, 0.30313255, 0.51086474],
        [0.24421515, 0.12553888, 0.2997317],
        [0.75049348, 0.12491089, 0.31197877],
        [0.15341661, 0.51785768, 0.11704074],
        [0.65185333, 0.48853201, 0.12427507],
        [0.01334496, 0.79321584, 0.61883579],
        [0.51511026, 0.77228629, 0.63032537],
        [0.31622589, 0.00220917, 0.77325815],
        [0.81404548, 0.00054722, 0.78861336],
        [0.3850747, 0.62976324, 0.01817121],
        [0.89580261, 0.62789131, 0.01300741],
        [0.38656699, 0.41803648, 0.57538567],
        [0.88485985, 0.41919884, 0.57826554],
        [0.2836087, 0.77141603, 0.41677666],
        [0.78738544, 0.77292352, 0.42158602],
        [0.20781085, 0.56932911, 0.76713605],
        [0.7077559, 0.57110385, 0.76798108],
        [0.03085333, 0.91424368, 0.27076797],
        [0.52486043, 0.92349704, 0.28290175],
        [0.14141901, 0.04156161, 0.91866044],
        [0.63633143, 0.06346822, 0.91647059],
        [0.45910693, 0.28048503, 0.04248637],
        [0.96011316, 0.28210654, 0.04471493],
        [0.11547914, 0.58299077, 0.42920971],
        [0.61499347, 0.58042161, 0.42700233],
        [0.21249479, 0.2263578, 0.5802995],
        [0.71570408, 0.23337816, 0.5848157],
        [0.28943781, 0.42436786, 0.23189482],
        [0.79257776, 0.43232495, 0.22606432],
        [0.47797167, 0.07789811, 0.71523154],
        [0.97784421, 0.08140675, 0.71965844],
        [0.35890015, 0.95031195, 0.07573224],
        [0.85927052, 0.95691027, 0.08096676],
        [0.04314694, 0.72869037, 0.9372414],
        [0.5422673, 0.7260228, 0.9416236]
    ],
    "relaxed_energy": -786.09955048,
    "relaxed_forces": [
        [0.00280622, -0.00168128, 1.952e-05],
        [-0.00066531, -0.00030327, 0.00273264],
        [0.00099044, -0.00112284, -0.00037145],
        [-0.00094471, -0.00069925, 0.00047927],
        [0.00063019, 0.00151491, -9.101e-05],
        [-0.00092852, 0.00092776, 0.0006704],
        [-0.00225324, 0.00090347, -0.0005877],
        [-0.00119835, 0.00151544, -0.00136413],
        [0.00101963, -0.00172791, 0.00116098],
        [0.00048277, -0.00059988, 0.00205414],
        [0.00348018, -0.00228807, -0.00302887],
        [0.00219958, -0.00248007, -2.353e-05],
        [-0.00451507, 0.00027066, -0.00289881],
        [-0.00106758, 0.0006877, -0.00273234],
        [-0.00185138, 0.00231711, -0.00270935],
        [0.00259, 0.00091496, 0.00135893],
        [0.00039482, -0.00233277, -8.466e-05],
        [-0.00061364, 0.00368072, -0.00101722],
        [-0.00166432, 0.00030787, 0.00011813],
        [0.00211836, 0.00135438, 0.00063267],
        [-0.0033286, 0.00039911, -0.00218348],
        [0.001088, 0.00201538, 0.00102269],
        [0.00014146, 0.0009793, -0.00067952],
        [-0.00241808, 0.00085829, 0.00043389],
        [0.00145877, 0.00574881, 0.00062396],
        [0.00236114, -0.00084186, 0.00173627],
        [0.00133755, 0.00100716, 0.0043196],
        [-0.00085717, -0.00494592, -0.00033785],
        [-0.00093275, 0.00014128, 0.00082658],
        [-0.00201872, 0.0041259, 0.00088395],
        [-0.00057822, -0.0069348, -0.00246526],
        [0.00394484, -0.00306609, 0.00111138],
        [0.00249623, -0.00234082, -0.00031662],
        [0.00071296, -0.00253873, -0.00170047],
        [-0.00072778, -0.00201385, -0.00021497],
        [0.00091709, 0.00021421, -0.00251787],
        [0.00582268, -0.00041659, -0.00374977],
        [0.00044693, -0.00212953, -4.886e-05],
        [0.00083113, -0.00232093, -0.00069969],
        [-0.00016714, -0.00082454, -0.00145176],
        [0.00062583, -0.00027362, 0.00525176],
        [-0.0010326, 0.00354701, -0.00048083],
        [-0.00115706, 0.00066476, 0.0006933],
        [-0.0028948, 0.00133973, -0.00241135],
        [-0.00286283, 0.00150235, -0.00113953],
        [-0.0012736, 0.00185174, -0.00158238],
        [-0.00033986, 0.00044676, -0.0011943],
        [-0.00064013, 0.00119804, 0.00075949],
        [-0.00157475, -0.00352203, 0.00135817],
        [0.00175718, -0.00378581, -0.00393617],
        [0.00037398, 0.00377688, -0.00176895],
        [0.00237454, 0.00594068, -0.00136643],
        [0.00034178, -4.382e-05, 0.00097976],
        [0.0005247, 0.00227591, -0.00056702],
        [0.00201861, -0.00179358, 0.0007603],
        [-0.00276418, 0.00070065, 0.00413989],
        [0.00221856, -0.00245836, 0.00185846],
        [0.00193599, -0.00080551, 0.00116868],
        [0.0012499, 0.00063049, -0.0005212],
        [-0.00051775, -0.00135993, 0.00239806],
        [-0.00070128, -0.00302523, -0.00468542],
        [0.00065887, 0.00292665, -0.00489148],
        [-0.00086121, 0.00127162, 4.26e-06],
        [-0.0027201, 0.00346684, 0.00308441],
        [-0.00062597, 0.0008043, -0.00038134],
        [-0.0028907, -0.00013968, 0.00114223],
        [0.00082497, 0.00143612, -0.0023392],
        [-0.00144073, -0.00369237, 0.00062005],
        [-0.00387985, 0.00196037, 0.00294109],
        [0.00085319, -0.0024541, 0.0046473],
        [0.00020283, -0.00171884, 0.00326328],
        [-0.00122898, -0.00145422, 0.00318794],
        [-0.00189683, 0.00075127, -0.00067559],
        [0.00218466, -0.00339419, 0.00149169],
        [-0.00042682, 0.00486042, 0.00141317],
        [0.00204408, 0.00029326, -0.00213191]
    ],
    "relaxed_lattice": [
        [-5.05736906, -14.23648654, -8.45690031],
        [-7.545785, -0.11471471, -4.24411278],
        [-0.17885545, -0.10888105, -8.66806181]
    ],