{
    "atom_type": [
        "Na",
        "V",
        "P",
        "O"
    ],
    "atoms_per_type": [
        10,
        8,
        12,
        48
    ],
    "coord_mode": "direct",
    "relaxed_basis": [
        [0.24485205, 0.50123285, 0.49864968],
        [0.74543072, 0.51897344, 0.49685995],
        [0.50310963, 0.0158772, 0.98146541],
        [0.00341364, 0.98464907, 0.01091064],
        [0.12790523, 0.8848269, 0.62218133],
        [0.30604036, 0.24804419, 0.8816808],
        [0.81152927, 0.24654005, 0.88134394],
        [0.43725582, 0.62235042, 0.24617011],
        [0.87626624, 0.12439506, 0.38497084],
        [0.6963051, 0.75277392, 0.10486459],
        [0.32599448, 0.64313925, 0.64188728],
        [0.81956405, 0.64415431, 0.65077385],
        [0.07258005, 0.13866138, 0.14012184],
        [0.56819445, 0.14537491, 0.15251749],
        [0.17784862, 0.35823746, 0.35614897],
        [0.67654187, 0.36293303, 0.35284611],
        [0.42520208, 0.85661634, 0.85196094],
        [0.93300505, 0.84987058, 0.85387335],
        [0.12693283, 0.53753661, 0.963345],
        [0.62300294, 0.54832044, 0.96230725],
        [0.4790335, 0.2442266, 0.5411184],
        [0.97820865, 0.25422559, 0.53512311],
        [0.26874653, 0.95954919, 0.25214977],
        [0.77012663, 0.95942889, 0.25038785],
        [0.22704202, 0.04476298, 0.7491685],
        [0.72968347, 0.04842758, 0.75254869],
        [0.37543048, 0.45252786, 0.04627689],
        [0.87650415, 0.45197132, 0.03544905],
        [0.02314266, 0.74598053, 0.46555246],
        [0.52049055, 0.74984736, 0.45072019],
        [0.44371335, 0.69831279, 0.46582117],
        [0.93455014, 0.70413456, 0.5308427],
        [0.24980736, 0.87837447, 0.69704546],
        [0.74058187, 0.86588732, 0.74695092],
        [0.35843109, 0.47321513, 0.88007794],
        [0.84632528, 0.46752208, 0.88871577],
        [0.49674188, 0.18363377, 0.38249059],
        [0.99148129, 0.1978335, 0.38018112],
        [0.18674199, 0.99211967, 0.20912532],
        [0.68798477, 0.9839338, 0.20736254],
        [0.10679678, 0.37211273, 0.99401139],
        [0.59843426, 0.37200996, 0.0311163],
        [0.06286825, 0.30169328, 0.48828246],
        [0.55993223, 0.29837482, 0.49272918],
        [0.25041195, 0.12291074, 0.30330522],
        [0.75663099, 0.13792732, 0.27127875],
        [0.15570526, 0.49567062, 0.12532631],
        [0.64781584, 0.53651527, 0.11538539],
        [0.0215622, 0.7948495, 0.61571276],
        [0.49382725, 0.80002969, 0.61761207],
        [0.30610245, 0.02630074, 0.79486591],
        [0.81434348, 0.03018462, 0.78040018],
        [0.39470552, 0.62046996, 0.01848059],
        [0.90010646, 0.62499058, 0.9755506],
        [0.38622666, 0.41313871, 0.55096392],
        [0.88451253, 0.41307411, 0.56542237],
        [0.27993882, 0.77178136, 0.41612822],
        [0.7797766, 0.78531102, 0.42379395],
        [0.21193702, 0.55916695, 0.77610376],
        [0.70662606, 0.54858669, 0.77870608],
        [0.02406725, 0.91444638, 0.28194587],
        [0.53713118, 0.9128821, 0.26008629],
        [0.13507636, 0.05689534, 0.91637864],
        [0.63782124, 0.08453043, 0.92070486],
        [0.46013762, 0.26990177, 0.07297624],
        [0.95555575, 0.26459083, 0.06844332],
        [0.11442648, 0.58090505, 0.43092206],
        [0.61554951, 0.58893316, 0.43123758],
        [0.21212203, 0.22966287, 0.58192917],
        [0.72132911, 0.2189329, 0.57391987],
        [0.2915514, 0.42864674, 0.23106928],
        [0.79395415, 0.44699102, 0.22569245],
        [0.46370374, 0.08788445, 0.73116585],
        [0.97413412, 0.08505537, 0.7235824],
        [0.36180788, 0.94366708, 0.08471546],
        [0.86180457, 0.93472285, 0.08035135],
        [0.04779524, 0.72542984, 0.94022903],
        [0.5379116, 0.72676074, 0.94063901]
    ],
    "relaxed_energy": -800.94924354,
    "relaxed_forces": [
        [3.763e-05, 0.00122295, 0.00021621],
        [-0.00053901, -0.00035211, -0.00039279],
        [0.00013585, 0.00056603, -0.00094777],
        [0.00056628, -0.00077005, 0.0009492],
        [0.00039897, -0.00071936, 0.00047641],
        [-0.00013204, -0.00045133, 0.00097653],
        [0.00108383, 0.00160779, 0.00143657],
        [0.00178784, 0.0005753, 0.00121935],
        [0.00053446, 0.00070603, -0.00026834],
        [-0.00159265, -0.00070964, -0.00056597],
        [0.00081582, 0.0006554, -0.00046607],
        [-0.00215132, 0.00754319, -0.00206457],
        [0.00175312, 0.00088577, -0.00021591],
        [-0.00234796, -0.00042309, -0.00033314],
        [-0.00026984, -0.00190716, 0.00107745],
        [-0.00211497, -0.0029414, 0.00314834],
        [0.00585, -0.00025358, -0.00044474],
        [0.00264774, 0.00272519, -0.0008795],
        [-0.00017154, 0.00184697, 0.00041817],
        [-0.00279499, 0.00311433, -0.00067895],
        [-0.0073831, -0.00330196, 0.0027635],
        [0.00073323, -0.00176508, -0.00031203],
        [-0.00119632, -0.00216844, -0.00310844],
        [0.00462568, -0.00130398, -0.00220048],
        [0.00227087, -0.00390324, -0.00113155],
        [-0.00158049, -0.00100636, -0.0043761],
        [0.0019707, 0.00306097, 0.00083416],
        [0.00241271, 0.00466602, 0.00474508],
        [-0.00093731, 0.00071677, -0.00029354],
        [-0.0005408, -0.00013664, -0.0031434],
        [7.004e-05, 0.00018419, 0.00184154],
        [-0.00104398, -0.00478196, 0.00111669],
        [-0.00150105, -0.00044525, -0.00112485],
        [0.00836392, -0.0009335, 0.0036772],
        [0.00023296, -0.00130393, -0.0013441],
        [0.00238888, -0.00276418, -0.00707008],
        [-0.00039324, -0.00221856, 0.00165355],
        [0.0006297, -0.00120389, 0.00225688],
        [-6.56e-06, 0.00520268, 0.00364881],
        [-0.00109176, 0.00457598, 0.0015882],
        [0.00170412, -0.00051653, 0.00022438],
        [0.00873862, 0.00336043, 0.00088887],
        [0.00352523, 0.00463047, 0.00077857],
        [0.00356353, 0.00499906, 0.00089604],
        [0.00045855, -0.00060577, 0.00063559],
        [-0.00147303, 0.00252516, -0.00060892],
        [0.00133096, -0.00197787, -0.00394629],
        [0.00087996, 0.0007538, -0.00313118],
        [-0.00055864, -0.00182471, 0.00016552],
        [-0.00037521, -0.00272513, 0.00710366],
        [-0.00129818, 5.22e-06, 0.00029442],
        [-0.00025485, 0.00518609, 0.00259401],
        [-0.00799518, -0.00412084, -0.00205373],
        [-0.00590031, -0.00094788, -0.0010315],
        [-0.00092457, 0.00127738, 0.00045579],
        [-0.00030125, 0.0018986, -0.0004767],
        [-0.00099636, -0.00043394, 0.00116818],
        [-0.0024803, 0.00193454, 0.00204371],
        [0.00013814, -0.00192817, -1.076e-05],
        [0.00051764, 0.00097612, -0.00083316],
        [-0.00037757, -0.00091841, -0.00016573],
        [-0.00751394, -0.00218401, 0.00297372],
        [0.00036164, 0.00018915, -0.00177141],
        [-0.00049041, 0.00052075, -0.00235803],
        [0.00046938, -0.0034301, -0.00272875],
        [0.00070976, -0.00284568, -0.00124759],
        [-0.00078006, -0.00013088, -0.00089049],
        [-0.00128726, 0.00046291, 0.00074759],
        [-0.00179086, -0.00065823, 0.00152848],
        [-0.00264517, 0.00213955, 0.00247472],
        [-0.00212181, -0.00384574, 0.00067422],
        [-0.00200562, -0.00084165, -0.00036428],
        [0.00474429, 7.618e-05, -0.00261137],
        [0.00086417, 0.00070586, -0.00113159],
        [0.00020128, -0.00051839, -0.00084418],
        [-0.00042065, 0.00036903, 0.00050571],
        [0.00273726, -0.00428392, -0.00172525],
        [-0.00047456, -0.0013633, -0.00090381]
    ],
    "relaxed_lattice": [
        [-4.9832043, -14.38397883, -8.36343409],
        [-7.56820874, -0.12338133, -4.18755044],
        [-0.13369533, -0.16399406, -8.66575234]
    ],