{
    "atom_type": [
        "Na",
        "V",
        "P",
        "O"
    ],
    "atoms_per_type": [
        10,
        8,
        12,
        48
    ],
    "coord_mode": "direct",
    "relaxed_basis": [
        [0.25359567, 0.51303912, 0.47653313],
        [0.75251005, 0.50030288, 0.49775447],
        [0.48524096, 0.00277917, 0.02518001],
        [0.00947758, 0.98522498, 0.00055946],
        [0.12826048, 0.88428251, 0.61726442],
        [0.62362668, 0.88647735, 0.62782147],
        [0.30390746, 0.24988927, 0.87127352],
        [0.81042022, 0.24540904, 0.88161187],
        [0.87488457, 0.10967222, 0.38277999],
        [0.6940263, 0.75346459, 0.11158045],
        [0.32694038, 0.64127711, 0.64315631],
        [0.82221682, 0.64084636, 0.64978404],
        [0.07150569, 0.13887095, 0.14513416],
        [0.56498221, 0.15059397, 0.1529662],
        [0.18015608, 0.35859047, 0.35077732],
        [0.67611165, 0.36430111, 0.35478142],
        [0.42628471, 0.85498, 0.85284925],
        [0.93309633, 0.84709254, 0.8528113],
        [0.12608326, 0.54008147, 0.96285667],
        [0.62147253, 0.54819303, 0.96768378],
        [0.47759663, 0.25290892, 0.53890631],
        [0.97768903, 0.25114234, 0.53268793],
        [0.2690329, 0.96214979, 0.25220946],
        [0.77054106, 0.9582521, 0.24917594],
        [0.22769429, 0.04447644, 0.74587391],
        [0.72644886, 0.04756553, 0.75362986],
        [0.37464609, 0.45329746, 0.03727629],
        [0.87675434, 0.44812968, 0.03598018],
        [0.02474944, 0.74472389, 0.46367799],
        [0.52526685, 0.75268178, 0.46213836],
        [0.44318434, 0.69721779, 0.51374826],
        [0.93340228, 0.70930992, 0.52824989],
        [0.24157139, 0.87665823, 0.7108735],
        [0.73357361, 0.87615737, 0.73220944],
        [0.35339472, 0.45940599, 0.8827367],
        [0.84540911, 0.46786197, 0.88872126],
        [0.49662521, 0.18926362, 0.38147494],
        [0.98303785, 0.19820663, 0.38352227],
        [0.17976687, 0.98657862, 0.23803787],
        [0.68534122, 0.98817536, 0.21177039],
        [0.10327809, 0.37250789, 0.00712046],
        [0.59955813, 0.37264759, 0.02502784],
        [0.06582664, 0.29247871, 0.47547246],
        [0.56216848, 0.29895667, 0.49108434],
        [0.25811896, 0.13330768, 0.28060572],
        [0.75866511, 0.12883559, 0.27833114],
        [0.15556666, 0.5034441, 0.12214884],
        [0.65013782, 0.53135578, 0.11730323],
        [0.02125429, 0.79402701, 0.61487123],
        [0.51544341, 0.80929904, 0.61315961],
        [0.31151662, 0.03183847, 0.77101598],
        [0.81305383, 0.01688235, 0.78346198],
        [0.39818, 0.62528267, 0.97916921],
        [0.90011713, 0.62063093, 0.97808522],
        [0.38538235, 0.41237324, 0.55614559],
        [0.88554235, 0.41166054, 0.56727051],
        [0.28506484, 0.77993286, 0.4193228],
        [0.77632506, 0.7813735, 0.42591835],
        [0.20971454, 0.55814584, 0.77320434],
        [0.70498054, 0.556185, 0.77782417],
        [0.02629598, 0.91255972, 0.2781062],
        [0.53326239, 0.91743259, 0.2692971],
        [0.13757264, 0.06840618, 0.91607289],
        [0.63636538, 0.07714333, 0.92557142],
        [0.4585704, 0.27156285, 0.07001806],
        [0.95519867, 0.26187066, 0.06639058],
        [0.11374823, 0.5785713, 0.43341501],
        [0.61945692, 0.59506611, 0.43049253],
        [0.21070245, 0.2274614, 0.5734237],
        [0.71911063, 0.22431131, 0.57817415],
        [0.29186074, 0.43982418, 0.22475159],
        [0.79357341, 0.44126324, 0.2267645],
        [0.46984875, 0.08717838, 0.72763912],
        [0.97301614, 0.08279875, 0.72339974],
        [0.35552386, 0.9474382, 0.07318858],
        [0.86118887, 0.93212717, 0.07969616],
        [0.0465943, 0.72628194, 0.93959999],
        [0.54087368, 0.73117863, 0.93913069]
    ],
    "relaxed_energy": -800.97304899,
    "relaxed_forces": [
        [-0.00025158, -5.501e-05, 0.00125719],
        [0.00050814, 0.00091564, -7.064e-05],
        [0.00206589, 0.00185244, -0.00177775],
        [-1.677e-05, 0.00048016, -0.00020019],
        [-0.00308213, -0.00055546, 0.00048587],
        [-0.00158114, -0.00026596, -0.00627593],
        [0.00052077, 0.00067966, 0.00160142],
        [-0.00081921, -0.00208502, -0.00188518],
        [0.00139986, 0.00030727, 0.00228377],
        [0.00101122, 0.00133033, 0.00115849],
        [-0.00388473, -0.00095394, -0.00171304],
        [-0.00141669, 0.00038784, -0.00227098],
        [0.00073329, -0.00018973, -0.00498738],
        [-0.0015621, 0.00015014, -0.00143391],
        [-0.00462816, -0.00134356, 0.00294344],
        [0.00247804, -0.00053968, -0.00016847],
        [-0.0041651, -0.00593223, -0.00100113],
        [6.95e-05, -0.0016483, 0.0018361],
        [-0.0003828, 0.00111704, 0.00028828],
        [-0.00024866, 0.00448516, 0.00028247],
        [-0.00145351, -0.00206816, 0.00108155],
        [-0.00084594, 0.00155675, 0.00173469],
        [-0.00272129, 0.0022266, -0.00276906],
        [-0.00051267, 9.027e-05, -0.00046385],
        [0.00055554, -0.00277299, -0.00051588],
        [0.00186731, 0.00123873, 0.00132875],
        [0.00697608, 0.00213917, 0.00052305],
        [0.00299083, -0.00226929, -0.00046473],
        [-0.00279258, 0.00021384, -0.00149339],
        [0.00108318, -0.00223562, -0.00058003],
        [0.00016881, 0.00228544, -0.00281144],
        [-0.00299627, 0.00339369, -0.0002693],
        [0.0028699, 0.00071203, 0.00237771],
        [0.00023063, -0.00111214, -0.00189305],
        [-0.00438042, 0.000909, 0.00303871],
        [-0.00283365, 0.00014095, 0.00134479],
        [-0.00043097, 0.00210078, -0.00045669],
        [0.00050157, 0.0023995, 0.00511983],
        [-0.0039041, 0.00284062, 0.00042899],
        [-0.00137281, 0.00197058, 0.00400164],
        [-0.00140078, 0.00255243, 0.00138914],
        [0.00129284, 0.00343477, 0.00018241],
        [0.00106403, -0.00278429, 0.00277194],
        [0.00375977, -0.00168546, 0.00294107],
        [-0.00169889, -0.00330736, -0.00077781],
        [-0.0017151, -0.00010221, -0.00092352],
        [0.00076217, -0.00050444, 0.00177546],
        [0.001445, -0.0009771, 0.00068416],
        [0.00037493, 0.00033056, 0.00041609],
        [0.00031558, -0.00287988, -0.00590166],
        [-0.00032465, -0.00047797, 0.00041951],
        [0.00235039, 0.00273857, 0.00042814],
        [0.00161118, -0.00271119, -0.00054955],
        [0.00045799, -0.00249405, -0.00063657],
        [0.00023201, -0.00446245, -4.494e-05],
        [-0.00167392, -0.00041331, -0.00034396],
        [-0.00130028, -0.00240416, -4.78e-05],
        [0.0027293, 0.00161367, -0.00207748],
        [3.431e-05, 0.00064214, 7.781e-05],
        [0.00082226, -5.086e-05, -0.00049749],
        [-0.00141541, -0.00159406, -0.0006406],
        [0.00247884, -0.001897, -0.00179352],
        [-0.00108797, 0.00199221, -0.00054148],
        [-0.00089254, -0.00035589, -0.00156735],
        [0.00085933, -0.00291655, -0.00117922],
        [-2.327e-05, 0.00122803, -3.097e-05],
        [0.00241678, 0.00194459, 0.00272939],
        [0.00086668, 0.00023984, 0.00229376],
        [-0.00010865, 0.0010872, 0.00085656],
        [0.00136258, -0.00303597, -9.925e-05],
        [0.00045195, 0.00368662, -0.00222913],
        [-0.00020702, 0.00106182, 0.00048748],
        [0.0033854, 0.00355807, 0.00130732],
        [-0.00055949, 0.00199055, -0.00040231],
        [0.00147695, 0.00080825, 0.00159063],
        [0.00186986, -0.00202006, 0.00092288],
        [-0.00015898, -0.00303615, 0.00058015],
        [0.00039955, -0.00069545, -0.00118402]
    ],
    "relaxed_lattice": [
        [-5.00283076, -14.3099355, -8.41319458],
        [-7.60427333, -0.05376209, -4.1897641],
        [-0.2070981, -0.11598047, -8.67247928]
    ],