{
    "atom_type": [
        "Na",
        "V",
        "P",
        "O"
    ],
    "atoms_per_type": [
        8,
        8,
        12,
        48
    ],
    "coord_mode": "direct",
    "relaxed_basis": [
        [0.25346761, 0.4736283, 0.51551127],
        [0.73857077, 0.53465712, 0.48628074],
        [0.5023087, 0.01922337, 0.97241655],
        [0.00631291, 0.98401784, 0.00732249],
        [0.12519912, 0.87530948, 0.61699866],
        [0.81164156, 0.25087611, 0.87182567],
        [0.43868025, 0.62382069, 0.25228179],
        [0.8763724, 0.11205994, 0.39620467],
        [0.32025536, 0.64365104, 0.64852971],
        [0.82137453, 0.64678081, 0.64362619],
        [0.07405605, 0.14489639, 0.13675268],
        [0.56918346, 0.14974242, 0.1410657],
        [0.18127886, 0.35400188, 0.35630793],
        [0.67661824, 0.35633533, 0.36029914],
        [0.42806696, 0.85074215, 0.85512172],
        [0.92939871, 0.8517043, 0.8615714],
        [0.12582684, 0.53493608, 0.9644632],
        [0.6242138, 0.5379387, 0.95653949],
        [0.48145352, 0.24736516, 0.53702486],
        [0.98044924, 0.25549085, 0.53309514],
        [0.2708309, 0.96378459, 0.24562658],
        [0.77000667, 0.96694209, 0.25371305],
        [0.22616295, 0.03474723, 0.75049654],
        [0.72841031, 0.04491546, 0.75493544],
        [0.375589, 0.45896693, 0.04668615],
        [0.87338015, 0.45459051, 0.04077321],
        [0.02546632, 0.74604455, 0.46303153],
        [0.51880921, 0.75074518, 0.45602989],
        [0.43666094, 0.72469419, 0.4631767],
        [0.93692258, 0.71966655, 0.50117032],
        [0.22986391, 0.87985691, 0.70659527],
        [0.74704604, 0.87823356, 0.71222752],
        [0.35240475, 0.51595934, 0.87463822],
        [0.84929704, 0.4727373, 0.88396485],
        [0.49391157, 0.22914938, 0.35879584],
        [0.99468896, 0.19675542, 0.37857028],
        [0.18595684, 0.00448141, 0.20084914],
        [0.68543145, 0.02540255, 0.20080158],
        [0.09541896, 0.37273535, 0.00806045],
        [0.59669305, 0.37760282, 0.9877462],
        [0.06529914, 0.30387648, 0.48542035],
        [0.56626462, 0.28578376, 0.50749022],
        [0.25081485, 0.12199372, 0.30540283],
        [0.76033077, 0.12490146, 0.30507366],
        [0.15439774, 0.49670592, 0.12275509],
        [0.65101475, 0.47974282, 0.12661204],
        [0.01518189, 0.79590997, 0.620118],
        [0.50698926, 0.76196514, 0.63423144],
        [0.31249209, 0.98270653, 0.7923298],
        [0.81335517, 0.02588257, 0.7859024],
        [0.39716269, 0.61369441, 0.03962623],
        [0.89514551, 0.62313813, 0.99684381],
        [0.39103902, 0.42052198, 0.56031465],
        [0.88645041, 0.41737171, 0.5592737],
        [0.27725344, 0.77361271, 0.41467348],
        [0.77854807, 0.78034408, 0.41815018],
        [0.20581934, 0.55264099, 0.77480211],
        [0.70818045, 0.55148405, 0.77398326],
        [0.0349371, 0.91932359, 0.27565489],
        [0.53658527, 0.92740397, 0.27979781],
        [0.13420091, 0.06611218, 0.91966692],
        [0.63647468, 0.06775236, 0.9213727],
        [0.4589379, 0.27070638, 0.05936293],
        [0.95637132, 0.26470997, 0.07315472],
        [0.11606501, 0.57652731, 0.43703706],
        [0.61190808, 0.58304182, 0.41538861],
        [0.21555869, 0.22465904, 0.58507171],
        [0.71839677, 0.23187503, 0.58130812],
        [0.29155627, 0.42444493, 0.23234742],
        [0.79151033, 0.42998416, 0.2324762],
        [0.47093248, 0.07433234, 0.71352336],
        [0.97531015, 0.08676524, 0.72257613],
        [0.36365138, 0.94261237, 0.08311653],
        [0.86106704, 0.95346706, 0.08053607],
        [0.04281658, 0.72284254, 0.94448785],
        [0.54019041, 0.72232999, 0.95215896]
    ],
    "relaxed_energy": -786.18322873,
    "relaxed_forces": [
        [-0.00015898, 0.00067228, -0.00061071],
        [-5.575e-05, 0.00254289, -0.0007365],
        [-0.00134245, -0.00028518, -0.00049919],
        [0.00106164, 0.00045075, -0.00053437],
        [0.00043224, 0.00071118, -0.00019758],
        [0.00097065, 0.00102673, 0.00200967],
        [-3.975e-05, -0.00075574, -0.00023525],
        [-0.00111532, 0.00013607, -0.00136002],
        [-0.00074676, 0.00011603, 0.00115479],
        [0.00070761, 0.00019937, 0.00613475],
        [-0.00024622, 0.00094436, -0.00022328],
        [-0.00240377, -0.00529235, -0.00115759],
        [-0.0017983, 0.0013346, 0.0022858],
        [-0.0034157, 0.00378148, -0.00242601],
        [0.00024912, 0.00024353, -0.00050452],
        [-0.00014557, 0.00159628, 0.00287956],
        [-0.00512473, 0.00044968, 0.00118148],
        [-0.00306318, 0.00071593, 0.00210663],
        [0.00139957, 0.00495385, -0.00235436],
        [-0.001416, 0.00130064, -0.00017515],
        [0.00173557, -0.00373507, 0.00031239],
        [-0.00233531, -0.0042723, -0.00111205],
        [0.00082692, -0.00292162, 0.00205244],
        [0.00180062, -0.0009984, 0.00249024],
        [-0.00287497, -0.00030257, 0.00196808],
        [-0.00066371, 0.0013498, 0.00336589],
        [0.00066116, 0.0016144, -0.00132176],
        [-0.0023885, 0.00454202, -0.00309113],
        [-0.00163648, -0.00177435, 0.00198196],
        [0.00555299, -0.00507324, 0.00376079],
        [0.0035039, -0.00118179, -0.00130977],
        [0.00209648, -0.0054352, -0.00597897],
        [-0.00269261, 0.00199181, 0.00291034],
        [-0.00405602, 5.72e-05, 0.00828355],
        [0.00148626, 0.00244063, -0.00096346],
        [0.00391511, -0.00225152, 0.00472084],
        [0.00049704, -0.00072394, 0.00323788],
        [0.00435493, -0.00057761, -0.00115109],
        [0.00162744, 0.00145446, -0.00019949],
        [0.00557832, 0.00215626, -0.00322411],
        [-0.00103325, 0.00068085, -0.00524738],
        [-0.00263223, -0.00364346, -0.00070903],
        [0.00046523, 0.00212034, -0.00249532],
        [-0.00119851, -0.0014356, -0.0039521],
        [0.00025334, 0.00054293, -0.0038718],
        [-0.0027922, -0.00059819, -0.00251083],
        [0.00081786, -0.00031142, -0.00218801],
        [-0.00197921, 3.384e-05, 0.00087794],
        [0.00029999, 0.00077889, -0.00122415],
        [0.00405688, -0.00088564, 0.00041909],
        [-0.0008888, 0.00095743, 0.00212626],
        [-0.00156516, -0.00086587, 0.0009911],
        [-0.00267328, 0.00138178, 0.00011477],
        [0.00554723, 0.00327892, 0.00022899],
        [0.00062822, -9.27e-05, -0.00560353],
        [0.00076065, 0.00057943, -0.0068811],
        [0.00083862, -0.00019446, 0.00036242],
        [0.00469737, -0.00101307, 0.00071812],
        [-0.0030816, 0.00259177, 0.00328736],
        [-0.00055871, -0.00112405, 0.00377025],
        [-0.00051181, -0.00142373, 0.00047966],
        [-0.00109116, 0.00078717, 0.0001691],
        [-0.00062081, -0.00051239, 0.00087612],
        [-0.00044133, 0.00037882, 0.00161294],
        [0.00258268, -0.00090421, -0.00146779],
        [0.00127749, -0.00497615, 0.00177432],
        [-0.00267154, 0.00108793, -0.00048285],
        [-0.00251774, 0.00085923, 0.00378989],
        [-0.00219672, -0.00066333, -0.00248312],
        [0.00172492, 0.00192541, -0.00246744],
        [0.00091278, 0.00029003, 0.00112069],
        [0.00013048, -0.00190037, -0.00360917],
        [0.00057248, -0.00243448, -0.00155164],
        [0.00342739, -0.00085876, 0.00098744],
        [-0.00010671, 0.00456791, 0.00178988],
        [-0.00117029, -0.00020614, -0.00222185]
    ],
    "relaxed_lattice": [
        [-5.07535084, -14.23153203, -8.42097205],
        [-7.56104262, -0.12100319, -4.19185199],
        [-0.23021248, -0.08058878, -8.659896]
    ],