{
    "atom_type": [
        "Na",
        "V",
        "P",
        "O"
    ],
    "atoms_per_type": [
        4,
        4,
        6,
        24
    ],
    "coord_mode": "direct",
    "relaxed_basis": [
        [0.24935378, 0.87103045, 0.62839178],
        [0.62913503, 0.2504167, 0.87164564],
        [0.7515601, 0.11527808, 0.3845993],
        [0.3845183, 0.74838247, 0.1153778],
        [0.64857536, 0.64364756, 0.65049425],
        [0.14285835, 0.14880481, 0.15090347],
        [0.35119486, 0.35707756, 0.3491511],
        [0.8563818, 0.85137014, 0.84958099],
        [0.24566649, 0.5454846, 0.97344629],
        [0.95441187, 0.25450359, 0.52642123],
        [0.52891409, 0.97100628, 0.2500886],
        [0.46564275, 0.03435536, 0.7500758],
        [0.75417083, 0.45051396, 0.02974908],
        [0.04952363, 0.74583787, 0.47019813],
        [0.85927011, 0.7370817, 0.52213288],
        [0.47263169, 0.84521205, 0.77454445],
        [0.71963694, 0.45266528, 0.87699774],
        [0.96015209, 0.21260899, 0.37557308],
        [0.33726311, 0.9847049, 0.27039158],
        [0.21807342, 0.35538366, 0.04134313],
        [0.14457172, 0.28205535, 0.45847436],
        [0.5153025, 0.16262057, 0.22969628],
        [0.28743769, 0.53977538, 0.12434406],
        [0.04739694, 0.7804447, 0.62285127],
        [0.65473413, 0.02742826, 0.72573204],
        [0.76279805, 0.64079886, 0.97786841],
        [0.78869021, 0.42726353, 0.55577953],
        [0.56268011, 0.81688164, 0.43112158],
        [0.4175778, 0.55651027, 0.78857379],
        [0.0769421, 0.91797874, 0.28005132],
        [0.31069884, 0.07510835, 0.92992662],
        [0.92951438, 0.28404009, 0.06306361],
        [0.21600933, 0.57058586, 0.43676877],
        [0.42496153, 0.18922713, 0.570114],
        [0.58209889, 0.42291795, 0.21988399],
        [0.94344071, 0.08261106, 0.71130926],
        [0.68315982, 0.93701472, 0.06923867],
        [0.07293365, 0.71125452, 0.94395712]
    ],
    "relaxed_energy": -392.37429487,
    "relaxed_forces": [
        [0.00364093, 0.0010352, 0.0035071],
        [-0.00191798, -0.00340595, -0.00284595],
        [-0.001634, -0.0003722, -0.00101545],
        [0.00057371, 0.00132001, 0.00077615],
        [0.00015184, -0.00019139, -6.24e-06],
        [0.00266986, -0.00034232, 0.00322939],
        [-0.00190346, -0.0010852, -0.00027901],
        [-0.00283371, -0.00100503, -0.00104655],
        [-0.00430548, 0.00221716, 0.00027791],
        [0.00152879, 0.0048192, -0.00258305],
        [-0.00066934, -0.00319776, 0.00314759],
        [0.00026181, 0.00151454, 0.00169211],
        [0.00050577, 0.000619, -0.00395886],
        [-0.00034996, 0.00111119, -0.001012],
        [-0.00254215, 0.00232112, -0.00186975],
        [-0.00067215, 0.0003418, -0.00124605],
        [0.00034258, -0.00162279, 0.00136177],
        [-0.00232099, -0.00036179, 0.00180583],
        [0.00048976, 0.00155658, -0.00125293],
        [0.00067077, -0.00143346, -0.00179364],
        [0.00017214, -0.00391339, 0.00060857],
        [-0.00275331, 0.00079065, 0.00139314],
        [0.00190886, 0.00123496, -0.0030664],
        [0.00274665, 0.00013083, -0.00075446],
        [-0.00108624, 0.00052996, 0.00352935],
        [0.00453526, 0.00209457, 0.00286227],
        [-0.00223907, -0.00308349, -0.00341797],
        [0.00022138, -0.00032269, -0.00192542],
        [0.00017079, -0.00440045, -0.00119244],
        [-0.00370906, -0.00118649, -0.00173653],
        [-0.00076027, 0.00023087, 0.00101169],
        [-0.00139003, 0.00101082, -0.00162121],
        [0.00227041, 0.00025249, 0.00206528],
        [0.0017581, -0.00018784, -0.00193324],
        [-0.00133068, -0.00032457, 0.00217808],
        [0.00498274, -0.00028159, 0.00213762],
        [-0.00065236, 0.00081975, 0.00112927],
        [0.00346808, 0.00276772, 0.00184403]
    ],
    "relaxed_lattice": [
        [-2.54055942, -7.17652421, -4.38131227],
        [-7.60905204, -0.12590082, -4.38824641],
        [-0.28187684, -0.20945094, -8.8352742]
    ],
    "relaxed_mag_basis": [
        0.0,
        0.0,
        0.0,
        0.0,
        1.788,
        1.105,
        1.108,
        1.789,
        0.007,
        0.007,
        0.001,
        0.005,
        0.006,
        0.006,
        -0.016,
        0.008,
        -0.012,
        -0.008,
        0.003,
        -0.044,
        -0.045,
        0.003,
        -0.007,
        -0.012,
        0.008,
        -0.016,
        -0.006,
        -0.002,
        -0.008,
        -0.023,
        0.007,
        -0.006,
        -0.006,
        0.007,
        -0.023,
        -0.008,
        -0.001,
        -0.006
    ],
    "relaxed_magmom": 5.9999
}