{
    "atom_type": [
        "Na",
        "V",
        "P",
        "O"
    ],
    "atoms_per_type": [
        9,
        8,
        12,
        48
    ],
    "coord_mode": "direct",
    "relaxed_basis": [
        [0.23980532, 0.53360117, 0.48864247],
        [0.75320096, 0.50397723, 0.49733361],
        [0.49851411, 0.9899145, 0.00646064],
        [0.00834562, 0.99760368, 0.98592164],
        [0.30560297, 0.25108642, 0.87662094],
        [0.55692595, 0.38508448, 0.74981771],
        [0.37565577, 0.12011877, 0.39820826],
        [0.87400765, 0.12356045, 0.37184875],
        [0.69113438, 0.74963709, 0.11767463],
        [0.32204588, 0.64355681, 0.64123787],
        [0.82098586, 0.64118511, 0.6424512],
        [0.07075492, 0.14152488, 0.14467995],
        [0.57397057, 0.14502679, 0.14823104],
        [0.17394618, 0.35742848, 0.35922383],
        [0.67896132, 0.35548736, 0.34782788],
        [0.42775783, 0.85733651, 0.85880076],
        [0.93348775, 0.85370954, 0.85518114],
        [0.12355701, 0.54079538, 0.96234918],
        [0.62523696, 0.54785001, 0.95215278],
        [0.47821541, 0.24907562, 0.54619551],
        [0.97637561, 0.24809218, 0.53879466],
        [0.26764807, 0.96253722, 0.25907922],
        [0.77592846, 0.95354654, 0.24477525],
        [0.22800787, 0.04504657, 0.75206477],
        [0.73253818, 0.03728603, 0.74717534],
        [0.37114687, 0.45923366, 0.04410758],
        [0.87797674, 0.46194347, 0.03272193],
        [0.01890002, 0.74564455, 0.4645263],
        [0.52233415, 0.74516335, 0.45988123],
        [0.44284198, 0.68853149, 0.49826194],
        [0.93250503, 0.69655097, 0.51594684],
        [0.25312117, 0.87983223, 0.70179675],
        [0.74747751, 0.87422606, 0.70190855],
        [0.35119573, 0.47188436, 0.88386999],
        [0.84654382, 0.50176502, 0.87706852],
        [0.4983091, 0.19109231, 0.38518866],
        [0.98306278, 0.20620896, 0.38034836],
        [0.18131305, 0.00211931, 0.22191364],
        [0.69338677, 0.9792304, 0.2021651],
        [0.10176787, 0.37631363, 0.99822684],
        [0.60750086, 0.3820687, 0.97470433],
        [0.06199645, 0.29141926, 0.4943676],
        [0.55903644, 0.29902535, 0.51467357],
        [0.2554758, 0.12662216, 0.30484249],
        [0.76028038, 0.11827763, 0.28994681],
        [0.14996421, 0.50002963, 0.13024475],
        [0.65349028, 0.51302261, 0.11200268],
        [0.00679533, 0.79235753, 0.62555455],
        [0.50716985, 0.78735196, 0.62386756],
        [0.31157554, 0.03502902, 0.78064592],
        [0.81727465, 0.99736788, 0.79103275],
        [0.39157435, 0.62977131, 0.99929184],
        [0.90295309, 0.62875872, 0.99201305],
        [0.38283212, 0.40863623, 0.56415874],
        [0.88504731, 0.41433756, 0.57128886],
        [0.28108823, 0.77650569, 0.42069588],
        [0.78932747, 0.76737516, 0.4105774],
        [0.20807436, 0.55855383, 0.78033382],
        [0.70862289, 0.57943904, 0.76363071],
        [0.01980811, 0.91568392, 0.28311908],
        [0.53032893, 0.91237826, 0.2723898],
        [0.13792451, 0.05890008, 0.92224961],
        [0.63935644, 0.0600528, 0.91433199],
        [0.45839768, 0.27581134, 0.06663152],
        [0.95749305, 0.27312596, 0.05748806],
        [0.11001857, 0.58059568, 0.43697576],
        [0.61810728, 0.58155107, 0.43271143],
        [0.21202123, 0.23239459, 0.58161639],
        [0.7229596, 0.22384031, 0.57983656],
        [0.29111176, 0.42915696, 0.23576846],
        [0.79524274, 0.44723493, 0.22193409],
        [0.46598755, 0.08657035, 0.73647126],
        [0.96979722, 0.07612819, 0.72312091],
        [0.35635236, 0.95548739, 0.08428822],
        [0.86795698, 0.93350391, 0.0759953],
        [0.04066976, 0.7265262, 0.94492284],
        [0.54007646, 0.72765819, 0.94216114]
    ],
    "relaxed_energy": -793.18427375,
    "relaxed_forces": [
        [0.0016286, -0.00040254, 0.00042175],
        [-0.0002283, -0.00035803, -0.00055356],
        [-0.00037125, 0.00081349, -0.00205693],
        [-0.00225916, -0.0020836, 0.00147615],
        [0.00060656, -0.00244726, -0.00050125],
        [0.00119343, 0.00109492, 0.00019306],
        [-0.00219497, -0.00028303, -0.00195496],
        [0.00253602, -0.00030433, 0.0052732],
        [-0.00098069, -0.00062236, 0.00204296],
        [0.00370383, 0.00225066, 0.00387708],
        [0.00091946, 0.0034374, -0.00067697],
        [0.00091828, 0.0012692, -0.00133544],
        [-0.00042966, -0.00416671, 0.00060229],
        [-0.00203279, -8.45e-05, -0.00021204],
        [0.00172582, -0.00393873, -0.00131221],
        [0.00059745, -0.00114265, 0.00383206],
        [-7.815e-05, 0.00106964, 0.00018163],
        [-0.00133577, -0.00588054, 0.00301818],
        [-0.00013049, 0.00601454, 0.00459504],
        [-0.00055707, -0.00570364, 5.809e-05],
        [-0.00141322, 0.00640613, 0.00569846],
        [0.00240558, 0.00934913, 0.00083483],
        [0.00180064, -4.343e-05, 1.6e-07],
        [-0.00137296, -0.00200117, -0.00369998],
        [0.00251867, 0.00202453, 0.00279629],
        [0.00485019, -0.00051339, 0.0032705],
        [0.00020753, -0.00125392, -0.00219997],
        [-0.00293906, 0.00393477, 0.00156521],
        [0.00608872, 0.001892, -0.00311574],
        [-0.00279595, -0.00209271, -0.00065051],
        [-0.00182934, -0.00097105, 0.00167108],
        [0.00430588, 0.0026287, 0.0003827],
        [-0.00741693, 0.00129842, 0.00232618],
        [-0.00148448, -0.00294362, -0.00317689],
        [-0.00542952, 0.00197813, -0.00081467],
        [0.00241333, -0.00404918, -0.00305224],
        [0.00098899, 0.0028052, 0.00173314],
        [-0.00116535, 0.00011375, 0.00044953],
        [-0.00130881, -0.00097822, 0.00099624],
        [0.00074739, 0.00577359, -0.00061332],
        [-0.00294711, -0.00067992, 0.00141503],
        [-0.00209109, -0.00274346, 0.00095657],
        [0.00333034, 0.00379078, -0.00642955],
        [-7.37e-06, -0.00121852, 0.00058085],
        [-0.00230591, 0.00235274, -0.00168063],
        [0.00061481, 0.00090145, -0.00386733],
        [0.00207409, 0.0010626, -0.00232457],
        [-0.0005976, 0.0038997, 0.00019333],
        [-0.0009722, -0.00256798, -0.00308644],
        [-0.00118592, 0.00056038, 0.00184089],
        [0.00400309, 0.00187954, -0.00325594],
        [-0.00138799, -6.069e-05, -0.00064721],
        [0.00060255, -0.0040973, -0.00328679],
        [-0.00219137, -7.28e-05, -0.00082077],
        [0.00244073, -0.00262539, -0.00040247],
        [-1.497e-05, -0.00198421, -0.00285427],
        [0.00086651, 0.00164761, 0.00168622],
        [0.003804, -0.00167404, 0.00028631],
        [-0.00266441, -0.00107735, 0.00182366],
        [-0.00140095, -0.00153152, 0.00192085],
        [-0.00256085, -0.00229564, 0.00079516],
        [-0.00024315, 0.0011892, -0.00247068],
        [-0.00013934, 0.00104079, 0.0020733],
        [-0.00071536, 0.00181758, -0.00145475],
        [-0.00013253, 0.00223593, 0.0003097],
        [0.00535412, -0.00402034, 0.00151565],
        [0.00022025, 0.00092962, 0.00300053],
        [-0.00140919, -0.00094711, 0.0015825],
        [-0.00372816, -0.0024317, -0.00165579],
        [0.00013397, 0.00202243, -0.00031074],
        [-0.00189611, -0.00227439, 0.00068908],
        [0.00027224, -8.217e-05, 0.00099212],
        [-6.897e-05, 0.00077549, -0.0001278],
        [0.00069735, 0.00014971, -0.00158633],
        [-7.391e-05, 0.00019414, -0.00286903],
        [-0.00073879, -0.0027841, 0.00043009],
        [0.00265677, -0.00317065, -0.00432993]
    ],
    "relaxed_lattice": [
        [-5.07395902, -14.2427721, -8.32361489],
        [-7.61305328, -0.09893848, -4.15872129],
        [-0.21018892, -0.08861772, -8.63840365]
    ],