{
    "atom_type": [
        "Na",
        "V",
        "P",
        "O"
    ],
    "atoms_per_type": [
        7,
        8,
        12,
        48
    ],
    "coord_mode": "direct",
    "relaxed_basis": [
        [0.25048549, 0.48422582, 0.51682077],
        [0.75237069, 0.4965593, 0.50107419],
        [0.51103782, 0.99822972, 0.97805391],
        [0.98641734, 0.01414959, 0.01387539],
        [0.12449826, 0.89300677, 0.61372997],
        [0.37635474, 0.10116345, 0.3751047],
        [0.18843991, 0.75103855, 0.1236626],
        [0.32320861, 0.63772228, 0.64238027],
        [0.81824238, 0.6467878, 0.64835895],
        [0.06418956, 0.15230635, 0.14831027],
        [0.57606415, 0.14351111, 0.13934761],
        [0.17710766, 0.35681237, 0.35441119],
        [0.6804618, 0.35483649, 0.35505965],
        [0.43410523, 0.85068292, 0.85113746],
        [0.92560499, 0.85670056, 0.86241411],
        [0.12256551, 0.54632356, 0.96194945],
        [0.62596335, 0.53959256, 0.96177528],
        [0.48193681, 0.24721834, 0.5335576],
        [0.9745139, 0.25277665, 0.54180101],
        [0.27263391, 0.9592096, 0.24111035],
        [0.76969894, 0.96232873, 0.25381844],
        [0.22904866, 0.03432009, 0.74940103],
        [0.73093363, 0.03902443, 0.74710672],
        [0.37991204, 0.45601512, 0.03580054],
        [0.87184226, 0.46453211, 0.04014794],
        [0.01840338, 0.75096275, 0.46932235],
        [0.52404803, 0.74754963, 0.46074216],
        [0.43367718, 0.7323949, 0.49169221],
        [0.93176011, 0.71038585, 0.5149961],
        [0.23719706, 0.87365579, 0.70618918],
        [0.74203225, 0.87319417, 0.70802441],
        [0.35343533, 0.49270804, 0.87566576],
        [0.84327638, 0.50573443, 0.88005951],
        [0.49249455, 0.20007853, 0.37367369],
        [0.97876743, 0.21353751, 0.3867525],
        [0.18432238, 0.99633414, 0.21014002],
        [0.68434693, 0.00270291, 0.21088242],
        [0.09481825, 0.38227979, 0.0129768],
        [0.59942086, 0.37233504, 0.00349557],
        [0.06759849, 0.26718099, 0.50216698],
        [0.56952306, 0.28877725, 0.48779543],
        [0.2648016, 0.12255047, 0.27815268],
        [0.75792214, 0.12948039, 0.29039957],
        [0.14963493, 0.52703743, 0.11590373],
        [0.65004371, 0.50500969, 0.12528857],
        [0.00920924, 0.80075352, 0.62627878],
        [0.51015847, 0.79590392, 0.62393786],
        [0.31823918, 0.98073096, 0.78895293],
        [0.81643721, 0.99828009, 0.78853964],
        [0.4090757, 0.61653035, 0.99475894],
        [0.89727617, 0.62996157, 0.00359235],
        [0.39146756, 0.41767641, 0.55548948],
        [0.88696635, 0.4290035, 0.57104142],
        [0.27968959, 0.77488502, 0.41430993],
        [0.77779387, 0.77838254, 0.42498682],
        [0.20306618, 0.56624262, 0.77008328],
        [0.70911099, 0.5552818, 0.77435922],
        [0.03135078, 0.91341477, 0.27628311],
        [0.53865079, 0.91713274, 0.27203768],
        [0.13875509, 0.05666752, 0.91982001],
        [0.63953383, 0.06407751, 0.91787617],
        [0.46017151, 0.26221652, 0.06676723],
        [0.9555066, 0.28025023, 0.055297],
        [0.11105345, 0.58148607, 0.4442168],
        [0.61224292, 0.57227548, 0.44641316],
        [0.22698858, 0.21688723, 0.57463414],
        [0.72039071, 0.22452215, 0.57850294],
        [0.29468974, 0.4464024, 0.22369623],
        [0.78753114, 0.44487706, 0.22818999],
        [0.4732375, 0.07864099, 0.72016599],
        [0.96204284, 0.08413851, 0.73329649],
        [0.36373743, 0.93050386, 0.06879442],
        [0.86081117, 0.93573128, 0.08425511],
        [0.03850312, 0.73758924, 0.93648648],
        [0.54274763, 0.72636116, 0.93876134]
    ],
    "relaxed_energy": -778.62642016,
    "relaxed_forces": [
        [-2.119e-05, 0.0001593, 0.00062713],
        [0.00063542, 0.00128163, -0.00025242],
        [0.00046553, 0.00085185, 0.00058572],
        [-0.00103074, 0.00020464, 0.00060962],
        [0.00092152, 0.0006689, 1.594e-05],
        [-1.85e-05, -0.00093809, 0.00038664],
        [-0.003192, -0.00252829, -0.00127062],
        [0.0026341, -0.00364288, 0.00105666],
        [0.00077963, -0.00216384, 0.00025557],
        [0.002085, 0.00183734, -0.00070557],
        [0.0016944, 0.00453756, -0.00097742],
        [-0.0056638, 0.0023143, 0.00096451],
        [0.00386681, -0.00049563, -0.0020127],
        [-0.00042796, 0.00010857, 0.00038495],
        [-0.00171594, 0.00062708, 0.00121259],
        [-0.00263145, 0.00460108, 0.00492811],
        [0.00412754, 0.00024973, 0.00274883],
        [0.00044627, 0.00312722, -0.00269586],
        [-0.00543347, 0.00091447, 0.00484544],
        [0.00026603, 0.00033327, 0.00175672],
        [0.00101022, -0.00333661, -0.00346835],
        [0.0026712, 0.00241684, 0.0005088],
        [-8.74e-05, -0.0007025, -0.002126],
        [0.00266994, 0.00272604, 0.0012394],
        [0.00027845, 0.00027176, 0.00171956],
        [0.00132392, -0.00378966, 0.00201855],
        [-0.00067567, 7.525e-05, 0.00206324],
        [-0.00012834, 0.00429135, 0.0009527],
        [0.00328474, -0.0022972, 0.00299115],
        [-0.00167688, 0.00082779, -0.00034338],
        [0.00038459, -0.00106352, -0.00010661],
        [-0.00158411, 0.00047385, -0.00189618],
        [0.00115362, -0.00344784, -0.00087297],
        [0.00090823, -0.00119496, 0.00390599],
        [0.0010182, -0.0002219, -0.00094555],
        [-0.00205253, -0.00045243, 0.00112831],
        [-0.00031973, 0.00274898, -0.00080559],
        [-0.00560356, -0.0008442, -0.00347989],
        [-0.00328941, -0.00125646, -0.00047232],
        [-0.00310334, 0.00387365, 0.00452296],
        [-0.00047502, -0.00618869, -0.00033796],
        [-0.00062794, -0.00208972, 0.00147201],
        [-0.00194422, -0.00037331, -0.00535467],
        [-0.00068265, -0.00079619, -0.0024456],
        [0.00149254, -0.0011086, 0.0011072],
        [0.00086795, 0.00276674, 0.00663784],
        [0.00133992, 0.00317889, -0.00602911],
        [0.00079033, -0.00129702, -0.00125981],
        [-0.00254026, 0.00031348, -0.00216478],
        [0.0012262, -0.0001333, -0.00321906],
        [-0.00061737, -6.952e-05, 0.00025351],
        [-0.00404459, 0.00183986, -0.00376263],
        [-0.00062003, 0.00251923, -0.00037842],
        [0.00030793, 0.00133366, -0.00074905],
        [-0.00058016, 0.00045108, 0.0011127],
        [0.00160555, 0.00160503, -0.0004194],
        [-0.00037935, 0.00224772, -0.0025926],
        [0.00453689, 0.00134967, 0.00036011],
        [-0.00085515, -0.00094772, -0.00282181],
        [-0.00294077, 0.00134995, 0.0016581],
        [0.00321559, 0.0019163, -0.00495107],
        [0.00230999, -0.00239972, -0.00091057],
        [0.00022243, -0.0016241, -0.00189379],
        [-0.00425548, -0.00022109, -0.00059876],
        [0.00401982, -0.00197075, 0.00046838],
        [-0.00148831, -0.00100442, 0.00191069],
        [-0.00520495, 0.00158366, 0.00074905],
        [0.00040939, -0.00177843, 0.00111449],
        [0.00039405, -0.00140033, 0.00129947],
        [0.00463225, 0.00023227, -0.00120676],
        [0.00195107, -0.0027919, -0.00264412],
        [0.00063585, 0.00029627, 0.00169905],
        [-0.00234335, -0.00083551, 0.00542663],
        [0.00330561, -0.00502059, 0.00122582],
        [0.00236692, -0.0020793, -0.00175274]
    ],
    "relaxed_lattice": [
        [-5.02937392, -14.18081575, -8.43036908],
        [-7.52409782, -0.11372829, -4.21811673],
        [-0.19936177, -0.11992882, -8.65072838]
    ],