{
    "atom_type": [
        "Na",
        "V",
        "P",
        "O"
    ],
    "atoms_per_type": [
        10,
        8,
        12,
        48
    ],
    "coord_mode": "direct",
    "relaxed_basis": [
        [0.25429252, 0.51280887, 0.48608339],
        [0.74736359, 0.50036287, 0.50251271],
        [0.51009707, 0.98401319, 0.00242686],
        [0.9933469, 0.00259374, 0.9998491],
        [0.62379743, 0.88573317, 0.61829554],
        [0.31174075, 0.25112936, 0.87617386],
        [0.05913186, 0.38385134, 0.75061757],
        [0.37398573, 0.10360899, 0.38565163],
        [0.87618936, 0.119103, 0.38259827],
        [0.1898739, 0.74987924, 0.10695845],
        [0.32457408, 0.64435254, 0.64153323],
        [0.81748446, 0.64018276, 0.64821195],
        [0.07203682, 0.14692435, 0.14899165],
        [0.57261293, 0.14802563, 0.14338419],
        [0.17370946, 0.35500106, 0.35607996],
        [0.68141033, 0.35772485, 0.35021256],
        [0.43006877, 0.85147966, 0.86034119],
        [0.92927383, 0.85472001, 0.85401173],
        [0.12400494, 0.55230791, 0.95024418],
        [0.62376831, 0.5386325, 0.96339076],
        [0.48040653, 0.24773361, 0.53468592],
        [0.97383843, 0.25223678, 0.54635785],
        [0.27165445, 0.95405569, 0.25212402],
        [0.77300081, 0.96272723, 0.24706779],
        [0.23018869, 0.0450435, 0.75393498],
        [0.72764167, 0.03527642, 0.75341582],
        [0.37523244, 0.45046725, 0.03890808],
        [0.8750759, 0.46293515, 0.03940668],
        [0.01831971, 0.75364162, 0.46061685],
        [0.52596705, 0.74845658, 0.46179205],
        [0.43546915, 0.7273915, 0.50022473],
        [0.93234365, 0.7166162, 0.50329659],
        [0.24852659, 0.86983151, 0.72651665],
        [0.73097092, 0.87705805, 0.71518931],
        [0.35257451, 0.46856745, 0.88071761],
        [0.85033418, 0.49607392, 0.87914751],
        [0.48729325, 0.19263079, 0.38319924],
        [0.99188141, 0.20118566, 0.38370931],
        [0.19072896, 0.97936446, 0.20592037],
        [0.68271736, 0.02133352, 0.21049974],
        [0.10200849, 0.38458937, 0.98643255],
        [0.59044465, 0.37703365, 0.01455774],
        [0.05681167, 0.29193404, 0.52247833],
        [0.57030044, 0.27668589, 0.48312535],
        [0.25228696, 0.12358516, 0.29557396],
        [0.77096058, 0.11892923, 0.28569147],
        [0.14526417, 0.52586137, 0.11394813],
        [0.65583041, 0.4998619, 0.1153018],
        [0.00746776, 0.80145802, 0.6192064],
        [0.51497332, 0.79956544, 0.61858572],
        [0.31149395, 0.02675943, 0.79379479],
        [0.81737596, 0.98065688, 0.78917412],
        [0.39279808, 0.62386921, 0.99641382],
        [0.90845178, 0.62264779, 0.98865159],
        [0.38916179, 0.41275255, 0.56001556],
        [0.88340435, 0.42033455, 0.56216999],
        [0.28519155, 0.77222161, 0.41684406],
        [0.77295743, 0.78206024, 0.42005191],
        [0.21081803, 0.55866641, 0.76990818],
        [0.7009946, 0.55716909, 0.7711259],
        [0.03073217, 0.91561154, 0.27072174],
        [0.53761572, 0.91765625, 0.273174],
        [0.135847, 0.06971302, 0.91849053],
        [0.63798575, 0.07115537, 0.92061991],
        [0.45561547, 0.26226568, 0.07508927],
        [0.95911815, 0.2755454, 0.05802269],
        [0.11029921, 0.58328405, 0.44153959],
        [0.6134257, 0.57723934, 0.44048421],
        [0.21874277, 0.22750699, 0.58403352],
        [0.7256163, 0.21614306, 0.58051595],
        [0.28970183, 0.43501391, 0.22560998],
        [0.797271, 0.44230462, 0.22988782],
        [0.47168387, 0.08406109, 0.726247],
        [0.95942333, 0.08504369, 0.73183909],
        [0.36250711, 0.94722423, 0.08016629],
        [0.86250805, 0.92552452, 0.0805709],
        [0.04178066, 0.73796189, 0.92349743],
        [0.54138521, 0.72479759, 0.94529083]
    ],
    "relaxed_energy": -800.90663912,
    "relaxed_forces": [
        [0.00044924, 0.00077851, -0.00033476],
        [-0.00056462, 0.00196304, 0.00128021],
        [0.0012675, 0.00102002, -0.00069162],
        [-0.00052575, 0.00382366, 0.00074517],
        [-0.00150421, -0.00126859, -0.00104672],
        [-0.00074149, -0.00134495, -0.00268479],
        [-0.00279991, 0.00185943, -0.00016312],
        [0.00221672, -0.0004234, 0.00264851],
        [-0.00304, -0.00227799, -0.00101601],
        [-0.00085794, 0.00096601, -0.00151611],
        [0.00015798, 0.00012516, -0.00293804],
        [0.00054102, -0.00263519, -0.00107617],
        [0.00059578, -0.00082971, -0.00107772],
        [-0.00173403, 0.00038857, -0.00038882],
        [0.00058723, 0.0010952, 0.00071322],
        [0.00151701, 0.00136818, 0.00159334],
        [-0.00151662, 0.00103319, 0.00158618],
        [0.00114379, -0.00454374, 0.00011783],
        [0.00256211, -0.00173336, -0.00180685],
        [-0.00020693, 0.00043126, -0.00161143],
        [0.00052002, 0.00122239, -0.00149745],
        [0.00135382, 0.00044661, -0.00259109],
        [-0.0004747, 0.00155424, -4.134e-05],
        [-0.00015999, -0.00301541, -0.00037414],
        [1.313e-05, 0.00251612, 0.00137504],
        [-0.00271754, 0.00040908, 0.00526572],
        [-0.00195743, 0.00221368, -0.00102709],
        [-0.000748, -0.00265361, 0.00083525],
        [-0.00036987, -0.00041555, -0.00067575],
        [0.00272643, 0.00075516, 0.00068537],
        [-0.00029046, 0.00219738, -0.00077676],
        [4.49e-06, -0.00157721, 0.00116165],
        [0.00027577, -0.00024559, -0.00135655],
        [-0.00184605, -0.00046226, -0.00259294],
        [-0.00147773, -0.00036088, -0.00055443],
        [0.00270312, 0.00065973, 0.00106474],
        [0.00095044, -1.535e-05, 0.00205667],
        [0.00069674, -0.00063, -0.000945],
        [-0.00124438, -0.00104594, 0.00048555],
        [-0.00156014, 0.00396567, 0.00104812],
        [0.00078737, -0.00184505, 0.00119378],
        [0.00194811, 0.00175183, -0.00071295],
        [-0.00113075, 0.00207261, -0.00139128],
        [0.00024232, -0.00115207, 0.0003527],
        [0.00028972, -0.00099002, 0.00094166],
        [0.0006064, 0.00018151, -0.00164645],
        [-0.00236536, 0.00246932, 0.00231272],
        [0.00136591, 0.00134192, 0.0019519],
        [-0.00058276, -0.00097838, 0.00203157],
        [-0.00100941, 0.00026111, 0.00030636],
        [0.00032824, -0.0015524, 0.00136005],
        [1.43e-06, -0.00342172, -0.00154756],
        [-0.00013921, -0.00098263, -0.00166319],
        [0.00330582, -0.00098008, 0.00259847],
        [0.0009209, 0.0005229, -0.00081835],
        [0.00035342, -0.00067406, 0.001457],
        [0.00190001, -0.00036745, -0.00244026],
        [0.00141007, 0.00043001, -0.00047807],
        [0.0005204, -8.696e-05, 0.00203723],
        [3.273e-05, 0.00082717, -0.00059135],
        [0.00066647, -0.00011899, 0.0003787],
        [-0.00399052, -0.00072181, 0.00036998],
        [-0.00158803, -0.00017587, -0.00095156],
        [-0.00075177, 0.0007603, -0.00398601],
        [0.00115202, -0.00308147, -0.00020261],
        [0.00230715, 0.00063767, 0.00112267],
        [-0.00099741, -0.00188575, 0.00107997],
        [-0.00029995, 0.00171729, 7.857e-05],
        [0.002027, -0.00091841, -9.92e-05],
        [-0.00083513, -0.00046432, -0.00093316],
        [-0.00042468, -0.00133268, 0.00051244],
        [0.0008255, 0.00100606, 0.00019027],
        [0.00071907, 0.00037666, -0.00098336],
        [-0.00094135, 0.00015752, -0.00038652],
        [0.00038774, -0.00079964, 0.00037912],
        [-0.00138538, 0.00038112, 0.00090578],
        [0.00070782, 0.00147935, 0.00291209],
        [-0.00030845, 0.00084181, 0.00048101]
    ],
    "relaxed_lattice": [
        [-4.95940096, -14.29264786, -8.45034658],
        [-7.55184443, -0.08808672, -4.24869197],
        [-0.10429837, -0.08955898, -8.68518594]
    ],