{
    "atom_type": [
        "Na",
        "V",
        "P",
        "O"
    ],
    "atoms_per_type": [
        12,
        8,
        12,
        48
    ],
    "coord_mode": "direct",
    "relaxed_basis": [
        [0.26051087, 0.50749221, 0.47136868],
        [0.75713691, 0.50580954, 0.48527644],
        [0.48223942, 0.99384, 0.03841443],
        [0.01085968, 0.96618828, 0.01096927],
        [0.12704803, 0.88130532, 0.61177333],
        [0.62381394, 0.89265684, 0.62447243],
        [0.30502408, 0.24793914, 0.88140038],
        [0.80907189, 0.24735991, 0.87937664],
        [0.06161695, 0.37581455, 0.74731651],
        [0.55457919, 0.39296962, 0.75436481],
        [0.87523025, 0.11609046, 0.38068399],
        [0.68986519, 0.75483357, 0.11416587],
        [0.32307367, 0.64163389, 0.64852369],
        [0.82381448, 0.64131661, 0.64270185],
        [0.07318405, 0.13739861, 0.14588997],
        [0.56729155, 0.14724074, 0.15217341],
        [0.18206035, 0.35738249, 0.34725229],
        [0.67406607, 0.36182796, 0.35726996],
        [0.42784524, 0.85526288, 0.85317858],
        [0.93035611, 0.85235189, 0.85530066],
        [0.12363557, 0.5383899, 0.95557827],
        [0.62228667, 0.54836068, 0.9592993],
        [0.47826133, 0.25578869, 0.54899299],
        [0.97800708, 0.25198765, 0.53753152],
        [0.27136151, 0.95691241, 0.25241525],
        [0.77187591, 0.95661741, 0.24800237],
        [0.2287894, 0.04172207, 0.74758536],
        [0.72773419, 0.04677551, 0.75013026],
        [0.37363236, 0.4534158, 0.03855833],
        [0.87376605, 0.45117548, 0.03720677],
        [0.02396084, 0.74881171, 0.4613809],
        [0.52435097, 0.75544863, 0.46303846],
        [0.44289861, 0.69477036, 0.52530026],
        [0.93827369, 0.69826281, 0.51868698],
        [0.24128177, 0.87666834, 0.70905148],
        [0.74230393, 0.88170118, 0.70973525],
        [0.34838845, 0.4640905, 0.88636423],
        [0.84583008, 0.47086842, 0.88479522],
        [0.50576019, 0.19925882, 0.38600787],
        [0.98861191, 0.20164218, 0.38119486],
        [0.18164625, 0.98907779, 0.23096141],
        [0.69145672, 0.98493071, 0.19796008],
        [0.0978481, 0.37923008, 0.98374074],
        [0.60185001, 0.38171112, 0.99119504],
        [0.06116511, 0.2997894, 0.49726119],
        [0.55762192, 0.30769075, 0.52582787],
        [0.26244435, 0.12542843, 0.27780119],
        [0.75350638, 0.12301352, 0.29227994],
        [0.14926554, 0.49964318, 0.11672692],
        [0.64810841, 0.51869118, 0.11967152],
        [0.01143829, 0.80615215, 0.61550787],
        [0.51721235, 0.81234606, 0.61145783],
        [0.31132606, 0.0179993, 0.78619803],
        [0.81090267, 0.01784562, 0.79189746],
        [0.40551322, 0.61677182, 0.96972157],
        [0.89509955, 0.62265529, 0.98482359],
        [0.3851276, 0.41504218, 0.56604982],
        [0.88390355, 0.40860962, 0.56911256],
        [0.28297307, 0.77686368, 0.42085413],
        [0.77878597, 0.77738887, 0.41972958],
        [0.20574158, 0.55912668, 0.76781107],
        [0.70597776, 0.56587256, 0.77255293],
        [0.02477891, 0.9160058, 0.27884224],
        [0.53453965, 0.91068938, 0.27088322],
        [0.13630617, 0.06607389, 0.91483334],
        [0.63510325, 0.07165545, 0.91290065],
        [0.45786653, 0.2710783, 0.06294548],
        [0.95590415, 0.26809751, 0.05930178],
        [0.11327865, 0.58299662, 0.44590463],
        [0.61804192, 0.59053498, 0.44001037],
        [0.21270909, 0.22818141, 0.58561909],
        [0.71997636, 0.23014239, 0.58061508],
        [0.29213808, 0.44546788, 0.22227666],
        [0.79249361, 0.43513214, 0.22641885],
        [0.46775473, 0.09162577, 0.73638376],
        [0.97228423, 0.08495898, 0.72509716],
        [0.35810806, 0.93292455, 0.07896239],
        [0.86361877, 0.93947982, 0.081733],
        [0.04348696, 0.72572735, 0.93094171],
        [0.54276794, 0.73393372, 0.93419813]
    ],
    "relaxed_energy": -815.80786396,
    "relaxed_forces": [
        [0.00117074, -0.00049153, -0.00027648],
        [-0.00116558, -2.373e-05, -0.00026325],
        [-0.0002901, -0.00128884, 0.00027584],
        [0.00091576, 0.00115223, 0.00046676],
        [0.00136561, 0.00024789, 0.00028893],
        [9.384e-05, -0.00046687, -0.0006586],
        [-0.00030041, 7.299e-05, -0.00045484],
        [-0.00023872, 0.00232695, 0.0012975],
        [0.00275321, 0.00165855, 0.00313621],
        [-0.00152211, -0.00221035, -0.0011658],
        [-0.00086229, -0.00031896, -0.00220363],
        [-0.00010428, -0.0007177, -0.00134691],
        [5.841e-05, 4.713e-05, 0.00302097],
        [0.00259439, 0.00415065, 0.00308877],
        [0.00220579, 0.0025248, 0.00180751],
        [0.00239019, -0.00091361, 0.00237831],
        [-0.00195043, 0.00121681, -0.00223293],
        [-0.00081586, -0.00182271, -0.00274832],
        [-0.00142073, 0.00039468, -0.00163096],
        [-0.00033681, 0.00303181, -0.00141637],
        [-0.0004894, 0.00211532, 0.00292607],
        [-0.00197662, -0.00089191, 0.00197872],
        [-0.00116645, -0.00052734, -0.00114671],
        [-0.00415432, 0.00043461, -0.00379735],
        [0.00258658, -0.00061752, 0.00015342],
        [0.00336449, -0.00085493, -0.00017968],
        [-0.0009217, -0.00021678, 0.00110115],
        [-0.00047159, -0.00179497, -0.00027832],
        [-0.00058078, -0.00213011, 0.00081607],
        [-0.00051644, 0.00337897, 0.00385199],
        [0.0033097, 0.00391691, -0.00118523],
        [-0.00183343, -0.00131439, -0.00125625],
        [-0.00064563, 0.00134588, -0.00060522],
        [-0.00027002, -0.00614836, -0.00071563],
        [0.00203929, -0.00032322, -9.192e-05],
        [-0.00088789, -0.00198528, 0.0005352],
        [0.00118679, -0.0001209, -1.39e-05],
        [0.00259108, 0.00060102, -0.00371525],
        [-0.0024421, -0.00083905, 5.055e-05],
        [0.0002528, -0.00167477, 0.00206654],
        [0.00384844, -0.00133346, 0.00358413],
        [0.00047129, -0.0005978, -0.00018101],
        [0.00095463, -0.00166163, 0.00019092],
        [-0.00046327, -0.00188098, 4.57e-06],
        [-0.00021095, 0.00112647, -0.00194255],
        [-0.00028401, 0.00244286, -0.00153601],
        [-0.00116427, 0.00116986, 0.00144589],
        [-0.00098855, -0.00027231, 0.00116341],
        [-0.00099312, 0.00057749, -0.00199954],
        [-0.00053065, 0.00113597, 0.00119972],
        [2.231e-05, -3.839e-05, 0.00010868],
        [-0.00106078, -0.00078519, 0.00011128],
        [-0.00039439, 0.00033462, -0.00129539],
        [-0.00155084, 0.00083372, 0.00064077],
        [9.461e-05, 0.00022065, -0.0003655],
        [-0.00045003, 0.00199614, 0.00039943],
        [-0.00142528, 0.00096098, 0.00066375],
        [7.904e-05, -0.00068043, -0.00040636],
        [0.00104898, -0.00053295, 0.00033558],
        [-0.00166665, 9.998e-05, 0.00193804],
        [0.00015462, -0.00161641, 0.00093216],
        [-0.00036399, 0.00017599, 0.00108719],
        [0.00074307, 0.00113223, 0.00363115],
        [-0.00224599, 0.00017124, 0.00084483],
        [0.00140498, 0.0018589, 0.00093673],
        [0.00103143, 0.00205028, -0.00217287],
        [0.00032677, -0.00215335, 0.00194493],
        [0.0021098, -0.00153735, 0.00066759],
        [0.00047336, -0.00376485, 1.501e-05],
        [0.00019801, -0.00161977, -0.00113948],
        [-0.00184302, -0.0003488, 0.00059339],
        [-0.0042255, 0.00046308, 0.00150638],
        [0.0005084, -0.00010403, -0.00216232],
        [0.00075569, 0.00100002, -0.00100162],
        [0.00160575, 0.00021505, -0.00295488],
        [0.00132981, -0.00146342, -0.00302627],
        [0.00028496, -0.00196248, -0.00045912],
        [-0.00147062, 1.312e-05, -0.00177596],
        [0.0017756, 0.00065771, -0.001553],
        [-0.00140462, 0.00279387, -0.00183059]
    ],
    "relaxed_lattice": [
        [-5.01351597, -14.31175799, -8.3814558],
        [-7.64706863, -0.03754513, -4.17738165],
        [-0.16449428, -0.04447748, -8.6935107]
    ],