{
    "atom_type": [
        "Na",
        "V",
        "P",
        "O"
    ],
    "atoms_per_type": [
        10,
        8,
        12,
        48
    ],
    "coord_mode": "direct",
    "relaxed_basis": [
        [0.24066895, 0.4882314, 0.53264345],
        [0.75250383, 0.51615479, 0.48482078],
        [0.49713744, 0.99831041, 0.99859117],
        [0.00968384, 0.99422573, 0.98407409],
        [0.80888893, 0.25026166, 0.8829437],
        [0.55987592, 0.38401021, 0.74771019],
        [0.37342763, 0.12111113, 0.38191845],
        [0.8755999, 0.11635016, 0.37773866],
        [0.19440991, 0.74868067, 0.12999207],
        [0.6929364, 0.74953161, 0.11176033],
        [0.3197981, 0.63918552, 0.64410689],
        [0.82485347, 0.64029673, 0.63918975],
        [0.07276286, 0.14410657, 0.14629968],
        [0.57188231, 0.14477105, 0.15179117],
        [0.17369693, 0.35704586, 0.35741945],
        [0.67457057, 0.35933622, 0.35210014],
        [0.4276742, 0.86355257, 0.85603308],
        [0.93237991, 0.8538594, 0.85306663],
        [0.12594219, 0.54382596, 0.96457974],
        [0.62395955, 0.55098773, 0.95281528],
        [0.47534949, 0.25404599, 0.54692609],
        [0.97700183, 0.24809134, 0.53858174],
        [0.27169056, 0.95494045, 0.2533531],
        [0.77241329, 0.9532974, 0.24996811],
        [0.23118355, 0.03733955, 0.74976052],
        [0.73137134, 0.04425595, 0.75084792],
        [0.37414352, 0.46098364, 0.03828035],
        [0.8761595, 0.45479713, 0.03423281],
        [0.02155548, 0.7451726, 0.46122123],
        [0.51835445, 0.75113708, 0.46188946],
        [0.437497, 0.69516267, 0.50369496],
        [0.94069337, 0.68921548, 0.50264867],
        [0.25126146, 0.86631464, 0.70965066],
        [0.75505902, 0.87126314, 0.71421809],
        [0.35248352, 0.48918471, 0.87226121],
        [0.85028576, 0.47044238, 0.88031717],
        [0.49140311, 0.20294949, 0.38433078],
        [0.98834072, 0.19096594, 0.38549891],
        [0.18901863, 0.97396319, 0.21704908],
        [0.68983196, 0.97692346, 0.20702734],
        [0.10768097, 0.37052432, 0.0123255],
        [0.60659965, 0.37912608, 0.9872468],
        [0.05956209, 0.30560673, 0.48364608],
        [0.55607586, 0.31089144, 0.50755212],
        [0.25707289, 0.11944938, 0.29436815],
        [0.75505099, 0.12420326, 0.2854354],
        [0.15099089, 0.53201005, 0.11836192],
        [0.64726056, 0.52566816, 0.11560222],
        [0.99968937, 0.80781286, 0.61860854],
        [0.50119681, 0.80062235, 0.62394515],
        [0.31564475, 0.01573692, 0.78221662],
        [0.81091826, 0.03143987, 0.7925921],
        [0.39185877, 0.63100814, 0.0010205],
        [0.88988558, 0.63168393, 0.99151782],
        [0.38190394, 0.41845404, 0.56616839],
        [0.88286959, 0.40950187, 0.56444752],
        [0.28467804, 0.77139264, 0.4245867],
        [0.78523364, 0.77226197, 0.41546349],
        [0.20893893, 0.56536025, 0.77615233],
        [0.70969136, 0.56497657, 0.76968092],
        [0.02816644, 0.91036103, 0.27263437],
        [0.52507842, 0.91720563, 0.27483472],
        [0.1421004, 0.04850355, 0.92342057],
        [0.63680434, 0.06456982, 0.91690807],
        [0.45979951, 0.27841545, 0.05624416],
        [0.95886554, 0.27196106, 0.0635701],
        [0.1159155, 0.58640091, 0.43987933],
        [0.61329707, 0.59007956, 0.43874599],
        [0.2186381, 0.21823017, 0.58072059],
        [0.7172547, 0.22759723, 0.58175157],
        [0.29329853, 0.43150785, 0.22805448],
        [0.79220332, 0.43407418, 0.22482628],
        [0.46874145, 0.08994098, 0.73057796],
        [0.97005474, 0.08840618, 0.72874328],
        [0.36327784, 0.93099907, 0.08571661],
        [0.86306739, 0.94074581, 0.07701544],
        [0.04155866, 0.72354359, 0.93769814],
        [0.54120668, 0.73180548, 0.92951915]
    ],
    "relaxed_energy": -800.60481118,
    "relaxed_forces": [
        [0.0022493, 0.00147185, -0.00152788],
        [0.00045775, 2.866e-05, 8.102e-05],
        [0.00106728, 0.00068502, -0.00079987],
        [-0.00106076, -0.00204995, -1.179e-05],
        [-0.00027844, 0.00067127, 2.735e-05],
        [0.00096418, -1.008e-05, 0.00172107],
        [-0.00119226, 0.00027092, -0.00416893],
        [0.00112845, 0.00029014, 0.00106546],
        [-0.00057835, -0.0005749, -0.00224308],
        [0.00032819, -0.0005296, 0.00039416],
        [-2.132e-05, 0.00191824, -0.0008196],
        [0.00103526, -0.00083038, -0.00143603],
        [-0.00093257, 0.00135976, -0.0015551],
        [-0.00092499, 0.00136413, 4.499e-05],
        [0.00038528, 0.00086807, 0.00113574],
        [-0.0003222, -0.00019676, -4.79e-06],
        [-0.00123624, -0.00130979, 0.0015376],
        [-0.0005628, -0.00053673, 0.00303452],
        [-0.00122124, 0.00062968, -0.00222118],
        [-0.00794085, -0.00452392, 0.00094411],
        [0.00185946, -0.00261045, -0.00699692],
        [-0.0024629, 0.00095815, 0.00344133],
        [0.00343165, 0.00439752, 0.00028881],
        [-0.00114028, 0.00718508, 0.00638833],
        [0.00011989, 0.00016632, -0.00277607],
        [0.0027725, -0.0030006, 0.00300984],
        [0.0015266, -0.00326732, 0.00366676],
        [0.00736302, -0.00240662, 0.00186204],
        [0.00432293, 0.00480098, 0.00186415],
        [0.00120295, -0.00468167, -0.00288382],
        [0.00300087, 0.00406533, -0.0009858],
        [-0.00120359, -0.00484847, 0.00134178],
        [0.00016958, 0.00049829, 8.29e-05],
        [-0.00204814, 0.00040284, -0.00139275],
        [0.00202459, 0.00039097, -0.00368442],
        [0.00115516, -0.00120099, 0.00236014],
        [0.00099171, 0.0006429, 0.00406858],
        [-0.00134533, -0.00233964, 0.00023569],
        [-0.00120791, -0.0054719, -0.007262],
        [-0.00071969, -0.0048788, -0.00480485],
        [0.00273343, -0.0004129, -0.00092941],
        [0.00464011, 0.00299887, 0.00122541],
        [-0.00411369, -0.00741664, 0.00048386],
        [0.000677, 0.00313059, 0.00047777],
        [-0.00294254, 0.00093433, -0.00122913],
        [2.003e-05, 0.00173826, 0.00017838],
        [0.00019093, -0.00165007, -0.00389365],
        [0.00013816, 0.00170096, 0.00114244],
        [0.00016627, -0.00245952, 0.00354333],
        [-0.00014197, -0.00143112, -0.00028325],
        [-0.00177879, 0.00092207, 0.00305438],
        [-0.00038271, 0.00432524, 0.00268612],
        [-0.00221221, 0.00323226, 0.00088908],
        [0.00052471, -0.00176643, -0.00229025],
        [-0.00297139, 0.00616492, -0.00091004],
        [0.00074398, -0.00308802, 0.00126945],
        [-0.00267703, -0.00012062, 0.00109824],
        [0.00223351, 0.00129933, 0.00218031],
        [-0.0027359, -0.00309262, 0.00086775],
        [0.00028127, 0.00474608, -0.00292013],
        [-0.00179105, -0.00188985, 0.00098308],
        [0.00019625, 0.00345843, -0.00044201],
        [-0.00117569, -0.00478161, 0.0002455],
        [-0.00038699, 0.00571434, -0.00157613],
        [-0.00423523, 0.00429964, -0.00041482],
        [-0.00077072, -0.00084189, 0.00092602],
        [0.00419588, -0.0074005, 0.00288589],
        [-0.00206967, 0.00313788, -0.00031401],
        [-0.00223963, 0.0018034, 0.00417778],
        [-0.00152673, -0.00045162, 0.00130555],
        [0.00345485, 0.00419387, -0.0002391],
        [0.00405204, 0.00017366, -0.00140244],
        [-0.001143, -4.25e-05, 5.634e-05],
        [-0.00438316, -0.00341535, -0.00025443],
        [0.00010044, 0.00058652, 0.00187511],
        [0.00033576, 0.00424952, -0.00255449],
        [0.00283211, -0.00782777, -0.00301536],
        [0.00100464, 0.00148132, -0.00190459]
    ],
    "relaxed_lattice": [
        [-5.09820761, -14.23930893, -8.36884252],
        [-7.65735651, -0.06916066, -4.14318009],
        [-0.22142292, -0.06971982, -8.64481442]
    ],