{
    "atom_type": [
        "Na",
        "V",
        "P",
        "O"
    ],
    "atoms_per_type": [
        4,
        8,
        12,
        48
    ],
    "coord_mode": "direct",
    "relaxed_basis": [
        [0.25216876, 0.49550163, 0.5005329],
        [0.00827352, 0.98278169, 0.00143273],
        [0.80056478, 0.25405609, 0.8731273],
        [0.68823844, 0.75406685, 0.12008418],
        [0.32408248, 0.6413495, 0.64010511],
        [0.82162951, 0.64202028, 0.64824923],
        [0.07550334, 0.13517143, 0.14535237],
        [0.56853138, 0.14520573, 0.1424382],
        [0.17815834, 0.35527677, 0.35997222],
        [0.67672493, 0.36056543, 0.353713],
        [0.42389637, 0.86637504, 0.86104505],
        [0.93259433, 0.85425362, 0.85101685],
        [0.12672647, 0.5326864, 0.96435261],
        [0.62097762, 0.5474933, 0.97028478],
        [0.48106466, 0.24683606, 0.53658311],
        [0.98055773, 0.25568677, 0.53751799],
        [0.26766574, 0.95869172, 0.25326723],
        [0.76553051, 0.96618391, 0.24859575],
        [0.23195573, 0.03846669, 0.74947673],
        [0.73673301, 0.03582585, 0.74731228],
        [0.37311142, 0.4705067, 0.03400958],
        [0.87824053, 0.45002214, 0.03079601],
        [0.0214886, 0.74931538, 0.46453902],
        [0.51709819, 0.74873285, 0.4642312],
        [0.43564703, 0.70183275, 0.48763878],
        [0.93453691, 0.69817595, 0.52383013],
        [0.25292622, 0.87008443, 0.70328378],
        [0.7551651, 0.83266713, 0.77204443],
        [0.35556642, 0.49408799, 0.86602098],
        [0.86339624, 0.44997563, 0.87089756],
        [0.50124972, 0.20199116, 0.3654508],
        [0.00311284, 0.20081703, 0.37480195],
        [0.18338301, 0.98430998, 0.2118029],
        [0.68638804, 0.96323877, 0.21934613],
        [0.10828726, 0.36234933, 0.99441997],
        [0.62047333, 0.35442309, 0.01165125],
        [0.06204975, 0.30539174, 0.50764604],
        [0.5677451, 0.29564234, 0.48624934],
        [0.24254661, 0.12646354, 0.3043014],
        [0.74661247, 0.16866274, 0.22785802],
        [0.14403995, 0.50832328, 0.13219979],
        [0.63398093, 0.54910853, 0.13120773],
        [0.00630905, 0.80495489, 0.62426323],
        [0.49197033, 0.79409777, 0.63440544],
        [0.31390272, 0.01858561, 0.78958887],
        [0.8186969, 0.03200483, 0.77611112],
        [0.37779236, 0.65079576, 0.01462069],
        [0.89214177, 0.63414609, 0.97874145],
        [0.38899956, 0.41792394, 0.55353711],
        [0.8870517, 0.42662597, 0.55423214],
        [0.28005796, 0.77072093, 0.42067973],
        [0.77784416, 0.81736604, 0.43650832],
        [0.21252228, 0.55927461, 0.77700236],
        [0.71020842, 0.57436521, 0.78513536],
        [0.02637994, 0.91813441, 0.27789763],
        [0.53117391, 0.91820181, 0.27569993],
        [0.13905026, 0.05022722, 0.92500001],
        [0.64330817, 0.08081246, 0.91566413],
        [0.46348153, 0.29851138, 0.05337824],
        [0.96252025, 0.27030521, 0.07244586],
        [0.1139381, 0.58042663, 0.44567554],
        [0.61004589, 0.57525415, 0.44694172],
        [0.2173164, 0.22690542, 0.58253256],
        [0.72791356, 0.18448097, 0.55776989],
        [0.2890028, 0.4267823, 0.22359575],
        [0.7865499, 0.4419914, 0.21114129],
        [0.47355587, 0.07691159, 0.71884867],
        [0.9682789, 0.08729712, 0.73094701],
        [0.35720816, 0.95287105, 0.07545367],
        [0.86171186, 0.92456789, 0.07996771],
        [0.0399217, 0.7175151, 0.93916958],
        [0.53241228, 0.71311697, 0.93412953]
    ],
    "relaxed_energy": -755.08602109,
    "relaxed_forces": [
        [4.32e-06, 0.00010383, 0.00032026],
        [0.00037296, 0.00012771, -0.00241592],
        [0.00057718, 0.00192862, -0.00148239],
        [-0.00072281, -0.00197886, 0.00210245],
        [-0.00262318, -0.00045636, -0.00026604],
        [-0.00140971, 0.00366785, 0.00106316],
        [0.00443114, -0.00471075, 0.00127923],
        [-0.0009083, -0.00427961, -0.00354878],
        [0.0025696, 0.00127788, -0.00102964],
        [-5.562e-05, 0.00098473, 0.00095318],
        [0.00102667, 0.00431452, -0.00305242],
        [-0.00107151, 0.00136477, 0.00197197],
        [0.00071074, 0.00071053, 0.00258142],
        [0.00097009, -0.00087165, 0.00104786],
        [-0.00162533, -8.719e-05, -0.00308329],
        [-0.00567299, 0.00303134, 0.00423585],
        [-0.00203085, -0.0018146, 0.00150229],
        [-0.00010668, 0.00117061, 0.00233136],
        [0.00113255, -0.00211097, -0.00162067],
        [-0.0023969, 0.00123267, 0.00068969],
        [-0.00453806, -0.00059578, -0.00158514],
        [0.00155478, -0.00062937, -0.00254632],
        [0.00294529, -0.00080722, 0.00432946],
        [2.583e-05, -0.00095743, -0.00210821],
        [-0.00046889, 0.00044806, 0.00260662],
        [0.00170432, -0.00444197, 0.00042828],
        [-0.00055152, -0.00081555, -0.00041865],
        [-0.00075546, 0.0005289, 0.00167061],
        [-0.0004905, -0.00366058, -0.00431119],
        [7.992e-05, -0.00238197, 0.00130265],
        [-0.00139591, -0.00150951, 0.00296187],
        [0.0003064, -0.00340531, -0.00367041],
        [0.0043399, 0.00186873, 0.00164091],
        [-0.00032582, -0.00178362, -0.00255218],
        [-0.00261298, -0.00263767, -0.00259421],
        [0.00068526, -0.0016613, 0.00206546],
        [0.00150893, 0.0026097, -0.00396258],
        [0.00339705, 0.0042344, -0.0014004],
        [0.00109187, 0.00028413, -0.00112658],
        [0.00153117, 0.00159541, -0.00040191],
        [0.00282101, 0.00454352, 0.0060124],
        [0.00482004, -0.0009936, -0.00231214],
        [-0.00070399, 0.0001392, 0.00014009],
        [-0.00053685, 0.00370219, 0.00394298],
        [-0.0024452, 0.00011745, -0.00187771],
        [0.00082523, -0.0017542, -0.00171473],
        [-0.00390197, 0.00154598, -0.00082623],
        [-0.00670716, 0.00026932, 0.00117837],
        [-0.00215105, -0.00098396, -0.00151444],
        [0.00424779, -0.00338204, -0.00114278],
        [-0.00115805, -0.00013041, 0.00162907],
        [0.00357628, 0.00336585, -0.00096155],
        [0.00148254, 0.00065839, 0.00044013],
        [-0.00068207, 0.00151682, 0.00525743],
        [0.00288926, -0.00244229, 0.00280123],
        [0.00335728, 0.00237063, -0.00180634],
        [-0.00183063, 0.00635343, -0.00033599],
        [-0.00040015, 0.00209883, 0.00351215],
        [0.00085031, -0.00062482, -0.00276764],
        [-0.00174574, -0.00265734, -0.00220404],
        [-0.00228806, -0.00418355, 6.033e-05],
        [-0.00319657, -0.00052456, -0.0003447],
        [-0.00117058, 0.00093413, 0.00282239],
        [-0.00148394, 0.00070308, -0.00295398],
        [0.00366513, 0.00038989, 0.00322493],
        [-0.00353638, -0.00675326, 0.00142462],
        [0.00495605, 0.00293471, -0.00562653],
        [-0.00090634, 0.00050588, -0.00154665],
        [-0.00056891, -0.00375222, -0.00240656],
        [-0.00266953, -0.00439048, 0.00207728],
        [0.00123546, 0.002648, 0.00036371],
        [0.00215383, 0.00788834, 0.00154723]
    ],
    "relaxed_lattice": [
        [-5.02090348, -14.09317992, -8.53463749],
        [-7.49458944, -0.14544396, -4.26220431],
        [-0.20348791, -0.18231332, -8.63064339]
    ],