{
    "atom_type": [
        "Na",
        "V",
        "P",
        "O"
    ],
    "atoms_per_type": [
        12,
        8,
        12,
        48
    ],
    "coord_mode": "direct",
    "relaxed_basis": [
        [0.73734052, 0.51799376, 0.50277204],
        [0.50454528, 0.99851834, 0.00871828],
        [0.01103002, 0.01696393, 0.96599027],
        [0.15009025, 0.71974386, 0.55493664],
        [0.62724162, 0.90000177, 0.62984766],
        [0.30812092, 0.24723923, 0.87883128],
        [0.80431759, 0.25115949, 0.88793055],
        [0.42060692, 0.59514582, 0.24287607],
        [0.94207414, 0.61642233, 0.24509657],
        [0.37640735, 0.13245541, 0.4049649],
        [0.87537318, 0.12026329, 0.37994683],
        [0.19222082, 0.75203997, 0.11760579],
        [0.32427151, 0.64427352, 0.65748393],
        [0.82119387, 0.64453642, 0.64966931],
        [0.06854469, 0.14820102, 0.14820687],
        [0.5745574, 0.14733013, 0.14178617],
        [0.17336266, 0.36385923, 0.34881557],
        [0.68137458, 0.3556715, 0.35980467],
        [0.43030658, 0.8532633, 0.8454678],
        [0.92761639, 0.85930472, 0.85043815],
        [0.1268751, 0.54993452, 0.96157279],
        [0.62098646, 0.54595082, 0.9681957],
        [0.48448275, 0.24817208, 0.54203103],
        [0.97315528, 0.25225895, 0.53533129],
        [0.26507309, 0.96385743, 0.24971021],
        [0.7761013, 0.96624925, 0.2511861],
        [0.23030117, 0.03628561, 0.75033199],
        [0.7283687, 0.0478844, 0.75687955],
        [0.37543025, 0.44495781, 0.04159814],
        [0.87614868, 0.46121985, 0.04003401],
        [0.01654643, 0.75043237, 0.4479689],
        [0.52527094, 0.75183281, 0.46713408],
        [0.43141672, 0.73540756, 0.52477047],
        [0.93840604, 0.69749471, 0.47550074],
        [0.24232872, 0.83851066, 0.77771028],
        [0.74628387, 0.88534757, 0.70819844],
        [0.35563855, 0.45653623, 0.88511363],
        [0.85143675, 0.48900772, 0.8803395],
        [0.49041322, 0.21101246, 0.38205867],
        [0.98105633, 0.19719702, 0.38572794],
        [0.17972357, 0.96140965, 0.24198804],
        [0.6935527, 0.02763551, 0.19784624],
        [0.10202023, 0.37656462, 0.03413439],
        [0.59223616, 0.39284761, 0.99659075],
        [0.05541233, 0.31152428, 0.47010545],
        [0.5782734, 0.24500089, 0.51129202],
        [0.25239287, 0.15604802, 0.23231197],
        [0.7714604, 0.12071491, 0.29507896],
        [0.14145454, 0.55498756, 0.11755348],
        [0.64988296, 0.49519043, 0.12817531],
        [0.99170994, 0.8142985, 0.60455005],
        [0.52481968, 0.79611591, 0.6185951],
        [0.31812579, 0.03402632, 0.75218119],
        [0.80731386, 0.01579625, 0.81114346],
        [0.3982654, 0.6177916, 0.9890317],
        [0.90293726, 0.62186504, 0.00339134],
        [0.40408722, 0.43221138, 0.54957024],
        [0.88002651, 0.41572588, 0.56151162],
        [0.28195142, 0.80131212, 0.42829882],
        [0.77689506, 0.78144437, 0.42263714],
        [0.21383342, 0.54628843, 0.78250657],
        [0.70364333, 0.56963954, 0.77950861],
        [0.02817013, 0.91525608, 0.25801741],
        [0.53443705, 0.91846916, 0.28210899],
        [0.14283503, 0.08127312, 0.91632697],
        [0.63491827, 0.07359197, 0.91727709],
        [0.4524349, 0.26011602, 0.08728633],
        [0.9578546, 0.27549639, 0.06073397],
        [0.10992314, 0.59130941, 0.43770388],
        [0.60830112, 0.5762642, 0.44505847],
        [0.21803313, 0.18109417, 0.56403017],
        [0.72663296, 0.2282861, 0.58303599],
        [0.28847271, 0.44364484, 0.22336953],
        [0.79529314, 0.44184517, 0.22782503],
        [0.46224292, 0.09009706, 0.73461112],
        [0.96556619, 0.09200243, 0.72567312],
        [0.35396477, 0.91860545, 0.0825178],
        [0.87011201, 0.92974132, 0.09067558],
        [0.04729299, 0.73120021, 0.91209416],
        [0.53876422, 0.73226021, 0.95420712]
    ],
    "relaxed_energy": -815.79171853,
    "relaxed_forces": [
        [-0.00135193, 8.683e-05, 0.00032092],
        [-0.00069334, 0.00152081, 9.562e-05],
        [0.00209727, -0.00075452, 0.00097025],
        [-0.00304898, 0.00442612, -0.00326708],
        [0.00013786, -0.00087106, -0.0019881],
        [-0.00121807, 0.00076179, -0.00397496],
        [0.0005304, -0.00032087, 0.00216061],
        [-0.00072866, -0.00201081, 0.00214703],
        [0.0005637, -0.00224571, 0.00052623],
        [0.00200959, -0.00166651, -0.0018121],
        [0.00010011, -0.00046891, -0.00202782],
        [-0.00061371, 0.00137646, -0.00259723],
        [-0.00034036, -0.0030023, -0.00390832],
        [0.00096984, 0.00130616, 0.00088512],
        [-0.00583684, -0.00017083, 0.00692477],
        [-0.00179434, -0.00278231, 0.00033212],
        [-0.00023119, 0.00168065, 0.00097622],
        [0.00208259, -0.00036127, -0.00231839],
        [-0.00212835, 0.00248684, -0.00188378],
        [0.00163485, 0.00153533, 3.851e-05],
        [-0.00377054, 9.137e-05, 0.00134515],
        [-0.00051593, -8.029e-05, -0.00147319],
        [0.00044312, -0.00192347, -0.00138624],
        [-0.000347, 0.00134404, 0.00076688],
        [0.0011007, 0.00187235, 0.00216804],
        [-0.00123193, -0.00204005, -0.00063171],
        [0.00239308, -0.00193749, 0.00147203],
        [-0.00030625, 0.00053916, 0.00082131],
        [-0.0013614, 0.00061967, -0.00018083],
        [0.00347777, -0.00041632, 0.00078627],
        [0.00360544, 0.00193908, 2.017e-05],
        [-0.00077114, -0.00165435, -0.00393073],
        [-0.00092813, 0.00249445, -0.00065146],
        [-0.0002861, 0.00160939, 0.00052717],
        [-0.00090719, -0.0018281, -0.00168438],
        [0.00020584, -0.00142689, 0.00108163],
        [0.00105335, -0.00051511, 0.00203494],
        [0.00108013, -0.00153639, 0.00030598],
        [0.00196422, -0.00115371, 0.00085013],
        [0.00053408, -0.00086861, 0.00092264],
        [-0.00229547, -0.00073897, 0.00021428],
        [-0.00100114, -0.00026985, 0.000357],
        [-0.00020779, 0.00018268, 0.00147616],
        [0.00062975, 0.00035284, 0.00025857],
        [0.00060949, 0.00025566, -0.00056819],
        [0.00223718, 0.00025558, 0.00037593],
        [-0.00109705, 0.00051955, 0.00022802],
        [-2.612e-05, -0.00076704, -0.00046455],
        [5.956e-05, 0.00046089, 0.00142846],
        [-0.00018655, -0.00012999, -0.0005228],
        [0.00140438, 3.881e-05, 0.00202028],
        [0.0003502, -0.00052906, 0.00033624],
        [0.00032019, 0.00078885, -0.00119525],
        [2.921e-05, 7.163e-05, -0.00108918],
        [0.0030225, 0.00255874, 0.00277845],
        [-0.00082276, -0.00088201, -0.0008745],
        [-0.00097796, -0.00162017, 0.0004196],
        [-0.00087109, 0.00161245, 4.922e-05],
        [-0.00051426, 0.00147478, 0.00108901],
        [0.0003391, -0.00057644, 0.00034394],
        [-0.00133296, -0.00112418, -0.00070344],
        [0.00037556, 0.00056376, -0.00112454],
        [0.00149241, -0.00096129, 0.00062031],
        [0.00023307, -0.00282322, -0.00076689],
        [0.00018318, -0.00071722, 0.00241759],
        [0.00068398, 0.00047055, 3.064e-05],
        [0.00057368, -0.00047744, -0.00071134],
        [-0.00178359, 0.00275146, -0.00115262],
        [0.00098154, 3.905e-05, -0.00110893],
        [0.00100251, 0.00094187, -0.00086184],
        [0.00044873, -0.00073317, 0.00278881],
        [0.00020389, -0.0001192, -6.87e-06],
        [0.00117056, 0.00258195, 0.00038134],
        [0.00074978, 3.226e-05, -0.00017519],
        [-0.00311326, 4.035e-05, -0.00063567],
        [-1.731e-05, 0.00099639, 0.00044723],
        [-0.00048474, 0.00096133, -0.00106654],
        [0.000394, 0.00037258, -0.00023963],
        [0.00023693, -0.00159158, 0.00070205],
        [-0.00057186, 8.217e-05, -0.00025862]
    ],
    "relaxed_lattice": [
        [-5.10267465, -14.47685475, -8.49508834],
        [-7.63955266, -0.09859172, -4.21477648],
        [-0.22906234, -0.15613312, -8.74702776]
    ],