{
    "atom_type": [
        "Na",
        "V",
        "P",
        "O"
    ],
    "atoms_per_type": [
        5,
        8,
        12,
        48
    ],
    "coord_mode": "direct",
    "relaxed_basis": [
        [0.24787302, 0.50963528, 0.4950184],
        [0.99958885, 0.00348284, 0.99714897],
        [0.32188909, 0.24800509, 0.90446193],
        [0.92130699, 0.60106642, 0.24696739],
        [0.68924818, 0.75096531, 0.11657728],
        [0.32334007, 0.65127086, 0.63972839],
        [0.82145856, 0.63694504, 0.64748386],
        [0.07494504, 0.13498004, 0.14318895],
        [0.56820497, 0.14742755, 0.14354844],
        [0.17845039, 0.35977852, 0.35649799],
        [0.67540518, 0.35548675, 0.36368372],
        [0.43104329, 0.85511864, 0.85816157],
        [0.92633096, 0.86707742, 0.84669534],
        [0.12548661, 0.53809566, 0.96390627],
        [0.62663853, 0.53400812, 0.96935853],
        [0.47899337, 0.25172258, 0.5378821],
        [0.98464126, 0.24633788, 0.53927894],
        [0.26860156, 0.95630839, 0.25176729],
        [0.76385039, 0.96324379, 0.25255771],
        [0.23352351, 0.04456602, 0.74932649],
        [0.73239829, 0.03939787, 0.75030112],
        [0.37432055, 0.46690651, 0.03703019],
        [0.87743366, 0.45575705, 0.03236651],
        [0.01948418, 0.74954942, 0.45759199],
        [0.51795775, 0.75139365, 0.46173886],
        [0.43724451, 0.70534237, 0.48603726],
        [0.93854686, 0.70837762, 0.47826574],
        [0.25753651, 0.86751315, 0.70780684],
        [0.75160788, 0.84873615, 0.74434435],
        [0.35383244, 0.48994713, 0.87250943],
        [0.86741127, 0.48480353, 0.85173313],
        [0.49137102, 0.2146779, 0.37215645],
        [0.00148405, 0.20912892, 0.36816796],
        [0.18648928, 0.97878174, 0.21163095],
        [0.68542979, 0.96559387, 0.21801537],
        [0.11237173, 0.3571522, 0.0010811],
        [0.61157856, 0.3498785, 0.0217697],
        [0.07024912, 0.29590493, 0.49416743],
        [0.55858959, 0.30461512, 0.5030239],
        [0.25200193, 0.13733776, 0.27071696],
        [0.74005838, 0.14787222, 0.27215242],
        [0.14683465, 0.5125767, 0.12740191],
        [0.63753324, 0.52487316, 0.13907131],
        [0.00033958, 0.79436986, 0.62398319],
        [0.49354252, 0.79456426, 0.63474847],
        [0.31230071, 0.02681257, 0.79467244],
        [0.81473443, 0.03533582, 0.77270913],
        [0.38485199, 0.64623054, 0.00360289],
        [0.88545789, 0.63365948, 0.00949877],
        [0.38282161, 0.4186208, 0.57482771],
        [0.89397487, 0.42159947, 0.55321426],
        [0.27804613, 0.77843762, 0.42763401],
        [0.77878279, 0.79029064, 0.43550939],
        [0.21032555, 0.56181419, 0.77776017],
        [0.71510574, 0.54662042, 0.79250419],
        [0.03336937, 0.92110265, 0.27024192],
        [0.5299065, 0.9260255, 0.27977369],
        [0.13867251, 0.05992736, 0.91584746],
        [0.64028911, 0.07089441, 0.91918111],
        [0.46331902, 0.2920337, 0.0532746],
        [0.96438161, 0.27661565, 0.05948069],
        [0.11377716, 0.57987649, 0.43891406],
        [0.61262906, 0.58715324, 0.4332852],
        [0.22167198, 0.22408833, 0.57546464],
        [0.71711793, 0.20539954, 0.56726434],
        [0.29012402, 0.43325056, 0.22405306],
        [0.7882208, 0.43306105, 0.20702478],
        [0.46889778, 0.07923789, 0.72221283],
        [0.9783905, 0.08014009, 0.72331646],
        [0.36166435, 0.9294914, 0.08099622],
        [0.86047306, 0.92733916, 0.09166841],
        [0.03507477, 0.71122973, 0.95343563],
        [0.54074059, 0.70951488, 0.93135282]
    ],
    "relaxed_energy": -762.42047566,
    "relaxed_forces": [
        [-0.00016801, 0.00345879, 0.00134975],
        [0.00136164, -0.00126717, 0.00015587],
        [0.00083039, 0.001062, 0.00101668],
        [0.00577297, 0.00220407, 0.00237666],
        [-0.00044131, -0.00174798, -0.00099977],
        [-0.00072188, 0.00180057, 0.00061749],
        [0.00148021, -0.00040249, -0.00139261],
        [-0.0025184, 0.0036319, -0.0012605],
        [0.0010756, -0.00145974, 0.00034967],
        [-0.00372658, 0.00438606, 8.728e-05],
        [0.0005486, -0.00526976, 0.00095178],
        [-0.00096182, -0.00109972, 0.00227524],
        [0.00018656, -0.00156661, 0.00015878],
        [-0.00126861, 0.00148126, 0.00085886],
        [0.00088793, -0.00068431, -0.00032422],
        [0.00029117, -0.00094663, 0.00293235],
        [-0.00074409, -0.00360909, -0.00438638],
        [-0.00077023, -0.00200528, -0.00091695],
        [0.00225652, 0.00266607, 0.00099454],
        [0.00170161, -0.00089581, 0.00033466],
        [-0.00237022, 2.825e-05, -0.00095294],
        [0.00097563, -0.00027298, 0.00210351],
        [-0.00067407, -8.967e-05, -0.00088787],
        [3.594e-05, -0.00025099, -0.00295947],
        [0.00100319, -0.00215883, -0.0025038],
        [0.00216551, 0.00047551, 0.00156954],
        [-0.00034685, 0.00165883, -0.00326996],
        [-0.00147633, 0.00193523, -0.00314627],
        [0.00197903, 0.0014667, 0.00071104],
        [0.00170015, 0.00338664, 0.00304105],
        [0.0001469, 0.0002159, 0.00095547],
        [0.00427788, 0.00194903, 0.00269583],
        [-0.00327988, 0.00313921, -0.00253215],
        [-0.00142793, 0.00302124, 0.00024281],
        [0.00101994, 0.00187906, -0.00100189],
        [-0.00063838, -0.00155115, -0.00359612],
        [0.00412159, -0.00033201, -0.00155435],
        [0.00043769, -0.00158693, 0.00119603],
        [-0.00216401, -0.00136253, 0.00247472],
        [-0.0024391, -0.00079117, -0.00125879],
        [0.00209205, -0.00038395, 0.00401735],
        [-0.00350099, 0.00018805, 0.00110571],
        [-0.00072439, -0.00422997, -0.00029351],
        [-0.00024587, -0.00414042, -0.00280193],
        [-0.0012276, 0.00061471, -0.00090289],
        [-0.00114465, -0.00089501, -0.00104111],
        [0.00049582, -0.00148151, 0.00256456],
        [-0.00311247, -0.00163716, 0.00188172],
        [-0.0007849, 0.00399348, 0.00433227],
        [-0.00249785, -0.0001117, -0.00111082],
        [0.00209907, 0.00183384, 0.00233259],
        [0.00026188, -7.257e-05, -0.00362431],
        [-0.00148937, -0.00099289, 0.00071622],
        [-0.00277378, 0.00309238, 4.884e-05],
        [-0.00135881, 0.00012287, 0.00124887],
        [0.00163943, 0.0003888, -0.00270085],
        [-0.00392739, 7.029e-05, 0.0025275],
        [0.00136549, 4.781e-05, -0.00138168],
        [0.00107603, -0.00250016, 0.00234137],
        [0.00061709, -0.00066064, -0.00130615],
        [-0.0018132, -0.00296194, -0.00086569],
        [-0.00073752, -0.00113823, 0.00155849],
        [0.00111938, -0.00196259, -0.00056871],
        [-0.00079043, 0.0001288, -0.00131625],
        [-0.00014094, 0.00177097, 0.00167705],
        [-0.00097143, -0.00133961, 0.00119824],
        [0.00125657, -0.00152303, 0.00018884],
        [0.00122033, -0.00194792, -0.00394036],
        [-3.806e-05, -0.00092285, 0.00016009],
        [0.00228711, 0.00306408, -0.0013944],
        [-0.00016142, 0.001438, 0.0018325],
        [0.00178193, 0.00184902, -0.00099566],
        [0.00200993, -0.0001964, -0.00199348]
    ],
    "relaxed_lattice": [
        [-5.12223054, -14.18211704, -8.49776315],
        [-7.53770591, -0.16333609, -4.21615802],
        [-0.23015386, -0.1658913, -8.65228503]
    ],